task_id,hostname,native_id,process,tag,name,status,exit,module,container,cpus,time,disk,memory,attempt,submit,start,complete,duration,realtime,queue,%cpu,%mem,rss,vmem,peak_rss,peak_vmem,rchar,wchar,syscr,syscw,read_bytes,write_bytes,vol_ctxt,inv_ctxt,workdir,scratch,error_action,cpu_model,start_sec,complete_sec,task_type,measured_energy_j,source_dataset,source_workflow,node,runtime_s,peak_mem,energy_j
1,-,14610,NFCORE_CHIPSEQ:CHIPSEQ:INPUT_CHECK:SAMPLESHEET_CHECK,samplesheet_test.csv,NFCORE_CHIPSEQ:CHIPSEQ:INPUT_CHECK:SAMPLESHEET_CHECK (samplesheet_test.csv),COMPLETED,0,-,quay.io/biocontainers/python:3.8.3,1,14400000,-,6442450944,1,1788309042582,1788309042663,1788309044689,2107,0,-,71.1,0.1,8388608,32296960,8388608,32305152,677934,1927,241,17,6828032,12288,49,0,/home/ahmed/chipseq_run/work/e9/1897274072e426d6e3ffca38642c72,-,-,AMD Ryzen 5 7535U with Radeon Graphics,5442.663,5444.689,SAMPLESHEET_CHECK,58.43,ryzen5_laptop,chipseq,amd_ryzen_5,0,8388608,58.43
2,-,14657,NFCORE_CHIPSEQ:CHIPSEQ:PREPARE_GENOME:CUSTOM_GETCHROMSIZES,genome.fa,NFCORE_CHIPSEQ:CHIPSEQ:PREPARE_GENOME:CUSTOM_GETCHROMSIZES (genome.fa),COMPLETED,0,-,quay.io/biocontainers/samtools:1.15.1--h1170115_0,2,14400000,-,6442450944,1,1788309044698,1788309044789,1788309045710,1012,0,-,58.9,0.0,5898240,12410880,5898240,12414976,12468522,5510,420,20,8445952,16384,30,2,/home/ahmed/chipseq_run/work/97/fa7fa82677f592d88e1fa2c70e1059,-,-,AMD Ryzen 5 7535U with Radeon Graphics,5444.789,5445.71,CUSTOM_GETCHROMSIZES,22.09,ryzen5_laptop,chipseq,amd_ryzen_5,0,5898240,22.09
4,-,14721,NFCORE_CHIPSEQ:CHIPSEQ:PREPARE_GENOME:BWA_INDEX,genome.fa,NFCORE_CHIPSEQ:CHIPSEQ:PREPARE_GENOME:BWA_INDEX (genome.fa),COMPLETED,0,-,quay.io/biocontainers/bwa:0.7.17--hed695b0_7,2,21600000,-,6442450944,1,1788309045720,1788309045810,1788309053783,8063,6000,-,100.0,1.7,132464640,151519232,132464640,151523328,49080151,33436128,1677,73,663552,33476608,788,12,/home/ahmed/chipseq_run/work/4b/a3d91efa39777ccb81cfd12250484f,-,-,AMD Ryzen 5 7535U with Radeon Graphics,5445.81,5453.783,BWA_INDEX,214.36,ryzen5_laptop,chipseq,amd_ryzen_5,6000,132464640,214.36
3,-,14815,NFCORE_CHIPSEQ:CHIPSEQ:KHMER_UNIQUEKMERS,genome.fa,NFCORE_CHIPSEQ:CHIPSEQ:KHMER_UNIQUEKMERS (genome.fa),COMPLETED,0,-,quay.io/biocontainers/khmer:3.0.0a3--py37haa7609a_2,2,14400000,-,6442450944,1,1788309053789,1788309053883,1788309055452,1663,1000,-,372.9,0.1,10092544,16584704,10092544,16588800,16907531,3441,2465,23,27557888,16384,59,0,/home/ahmed/chipseq_run/work/20/838b4077705887028db51f83902775,-,-,AMD Ryzen 5 7535U with Radeon Graphics,5453.883,5455.452,KHMER_UNIQUEKMERS,29.15,ryzen5_laptop,chipseq,amd_ryzen_5,1000,10092544,29.15
5,-,14857,NFCORE_CHIPSEQ:CHIPSEQ:PREPARE_GENOME:GTF2BED,genes.gtf,NFCORE_CHIPSEQ:CHIPSEQ:PREPARE_GENOME:GTF2BED (genes.gtf),COMPLETED,0,-,quay.io/biocontainers/perl:5.26.2,2,14400000,-,6442450944,1,1788309055458,1788309055552,1788309057476,2018,1000,-,86.5,0.0,5111808,27811840,5111808,27815936,12234327,401936,1646,66,2842624,409600,18,1,/home/ahmed/chipseq_run/work/93/0ae677c9ce4d40cc1ca4cf2a4504ef,-,-,AMD Ryzen 5 7535U with Radeon Graphics,5455.552,5457.476,GTF2BED,49.01,ryzen5_laptop,chipseq,amd_ryzen_5,1000,5111808,49.01
10,-,14901,NFCORE_CHIPSEQ:CHIPSEQ:PREPARE_GENOME:GENOME_BLACKLIST_REGIONS,genome.fa.sizes,NFCORE_CHIPSEQ:CHIPSEQ:PREPARE_GENOME:GENOME_BLACKLIST_REGIONS (genome.fa.sizes),COMPLETED,0,-,quay.io/biocontainers/bedtools:2.30.0--hc088bd4_0,1,14400000,-,6442450944,1,1788309057482,1788309057576,1788309059317,1835,1000,-,42.1,0.0,4075520,23150592,4075520,23154688,41460,605,137,33,3801088,12288,3,0,/home/ahmed/chipseq_run/work/01/1a37ef7fb699484f735075ad480212,-,-,AMD Ryzen 5 7535U with Radeon Graphics,5457.576,5459.317,GENOME_BLACKLIST_REGIONS,34.03,ryzen5_laptop,chipseq,amd_ryzen_5,1000,4075520,34.03
6,-,14944,NFCORE_CHIPSEQ:CHIPSEQ:FASTQC_TRIMGALORE:FASTQC,SPT5_INPUT_REP1_T1,NFCORE_CHIPSEQ:CHIPSEQ:FASTQC_TRIMGALORE:FASTQC (SPT5_INPUT_REP1_T1),COMPLETED,0,-,quay.io/biocontainers/fastqc:0.11.9--0,2,21600000,-,6442450944,1,1788309059323,1788309059417,1788309064707,5384,4000,-,222.4,3.7,286048256,3620610048,286687232,3675803648,30125103,3360348,25568,10677,52056064,3727360,139,0,/home/ahmed/chipseq_run/work/44/ab42418c6232371984448a3124c6a0,-,-,AMD Ryzen 5 7535U with Radeon Graphics,5459.417,5464.707,FASTQC,131.41000000000003,ryzen5_laptop,chipseq,amd_ryzen_5,4000,286687232,131.41000000000003
7,-,14988,NFCORE_CHIPSEQ:CHIPSEQ:FASTQC_TRIMGALORE:TRIMGALORE,SPT5_INPUT_REP1_T1,NFCORE_CHIPSEQ:CHIPSEQ:FASTQC_TRIMGALORE:TRIMGALORE (SPT5_INPUT_REP1_T1),COMPLETED,0,-,quay.io/biocontainers/trim-galore:0.6.7--hdfd78af_0,2,21600000,-,6442450944,1,1788309064712,1788309064807,1788309075916,11204,10000,-,160.6,2.9,228139008,3280486400,232488960,3280498688,235292738,186239392,45523,33035,64729088,20393984,5934,5,/home/ahmed/chipseq_run/work/dd/6d8b9cee7a0ebda27bbb141aed6924,-,-,AMD Ryzen 5 7535U with Radeon Graphics,5464.807,5475.916,TRIMGALORE,282.27000000000004,ryzen5_laptop,chipseq,amd_ryzen_5,10000,232488960,282.27000000000004
8,-,15036,NFCORE_CHIPSEQ:CHIPSEQ:FASTQC_TRIMGALORE:TRIMGALORE,SPT5_INPUT_REP2_T1,NFCORE_CHIPSEQ:CHIPSEQ:FASTQC_TRIMGALORE:TRIMGALORE (SPT5_INPUT_REP2_T1),COMPLETED,0,-,quay.io/biocontainers/trim-galore:0.6.7--hdfd78af_0,2,21600000,-,6442450944,1,1788309075924,1788309076128,1788309086382,10458,10000,-,164.7,3.2,247373824,3280560128,247373824,3307765760,235138260,186128866,45698,33062,0,20340736,5383,9,/home/ahmed/chipseq_run/work/1d/e652a1c673bb91ca5122d106bf0d47,-,-,AMD Ryzen 5 7535U with Radeon Graphics,5476.128,5486.382,TRIMGALORE,228.72,ryzen5_laptop,chipseq,amd_ryzen_5,10000,247373824,228.72
9,-,15085,NFCORE_CHIPSEQ:CHIPSEQ:FASTQC_TRIMGALORE:FASTQC,SPT5_INPUT_REP2_T1,NFCORE_CHIPSEQ:CHIPSEQ:FASTQC_TRIMGALORE:FASTQC (SPT5_INPUT_REP2_T1),COMPLETED,0,-,quay.io/biocontainers/fastqc:0.11.9--0,2,21600000,-,6442450944,1,1788309086387,1788309086482,1788309091655,5268,4000,-,209.0,5.5,426762240,3620610048,430178304,3675803648,29882328,3335338,25302,10727,0,3702784,4,2,/home/ahmed/chipseq_run/work/34/c84501deedf1f0e48d1f16b49867cb,-,-,AMD Ryzen 5 7535U with Radeon Graphics,5486.482,5491.655,FASTQC,121.25999999999999,ryzen5_laptop,chipseq,amd_ryzen_5,4000,430178304,121.25999999999999
11,-,15133,NFCORE_CHIPSEQ:CHIPSEQ:FASTQC_TRIMGALORE:FASTQC,SPT5_T0_REP1_T1,NFCORE_CHIPSEQ:CHIPSEQ:FASTQC_TRIMGALORE:FASTQC (SPT5_T0_REP1_T1),COMPLETED,0,-,quay.io/biocontainers/fastqc:0.11.9--0,2,21600000,-,6442450944,1,1788309091662,1788309091755,1788309096992,5330,3000,-,253.9,5.1,392884224,3620614144,397086720,3683532800,32381566,4194952,30217,12579,8192,4571136,4,0,/home/ahmed/chipseq_run/work/d7/d0fc372b44668ceec45a98129eb4a9,-,-,AMD Ryzen 5 7535U with Radeon Graphics,5491.755,5496.992,FASTQC,131.07,ryzen5_laptop,chipseq,amd_ryzen_5,3000,397086720,131.07
12,-,15177,NFCORE_CHIPSEQ:CHIPSEQ:FASTQC_TRIMGALORE:TRIMGALORE,SPT5_T0_REP1_T1,NFCORE_CHIPSEQ:CHIPSEQ:FASTQC_TRIMGALORE:TRIMGALORE (SPT5_T0_REP1_T1),COMPLETED,0,-,quay.io/biocontainers/trim-galore:0.6.7--hdfd78af_0,2,21600000,-,6442450944,1,1788309096998,1788309097092,1788309108668,11670,11000,-,168.5,3.4,270118912,3280547840,270118912,3280551936,259690424,207797178,52125,37323,8192,24817664,5412,11,/home/ahmed/chipseq_run/work/c5/c04aa2b4859de507ec15650cbdec47,-,-,AMD Ryzen 5 7535U with Radeon Graphics,5497.092,5508.668,TRIMGALORE,254.13,ryzen5_laptop,chipseq,amd_ryzen_5,11000,270118912,254.13
14,-,15222,NFCORE_CHIPSEQ:CHIPSEQ:FASTQC_TRIMGALORE:FASTQC,SPT5_T0_REP2_T1,NFCORE_CHIPSEQ:CHIPSEQ:FASTQC_TRIMGALORE:FASTQC (SPT5_T0_REP2_T1),COMPLETED,0,-,quay.io/biocontainers/fastqc:0.11.9--0,2,21600000,-,6442450944,1,1788309108675,1788309108768,1788309113883,5208,3000,-,203.1,6.8,526458880,3620610048,528998400,3683528704,32426432,4171293,30281,12549,24576,4567040,4,1,/home/ahmed/chipseq_run/work/0c/7cc6e5ebe460b3b1de4fc1a5ffee08,-,-,AMD Ryzen 5 7535U with Radeon Graphics,5508.768,5513.883,FASTQC,109.38000000000001,ryzen5_laptop,chipseq,amd_ryzen_5,3000,528998400,109.38000000000001
13,-,15265,NFCORE_CHIPSEQ:CHIPSEQ:FASTQC_TRIMGALORE:TRIMGALORE,SPT5_T0_REP2_T1,NFCORE_CHIPSEQ:CHIPSEQ:FASTQC_TRIMGALORE:TRIMGALORE (SPT5_T0_REP2_T1),COMPLETED,0,-,quay.io/biocontainers/trim-galore:0.6.7--hdfd78af_0,2,21600000,-,6442450944,1,1788309113887,1788309113983,1788309125832,11945,11000,-,177.4,3.2,254369792,3280506880,254369792,3307716608,261531836,209632768,52821,37609,0,24985600,5953,11,/home/ahmed/chipseq_run/work/f0/dcf67c0a0509aa351364cf1b8c586e,-,-,AMD Ryzen 5 7535U with Radeon Graphics,5513.983,5525.832,TRIMGALORE,310.8,ryzen5_laptop,chipseq,amd_ryzen_5,11000,254369792,310.8
16,-,15309,NFCORE_CHIPSEQ:CHIPSEQ:FASTQC_TRIMGALORE:FASTQC,SPT5_T15_REP1_T1,NFCORE_CHIPSEQ:CHIPSEQ:FASTQC_TRIMGALORE:FASTQC (SPT5_T15_REP1_T1),COMPLETED,0,-,quay.io/biocontainers/fastqc:0.11.9--0,2,21600000,-,6442450944,1,1788309125837,1788309125932,1788309131179,5342,3000,-,246.0,4.9,381427712,3620610048,383840256,3683528704,32633157,4174026,30680,12538,0,4562944,4,0,/home/ahmed/chipseq_run/work/b9/278f4c1302e80cae5e3aaf2efb3da4,-,-,AMD Ryzen 5 7535U with Radeon Graphics,5525.932,5531.179,FASTQC,136.51,ryzen5_laptop,chipseq,amd_ryzen_5,3000,383840256,136.51
15,-,15352,NFCORE_CHIPSEQ:CHIPSEQ:FASTQC_TRIMGALORE:TRIMGALORE,SPT5_T15_REP1_T1,NFCORE_CHIPSEQ:CHIPSEQ:FASTQC_TRIMGALORE:TRIMGALORE (SPT5_T15_REP1_T1),COMPLETED,0,-,quay.io/biocontainers/trim-galore:0.6.7--hdfd78af_0,2,21600000,-,6442450944,1,1788309131188,1788309131279,1788309142275,11087,10000,-,182.3,2.3,182173696,3276365824,182173696,3276369920,266954521,214728329,53475,38240,0,25726976,5576,17,/home/ahmed/chipseq_run/work/d2/73c6be84b8183e797b7f3d3c103833,-,-,AMD Ryzen 5 7535U with Radeon Graphics,5531.279,5542.275,TRIMGALORE,292.9,ryzen5_laptop,chipseq,amd_ryzen_5,10000,182173696,292.9
17,-,15395,NFCORE_CHIPSEQ:CHIPSEQ:FASTQC_TRIMGALORE:TRIMGALORE,SPT5_T15_REP2_T1,NFCORE_CHIPSEQ:CHIPSEQ:FASTQC_TRIMGALORE:TRIMGALORE (SPT5_T15_REP2_T1),COMPLETED,0,-,quay.io/biocontainers/trim-galore:0.6.7--hdfd78af_0,2,21600000,-,6442450944,1,1788309142280,1788309142375,1788309154261,11981,11000,-,176.1,3.4,269127680,3280556032,269127680,3343474688,262544479,210352461,53264,37653,0,25419776,5604,7,/home/ahmed/chipseq_run/work/de/60791077d0cea9e2d39f67fb2b99ed,-,-,AMD Ryzen 5 7535U with Radeon Graphics,5542.375,5554.261,TRIMGALORE,295.09000000000003,ryzen5_laptop,chipseq,amd_ryzen_5,11000,269127680,295.09000000000003
18,-,15438,NFCORE_CHIPSEQ:CHIPSEQ:FASTQC_TRIMGALORE:FASTQC,SPT5_T15_REP2_T1,NFCORE_CHIPSEQ:CHIPSEQ:FASTQC_TRIMGALORE:FASTQC (SPT5_T15_REP2_T1),COMPLETED,0,-,quay.io/biocontainers/fastqc:0.11.9--0,2,21600000,-,6442450944,1,1788309154266,1788309154361,1788309159479,5213,4000,-,234.6,5.5,425676800,3620610048,426180608,3683528704,32614398,4203730,30665,12539,0,4571136,4,2,/home/ahmed/chipseq_run/work/b4/2bd97cca8922cde6b3e46433306a64,-,-,AMD Ryzen 5 7535U with Radeon Graphics,5554.361,5559.479,FASTQC,122.66999999999999,ryzen5_laptop,chipseq,amd_ryzen_5,4000,426180608,122.66999999999999
19,-,15483,NFCORE_CHIPSEQ:CHIPSEQ:ALIGN_BWA_MEM:BWA_MEM,SPT5_INPUT_REP1_T1,NFCORE_CHIPSEQ:CHIPSEQ:ALIGN_BWA_MEM:BWA_MEM (SPT5_INPUT_REP1_T1),COMPLETED,0,-,quay.io/biocontainers/mulled-v2-fe8faa35dbf6dc65a0f7f5d4ea12e31a79f73e40:8110a70be2bfe7f75a2ea7f2a89cda4cc7732095-0,2,21600000,-,6442450944,1,1788309159484,1788309159579,1788309165076,5592,4000,-,190.0,2.0,162369536,381038592,162369536,448065536,85265393,67882451,9450,14404,9527296,12230656,36,0,/home/ahmed/chipseq_run/work/22/b7f1d3aa5a4ff28794e9c02e4c9f8c,-,-,AMD Ryzen 5 7535U with Radeon Graphics,5559.579,5565.076,BWA_MEM,123.9,ryzen5_laptop,chipseq,amd_ryzen_5,4000,162369536,123.9
20,-,15528,NFCORE_CHIPSEQ:CHIPSEQ:ALIGN_BWA_MEM:BWA_MEM,SPT5_INPUT_REP2_T1,NFCORE_CHIPSEQ:CHIPSEQ:ALIGN_BWA_MEM:BWA_MEM (SPT5_INPUT_REP2_T1),COMPLETED,0,-,quay.io/biocontainers/mulled-v2-fe8faa35dbf6dc65a0f7f5d4ea12e31a79f73e40:8110a70be2bfe7f75a2ea7f2a89cda4cc7732095-0,2,21600000,-,6442450944,1,1788309165082,1788309165177,1788309170576,5494,4000,-,190.9,2.1,169074688,313929728,169074688,314986496,85376230,68013159,9169,14438,0,12222464,5,1,/home/ahmed/chipseq_run/work/df/53dfcd43befb7c17f34d89cc1f0f65,-,-,AMD Ryzen 5 7535U with Radeon Graphics,5565.177,5570.576,BWA_MEM,132.55,ryzen5_laptop,chipseq,amd_ryzen_5,4000,169074688,132.55
21,-,15574,NFCORE_CHIPSEQ:CHIPSEQ:ALIGN_BWA_MEM:BWA_MEM,SPT5_T0_REP1_T1,NFCORE_CHIPSEQ:CHIPSEQ:ALIGN_BWA_MEM:BWA_MEM (SPT5_T0_REP1_T1),COMPLETED,0,-,quay.io/biocontainers/mulled-v2-fe8faa35dbf6dc65a0f7f5d4ea12e31a79f73e40:8110a70be2bfe7f75a2ea7f2a89cda4cc7732095-0,2,21600000,-,6442450944,1,1788309170581,1788309170677,1788309176796,6215,4000,-,195.1,2.2,173297664,546168832,178135040,551493632,83498567,64026028,9254,13439,0,11976704,469,2,/home/ahmed/chipseq_run/work/23/63f38b7818a260a5d83229cc3b30e3,-,-,AMD Ryzen 5 7535U with Radeon Graphics,5570.677,5576.796,BWA_MEM,142.83,ryzen5_laptop,chipseq,amd_ryzen_5,4000,178135040,142.83
22,-,15623,NFCORE_CHIPSEQ:CHIPSEQ:ALIGN_BWA_MEM:BWA_MEM,SPT5_T0_REP2_T1,NFCORE_CHIPSEQ:CHIPSEQ:ALIGN_BWA_MEM:BWA_MEM (SPT5_T0_REP2_T1),COMPLETED,0,-,quay.io/biocontainers/mulled-v2-fe8faa35dbf6dc65a0f7f5d4ea12e31a79f73e40:8110a70be2bfe7f75a2ea7f2a89cda4cc7732095-0,2,21600000,-,6442450944,1,1788309176801,1788309176896,1788309183261,6460,4000,-,194.0,2.2,174338048,546168832,179154944,551489536,84179893,64837472,9485,13596,0,12173312,169,1,/home/ahmed/chipseq_run/work/55/586a619182f8f78bbeb7692fff1186,-,-,AMD Ryzen 5 7535U with Radeon Graphics,5576.896,5583.261,BWA_MEM,146.72,ryzen5_laptop,chipseq,amd_ryzen_5,4000,179154944,146.72
23,-,15667,NFCORE_CHIPSEQ:CHIPSEQ:ALIGN_BWA_MEM:BWA_MEM,SPT5_T15_REP1_T1,NFCORE_CHIPSEQ:CHIPSEQ:ALIGN_BWA_MEM:BWA_MEM (SPT5_T15_REP1_T1),COMPLETED,0,-,quay.io/biocontainers/mulled-v2-fe8faa35dbf6dc65a0f7f5d4ea12e31a79f73e40:8110a70be2bfe7f75a2ea7f2a89cda4cc7732095-0,2,21600000,-,6442450944,1,1788309183265,1788309183362,1788309189511,6246,5000,-,192.9,2.3,177291264,546168832,182013952,551493632,85100158,65597635,9298,13734,0,12386304,436,3,/home/ahmed/chipseq_run/work/63/f0eb158fb26f3ca64e1a20c2c338a2,-,-,AMD Ryzen 5 7535U with Radeon Graphics,5583.362,5589.511,BWA_MEM,152.74,ryzen5_laptop,chipseq,amd_ryzen_5,5000,182013952,152.74
24,-,15713,NFCORE_CHIPSEQ:CHIPSEQ:ALIGN_BWA_MEM:BWA_MEM,SPT5_T15_REP2_T1,NFCORE_CHIPSEQ:CHIPSEQ:ALIGN_BWA_MEM:BWA_MEM (SPT5_T15_REP2_T1),COMPLETED,0,-,quay.io/biocontainers/mulled-v2-fe8faa35dbf6dc65a0f7f5d4ea12e31a79f73e40:8110a70be2bfe7f75a2ea7f2a89cda4cc7732095-0,2,21600000,-,6442450944,1,1788309189516,1788309189612,1788309195670,6154,5000,-,194.3,1.9,148373504,313937920,148373504,313942016,83810195,64162869,9107,13443,0,12091392,5,0,/home/ahmed/chipseq_run/work/8e/4c20f6b707ada67912dd92808c8fd6,-,-,AMD Ryzen 5 7535U with Radeon Graphics,5589.612,5595.67,BWA_MEM,113.69999999999999,ryzen5_laptop,chipseq,amd_ryzen_5,5000,148373504,113.69999999999999
25,-,15758,NFCORE_CHIPSEQ:CHIPSEQ:ALIGN_BWA_MEM:BAM_SORT_SAMTOOLS:SAMTOOLS_SORT,SPT5_INPUT_REP1_T1,NFCORE_CHIPSEQ:CHIPSEQ:ALIGN_BWA_MEM:BAM_SORT_SAMTOOLS:SAMTOOLS_SORT (SPT5_INPUT_REP1_T1),COMPLETED,0,-,quay.io/biocontainers/samtools:1.15.1--h1170115_0,2,21600000,-,6442450944,1,1788309195675,1788309195771,1788309196958,1283,0,-,184.3,0.3,22806528,1852956672,22806528,1852960768,12325922,10696872,1712,765,237568,10706944,4,3,/home/ahmed/chipseq_run/work/62/1653064bf835f788de685f3739b048,-,-,AMD Ryzen 5 7535U with Radeon Graphics,5595.771,5596.958,SAMTOOLS_SORT,27.55,ryzen5_laptop,chipseq,amd_ryzen_5,0,22806528,27.55
26,-,15799,NFCORE_CHIPSEQ:CHIPSEQ:ALIGN_BWA_MEM:BAM_SORT_SAMTOOLS:SAMTOOLS_SORT,SPT5_INPUT_REP2_T1,NFCORE_CHIPSEQ:CHIPSEQ:ALIGN_BWA_MEM:BAM_SORT_SAMTOOLS:SAMTOOLS_SORT (SPT5_INPUT_REP2_T1),COMPLETED,0,-,quay.io/biocontainers/samtools:1.15.1--h1170115_0,2,21600000,-,6442450944,1,1788309196963,1788309197058,1788309198198,1235,0,-,206.8,0.4,32505856,1854529536,32505856,1854533632,12316516,10736946,1712,766,0,10747904,5,0,/home/ahmed/chipseq_run/work/a0/b56003e99fba586be43851dac00912,-,-,AMD Ryzen 5 7535U with Radeon Graphics,5597.058,5598.198,SAMTOOLS_SORT,25.75,ryzen5_laptop,chipseq,amd_ryzen_5,0,32505856,25.75
27,-,15840,NFCORE_CHIPSEQ:CHIPSEQ:ALIGN_BWA_MEM:BAM_SORT_SAMTOOLS:SAMTOOLS_SORT,SPT5_T0_REP1_T1,NFCORE_CHIPSEQ:CHIPSEQ:ALIGN_BWA_MEM:BAM_SORT_SAMTOOLS:SAMTOOLS_SORT (SPT5_T0_REP1_T1),COMPLETED,0,-,quay.io/biocontainers/samtools:1.15.1--h1170115_0,2,21600000,-,6442450944,1,1788309198203,1788309198299,1788309199421,1218,1000,-,196.0,0.4,30408704,1854529536,30408704,1854533632,12069574,8784579,1539,679,0,8794112,6,0,/home/ahmed/chipseq_run/work/7e/8358b8843bb5c41e902ec4db6f60fe,-,-,AMD Ryzen 5 7535U with Radeon Graphics,5598.299,5599.421,SAMTOOLS_SORT,28.46,ryzen5_laptop,chipseq,amd_ryzen_5,1000,30408704,28.46
28,-,15881,NFCORE_CHIPSEQ:CHIPSEQ:ALIGN_BWA_MEM:BAM_SORT_SAMTOOLS:SAMTOOLS_SORT,SPT5_T0_REP2_T1,NFCORE_CHIPSEQ:CHIPSEQ:ALIGN_BWA_MEM:BAM_SORT_SAMTOOLS:SAMTOOLS_SORT (SPT5_T0_REP2_T1),COMPLETED,0,-,quay.io/biocontainers/samtools:1.15.1--h1170115_0,2,21600000,-,6442450944,1,1788309199426,1788309199522,1788309200598,1172,1000,-,186.9,0.4,32636928,1854529536,32636928,1854533632,12268036,8656320,1556,688,0,8667136,8,1,/home/ahmed/chipseq_run/work/5c/546844a3c0cf6c87918635e9e8629b,-,-,AMD Ryzen 5 7535U with Radeon Graphics,5599.522,5600.598,SAMTOOLS_SORT,27.15,ryzen5_laptop,chipseq,amd_ryzen_5,1000,32636928,27.15
29,-,15922,NFCORE_CHIPSEQ:CHIPSEQ:ALIGN_BWA_MEM:BAM_SORT_SAMTOOLS:SAMTOOLS_SORT,SPT5_T15_REP1_T1,NFCORE_CHIPSEQ:CHIPSEQ:ALIGN_BWA_MEM:BAM_SORT_SAMTOOLS:SAMTOOLS_SORT (SPT5_T15_REP1_T1),COMPLETED,0,-,quay.io/biocontainers/samtools:1.15.1--h1170115_0,2,21600000,-,6442450944,1,1788309200602,1788309200698,1788309201779,1177,0,-,188.0,0.3,29622272,1854529536,29622272,1854533632,12478714,9089459,1564,692,0,9097216,4,3,/home/ahmed/chipseq_run/work/fa/555e7f1b895925d398f14783870751,-,-,AMD Ryzen 5 7535U with Radeon Graphics,5600.698,5601.779,SAMTOOLS_SORT,28.56,ryzen5_laptop,chipseq,amd_ryzen_5,0,29622272,28.56
30,-,15964,NFCORE_CHIPSEQ:CHIPSEQ:ALIGN_BWA_MEM:BAM_SORT_SAMTOOLS:SAMTOOLS_SORT,SPT5_T15_REP2_T1,NFCORE_CHIPSEQ:CHIPSEQ:ALIGN_BWA_MEM:BAM_SORT_SAMTOOLS:SAMTOOLS_SORT (SPT5_T15_REP2_T1),COMPLETED,0,-,quay.io/biocontainers/samtools:1.15.1--h1170115_0,2,21600000,-,6442450944,1,1788309201783,1788309201879,1788309203013,1230,0,-,183.9,0.4,31457280,1854529536,31457280,1854533632,12186273,9126125,1538,679,0,9134080,10,0,/home/ahmed/chipseq_run/work/44/3fbf9745aec46bd381b9e4a304580e,-,-,AMD Ryzen 5 7535U with Radeon Graphics,5601.879,5603.013,SAMTOOLS_SORT,28.48,ryzen5_laptop,chipseq,amd_ryzen_5,0,31457280,28.48
31,-,16005,NFCORE_CHIPSEQ:CHIPSEQ:ALIGN_BWA_MEM:BAM_SORT_SAMTOOLS:SAMTOOLS_INDEX,SPT5_INPUT_REP1_T1,NFCORE_CHIPSEQ:CHIPSEQ:ALIGN_BWA_MEM:BAM_SORT_SAMTOOLS:SAMTOOLS_INDEX (SPT5_INPUT_REP1_T1),COMPLETED,0,-,quay.io/biocontainers/samtools:1.15.1--h1170115_0,2,14400000,-,6442450944,1,1788309203018,1788309203113,1788309203902,884,0,-,117.9,0.0,6815744,164200448,6815744,231448576,10799643,15345,1710,21,0,20480,448,0,/home/ahmed/chipseq_run/work/8a/b33514f643efa2af4069a4e22fc05a,-,-,AMD Ryzen 5 7535U with Radeon Graphics,5603.113,5603.902,SAMTOOLS_INDEX,26.8,ryzen5_laptop,chipseq,amd_ryzen_5,0,6815744,26.8
32,-,16047,NFCORE_CHIPSEQ:CHIPSEQ:ALIGN_BWA_MEM:BAM_SORT_SAMTOOLS:SAMTOOLS_INDEX,SPT5_INPUT_REP2_T1,NFCORE_CHIPSEQ:CHIPSEQ:ALIGN_BWA_MEM:BAM_SORT_SAMTOOLS:SAMTOOLS_INDEX (SPT5_INPUT_REP2_T1),COMPLETED,0,-,quay.io/biocontainers/samtools:1.15.1--h1170115_0,2,14400000,-,6442450944,1,1788309203907,1788309204003,1788309204774,867,0,-,115.7,0.0,6553600,164200448,6553600,231448576,10839716,15505,1712,21,0,20480,421,1,/home/ahmed/chipseq_run/work/6e/f880dedc6d4fe01cac8dbec00dec23,-,-,AMD Ryzen 5 7535U with Radeon Graphics,5604.003,5604.774,SAMTOOLS_INDEX,28.67,ryzen5_laptop,chipseq,amd_ryzen_5,0,6553600,28.67
33,-,16088,NFCORE_CHIPSEQ:CHIPSEQ:ALIGN_BWA_MEM:BAM_SORT_SAMTOOLS:SAMTOOLS_INDEX,SPT5_T0_REP1_T1,NFCORE_CHIPSEQ:CHIPSEQ:ALIGN_BWA_MEM:BAM_SORT_SAMTOOLS:SAMTOOLS_INDEX (SPT5_T0_REP1_T1),COMPLETED,0,-,quay.io/biocontainers/samtools:1.15.1--h1170115_0,2,14400000,-,6442450944,1,1788309204781,1788309204874,1788309205645,864,0,-,116.9,0.0,6815744,164200448,6815744,231448576,8887345,14953,1538,21,0,20480,428,1,/home/ahmed/chipseq_run/work/68/9ebfe844b7fd5f09e9f0ac135b2d84,-,-,AMD Ryzen 5 7535U with Radeon Graphics,5604.874,5605.645,SAMTOOLS_INDEX,25.94,ryzen5_laptop,chipseq,amd_ryzen_5,0,6815744,25.94
34,-,16127,NFCORE_CHIPSEQ:CHIPSEQ:ALIGN_BWA_MEM:BAM_SORT_SAMTOOLS:SAMTOOLS_INDEX,SPT5_T0_REP2_T1,NFCORE_CHIPSEQ:CHIPSEQ:ALIGN_BWA_MEM:BAM_SORT_SAMTOOLS:SAMTOOLS_INDEX (SPT5_T0_REP2_T1),COMPLETED,0,-,quay.io/biocontainers/samtools:1.15.1--h1170115_0,2,14400000,-,6442450944,1,1788309205651,1788309205745,1788309206512,861,0,-,122.3,0.0,6946816,164200448,6946816,231448576,8759091,16585,1556,21,0,20480,379,0,/home/ahmed/chipseq_run/work/b9/f3d0ee4f185773895d1ca5cdcca469,-,-,AMD Ryzen 5 7535U with Radeon Graphics,5605.745,5606.512,SAMTOOLS_INDEX,,ryzen5_laptop,chipseq,amd_ryzen_5,0,6946816,
35,-,16168,NFCORE_CHIPSEQ:CHIPSEQ:ALIGN_BWA_MEM:BAM_SORT_SAMTOOLS:SAMTOOLS_INDEX,SPT5_T15_REP1_T1,NFCORE_CHIPSEQ:CHIPSEQ:ALIGN_BWA_MEM:BAM_SORT_SAMTOOLS:SAMTOOLS_INDEX (SPT5_T15_REP1_T1),COMPLETED,0,-,quay.io/biocontainers/samtools:1.15.1--h1170115_0,2,14400000,-,6442450944,1,1788309206520,1788309206612,1788309207424,904,1000,-,107.1,0.0,6815744,164200448,6815744,231448576,9192229,15345,1564,21,0,20480,386,0,/home/ahmed/chipseq_run/work/ed/0da04816d4a841338fdfbd2f22d33c,-,-,AMD Ryzen 5 7535U with Radeon Graphics,5606.612,5607.424,SAMTOOLS_INDEX,,ryzen5_laptop,chipseq,amd_ryzen_5,1000,6815744,
36,-,16210,NFCORE_CHIPSEQ:CHIPSEQ:ALIGN_BWA_MEM:BAM_SORT_SAMTOOLS:SAMTOOLS_INDEX,SPT5_T15_REP2_T1,NFCORE_CHIPSEQ:CHIPSEQ:ALIGN_BWA_MEM:BAM_SORT_SAMTOOLS:SAMTOOLS_INDEX (SPT5_T15_REP2_T1),COMPLETED,0,-,quay.io/biocontainers/samtools:1.15.1--h1170115_0,2,14400000,-,6442450944,1,1788309207431,1788309207524,1788309208311,880,1000,-,114.3,0.0,6946816,164200448,6946816,231448576,9228895,15489,1538,21,0,20480,397,0,/home/ahmed/chipseq_run/work/95/05bbae7462dabd6b77d6959f09ecae,-,-,AMD Ryzen 5 7535U with Radeon Graphics,5607.524,5608.311,SAMTOOLS_INDEX,27.24,ryzen5_laptop,chipseq,amd_ryzen_5,1000,6946816,27.24
39,-,16250,NFCORE_CHIPSEQ:CHIPSEQ:PICARD_MERGESAMFILES,SPT5_T0_REP1,NFCORE_CHIPSEQ:CHIPSEQ:PICARD_MERGESAMFILES (SPT5_T0_REP1),COMPLETED,0,-,quay.io/biocontainers/picard:2.27.4--hdfd78af_0,2,21600000,-,6442450944,1,1788309208316,1788309208411,1788309212685,4369,1000,-,170.9,0.0,15278080,37879808,15278080,37883904,13927865,844,5525,38,12697600,40960,12,0,/home/ahmed/chipseq_run/work/70/04f456aaf2f1845fc8638b47b75564,-,-,AMD Ryzen 5 7535U with Radeon Graphics,5608.411,5612.685,PICARD_MERGESAMFILES,131.8,ryzen5_laptop,chipseq,amd_ryzen_5,1000,15278080,131.8
41,-,16293,NFCORE_CHIPSEQ:CHIPSEQ:PICARD_MERGESAMFILES,SPT5_T15_REP1,NFCORE_CHIPSEQ:CHIPSEQ:PICARD_MERGESAMFILES (SPT5_T15_REP1),COMPLETED,0,-,quay.io/biocontainers/picard:2.27.4--hdfd78af_0,2,21600000,-,6442450944,1,1788309212690,1788309212785,1788309216247,3557,0,-,206.6,0.0,18292736,43524096,18292736,43532288,13927865,844,5525,38,0,40960,18,0,/home/ahmed/chipseq_run/work/71/7809f1e5ab02ed3e59d09b77a532e2,-,-,AMD Ryzen 5 7535U with Radeon Graphics,5612.785,5616.247,PICARD_MERGESAMFILES,81.69999999999999,ryzen5_laptop,chipseq,amd_ryzen_5,0,18292736,81.69999999999999
38,-,16334,NFCORE_CHIPSEQ:CHIPSEQ:PICARD_MERGESAMFILES,SPT5_INPUT_REP2,NFCORE_CHIPSEQ:CHIPSEQ:PICARD_MERGESAMFILES (SPT5_INPUT_REP2),COMPLETED,0,-,quay.io/biocontainers/picard:2.27.4--hdfd78af_0,2,21600000,-,6442450944,1,1788309216252,1788309216347,1788309219827,3575,1000,-,212.4,0.0,18030592,43524096,18030592,43532288,13927870,844,5525,38,0,40960,18,0,/home/ahmed/chipseq_run/work/da/5bef70819c838ea46d4cea4617c91f,-,-,AMD Ryzen 5 7535U with Radeon Graphics,5616.347,5619.827,PICARD_MERGESAMFILES,107.37,ryzen5_laptop,chipseq,amd_ryzen_5,1000,18030592,107.37
40,-,16374,NFCORE_CHIPSEQ:CHIPSEQ:PICARD_MERGESAMFILES,SPT5_T0_REP2,NFCORE_CHIPSEQ:CHIPSEQ:PICARD_MERGESAMFILES (SPT5_T0_REP2),COMPLETED,0,-,quay.io/biocontainers/picard:2.27.4--hdfd78af_0,2,21600000,-,6442450944,1,1788309219832,1788309219927,1788309223362,3530,1000,-,215.8,0.0,18292736,43524096,18292736,43532288,13927864,844,5525,38,0,40960,17,0,/home/ahmed/chipseq_run/work/09/c65ea0c06f3b3f36744fb8929fb32b,-,-,AMD Ryzen 5 7535U with Radeon Graphics,5619.927,5623.362,PICARD_MERGESAMFILES,79.44,ryzen5_laptop,chipseq,amd_ryzen_5,1000,18292736,79.44
37,-,16415,NFCORE_CHIPSEQ:CHIPSEQ:PICARD_MERGESAMFILES,SPT5_INPUT_REP1,NFCORE_CHIPSEQ:CHIPSEQ:PICARD_MERGESAMFILES (SPT5_INPUT_REP1),COMPLETED,0,-,quay.io/biocontainers/picard:2.27.4--hdfd78af_0,2,21600000,-,6442450944,1,1788309223366,1788309223462,1788309227044,3678,1000,-,213.5,0.0,17637376,43524096,17637376,43532288,13927871,844,5525,38,0,40960,18,3,/home/ahmed/chipseq_run/work/b5/48aae0c4d739f5e6797b6e78779e9e,-,-,AMD Ryzen 5 7535U with Radeon Graphics,5623.462,5627.044,PICARD_MERGESAMFILES,109.35,ryzen5_laptop,chipseq,amd_ryzen_5,1000,17637376,109.35
42,-,16456,NFCORE_CHIPSEQ:CHIPSEQ:PICARD_MERGESAMFILES,SPT5_T15_REP2,NFCORE_CHIPSEQ:CHIPSEQ:PICARD_MERGESAMFILES (SPT5_T15_REP2),COMPLETED,0,-,quay.io/biocontainers/picard:2.27.4--hdfd78af_0,2,21600000,-,6442450944,1,1788309227050,1788309227144,1788309230701,3651,1000,-,215.4,0.0,18817024,43524096,18817024,43532288,13927861,844,5524,38,0,40960,18,0,/home/ahmed/chipseq_run/work/50/c4e113a7bbf206ba3824360b3830d5,-,-,AMD Ryzen 5 7535U with Radeon Graphics,5627.144,5630.701,PICARD_MERGESAMFILES,109.15,ryzen5_laptop,chipseq,amd_ryzen_5,1000,18817024,109.15
43,-,16499,NFCORE_CHIPSEQ:CHIPSEQ:ALIGN_BWA_MEM:BAM_SORT_SAMTOOLS:BAM_STATS_SAMTOOLS:SAMTOOLS_IDXSTATS,SPT5_INPUT_REP1_T1,NFCORE_CHIPSEQ:CHIPSEQ:ALIGN_BWA_MEM:BAM_SORT_SAMTOOLS:BAM_STATS_SAMTOOLS:SAMTOOLS_IDXSTATS (SPT5_INPUT_REP1_T1),COMPLETED,0,-,quay.io/biocontainers/samtools:1.15.1--h1170115_0,2,14400000,-,6442450944,1,1788309230706,1788309230801,1788309231493,787,0,-,54.5,0.0,3145728,5640192,3145728,5644288,122972,5290,224,19,0,12288,2,0,/home/ahmed/chipseq_run/work/ea/e534a5403db7a570a8a68e10c245f5,-,-,AMD Ryzen 5 7535U with Radeon Graphics,5630.801,5631.493,SAMTOOLS_IDXSTATS,,ryzen5_laptop,chipseq,amd_ryzen_5,0,3145728,
44,-,16543,NFCORE_CHIPSEQ:CHIPSEQ:ALIGN_BWA_MEM:BAM_SORT_SAMTOOLS:BAM_STATS_SAMTOOLS:SAMTOOLS_FLAGSTAT,SPT5_INPUT_REP1_T1,NFCORE_CHIPSEQ:CHIPSEQ:ALIGN_BWA_MEM:BAM_SORT_SAMTOOLS:BAM_STATS_SAMTOOLS:SAMTOOLS_FLAGSTAT (SPT5_INPUT_REP1_T1),COMPLETED,0,-,quay.io/biocontainers/samtools:1.15.1--h1170115_0,2,14400000,-,6442450944,1,1788309231497,1788309231594,1788309232418,921,1000,-,130.9,0.0,6946816,164200448,6946816,231448576,10799762,5473,1710,19,0,12288,418,0,/home/ahmed/chipseq_run/work/ec/685b7966c83401f8a8e67740036fba,-,-,AMD Ryzen 5 7535U with Radeon Graphics,5631.594,5632.418,SAMTOOLS_FLAGSTAT,27.7,ryzen5_laptop,chipseq,amd_ryzen_5,1000,6946816,27.7
45,-,16584,NFCORE_CHIPSEQ:CHIPSEQ:ALIGN_BWA_MEM:BAM_SORT_SAMTOOLS:BAM_STATS_SAMTOOLS:SAMTOOLS_STATS,SPT5_INPUT_REP1_T1,NFCORE_CHIPSEQ:CHIPSEQ:ALIGN_BWA_MEM:BAM_SORT_SAMTOOLS:BAM_STATS_SAMTOOLS:SAMTOOLS_STATS (SPT5_INPUT_REP1_T1),COMPLETED,0,-,quay.io/biocontainers/samtools:1.15.1--h1170115_0,2,14400000,-,6442450944,1,1788309232422,1788309232518,1788309233476,1054,1000,-,135.7,0.1,7077888,165740544,7077888,232837120,10800350,44180,1710,28,0,49152,3,3,/home/ahmed/chipseq_run/work/52/3c2f345116a0f41e31ebad6a71a88b,-,-,AMD Ryzen 5 7535U with Radeon Graphics,5632.518,5633.476,SAMTOOLS_STATS,26.59,ryzen5_laptop,chipseq,amd_ryzen_5,1000,7077888,26.59
47,-,16627,NFCORE_CHIPSEQ:CHIPSEQ:ALIGN_BWA_MEM:BAM_SORT_SAMTOOLS:BAM_STATS_SAMTOOLS:SAMTOOLS_STATS,SPT5_INPUT_REP2_T1,NFCORE_CHIPSEQ:CHIPSEQ:ALIGN_BWA_MEM:BAM_SORT_SAMTOOLS:BAM_STATS_SAMTOOLS:SAMTOOLS_STATS (SPT5_INPUT_REP2_T1),COMPLETED,0,-,quay.io/biocontainers/samtools:1.15.1--h1170115_0,2,14400000,-,6442450944,1,1788309233481,1788309233576,1788309234521,1040,1000,-,134.7,0.1,7471104,165740544,7471104,232837120,10840429,44109,1712,28,0,49152,4,1,/home/ahmed/chipseq_run/work/73/6ef6389e97c39bdcd47c65c6297794,-,-,AMD Ryzen 5 7535U with Radeon Graphics,5633.576,5634.521,SAMTOOLS_STATS,27.7,ryzen5_laptop,chipseq,amd_ryzen_5,1000,7471104,27.7
46,-,16670,NFCORE_CHIPSEQ:CHIPSEQ:ALIGN_BWA_MEM:BAM_SORT_SAMTOOLS:BAM_STATS_SAMTOOLS:SAMTOOLS_FLAGSTAT,SPT5_INPUT_REP2_T1,NFCORE_CHIPSEQ:CHIPSEQ:ALIGN_BWA_MEM:BAM_SORT_SAMTOOLS:BAM_STATS_SAMTOOLS:SAMTOOLS_FLAGSTAT (SPT5_INPUT_REP2_T1),COMPLETED,0,-,quay.io/biocontainers/samtools:1.15.1--h1170115_0,2,14400000,-,6442450944,1,1788309234526,1788309234622,1788309235398,872,1000,-,120.0,0.0,6684672,164200448,6684672,231448576,10839836,5473,1712,19,0,12288,455,0,/home/ahmed/chipseq_run/work/94/6d323cddfbe76fcad60d8fc6153268,-,-,AMD Ryzen 5 7535U with Radeon Graphics,5634.622,5635.398,SAMTOOLS_FLAGSTAT,27.54,ryzen5_laptop,chipseq,amd_ryzen_5,1000,6684672,27.54
48,-,16713,NFCORE_CHIPSEQ:CHIPSEQ:ALIGN_BWA_MEM:BAM_SORT_SAMTOOLS:BAM_STATS_SAMTOOLS:SAMTOOLS_IDXSTATS,SPT5_INPUT_REP2_T1,NFCORE_CHIPSEQ:CHIPSEQ:ALIGN_BWA_MEM:BAM_SORT_SAMTOOLS:BAM_STATS_SAMTOOLS:SAMTOOLS_IDXSTATS (SPT5_INPUT_REP2_T1),COMPLETED,0,-,quay.io/biocontainers/samtools:1.15.1--h1170115_0,2,14400000,-,6442450944,1,1788309235402,1788309235499,1788309236262,860,0,-,49.0,0.0,3276800,5640192,3276800,5644288,123132,5289,224,19,0,12288,2,0,/home/ahmed/chipseq_run/work/13/ce1e2cb7e2c1f9f3e96e186d638fc9,-,-,AMD Ryzen 5 7535U with Radeon Graphics,5635.499,5636.262,SAMTOOLS_IDXSTATS,30.36,ryzen5_laptop,chipseq,amd_ryzen_5,0,3276800,30.36
49,-,16756,NFCORE_CHIPSEQ:CHIPSEQ:ALIGN_BWA_MEM:BAM_SORT_SAMTOOLS:BAM_STATS_SAMTOOLS:SAMTOOLS_STATS,SPT5_T0_REP1_T1,NFCORE_CHIPSEQ:CHIPSEQ:ALIGN_BWA_MEM:BAM_SORT_SAMTOOLS:BAM_STATS_SAMTOOLS:SAMTOOLS_STATS (SPT5_T0_REP1_T1),COMPLETED,0,-,quay.io/biocontainers/samtools:1.15.1--h1170115_0,2,14400000,-,6442450944,1,1788309236266,1788309236363,1788309237251,985,0,-,131.0,0.1,7602176,165740544,7602176,232837120,8888056,68305,1538,34,0,73728,3,1,/home/ahmed/chipseq_run/work/d7/23ae45d498003ea234c168c8e4a417,-,-,AMD Ryzen 5 7535U with Radeon Graphics,5636.363,5637.251,SAMTOOLS_STATS,27.35,ryzen5_laptop,chipseq,amd_ryzen_5,0,7602176,27.35
50,-,16799,NFCORE_CHIPSEQ:CHIPSEQ:ALIGN_BWA_MEM:BAM_SORT_SAMTOOLS:BAM_STATS_SAMTOOLS:SAMTOOLS_FLAGSTAT,SPT5_T0_REP1_T1,NFCORE_CHIPSEQ:CHIPSEQ:ALIGN_BWA_MEM:BAM_SORT_SAMTOOLS:BAM_STATS_SAMTOOLS:SAMTOOLS_FLAGSTAT (SPT5_T0_REP1_T1),COMPLETED,0,-,quay.io/biocontainers/samtools:1.15.1--h1170115_0,2,14400000,-,6442450944,1,1788309237255,1788309237351,1788309238183,928,0,-,124.1,0.1,7208960,164200448,7208960,231448576,8887469,5474,1538,19,0,12288,383,1,/home/ahmed/chipseq_run/work/7f/9559d954eb258a933ac17ec160694a,-,-,AMD Ryzen 5 7535U with Radeon Graphics,5637.351,5638.183,SAMTOOLS_FLAGSTAT,27.08,ryzen5_laptop,chipseq,amd_ryzen_5,0,7208960,27.08
51,-,16842,NFCORE_CHIPSEQ:CHIPSEQ:ALIGN_BWA_MEM:BAM_SORT_SAMTOOLS:BAM_STATS_SAMTOOLS:SAMTOOLS_IDXSTATS,SPT5_T0_REP1_T1,NFCORE_CHIPSEQ:CHIPSEQ:ALIGN_BWA_MEM:BAM_SORT_SAMTOOLS:BAM_STATS_SAMTOOLS:SAMTOOLS_IDXSTATS (SPT5_T0_REP1_T1),COMPLETED,0,-,quay.io/biocontainers/samtools:1.15.1--h1170115_0,2,14400000,-,6442450944,1,1788309238187,1788309238283,1788309239067,880,0,-,80.0,0.0,3276800,5640192,3276800,5644288,122574,5297,224,19,0,12288,2,0,/home/ahmed/chipseq_run/work/8f/b24daef9748f153c77c58d9aae0968,-,-,AMD Ryzen 5 7535U with Radeon Graphics,5638.283,5639.067,SAMTOOLS_IDXSTATS,26.63,ryzen5_laptop,chipseq,amd_ryzen_5,0,3276800,26.63
53,-,16885,NFCORE_CHIPSEQ:CHIPSEQ:ALIGN_BWA_MEM:BAM_SORT_SAMTOOLS:BAM_STATS_SAMTOOLS:SAMTOOLS_IDXSTATS,SPT5_T0_REP2_T1,NFCORE_CHIPSEQ:CHIPSEQ:ALIGN_BWA_MEM:BAM_SORT_SAMTOOLS:BAM_STATS_SAMTOOLS:SAMTOOLS_IDXSTATS (SPT5_T0_REP2_T1),COMPLETED,0,-,quay.io/biocontainers/samtools:1.15.1--h1170115_0,2,14400000,-,6442450944,1,1788309239072,1788309239167,1788309239825,753,0,-,60.0,0.0,3276800,5640192,3276800,5644288,124206,5300,224,19,0,12288,2,0,/home/ahmed/chipseq_run/work/b8/4d7ac5e66a1e2b18ed7af86058da72,-,-,AMD Ryzen 5 7535U with Radeon Graphics,5639.167,5639.825,SAMTOOLS_IDXSTATS,25.47,ryzen5_laptop,chipseq,amd_ryzen_5,0,3276800,25.47
52,-,16928,NFCORE_CHIPSEQ:CHIPSEQ:ALIGN_BWA_MEM:BAM_SORT_SAMTOOLS:BAM_STATS_SAMTOOLS:SAMTOOLS_FLAGSTAT,SPT5_T0_REP2_T1,NFCORE_CHIPSEQ:CHIPSEQ:ALIGN_BWA_MEM:BAM_SORT_SAMTOOLS:BAM_STATS_SAMTOOLS:SAMTOOLS_FLAGSTAT (SPT5_T0_REP2_T1),COMPLETED,0,-,quay.io/biocontainers/samtools:1.15.1--h1170115_0,2,14400000,-,6442450944,1,1788309239829,1788309239925,1788309240642,813,0,-,123.5,0.0,6946816,164200448,6946816,231448576,8759204,5476,1556,19,0,12288,386,0,/home/ahmed/chipseq_run/work/b0/c4c495dc7472b216225cb056fcbfc9,-,-,AMD Ryzen 5 7535U with Radeon Graphics,5639.925,5640.642,SAMTOOLS_FLAGSTAT,,ryzen5_laptop,chipseq,amd_ryzen_5,0,6946816,
54,-,16969,NFCORE_CHIPSEQ:CHIPSEQ:ALIGN_BWA_MEM:BAM_SORT_SAMTOOLS:BAM_STATS_SAMTOOLS:SAMTOOLS_STATS,SPT5_T0_REP2_T1,NFCORE_CHIPSEQ:CHIPSEQ:ALIGN_BWA_MEM:BAM_SORT_SAMTOOLS:BAM_STATS_SAMTOOLS:SAMTOOLS_STATS (SPT5_T0_REP2_T1),COMPLETED,0,-,quay.io/biocontainers/samtools:1.15.1--h1170115_0,2,14400000,-,6442450944,1,1788309240646,1788309240742,1788309241663,1017,0,-,124.7,0.1,7471104,165740544,7471104,232837120,8759793,72817,1556,35,0,77824,3,2,/home/ahmed/chipseq_run/work/a4/2bd43a7c325adc5e70ee7dbdf6dbf6,-,-,AMD Ryzen 5 7535U with Radeon Graphics,5640.742,5641.663,SAMTOOLS_STATS,,ryzen5_laptop,chipseq,amd_ryzen_5,0,7471104,
56,-,17012,NFCORE_CHIPSEQ:CHIPSEQ:ALIGN_BWA_MEM:BAM_SORT_SAMTOOLS:BAM_STATS_SAMTOOLS:SAMTOOLS_STATS,SPT5_T15_REP1_T1,NFCORE_CHIPSEQ:CHIPSEQ:ALIGN_BWA_MEM:BAM_SORT_SAMTOOLS:BAM_STATS_SAMTOOLS:SAMTOOLS_STATS (SPT5_T15_REP1_T1),COMPLETED,0,-,quay.io/biocontainers/samtools:1.15.1--h1170115_0,2,14400000,-,6442450944,1,1788309241667,1788309241763,1788309242690,1023,0,-,130.7,0.1,7471104,165740544,7471104,232837120,9192939,67469,1564,34,0,73728,3,2,/home/ahmed/chipseq_run/work/87/9e9f3fbaf619c649409e31ae286d69,-,-,AMD Ryzen 5 7535U with Radeon Graphics,5641.763,5642.69,SAMTOOLS_STATS,,ryzen5_laptop,chipseq,amd_ryzen_5,0,7471104,
57,-,17055,NFCORE_CHIPSEQ:CHIPSEQ:ALIGN_BWA_MEM:BAM_SORT_SAMTOOLS:BAM_STATS_SAMTOOLS:SAMTOOLS_FLAGSTAT,SPT5_T15_REP1_T1,NFCORE_CHIPSEQ:CHIPSEQ:ALIGN_BWA_MEM:BAM_SORT_SAMTOOLS:BAM_STATS_SAMTOOLS:SAMTOOLS_FLAGSTAT (SPT5_T15_REP1_T1),COMPLETED,0,-,quay.io/biocontainers/samtools:1.15.1--h1170115_0,2,14400000,-,6442450944,1,1788309242695,1788309242790,1788309243540,845,0,-,125.9,0.0,7077888,164200448,7077888,231448576,9192348,5474,1564,19,0,12288,407,0,/home/ahmed/chipseq_run/work/c0/e8df63dc9f00b5d097cb3c66e8aeea,-,-,AMD Ryzen 5 7535U with Radeon Graphics,5642.79,5643.54,SAMTOOLS_FLAGSTAT,,ryzen5_laptop,chipseq,amd_ryzen_5,0,7077888,
55,-,17098,NFCORE_CHIPSEQ:CHIPSEQ:ALIGN_BWA_MEM:BAM_SORT_SAMTOOLS:BAM_STATS_SAMTOOLS:SAMTOOLS_IDXSTATS,SPT5_T15_REP1_T1,NFCORE_CHIPSEQ:CHIPSEQ:ALIGN_BWA_MEM:BAM_SORT_SAMTOOLS:BAM_STATS_SAMTOOLS:SAMTOOLS_IDXSTATS (SPT5_T15_REP1_T1),COMPLETED,0,-,quay.io/biocontainers/samtools:1.15.1--h1170115_0,2,14400000,-,6442450944,1,1788309243544,1788309243640,1788309244341,797,0,-,87.8,0.0,3407872,5640192,3407872,5644288,122969,5298,224,19,0,12288,2,0,/home/ahmed/chipseq_run/work/32/ab467183818de8a5deb7057181f4e3,-,-,AMD Ryzen 5 7535U with Radeon Graphics,5643.64,5644.341,SAMTOOLS_IDXSTATS,27.64,ryzen5_laptop,chipseq,amd_ryzen_5,0,3407872,27.64
59,-,17141,NFCORE_CHIPSEQ:CHIPSEQ:ALIGN_BWA_MEM:BAM_SORT_SAMTOOLS:BAM_STATS_SAMTOOLS:SAMTOOLS_STATS,SPT5_T15_REP2_T1,NFCORE_CHIPSEQ:CHIPSEQ:ALIGN_BWA_MEM:BAM_SORT_SAMTOOLS:BAM_STATS_SAMTOOLS:SAMTOOLS_STATS (SPT5_T15_REP2_T1),COMPLETED,0,-,quay.io/biocontainers/samtools:1.15.1--h1170115_0,2,14400000,-,6442450944,1,1788309244345,1788309244442,1788309245350,1005,1000,-,138.3,0.1,7602176,165740544,7602176,232837120,9229604,66658,1538,34,0,73728,3,1,/home/ahmed/chipseq_run/work/c1/794818c85cd70c95a0c99cd298826b,-,-,AMD Ryzen 5 7535U with Radeon Graphics,5644.442,5645.35,SAMTOOLS_STATS,24.49,ryzen5_laptop,chipseq,amd_ryzen_5,1000,7602176,24.49
58,-,17183,NFCORE_CHIPSEQ:CHIPSEQ:ALIGN_BWA_MEM:BAM_SORT_SAMTOOLS:BAM_STATS_SAMTOOLS:SAMTOOLS_FLAGSTAT,SPT5_T15_REP2_T1,NFCORE_CHIPSEQ:CHIPSEQ:ALIGN_BWA_MEM:BAM_SORT_SAMTOOLS:BAM_STATS_SAMTOOLS:SAMTOOLS_FLAGSTAT (SPT5_T15_REP2_T1),COMPLETED,0,-,quay.io/biocontainers/samtools:1.15.1--h1170115_0,2,14400000,-,6442450944,1,1788309245353,1788309245450,1788309246234,881,0,-,123.3,0.0,6946816,164200448,6946816,231448576,9229013,5474,1538,19,0,12288,421,0,/home/ahmed/chipseq_run/work/05/0fd37ffd534b2218c94f6962f0dd97,-,-,AMD Ryzen 5 7535U with Radeon Graphics,5645.45,5646.234,SAMTOOLS_FLAGSTAT,24.96,ryzen5_laptop,chipseq,amd_ryzen_5,0,6946816,24.96
60,-,17226,NFCORE_CHIPSEQ:CHIPSEQ:ALIGN_BWA_MEM:BAM_SORT_SAMTOOLS:BAM_STATS_SAMTOOLS:SAMTOOLS_IDXSTATS,SPT5_T15_REP2_T1,NFCORE_CHIPSEQ:CHIPSEQ:ALIGN_BWA_MEM:BAM_SORT_SAMTOOLS:BAM_STATS_SAMTOOLS:SAMTOOLS_IDXSTATS (SPT5_T15_REP2_T1),COMPLETED,0,-,quay.io/biocontainers/samtools:1.15.1--h1170115_0,2,14400000,-,6442450944,1,1788309246238,1788309246334,1788309247112,874,0,-,81.8,0.0,3145728,5640192,3145728,5644288,123107,5301,224,19,0,12288,2,0,/home/ahmed/chipseq_run/work/d0/9d6a1ffae55eda18a9220c61ac4e10,-,-,AMD Ryzen 5 7535U with Radeon Graphics,5646.334,5647.112,SAMTOOLS_IDXSTATS,25.27,ryzen5_laptop,chipseq,amd_ryzen_5,0,3145728,25.27
61,-,17269,NFCORE_CHIPSEQ:CHIPSEQ:MARK_DUPLICATES_PICARD:PICARD_MARKDUPLICATES,SPT5_T0_REP1,NFCORE_CHIPSEQ:CHIPSEQ:MARK_DUPLICATES_PICARD:PICARD_MARKDUPLICATES (SPT5_T0_REP1),COMPLETED,0,-,quay.io/biocontainers/picard:2.27.4--hdfd78af_0,2,21600000,-,6442450944,1,1788309247116,1788309247212,1788309258456,11340,9000,-,186.0,33.5,2581970944,10996887552,2581970944,11064000512,46600269,9725395,15544,374,2019328,9834496,11,0,/home/ahmed/chipseq_run/work/79/5d7db400fda0b487fd41e38026b4ba,-,-,AMD Ryzen 5 7535U with Radeon Graphics,5647.212,5658.456,PICARD_MARKDUPLICATES,292.03,ryzen5_laptop,chipseq,amd_ryzen_5,9000,2581970944,292.03
62,-,17310,NFCORE_CHIPSEQ:CHIPSEQ:MARK_DUPLICATES_PICARD:PICARD_MARKDUPLICATES,SPT5_T15_REP1,NFCORE_CHIPSEQ:CHIPSEQ:MARK_DUPLICATES_PICARD:PICARD_MARKDUPLICATES (SPT5_T15_REP1),COMPLETED,0,-,quay.io/biocontainers/picard:2.27.4--hdfd78af_0,2,21600000,-,6442450944,1,1788309258462,1788309258555,1788309270235,11773,8000,-,193.4,33.1,2545213440,10996887552,2545213440,10996891648,47162818,10069905,14904,373,0,10170368,11,1,/home/ahmed/chipseq_run/work/19/773d92200fd9289ca2d66f2afa05ab,-,-,AMD Ryzen 5 7535U with Radeon Graphics,5658.555,5670.235,PICARD_MARKDUPLICATES,327.49,ryzen5_laptop,chipseq,amd_ryzen_5,8000,2545213440,327.49
63,-,17351,NFCORE_CHIPSEQ:CHIPSEQ:MARK_DUPLICATES_PICARD:PICARD_MARKDUPLICATES,SPT5_INPUT_REP2,NFCORE_CHIPSEQ:CHIPSEQ:MARK_DUPLICATES_PICARD:PICARD_MARKDUPLICATES (SPT5_INPUT_REP2),COMPLETED,0,-,quay.io/biocontainers/picard:2.27.4--hdfd78af_0,2,21600000,-,6442450944,1,1788309270242,1788309270335,1788309281727,11485,9000,-,192.3,33.2,2557140992,10996887552,2557140992,11064000512,50521203,11718391,15408,385,0,11821056,19,0,/home/ahmed/chipseq_run/work/04/e60081c487d449aded61edf44af424,-,-,AMD Ryzen 5 7535U with Radeon Graphics,5670.335,5681.727,PICARD_MARKDUPLICATES,288.12,ryzen5_laptop,chipseq,amd_ryzen_5,9000,2557140992,288.12
64,-,17394,NFCORE_CHIPSEQ:CHIPSEQ:MARK_DUPLICATES_PICARD:PICARD_MARKDUPLICATES,SPT5_T0_REP2,NFCORE_CHIPSEQ:CHIPSEQ:MARK_DUPLICATES_PICARD:PICARD_MARKDUPLICATES (SPT5_T0_REP2),COMPLETED,0,-,quay.io/biocontainers/picard:2.27.4--hdfd78af_0,2,21600000,-,6442450944,1,1788309281735,1788309281827,1788309293124,11389,8000,-,192.4,34.2,2631528448,10996887552,2631528448,10996891648,46198434,9625376,17354,373,0,9736192,19,1,/home/ahmed/chipseq_run/work/66/630cfae977338ea48349a50a3d9903,-,-,AMD Ryzen 5 7535U with Radeon Graphics,5681.827,5693.124,PICARD_MARKDUPLICATES,314.91,ryzen5_laptop,chipseq,amd_ryzen_5,8000,2631528448,314.91
65,-,17435,NFCORE_CHIPSEQ:CHIPSEQ:MARK_DUPLICATES_PICARD:PICARD_MARKDUPLICATES,SPT5_INPUT_REP1,NFCORE_CHIPSEQ:CHIPSEQ:MARK_DUPLICATES_PICARD:PICARD_MARKDUPLICATES (SPT5_INPUT_REP1),COMPLETED,0,-,quay.io/biocontainers/picard:2.27.4--hdfd78af_0,2,21600000,-,6442450944,1,1788309293132,1788309293224,1788309305057,11925,9000,-,217.7,33.3,2563485696,10996887552,2712252416,11064000512,50277551,11681372,15105,386,0,11788288,11,0,/home/ahmed/chipseq_run/work/5e/866d524351c6ef47a745cb17d8c9b6,-,-,AMD Ryzen 5 7535U with Radeon Graphics,5693.224,5705.057,PICARD_MARKDUPLICATES,318.48999999999995,ryzen5_laptop,chipseq,amd_ryzen_5,9000,2712252416,318.48999999999995
66,-,17477,NFCORE_CHIPSEQ:CHIPSEQ:MARK_DUPLICATES_PICARD:PICARD_MARKDUPLICATES,SPT5_T15_REP2,NFCORE_CHIPSEQ:CHIPSEQ:MARK_DUPLICATES_PICARD:PICARD_MARKDUPLICATES (SPT5_T15_REP2),COMPLETED,0,-,quay.io/biocontainers/picard:2.27.4--hdfd78af_0,2,21600000,-,6442450944,1,1788309305069,1788309305157,1788309316973,11904,9000,-,194.5,34.1,2628263936,10996887552,2628263936,11064000512,47222299,10087279,14714,379,0,10207232,19,3,/home/ahmed/chipseq_run/work/6c/8ec420ddec73dab4e09274517836f7,-,-,AMD Ryzen 5 7535U with Radeon Graphics,5705.157,5716.973,PICARD_MARKDUPLICATES,290.93,ryzen5_laptop,chipseq,amd_ryzen_5,9000,2628263936,290.93
67,-,17521,NFCORE_CHIPSEQ:CHIPSEQ:MARK_DUPLICATES_PICARD:SAMTOOLS_INDEX,SPT5_T0_REP1,NFCORE_CHIPSEQ:CHIPSEQ:MARK_DUPLICATES_PICARD:SAMTOOLS_INDEX (SPT5_T0_REP1),COMPLETED,0,-,quay.io/biocontainers/samtools:1.15.1--h1170115_0,2,14400000,-,6442450944,1,1788309316979,1788309317073,1788309317920,941,0,-,133.3,0.0,7077888,164200448,7077888,231448576,9123284,15103,1641,21,0,20480,404,0,/home/ahmed/chipseq_run/work/9f/f8c0314839dcaa81b7d00e0238c3f6,-,-,AMD Ryzen 5 7535U with Radeon Graphics,5717.073,5717.92,SAMTOOLS_INDEX,,ryzen5_laptop,chipseq,amd_ryzen_5,0,7077888,
68,-,17564,NFCORE_CHIPSEQ:CHIPSEQ:MARK_DUPLICATES_PICARD:SAMTOOLS_INDEX,SPT5_T15_REP1,NFCORE_CHIPSEQ:CHIPSEQ:MARK_DUPLICATES_PICARD:SAMTOOLS_INDEX (SPT5_T15_REP1),COMPLETED,0,-,quay.io/biocontainers/samtools:1.15.1--h1170115_0,2,14400000,-,6442450944,1,1788309317925,1788309318020,1788309318784,859,0,-,112.1,0.0,7077888,164200448,7077888,231448576,9468980,15591,1667,21,0,20480,406,0,/home/ahmed/chipseq_run/work/77/9d4f69345708ad322259cc8c25493c,-,-,AMD Ryzen 5 7535U with Radeon Graphics,5718.02,5718.784,SAMTOOLS_INDEX,26.13,ryzen5_laptop,chipseq,amd_ryzen_5,0,7077888,26.13
69,-,17606,NFCORE_CHIPSEQ:CHIPSEQ:MARK_DUPLICATES_PICARD:SAMTOOLS_INDEX,SPT5_INPUT_REP2,NFCORE_CHIPSEQ:CHIPSEQ:MARK_DUPLICATES_PICARD:SAMTOOLS_INDEX (SPT5_INPUT_REP2),COMPLETED,0,-,quay.io/biocontainers/samtools:1.15.1--h1170115_0,2,14400000,-,6442450944,1,1788309318790,1788309318884,1788309319725,935,0,-,135.8,0.0,6946816,164200448,6946816,231448576,11115046,15487,1813,21,0,20480,442,0,/home/ahmed/chipseq_run/work/c4/44d01b742f7f1f0e2230a12fdeee51,-,-,AMD Ryzen 5 7535U with Radeon Graphics,5718.884,5719.725,SAMTOOLS_INDEX,27.88,ryzen5_laptop,chipseq,amd_ryzen_5,0,6946816,27.88
70,-,17645,NFCORE_CHIPSEQ:CHIPSEQ:MARK_DUPLICATES_PICARD:SAMTOOLS_INDEX,SPT5_T0_REP2,NFCORE_CHIPSEQ:CHIPSEQ:MARK_DUPLICATES_PICARD:SAMTOOLS_INDEX (SPT5_T0_REP2),COMPLETED,0,-,quay.io/biocontainers/samtools:1.15.1--h1170115_0,2,14400000,-,6442450944,1,1788309319731,1788309319825,1788309320691,960,0,-,117.6,0.0,6684672,164200448,6684672,231448576,9020152,16591,1659,21,0,20480,425,1,/home/ahmed/chipseq_run/work/f5/a324226ee8e733ca81a17e4e2fa361,-,-,AMD Ryzen 5 7535U with Radeon Graphics,5719.825,5720.691,SAMTOOLS_INDEX,27.7,ryzen5_laptop,chipseq,amd_ryzen_5,0,6684672,27.7
71,-,17686,NFCORE_CHIPSEQ:CHIPSEQ:MARK_DUPLICATES_PICARD:SAMTOOLS_INDEX,SPT5_INPUT_REP1,NFCORE_CHIPSEQ:CHIPSEQ:MARK_DUPLICATES_PICARD:SAMTOOLS_INDEX (SPT5_INPUT_REP1),COMPLETED,0,-,quay.io/biocontainers/samtools:1.15.1--h1170115_0,2,14400000,-,6442450944,1,1788309320696,1788309320791,1788309321701,1005,0,-,111.2,0.0,6946816,164200448,6946816,231448576,11079006,15327,1812,21,0,20480,430,0,/home/ahmed/chipseq_run/work/cf/536684c7a1bb10900cf91df3ea1854,-,-,AMD Ryzen 5 7535U with Radeon Graphics,5720.791,5721.701,SAMTOOLS_INDEX,25.17,ryzen5_laptop,chipseq,amd_ryzen_5,0,6946816,25.17
72,-,17726,NFCORE_CHIPSEQ:CHIPSEQ:MARK_DUPLICATES_PICARD:SAMTOOLS_INDEX,SPT5_T15_REP2,NFCORE_CHIPSEQ:CHIPSEQ:MARK_DUPLICATES_PICARD:SAMTOOLS_INDEX (SPT5_T15_REP2),COMPLETED,0,-,quay.io/biocontainers/samtools:1.15.1--h1170115_0,2,14400000,-,6442450944,1,1788309321707,1788309321800,1788309322816,1109,0,-,113.7,0.0,6553600,164200448,6553600,231448576,9486586,15711,1641,21,0,20480,278,3,/home/ahmed/chipseq_run/work/a8/3a34ca49739693dfb76065ddceb8b0,-,-,AMD Ryzen 5 7535U with Radeon Graphics,5721.8,5722.816,SAMTOOLS_INDEX,26.35,ryzen5_laptop,chipseq,amd_ryzen_5,0,6553600,26.35
75,-,17767,NFCORE_CHIPSEQ:CHIPSEQ:MARK_DUPLICATES_PICARD:BAM_STATS_SAMTOOLS:SAMTOOLS_IDXSTATS,SPT5_T0_REP1,NFCORE_CHIPSEQ:CHIPSEQ:MARK_DUPLICATES_PICARD:BAM_STATS_SAMTOOLS:SAMTOOLS_IDXSTATS (SPT5_T0_REP1),COMPLETED,0,-,quay.io/biocontainers/samtools:1.15.1--h1170115_0,2,14400000,-,6442450944,1,1788309322821,1788309322917,1788309323659,838,0,-,78.3,0.0,3276800,5640192,3276800,5644288,134033,5279,225,19,0,12288,2,0,/home/ahmed/chipseq_run/work/62/86f1e18caa6caf4f2458870566616e,-,-,AMD Ryzen 5 7535U with Radeon Graphics,5722.917,5723.659,SAMTOOLS_IDXSTATS,27.85,ryzen5_laptop,chipseq,amd_ryzen_5,0,3276800,27.85
73,-,17811,NFCORE_CHIPSEQ:CHIPSEQ:MARK_DUPLICATES_PICARD:BAM_STATS_SAMTOOLS:SAMTOOLS_STATS,SPT5_T0_REP1,NFCORE_CHIPSEQ:CHIPSEQ:MARK_DUPLICATES_PICARD:BAM_STATS_SAMTOOLS:SAMTOOLS_STATS (SPT5_T0_REP1),COMPLETED,0,-,quay.io/biocontainers/samtools:1.15.1--h1170115_0,2,14400000,-,6442450944,1,1788309323664,1788309323759,1788309324755,1091,0,-,130.7,0.1,7733248,165740544,7733248,232988672,9127485,68297,1642,34,0,73728,1,1,/home/ahmed/chipseq_run/work/79/afef0e9a3209ddaedeba99785d4d9a,-,-,AMD Ryzen 5 7535U with Radeon Graphics,5723.759,5724.755,SAMTOOLS_STATS,24.04,ryzen5_laptop,chipseq,amd_ryzen_5,0,7733248,24.04
76,-,17854,NFCORE_CHIPSEQ:CHIPSEQ:MARK_DUPLICATES_PICARD:BAM_STATS_SAMTOOLS:SAMTOOLS_FLAGSTAT,SPT5_T0_REP1,NFCORE_CHIPSEQ:CHIPSEQ:MARK_DUPLICATES_PICARD:BAM_STATS_SAMTOOLS:SAMTOOLS_FLAGSTAT (SPT5_T0_REP1),COMPLETED,0,-,quay.io/biocontainers/samtools:1.15.1--h1170115_0,2,14400000,-,6442450944,1,1788309324759,1788309324855,1788309325654,895,0,-,134.3,0.0,6946816,164200448,6946816,231448576,9123403,5462,1641,19,0,12288,429,0,/home/ahmed/chipseq_run/work/80/ba0af9e9071572aef170ac06a46c4f,-,-,AMD Ryzen 5 7535U with Radeon Graphics,5724.855,5725.654,SAMTOOLS_FLAGSTAT,27.05,ryzen5_laptop,chipseq,amd_ryzen_5,0,6946816,27.05
74,-,17897,NFCORE_CHIPSEQ:CHIPSEQ:FILTER_BAM_BAMTOOLS:BAM_FILTER,SPT5_T0_REP1,NFCORE_CHIPSEQ:CHIPSEQ:FILTER_BAM_BAMTOOLS:BAM_FILTER (SPT5_T0_REP1),COMPLETED,0,-,quay.io/biocontainers/mulled-v2-0560a8046fc82aa4338588eca29ff18edab2c5aa:5687a7da26983502d0a8a9a6b05ed727c740ddc4-0,2,21600000,-,6442450944,1,1788309325659,1788309325755,1788309327508,1849,1000,-,129.9,0.1,11403264,21090304,11403264,21356544,14343210,10263161,2404,1095,11669504,5070848,65,1,/home/ahmed/chipseq_run/work/a8/a4f8f46525602b61485c608ca497ab,-,-,AMD Ryzen 5 7535U with Radeon Graphics,5725.755,5727.508,BAM_FILTER,49.81,ryzen5_laptop,chipseq,amd_ryzen_5,1000,11403264,49.81
78,-,17946,NFCORE_CHIPSEQ:CHIPSEQ:MARK_DUPLICATES_PICARD:BAM_STATS_SAMTOOLS:SAMTOOLS_STATS,SPT5_T15_REP1,NFCORE_CHIPSEQ:CHIPSEQ:MARK_DUPLICATES_PICARD:BAM_STATS_SAMTOOLS:SAMTOOLS_STATS (SPT5_T15_REP1),COMPLETED,0,-,quay.io/biocontainers/samtools:1.15.1--h1170115_0,2,14400000,-,6442450944,1,1788309327513,1788309327608,1788309328539,1026,1000,-,125.9,0.1,7602176,165740544,7602176,232841216,9473187,67461,1668,34,0,73728,4,3,/home/ahmed/chipseq_run/work/94/8a1e7170f5911a98a16960447485f0,-,-,AMD Ryzen 5 7535U with Radeon Graphics,5727.608,5728.539,SAMTOOLS_STATS,24.54,ryzen5_laptop,chipseq,amd_ryzen_5,1000,7602176,24.54
77,-,17989,NFCORE_CHIPSEQ:CHIPSEQ:MARK_DUPLICATES_PICARD:BAM_STATS_SAMTOOLS:SAMTOOLS_FLAGSTAT,SPT5_T15_REP1,NFCORE_CHIPSEQ:CHIPSEQ:MARK_DUPLICATES_PICARD:BAM_STATS_SAMTOOLS:SAMTOOLS_FLAGSTAT (SPT5_T15_REP1),COMPLETED,0,-,quay.io/biocontainers/samtools:1.15.1--h1170115_0,2,14400000,-,6442450944,1,1788309328545,1788309328640,1788309329460,915,1000,-,123.9,0.1,7208960,164200448,7208960,231448576,9469099,5462,1667,19,0,12288,432,0,/home/ahmed/chipseq_run/work/87/db2beb898b479680a5f3f0a8b3df96,-,-,AMD Ryzen 5 7535U with Radeon Graphics,5728.64,5729.46,SAMTOOLS_FLAGSTAT,25.89,ryzen5_laptop,chipseq,amd_ryzen_5,1000,7208960,25.89
80,-,18034,NFCORE_CHIPSEQ:CHIPSEQ:MARK_DUPLICATES_PICARD:BAM_STATS_SAMTOOLS:SAMTOOLS_IDXSTATS,SPT5_T15_REP1,NFCORE_CHIPSEQ:CHIPSEQ:MARK_DUPLICATES_PICARD:BAM_STATS_SAMTOOLS:SAMTOOLS_IDXSTATS (SPT5_T15_REP1),COMPLETED,0,-,quay.io/biocontainers/samtools:1.15.1--h1170115_0,2,14400000,-,6442450944,1,1788309329466,1788309329560,1788309330233,767,0,-,80.0,0.0,3276800,5640192,3276800,5644288,136196,5280,225,19,0,12288,2,0,/home/ahmed/chipseq_run/work/e0/8304f2626c5ccba8c97d7647877b52,-,-,AMD Ryzen 5 7535U with Radeon Graphics,5729.56,5730.233,SAMTOOLS_IDXSTATS,26.52,ryzen5_laptop,chipseq,amd_ryzen_5,0,3276800,26.52
79,-,18077,NFCORE_CHIPSEQ:CHIPSEQ:FILTER_BAM_BAMTOOLS:BAM_FILTER,SPT5_T15_REP1,NFCORE_CHIPSEQ:CHIPSEQ:FILTER_BAM_BAMTOOLS:BAM_FILTER (SPT5_T15_REP1),COMPLETED,0,-,quay.io/biocontainers/mulled-v2-0560a8046fc82aa4338588eca29ff18edab2c5aa:5687a7da26983502d0a8a9a6b05ed727c740ddc4-0,2,21600000,-,6442450944,1,1788309330239,1788309330333,1788309332231,1992,1000,-,133.2,0.1,11780096,21225472,11780096,21356544,15707911,12278508,2577,1318,0,6066176,398,8,/home/ahmed/chipseq_run/work/f4/ee4cc00b076dd96233d59d976c69f3,-,-,AMD Ryzen 5 7535U with Radeon Graphics,5730.333,5732.231,BAM_FILTER,50.7,ryzen5_laptop,chipseq,amd_ryzen_5,1000,11780096,50.7
81,-,18125,NFCORE_CHIPSEQ:CHIPSEQ:MARK_DUPLICATES_PICARD:BAM_STATS_SAMTOOLS:SAMTOOLS_IDXSTATS,SPT5_INPUT_REP2,NFCORE_CHIPSEQ:CHIPSEQ:MARK_DUPLICATES_PICARD:BAM_STATS_SAMTOOLS:SAMTOOLS_IDXSTATS (SPT5_INPUT_REP2),COMPLETED,0,-,quay.io/biocontainers/samtools:1.15.1--h1170115_0,2,14400000,-,6442450944,1,1788309332237,1788309332331,1788309333055,818,0,-,117.1,0.0,3407872,5640192,3407872,5644288,134676,5272,225,19,0,12288,2,0,/home/ahmed/chipseq_run/work/bf/e6f996c9e69890b56ebcc941375793,-,-,AMD Ryzen 5 7535U with Radeon Graphics,5732.331,5733.055,SAMTOOLS_IDXSTATS,,ryzen5_laptop,chipseq,amd_ryzen_5,0,3407872,
82,-,18169,NFCORE_CHIPSEQ:CHIPSEQ:MARK_DUPLICATES_PICARD:BAM_STATS_SAMTOOLS:SAMTOOLS_STATS,SPT5_INPUT_REP2,NFCORE_CHIPSEQ:CHIPSEQ:MARK_DUPLICATES_PICARD:BAM_STATS_SAMTOOLS:SAMTOOLS_STATS (SPT5_INPUT_REP2),COMPLETED,0,-,quay.io/biocontainers/samtools:1.15.1--h1170115_0,2,14400000,-,6442450944,1,1788309333059,1788309333156,1788309334022,963,0,-,139.7,0.1,7602176,165740544,7602176,232841216,11119261,44097,1814,28,0,49152,2,1,/home/ahmed/chipseq_run/work/26/4e4b7ccc2efc7452d42664b4fbce5d,-,-,AMD Ryzen 5 7535U with Radeon Graphics,5733.156,5734.022,SAMTOOLS_STATS,,ryzen5_laptop,chipseq,amd_ryzen_5,0,7602176,
83,-,18213,NFCORE_CHIPSEQ:CHIPSEQ:MARK_DUPLICATES_PICARD:BAM_STATS_SAMTOOLS:SAMTOOLS_FLAGSTAT,SPT5_INPUT_REP2,NFCORE_CHIPSEQ:CHIPSEQ:MARK_DUPLICATES_PICARD:BAM_STATS_SAMTOOLS:SAMTOOLS_FLAGSTAT (SPT5_INPUT_REP2),COMPLETED,0,-,quay.io/biocontainers/samtools:1.15.1--h1170115_0,2,14400000,-,6442450944,1,1788309334046,1788309334122,1788309334924,878,0,-,125.9,0.0,6946816,164200448,6946816,231448576,11115168,5457,1813,19,0,12288,449,0,/home/ahmed/chipseq_run/work/6b/76b1c3d5782b2d6df4a8425c6a3978,-,-,AMD Ryzen 5 7535U with Radeon Graphics,5734.122,5734.924,SAMTOOLS_FLAGSTAT,,ryzen5_laptop,chipseq,amd_ryzen_5,0,6946816,
84,-,18255,NFCORE_CHIPSEQ:CHIPSEQ:FILTER_BAM_BAMTOOLS:BAM_FILTER,SPT5_INPUT_REP2,NFCORE_CHIPSEQ:CHIPSEQ:FILTER_BAM_BAMTOOLS:BAM_FILTER (SPT5_INPUT_REP2),COMPLETED,0,-,quay.io/biocontainers/mulled-v2-0560a8046fc82aa4338588eca29ff18edab2c5aa:5687a7da26983502d0a8a9a6b05ed727c740ddc4-0,2,21600000,-,6442450944,1,1788309334929,1788309335024,1788309337526,2597,2000,-,132.0,0.2,11907072,21229568,11907072,21295104,20655895,18907051,3233,2081,0,9392128,471,10,/home/ahmed/chipseq_run/work/eb/1610a0f7a7194a05a1e0757d2a8952,-,-,AMD Ryzen 5 7535U with Radeon Graphics,5735.024,5737.526,BAM_FILTER,77.98,ryzen5_laptop,chipseq,amd_ryzen_5,2000,11907072,77.98
86,-,18304,NFCORE_CHIPSEQ:CHIPSEQ:MARK_DUPLICATES_PICARD:BAM_STATS_SAMTOOLS:SAMTOOLS_IDXSTATS,SPT5_T0_REP2,NFCORE_CHIPSEQ:CHIPSEQ:MARK_DUPLICATES_PICARD:BAM_STATS_SAMTOOLS:SAMTOOLS_IDXSTATS (SPT5_T0_REP2),COMPLETED,0,-,quay.io/biocontainers/samtools:1.15.1--h1170115_0,2,14400000,-,6442450944,1,1788309337531,1788309337626,1788309338326,795,0,-,83.7,0.0,3145728,5640192,3145728,5644288,136171,5282,225,19,0,12288,2,0,/home/ahmed/chipseq_run/work/d8/3b720898c7f57580c6c7078ea6c32e,-,-,AMD Ryzen 5 7535U with Radeon Graphics,5737.626,5738.326,SAMTOOLS_IDXSTATS,27.31,ryzen5_laptop,chipseq,amd_ryzen_5,0,3145728,27.31
88,-,18347,NFCORE_CHIPSEQ:CHIPSEQ:FILTER_BAM_BAMTOOLS:BAM_FILTER,SPT5_T0_REP2,NFCORE_CHIPSEQ:CHIPSEQ:FILTER_BAM_BAMTOOLS:BAM_FILTER (SPT5_T0_REP2),COMPLETED,0,-,quay.io/biocontainers/mulled-v2-0560a8046fc82aa4338588eca29ff18edab2c5aa:5687a7da26983502d0a8a9a6b05ed727c740ddc4-0,2,21600000,-,6442450944,1,1788309338329,1788309338426,1788309340023,1694,1000,-,135.2,0.2,11776000,21086208,11776000,21356544,13545990,8891671,2311,930,0,4390912,11,2,/home/ahmed/chipseq_run/work/39/74402d9b81aea03b8c831a993cb077,-,-,AMD Ryzen 5 7535U with Radeon Graphics,5738.426,5740.023,BAM_FILTER,25.61,ryzen5_laptop,chipseq,amd_ryzen_5,1000,11776000,25.61
85,-,18396,NFCORE_CHIPSEQ:CHIPSEQ:MARK_DUPLICATES_PICARD:BAM_STATS_SAMTOOLS:SAMTOOLS_STATS,SPT5_T0_REP2,NFCORE_CHIPSEQ:CHIPSEQ:MARK_DUPLICATES_PICARD:BAM_STATS_SAMTOOLS:SAMTOOLS_STATS (SPT5_T0_REP2),COMPLETED,0,-,quay.io/biocontainers/samtools:1.15.1--h1170115_0,2,14400000,-,6442450944,1,1788309340029,1788309340123,1788309341046,1017,0,-,129.6,0.1,7733248,165740544,7733248,232841216,9024359,72810,1660,35,0,77824,2,1,/home/ahmed/chipseq_run/work/1f/b5f0e1eb0a4d26f64ea9eecfba11e3,-,-,AMD Ryzen 5 7535U with Radeon Graphics,5740.123,5741.046,SAMTOOLS_STATS,23.5,ryzen5_laptop,chipseq,amd_ryzen_5,0,7733248,23.5
87,-,18439,NFCORE_CHIPSEQ:CHIPSEQ:MARK_DUPLICATES_PICARD:BAM_STATS_SAMTOOLS:SAMTOOLS_FLAGSTAT,SPT5_T0_REP2,NFCORE_CHIPSEQ:CHIPSEQ:MARK_DUPLICATES_PICARD:BAM_STATS_SAMTOOLS:SAMTOOLS_FLAGSTAT (SPT5_T0_REP2),COMPLETED,0,-,quay.io/biocontainers/samtools:1.15.1--h1170115_0,2,14400000,-,6442450944,1,1788309341052,1788309341145,1788309341990,938,0,-,117.6,0.0,7077888,164200448,7077888,231448576,9020265,5466,1659,19,0,12288,454,0,/home/ahmed/chipseq_run/work/82/5c891ed48ede4deecde07601293dfe,-,-,AMD Ryzen 5 7535U with Radeon Graphics,5741.145,5741.99,SAMTOOLS_FLAGSTAT,24.95,ryzen5_laptop,chipseq,amd_ryzen_5,0,7077888,24.95
91,-,18483,NFCORE_CHIPSEQ:CHIPSEQ:MARK_DUPLICATES_PICARD:BAM_STATS_SAMTOOLS:SAMTOOLS_FLAGSTAT,SPT5_INPUT_REP1,NFCORE_CHIPSEQ:CHIPSEQ:MARK_DUPLICATES_PICARD:BAM_STATS_SAMTOOLS:SAMTOOLS_FLAGSTAT (SPT5_INPUT_REP1),COMPLETED,0,-,quay.io/biocontainers/samtools:1.15.1--h1170115_0,2,14400000,-,6442450944,1,1788309341995,1788309342091,1788309343067,1072,0,-,126.7,0.0,7077888,164200448,7077888,231448576,11079131,5457,1812,19,0,12288,421,2,/home/ahmed/chipseq_run/work/e8/bd2250f77f7fed6ab5cf6aba65a9f3,-,-,AMD Ryzen 5 7535U with Radeon Graphics,5742.091,5743.067,SAMTOOLS_FLAGSTAT,24.93,ryzen5_laptop,chipseq,amd_ryzen_5,0,7077888,24.93
92,-,18525,NFCORE_CHIPSEQ:CHIPSEQ:MARK_DUPLICATES_PICARD:BAM_STATS_SAMTOOLS:SAMTOOLS_STATS,SPT5_INPUT_REP1,NFCORE_CHIPSEQ:CHIPSEQ:MARK_DUPLICATES_PICARD:BAM_STATS_SAMTOOLS:SAMTOOLS_STATS (SPT5_INPUT_REP1),COMPLETED,0,-,quay.io/biocontainers/samtools:1.15.1--h1170115_0,2,14400000,-,6442450944,1,1788309343074,1788309343167,1788309344103,1029,0,-,135.5,0.1,7471104,165740544,7471104,232841216,11083215,44168,1813,28,0,49152,5,1,/home/ahmed/chipseq_run/work/42/639e97d2621d3ef0039795f8c12c40,-,-,AMD Ryzen 5 7535U with Radeon Graphics,5743.167,5744.103,SAMTOOLS_STATS,,ryzen5_laptop,chipseq,amd_ryzen_5,0,7471104,
89,-,18568,NFCORE_CHIPSEQ:CHIPSEQ:FILTER_BAM_BAMTOOLS:BAM_FILTER,SPT5_INPUT_REP1,NFCORE_CHIPSEQ:CHIPSEQ:FILTER_BAM_BAMTOOLS:BAM_FILTER (SPT5_INPUT_REP1),COMPLETED,0,-,quay.io/biocontainers/mulled-v2-0560a8046fc82aa4338588eca29ff18edab2c5aa:5687a7da26983502d0a8a9a6b05ed727c740ddc4-0,2,21600000,-,6442450944,1,1788309344108,1788309344203,1788309346812,2704,2000,-,129.9,0.1,11771904,21229568,11771904,21295104,20335132,18338325,3189,2015,0,9109504,393,2,/home/ahmed/chipseq_run/work/9e/315787a4b4e151b4f5375655a45957,-,-,AMD Ryzen 5 7535U with Radeon Graphics,5744.203,5746.812,BAM_FILTER,56.72,ryzen5_laptop,chipseq,amd_ryzen_5,2000,11771904,56.72
90,-,18617,NFCORE_CHIPSEQ:CHIPSEQ:MARK_DUPLICATES_PICARD:BAM_STATS_SAMTOOLS:SAMTOOLS_IDXSTATS,SPT5_INPUT_REP1,NFCORE_CHIPSEQ:CHIPSEQ:MARK_DUPLICATES_PICARD:BAM_STATS_SAMTOOLS:SAMTOOLS_IDXSTATS (SPT5_INPUT_REP1),COMPLETED,0,-,quay.io/biocontainers/samtools:1.15.1--h1170115_0,2,14400000,-,6442450944,1,1788309346817,1788309346912,1788309347592,775,0,-,81.8,0.0,3276800,5640192,3276800,5644288,134821,5272,225,19,0,12288,2,0,/home/ahmed/chipseq_run/work/3c/768797ce3c2472cbeb5f9b9d091165,-,-,AMD Ryzen 5 7535U with Radeon Graphics,5746.912,5747.592,SAMTOOLS_IDXSTATS,26.5,ryzen5_laptop,chipseq,amd_ryzen_5,0,3276800,26.5
94,-,18660,NFCORE_CHIPSEQ:CHIPSEQ:MARK_DUPLICATES_PICARD:BAM_STATS_SAMTOOLS:SAMTOOLS_STATS,SPT5_T15_REP2,NFCORE_CHIPSEQ:CHIPSEQ:MARK_DUPLICATES_PICARD:BAM_STATS_SAMTOOLS:SAMTOOLS_STATS (SPT5_T15_REP2),COMPLETED,0,-,quay.io/biocontainers/samtools:1.15.1--h1170115_0,2,14400000,-,6442450944,1,1788309347597,1788309347692,1788309348604,1007,0,-,130.5,0.1,7733248,165740544,7733248,232841216,9490792,66650,1642,34,0,73728,2,1,/home/ahmed/chipseq_run/work/7d/b88786fc59d4f7a3798f175b6a7d21,-,-,AMD Ryzen 5 7535U with Radeon Graphics,5747.692,5748.604,SAMTOOLS_STATS,26.38,ryzen5_laptop,chipseq,amd_ryzen_5,0,7733248,26.38
96,-,18703,NFCORE_CHIPSEQ:CHIPSEQ:FILTER_BAM_BAMTOOLS:BAM_FILTER,SPT5_T15_REP2,NFCORE_CHIPSEQ:CHIPSEQ:FILTER_BAM_BAMTOOLS:BAM_FILTER (SPT5_T15_REP2),COMPLETED,0,-,quay.io/biocontainers/mulled-v2-0560a8046fc82aa4338588eca29ff18edab2c5aa:5687a7da26983502d0a8a9a6b05ed727c740ddc4-0,2,21600000,-,6442450944,1,1788309348608,1788309348704,1788309350683,2075,1000,-,133.5,0.1,12046336,21225472,12046336,21356544,15784810,12389427,2560,1322,0,6119424,389,3,/home/ahmed/chipseq_run/work/a0/8e053214ce6bcb712d429c5ce76617,-,-,AMD Ryzen 5 7535U with Radeon Graphics,5748.704,5750.683,BAM_FILTER,49.769999999999996,ryzen5_laptop,chipseq,amd_ryzen_5,1000,12046336,49.769999999999996
95,-,18752,NFCORE_CHIPSEQ:CHIPSEQ:MARK_DUPLICATES_PICARD:BAM_STATS_SAMTOOLS:SAMTOOLS_IDXSTATS,SPT5_T15_REP2,NFCORE_CHIPSEQ:CHIPSEQ:MARK_DUPLICATES_PICARD:BAM_STATS_SAMTOOLS:SAMTOOLS_IDXSTATS (SPT5_T15_REP2),COMPLETED,0,-,quay.io/biocontainers/samtools:1.15.1--h1170115_0,2,14400000,-,6442450944,1,1788309350688,1788309350783,1788309351559,871,0,-,76.6,0.0,3276800,5640192,3276800,5644288,136162,5283,225,19,0,12288,2,0,/home/ahmed/chipseq_run/work/fd/c8ab8566be37f55e91732faeab36d5,-,-,AMD Ryzen 5 7535U with Radeon Graphics,5750.783,5751.559,SAMTOOLS_IDXSTATS,25.3,ryzen5_laptop,chipseq,amd_ryzen_5,0,3276800,25.3
93,-,18795,NFCORE_CHIPSEQ:CHIPSEQ:MARK_DUPLICATES_PICARD:BAM_STATS_SAMTOOLS:SAMTOOLS_FLAGSTAT,SPT5_T15_REP2,NFCORE_CHIPSEQ:CHIPSEQ:MARK_DUPLICATES_PICARD:BAM_STATS_SAMTOOLS:SAMTOOLS_FLAGSTAT (SPT5_T15_REP2),COMPLETED,0,-,quay.io/biocontainers/samtools:1.15.1--h1170115_0,2,14400000,-,6442450944,1,1788309351564,1788309351659,1788309352483,919,0,-,129.1,0.0,6684672,164200448,6684672,231448576,9486709,5462,1641,19,0,12288,456,0,/home/ahmed/chipseq_run/work/1a/aae580ca3808cd8920301e699ef6d3,-,-,AMD Ryzen 5 7535U with Radeon Graphics,5751.659,5752.483,SAMTOOLS_FLAGSTAT,26.7,ryzen5_laptop,chipseq,amd_ryzen_5,0,6684672,26.7
97,-,18836,NFCORE_CHIPSEQ:CHIPSEQ:FILTER_BAM_BAMTOOLS:BAM_REMOVE_ORPHANS,SPT5_T0_REP1,NFCORE_CHIPSEQ:CHIPSEQ:FILTER_BAM_BAMTOOLS:BAM_REMOVE_ORPHANS (SPT5_T0_REP1),COMPLETED,0,-,quay.io/biocontainers/mulled-v2-57736af1eb98c01010848572c9fec9fff6ffaafd:402e865b8f6af2f3e58c6fc8d57127ff0144b2c7-0,2,21600000,-,6442450944,1,1788309352487,1788309352583,1788309355006,2519,1000,-,118.3,0.2,22122496,34717696,22122496,34721792,11988905,11615081,1860,736,22200320,11628544,235,3,/home/ahmed/chipseq_run/work/3f/e89cedcee21adfd6fcdb96f96fb492,-,-,AMD Ryzen 5 7535U with Radeon Graphics,5752.583,5755.006,BAM_REMOVE_ORPHANS,54.66,ryzen5_laptop,chipseq,amd_ryzen_5,1000,22122496,54.66
98,-,18877,NFCORE_CHIPSEQ:CHIPSEQ:FILTER_BAM_BAMTOOLS:BAM_REMOVE_ORPHANS,SPT5_T15_REP1,NFCORE_CHIPSEQ:CHIPSEQ:FILTER_BAM_BAMTOOLS:BAM_REMOVE_ORPHANS (SPT5_T15_REP1),COMPLETED,0,-,quay.io/biocontainers/mulled-v2-57736af1eb98c01010848572c9fec9fff6ffaafd:402e865b8f6af2f3e58c6fc8d57127ff0144b2c7-0,2,21600000,-,6442450944,1,1788309355011,1788309355106,1788309356756,1745,1000,-,136.1,0.3,27918336,1854529536,27918336,1919283200,14273094,14195673,2156,884,0,14204928,8,1,/home/ahmed/chipseq_run/work/87/03dd9017f75db1f43fae962f7ff822,-,-,AMD Ryzen 5 7535U with Radeon Graphics,5755.106,5756.756,BAM_REMOVE_ORPHANS,54.06999999999999,ryzen5_laptop,chipseq,amd_ryzen_5,1000,27918336,54.06999999999999
99,-,18918,NFCORE_CHIPSEQ:CHIPSEQ:FILTER_BAM_BAMTOOLS:BAM_REMOVE_ORPHANS,SPT5_INPUT_REP2,NFCORE_CHIPSEQ:CHIPSEQ:FILTER_BAM_BAMTOOLS:BAM_REMOVE_ORPHANS (SPT5_INPUT_REP2),COMPLETED,0,-,quay.io/biocontainers/mulled-v2-57736af1eb98c01010848572c9fec9fff6ffaafd:402e865b8f6af2f3e58c6fc8d57127ff0144b2c7-0,2,21600000,-,6442450944,1,1788309356761,1788309356857,1788309358872,2111,1000,-,148.7,0.3,27262976,1852956672,27262976,1852960768,20571718,20211103,3180,1401,0,20226048,8,3,/home/ahmed/chipseq_run/work/a2/e6f83d58c81bbfba29f63d431e8e2c,-,-,AMD Ryzen 5 7535U with Radeon Graphics,5756.857,5758.872,BAM_REMOVE_ORPHANS,49.11,ryzen5_laptop,chipseq,amd_ryzen_5,1000,27262976,49.11
100,-,18959,NFCORE_CHIPSEQ:CHIPSEQ:FILTER_BAM_BAMTOOLS:BAM_REMOVE_ORPHANS,SPT5_T0_REP2,NFCORE_CHIPSEQ:CHIPSEQ:FILTER_BAM_BAMTOOLS:BAM_REMOVE_ORPHANS (SPT5_T0_REP2),COMPLETED,0,-,quay.io/biocontainers/mulled-v2-57736af1eb98c01010848572c9fec9fff6ffaafd:402e865b8f6af2f3e58c6fc8d57127ff0144b2c7-0,2,21600000,-,6442450944,1,1788309358878,1788309358972,1788309360358,1480,1000,-,135.6,0.3,27918336,1854529536,27918336,1919283200,10562579,10110997,1640,626,0,10121216,7,2,/home/ahmed/chipseq_run/work/96/34aa93218725bc5934b66b4e7c6ab4,-,-,AMD Ryzen 5 7535U with Radeon Graphics,5758.972,5760.358,BAM_REMOVE_ORPHANS,49.17,ryzen5_laptop,chipseq,amd_ryzen_5,1000,27918336,49.17
101,-,19000,NFCORE_CHIPSEQ:CHIPSEQ:FILTER_BAM_BAMTOOLS:BAM_REMOVE_ORPHANS,SPT5_INPUT_REP1,NFCORE_CHIPSEQ:CHIPSEQ:FILTER_BAM_BAMTOOLS:BAM_REMOVE_ORPHANS (SPT5_INPUT_REP1),COMPLETED,0,-,quay.io/biocontainers/mulled-v2-57736af1eb98c01010848572c9fec9fff6ffaafd:402e865b8f6af2f3e58c6fc8d57127ff0144b2c7-0,2,21600000,-,6442450944,1,1788309360362,1788309360458,1788309362688,2326,2000,-,147.0,0.3,28049408,1852956672,28049408,1919283200,19988845,19610354,3092,1357,0,19628032,4,3,/home/ahmed/chipseq_run/work/e9/886101ee56719bcf2843c0ef0d1e01,-,-,AMD Ryzen 5 7535U with Radeon Graphics,5760.458,5762.688,BAM_REMOVE_ORPHANS,53.480000000000004,ryzen5_laptop,chipseq,amd_ryzen_5,2000,28049408,53.480000000000004
102,-,19042,NFCORE_CHIPSEQ:CHIPSEQ:FILTER_BAM_BAMTOOLS:BAM_REMOVE_ORPHANS,SPT5_T15_REP2,NFCORE_CHIPSEQ:CHIPSEQ:FILTER_BAM_BAMTOOLS:BAM_REMOVE_ORPHANS (SPT5_T15_REP2),COMPLETED,0,-,quay.io/biocontainers/mulled-v2-57736af1eb98c01010848572c9fec9fff6ffaafd:402e865b8f6af2f3e58c6fc8d57127ff0144b2c7-0,2,21600000,-,6442450944,1,1788309362693,1788309362788,1788309364366,1673,1000,-,135.7,0.3,27787264,1854529536,27787264,1919283200,14266967,14063358,2161,887,0,14073856,4,1,/home/ahmed/chipseq_run/work/25/98e6db80313421dc7142fdfb532908,-,-,AMD Ryzen 5 7535U with Radeon Graphics,5762.788,5764.366,BAM_REMOVE_ORPHANS,47.66,ryzen5_laptop,chipseq,amd_ryzen_5,1000,27787264,47.66
103,-,19084,NFCORE_CHIPSEQ:CHIPSEQ:FILTER_BAM_BAMTOOLS:BAM_SORT_SAMTOOLS:SAMTOOLS_SORT,SPT5_T0_REP1,NFCORE_CHIPSEQ:CHIPSEQ:FILTER_BAM_BAMTOOLS:BAM_SORT_SAMTOOLS:SAMTOOLS_SORT (SPT5_T0_REP1),COMPLETED,0,-,quay.io/biocontainers/samtools:1.15.1--h1170115_0,2,21600000,-,6442450944,1,1788309364370,1788309364466,1788309365383,1013,1000,-,177.6,0.3,26214400,1852956672,26214400,1852960768,5872039,5038104,928,374,0,5042176,7,1,/home/ahmed/chipseq_run/work/1f/95225e5925367f0cb7173a6507454e,-,-,AMD Ryzen 5 7535U with Radeon Graphics,5764.466,5765.383,SAMTOOLS_SORT,25.72,ryzen5_laptop,chipseq,amd_ryzen_5,1000,26214400,25.72
104,-,19125,NFCORE_CHIPSEQ:CHIPSEQ:FILTER_BAM_BAMTOOLS:BAM_SORT_SAMTOOLS:SAMTOOLS_SORT,SPT5_T15_REP1,NFCORE_CHIPSEQ:CHIPSEQ:FILTER_BAM_BAMTOOLS:BAM_SORT_SAMTOOLS:SAMTOOLS_SORT (SPT5_T15_REP1),COMPLETED,0,-,quay.io/biocontainers/samtools:1.15.1--h1170115_0,2,21600000,-,6442450944,1,1788309365387,1788309365483,1788309366503,1116,1000,-,181.3,0.3,29360128,1854529536,29360128,1854533632,7164772,6058205,1076,448,0,6062080,4,1,/home/ahmed/chipseq_run/work/b8/c29cbdf60560adda6d35b5ad1706fc,-,-,AMD Ryzen 5 7535U with Radeon Graphics,5765.483,5766.503,SAMTOOLS_SORT,26.02,ryzen5_laptop,chipseq,amd_ryzen_5,1000,29360128,26.02
105,-,19167,NFCORE_CHIPSEQ:CHIPSEQ:FILTER_BAM_BAMTOOLS:BAM_SORT_SAMTOOLS:SAMTOOLS_SORT,SPT5_INPUT_REP2,NFCORE_CHIPSEQ:CHIPSEQ:FILTER_BAM_BAMTOOLS:BAM_SORT_SAMTOOLS:SAMTOOLS_SORT (SPT5_INPUT_REP2),COMPLETED,0,-,quay.io/biocontainers/samtools:1.15.1--h1170115_0,2,21600000,-,6442450944,1,1788309366508,1788309366603,1788309367630,1122,1000,-,186.6,0.3,25952256,1852956672,25952256,1852960768,10208231,9516972,1596,708,0,9527296,7,1,/home/ahmed/chipseq_run/work/73/e44b977b25d8e3767f1a9183046f6f,-,-,AMD Ryzen 5 7535U with Radeon Graphics,5766.603,5767.63,SAMTOOLS_SORT,27.36,ryzen5_laptop,chipseq,amd_ryzen_5,1000,25952256,27.36
106,-,19209,NFCORE_CHIPSEQ:CHIPSEQ:FILTER_BAM_BAMTOOLS:BAM_SORT_SAMTOOLS:SAMTOOLS_SORT,SPT5_T0_REP2,NFCORE_CHIPSEQ:CHIPSEQ:FILTER_BAM_BAMTOOLS:BAM_SORT_SAMTOOLS:SAMTOOLS_SORT (SPT5_T0_REP2),COMPLETED,0,-,quay.io/biocontainers/samtools:1.15.1--h1170115_0,2,21600000,-,6442450944,1,1788309367636,1788309367731,1788309368626,990,0,-,170.2,0.3,29097984,1854529536,29097984,1854533632,5116859,4349384,817,318,0,4354048,4,1,/home/ahmed/chipseq_run/work/79/81cb6e8fa31bc0113df715ba6fe3d2,-,-,AMD Ryzen 5 7535U with Radeon Graphics,5767.731,5768.626,SAMTOOLS_SORT,26.35,ryzen5_laptop,chipseq,amd_ryzen_5,0,29097984,26.35
107,-,19252,NFCORE_CHIPSEQ:CHIPSEQ:FILTER_BAM_BAMTOOLS:BAM_SORT_SAMTOOLS:SAMTOOLS_SORT,SPT5_INPUT_REP1,NFCORE_CHIPSEQ:CHIPSEQ:FILTER_BAM_BAMTOOLS:BAM_SORT_SAMTOOLS:SAMTOOLS_SORT (SPT5_INPUT_REP1),COMPLETED,0,-,quay.io/biocontainers/samtools:1.15.1--h1170115_0,2,21600000,-,6442450944,1,1788309368630,1788309368727,1788309369843,1213,0,-,183.2,0.3,28311552,1852956672,28311552,1852960768,9906346,9227131,1552,686,0,9236480,4,2,/home/ahmed/chipseq_run/work/43/0a0e61eae479909274431494b874c7,-,-,AMD Ryzen 5 7535U with Radeon Graphics,5768.727,5769.843,SAMTOOLS_SORT,25.5,ryzen5_laptop,chipseq,amd_ryzen_5,0,28311552,25.5
108,-,19295,NFCORE_CHIPSEQ:CHIPSEQ:FILTER_BAM_BAMTOOLS:BAM_SORT_SAMTOOLS:SAMTOOLS_SORT,SPT5_T15_REP2,NFCORE_CHIPSEQ:CHIPSEQ:FILTER_BAM_BAMTOOLS:BAM_SORT_SAMTOOLS:SAMTOOLS_SORT (SPT5_T15_REP2),COMPLETED,0,-,quay.io/biocontainers/samtools:1.15.1--h1170115_0,2,21600000,-,6442450944,1,1788309369848,1788309369943,1788309370954,1106,0,-,180.7,0.4,30015488,1854529536,30015488,1854533632,7090215,6084982,1078,449,0,6090752,5,2,/home/ahmed/chipseq_run/work/9c/392ffb46ae6ee1a87ddfa57a50eb47,-,-,AMD Ryzen 5 7535U with Radeon Graphics,5769.943,5770.954,SAMTOOLS_SORT,23.26,ryzen5_laptop,chipseq,amd_ryzen_5,0,30015488,23.26
109,-,19337,NFCORE_CHIPSEQ:CHIPSEQ:PHANTOMPEAKQUALTOOLS,SPT5_T0_REP1,NFCORE_CHIPSEQ:CHIPSEQ:PHANTOMPEAKQUALTOOLS (SPT5_T0_REP1),COMPLETED,0,-,quay.io/biocontainers/phantompeakqualtools:1.2.2--0,2,21600000,-,6442450944,1,1788309370960,1788309371053,1788309376140,5180,3000,-,64.6,1.4,108670976,608030720,108670976,608034816,49436300,35606900,9646,8880,28790784,7753728,382,6,/home/ahmed/chipseq_run/work/63/3d79132461cd09238d18e20858070c,-,-,AMD Ryzen 5 7535U with Radeon Graphics,5771.053,5776.14,PHANTOMPEAKQUALTOOLS,117.28,ryzen5_laptop,chipseq,amd_ryzen_5,3000,108670976,117.28
110,-,19379,NFCORE_CHIPSEQ:CHIPSEQ:FILTER_BAM_BAMTOOLS:BAM_SORT_SAMTOOLS:SAMTOOLS_INDEX,SPT5_T0_REP1,NFCORE_CHIPSEQ:CHIPSEQ:FILTER_BAM_BAMTOOLS:BAM_SORT_SAMTOOLS:SAMTOOLS_INDEX (SPT5_T0_REP1),COMPLETED,0,-,quay.io/biocontainers/samtools:1.15.1--h1170115_0,2,14400000,-,6442450944,1,1788309376145,1788309376240,1788309377131,986,0,-,79.5,0.0,7077888,164200448,7077888,231448576,5140096,15164,928,21,0,20480,435,0,/home/ahmed/chipseq_run/work/2b/33abcecf865da9d99641409c5b9d8c,-,-,AMD Ryzen 5 7535U with Radeon Graphics,5776.24,5777.131,SAMTOOLS_INDEX,17.06,ryzen5_laptop,chipseq,amd_ryzen_5,0,7077888,17.06
111,-,19420,NFCORE_CHIPSEQ:CHIPSEQ:PICARD_COLLECTMULTIPLEMETRICS,SPT5_T0_REP1,NFCORE_CHIPSEQ:CHIPSEQ:PICARD_COLLECTMULTIPLEMETRICS (SPT5_T0_REP1),COMPLETED,0,-,quay.io/biocontainers/picard:2.27.4--hdfd78af_0,2,21600000,-,6442450944,1,1788309377136,1788309377231,1788309385344,8208,6000,-,349.8,4.4,344190976,11663355904,344190976,11669573632,83713456,849079,14702,619,516096,958464,19,24,/home/ahmed/chipseq_run/work/34/1cb4431a39d25d308f29f578f3ac23,-,-,AMD Ryzen 5 7535U with Radeon Graphics,5777.231,5785.344,PICARD_COLLECTMULTIPLEMETRICS,219.83,ryzen5_laptop,chipseq,amd_ryzen_5,6000,344190976,219.83
114,-,19464,NFCORE_CHIPSEQ:CHIPSEQ:FILTER_BAM_BAMTOOLS:BAM_SORT_SAMTOOLS:SAMTOOLS_INDEX,SPT5_T15_REP1,NFCORE_CHIPSEQ:CHIPSEQ:FILTER_BAM_BAMTOOLS:BAM_SORT_SAMTOOLS:SAMTOOLS_INDEX (SPT5_T15_REP1),COMPLETED,0,-,quay.io/biocontainers/samtools:1.15.1--h1170115_0,2,14400000,-,6442450944,1,1788309385348,1788309385444,1788309386359,1011,0,-,91.0,0.0,6946816,164200448,6946816,231448576,6160195,15724,1076,21,0,20480,410,1,/home/ahmed/chipseq_run/work/07/22f0d66e5de94a4862b94f862792f2,-,-,AMD Ryzen 5 7535U with Radeon Graphics,5785.444,5786.359,SAMTOOLS_INDEX,,ryzen5_laptop,chipseq,amd_ryzen_5,0,6946816,
112,-,19505,NFCORE_CHIPSEQ:CHIPSEQ:PHANTOMPEAKQUALTOOLS,SPT5_T15_REP1,NFCORE_CHIPSEQ:CHIPSEQ:PHANTOMPEAKQUALTOOLS (SPT5_T15_REP1),COMPLETED,0,-,quay.io/biocontainers/phantompeakqualtools:1.2.2--0,2,21600000,-,6442450944,1,1788309386363,1788309386459,1788309391455,5092,4000,-,65.6,1.5,114708480,613924864,114708480,613928960,57935106,43085694,11495,10706,0,9273344,41,10,/home/ahmed/chipseq_run/work/7a/d006a1047aa928939e82bca4fef93c,-,-,AMD Ryzen 5 7535U with Radeon Graphics,5786.459,5791.455,PHANTOMPEAKQUALTOOLS,106.96000000000001,ryzen5_laptop,chipseq,amd_ryzen_5,4000,114708480,106.96000000000001
113,-,19547,NFCORE_CHIPSEQ:CHIPSEQ:PICARD_COLLECTMULTIPLEMETRICS,SPT5_T15_REP1,NFCORE_CHIPSEQ:CHIPSEQ:PICARD_COLLECTMULTIPLEMETRICS (SPT5_T15_REP1),COMPLETED,0,-,quay.io/biocontainers/picard:2.27.4--hdfd78af_0,2,21600000,-,6442450944,1,1788309391460,1788309391555,1788309398959,7499,5000,-,325.1,3.2,252784640,9973391360,252784640,9977364480,84732083,852687,14850,619,0,958464,17,0,/home/ahmed/chipseq_run/work/70/4c9bf5d974ee0c494c34c977f4ddb0,-,-,AMD Ryzen 5 7535U with Radeon Graphics,5791.555,5798.959,PICARD_COLLECTMULTIPLEMETRICS,192.95,ryzen5_laptop,chipseq,amd_ryzen_5,5000,252784640,192.95
116,-,19592,NFCORE_CHIPSEQ:CHIPSEQ:FILTER_BAM_BAMTOOLS:BAM_SORT_SAMTOOLS:SAMTOOLS_INDEX,SPT5_INPUT_REP2,NFCORE_CHIPSEQ:CHIPSEQ:FILTER_BAM_BAMTOOLS:BAM_SORT_SAMTOOLS:SAMTOOLS_INDEX (SPT5_INPUT_REP2),COMPLETED,0,-,quay.io/biocontainers/samtools:1.15.1--h1170115_0,2,14400000,-,6442450944,1,1788309398964,1788309399059,1788309399879,915,0,-,114.3,0.0,6684672,164200448,6684672,231448576,9618966,15541,1596,21,0,20480,461,0,/home/ahmed/chipseq_run/work/ae/e8019cc45537a57d6a650eae35bb9f,-,-,AMD Ryzen 5 7535U with Radeon Graphics,5799.059,5799.879,SAMTOOLS_INDEX,25.99,ryzen5_laptop,chipseq,amd_ryzen_5,0,6684672,25.99
115,-,19633,NFCORE_CHIPSEQ:CHIPSEQ:PHANTOMPEAKQUALTOOLS,SPT5_INPUT_REP2,NFCORE_CHIPSEQ:CHIPSEQ:PHANTOMPEAKQUALTOOLS (SPT5_INPUT_REP2),COMPLETED,0,-,quay.io/biocontainers/phantompeakqualtools:1.2.2--0,2,21600000,-,6442450944,1,1788309399885,1788309399979,1788309405857,5972,4000,-,58.3,1.5,118943744,617590784,118943744,617594880,83761661,65449361,17054,16166,0,14069760,51,20,/home/ahmed/chipseq_run/work/be/679e2658c719d3b4d05c50200faea6,-,-,AMD Ryzen 5 7535U with Radeon Graphics,5799.979,5805.857,PHANTOMPEAKQUALTOOLS,132.69,ryzen5_laptop,chipseq,amd_ryzen_5,4000,118943744,132.69
117,-,19675,NFCORE_CHIPSEQ:CHIPSEQ:PICARD_COLLECTMULTIPLEMETRICS,SPT5_INPUT_REP2,NFCORE_CHIPSEQ:CHIPSEQ:PICARD_COLLECTMULTIPLEMETRICS (SPT5_INPUT_REP2),COMPLETED,0,-,quay.io/biocontainers/picard:2.27.4--hdfd78af_0,2,21600000,-,6442450944,1,1788309405863,1788309405957,1788309413523,7660,5000,-,315.4,4.4,338767872,11628818432,338767872,11674693632,88144412,811841,15364,609,0,913408,21,12,/home/ahmed/chipseq_run/work/bb/36c617244f66067acf59acf95f71f3,-,-,AMD Ryzen 5 7535U with Radeon Graphics,5805.957,5813.523,PICARD_COLLECTMULTIPLEMETRICS,215.33,ryzen5_laptop,chipseq,amd_ryzen_5,5000,338767872,215.33
119,-,19720,NFCORE_CHIPSEQ:CHIPSEQ:FILTER_BAM_BAMTOOLS:BAM_SORT_SAMTOOLS:SAMTOOLS_INDEX,SPT5_T0_REP2,NFCORE_CHIPSEQ:CHIPSEQ:FILTER_BAM_BAMTOOLS:BAM_SORT_SAMTOOLS:SAMTOOLS_INDEX (SPT5_T0_REP2),COMPLETED,0,-,quay.io/biocontainers/samtools:1.15.1--h1170115_0,2,14400000,-,6442450944,1,1788309413529,1788309413623,1788309414371,842,1000,-,100.0,0.0,6946816,164200448,6946816,231448576,4451376,16644,816,21,0,20480,428,0,/home/ahmed/chipseq_run/work/0d/ce452ae06df1e08a27083f3b56e6cb,-,-,AMD Ryzen 5 7535U with Radeon Graphics,5813.623,5814.371,SAMTOOLS_INDEX,,ryzen5_laptop,chipseq,amd_ryzen_5,1000,6946816,
120,-,19761,NFCORE_CHIPSEQ:CHIPSEQ:PHANTOMPEAKQUALTOOLS,SPT5_T0_REP2,NFCORE_CHIPSEQ:CHIPSEQ:PHANTOMPEAKQUALTOOLS (SPT5_T0_REP2),COMPLETED,0,-,quay.io/biocontainers/phantompeakqualtools:1.2.2--0,2,21600000,-,6442450944,1,1788309414377,1788309414471,1788309418831,4454,3000,-,70.8,1.3,102346752,601374720,102346752,601378816,43244043,30103435,8275,7537,0,6623232,45,10,/home/ahmed/chipseq_run/work/17/b0247f0f768036b84c9dcdc5f5b5f7,-,-,AMD Ryzen 5 7535U with Radeon Graphics,5814.471,5818.831,PHANTOMPEAKQUALTOOLS,110.91,ryzen5_laptop,chipseq,amd_ryzen_5,3000,102346752,110.91
118,-,19802,NFCORE_CHIPSEQ:CHIPSEQ:PICARD_COLLECTMULTIPLEMETRICS,SPT5_T0_REP2,NFCORE_CHIPSEQ:CHIPSEQ:PICARD_COLLECTMULTIPLEMETRICS (SPT5_T0_REP2),COMPLETED,0,-,quay.io/biocontainers/picard:2.27.4--hdfd78af_0,2,21600000,-,6442450944,1,1788309418836,1788309418932,1788309426225,7389,4000,-,320.1,3.7,293085184,11607937024,298184704,11674812416,83033956,856832,14593,620,0,962560,21,3,/home/ahmed/chipseq_run/work/38/e0faae09343fe5ea6e981cae9b6964,-,-,AMD Ryzen 5 7535U with Radeon Graphics,5818.932,5826.225,PICARD_COLLECTMULTIPLEMETRICS,188.01,ryzen5_laptop,chipseq,amd_ryzen_5,4000,298184704,188.01
122,-,19846,NFCORE_CHIPSEQ:CHIPSEQ:PHANTOMPEAKQUALTOOLS,SPT5_INPUT_REP1,NFCORE_CHIPSEQ:CHIPSEQ:PHANTOMPEAKQUALTOOLS (SPT5_INPUT_REP1),COMPLETED,0,-,quay.io/biocontainers/phantompeakqualtools:1.2.2--0,2,21600000,-,6442450944,1,1788309426230,1788309426325,1788309432033,5803,4000,-,59.0,1.5,117723136,616464384,117723136,616468480,81375650,63353156,16534,15655,0,13631488,52,18,/home/ahmed/chipseq_run/work/77/78f8d40d099ea355edf65886ee2d27,-,-,AMD Ryzen 5 7535U with Radeon Graphics,5826.325,5832.033,PHANTOMPEAKQUALTOOLS,134.53,ryzen5_laptop,chipseq,amd_ryzen_5,4000,117723136,134.53
121,-,19887,NFCORE_CHIPSEQ:CHIPSEQ:FILTER_BAM_BAMTOOLS:BAM_SORT_SAMTOOLS:SAMTOOLS_INDEX,SPT5_INPUT_REP1,NFCORE_CHIPSEQ:CHIPSEQ:FILTER_BAM_BAMTOOLS:BAM_SORT_SAMTOOLS:SAMTOOLS_INDEX (SPT5_INPUT_REP1),COMPLETED,0,-,quay.io/biocontainers/samtools:1.15.1--h1170115_0,2,14400000,-,6442450944,1,1788309432037,1788309432134,1788309432936,899,0,-,97.7,0.0,6946816,164200448,6946816,231448576,9329118,15372,1552,21,0,20480,430,1,/home/ahmed/chipseq_run/work/a7/b11a1330945bb90d1d50327532453c,-,-,AMD Ryzen 5 7535U with Radeon Graphics,5832.134,5832.936,SAMTOOLS_INDEX,23.45,ryzen5_laptop,chipseq,amd_ryzen_5,0,6946816,23.45
123,-,19929,NFCORE_CHIPSEQ:CHIPSEQ:PICARD_COLLECTMULTIPLEMETRICS,SPT5_INPUT_REP1,NFCORE_CHIPSEQ:CHIPSEQ:PICARD_COLLECTMULTIPLEMETRICS (SPT5_INPUT_REP1),COMPLETED,0,-,quay.io/biocontainers/picard:2.27.4--hdfd78af_0,2,21600000,-,6442450944,1,1788309432939,1788309433037,1788309441160,8221,5000,-,352.2,4.8,377843712,11607289856,383225856,11679055872,87852228,810746,15319,609,0,913408,23,13,/home/ahmed/chipseq_run/work/21/107635bab0985f7c1b0c0d687302fd,-,-,AMD Ryzen 5 7535U with Radeon Graphics,5833.037,5841.16,PICARD_COLLECTMULTIPLEMETRICS,218.34,ryzen5_laptop,chipseq,amd_ryzen_5,5000,383225856,218.34
126,-,19970,NFCORE_CHIPSEQ:CHIPSEQ:FILTER_BAM_BAMTOOLS:BAM_SORT_SAMTOOLS:SAMTOOLS_INDEX,SPT5_T15_REP2,NFCORE_CHIPSEQ:CHIPSEQ:FILTER_BAM_BAMTOOLS:BAM_SORT_SAMTOOLS:SAMTOOLS_INDEX (SPT5_T15_REP2),COMPLETED,0,-,quay.io/biocontainers/samtools:1.15.1--h1170115_0,2,14400000,-,6442450944,1,1788309441164,1788309441260,1788309442032,868,0,-,107.5,0.0,6684672,164200448,6684672,231448576,6186973,15709,1078,21,0,20480,479,0,/home/ahmed/chipseq_run/work/f2/bf876a53f821d4fed9a0a7340117d2,-,-,AMD Ryzen 5 7535U with Radeon Graphics,5841.26,5842.032,SAMTOOLS_INDEX,24.53,ryzen5_laptop,chipseq,amd_ryzen_5,0,6684672,24.53
125,-,20011,NFCORE_CHIPSEQ:CHIPSEQ:PHANTOMPEAKQUALTOOLS,SPT5_T15_REP2,NFCORE_CHIPSEQ:CHIPSEQ:PHANTOMPEAKQUALTOOLS (SPT5_T15_REP2),COMPLETED,0,-,quay.io/biocontainers/phantompeakqualtools:1.2.2--0,2,21600000,-,6442450944,1,1788309442036,1788309442132,1788309447043,5007,3000,-,69.5,1.5,115798016,614510592,115798016,614514688,58032939,43156749,11512,10724,0,9363456,41,26,/home/ahmed/chipseq_run/work/64/f84a48fc2a3c6b491fa21e970177c8,-,-,AMD Ryzen 5 7535U with Radeon Graphics,5842.132,5847.043,PHANTOMPEAKQUALTOOLS,112.22,ryzen5_laptop,chipseq,amd_ryzen_5,3000,115798016,112.22
124,-,20055,NFCORE_CHIPSEQ:CHIPSEQ:PICARD_COLLECTMULTIPLEMETRICS,SPT5_T15_REP2,NFCORE_CHIPSEQ:CHIPSEQ:PICARD_COLLECTMULTIPLEMETRICS (SPT5_T15_REP2),COMPLETED,0,-,quay.io/biocontainers/picard:2.27.4--hdfd78af_0,2,21600000,-,6442450944,1,1788309447048,1788309447143,1788309454686,7638,5000,-,319.6,3.7,289505280,11656421376,289505280,11660394496,84766936,853110,14853,619,0,958464,17,56,/home/ahmed/chipseq_run/work/30/5e7305959e635dd0aee81b2f19767d,-,-,AMD Ryzen 5 7535U with Radeon Graphics,5847.143,5854.686,PICARD_COLLECTMULTIPLEMETRICS,217.97,ryzen5_laptop,chipseq,amd_ryzen_5,5000,289505280,217.97
127,-,20100,NFCORE_CHIPSEQ:CHIPSEQ:MULTIQC_CUSTOM_PHANTOMPEAKQUALTOOLS,SPT5_T0_REP1,NFCORE_CHIPSEQ:CHIPSEQ:MULTIQC_CUSTOM_PHANTOMPEAKQUALTOOLS (SPT5_T0_REP1),COMPLETED,0,-,quay.io/biocontainers/r-base:3.5.1,1,14400000,-,6442450944,1,1788309454690,1788309454783,1788309456860,2170,0,-,312.0,0.0,2883584,11575296,2883584,11579392,5797300,12515,575,36,22257664,32768,1,0,/home/ahmed/chipseq_run/work/c3/fa000c218da408bc5e8f1c4d427191,-,-,AMD Ryzen 5 7535U with Radeon Graphics,5854.783,5856.86,MULTIQC_CUSTOM_PHANTOMPEAKQUALTOOLS,38.91,ryzen5_laptop,chipseq,amd_ryzen_5,0,2883584,38.91
129,-,20149,NFCORE_CHIPSEQ:CHIPSEQ:FILTER_BAM_BAMTOOLS:BAM_SORT_SAMTOOLS:BAM_STATS_SAMTOOLS:SAMTOOLS_STATS,SPT5_T0_REP1,NFCORE_CHIPSEQ:CHIPSEQ:FILTER_BAM_BAMTOOLS:BAM_SORT_SAMTOOLS:BAM_STATS_SAMTOOLS:SAMTOOLS_STATS (SPT5_T0_REP1),COMPLETED,0,-,quay.io/biocontainers/samtools:1.15.1--h1170115_0,2,14400000,-,6442450944,1,1788309456866,1788309456960,1788309457811,945,0,-,130.7,0.1,7471104,165740544,7471104,232988672,5141591,61896,928,32,0,65536,4,1,/home/ahmed/chipseq_run/work/de/d0dd6123140b2fbd64acf81ef160e9,-,-,AMD Ryzen 5 7535U with Radeon Graphics,5856.96,5857.811,SAMTOOLS_STATS,24.56,ryzen5_laptop,chipseq,amd_ryzen_5,0,7471104,24.56
128,-,20192,NFCORE_CHIPSEQ:CHIPSEQ:FILTER_BAM_BAMTOOLS:BAM_SORT_SAMTOOLS:BAM_STATS_SAMTOOLS:SAMTOOLS_FLAGSTAT,SPT5_T0_REP1,NFCORE_CHIPSEQ:CHIPSEQ:FILTER_BAM_BAMTOOLS:BAM_SORT_SAMTOOLS:BAM_STATS_SAMTOOLS:SAMTOOLS_FLAGSTAT (SPT5_T0_REP1),COMPLETED,0,-,quay.io/biocontainers/samtools:1.15.1--h1170115_0,2,14400000,-,6442450944,1,1788309457816,1788309457911,1788309458654,838,0,-,106.9,0.1,7208960,164200448,7208960,231448576,5140215,5484,928,19,0,12288,425,0,/home/ahmed/chipseq_run/work/46/ba5e4cf03b540a76757ce13a65993e,-,-,AMD Ryzen 5 7535U with Radeon Graphics,5857.911,5858.654,SAMTOOLS_FLAGSTAT,,ryzen5_laptop,chipseq,amd_ryzen_5,0,7208960,
130,-,20237,NFCORE_CHIPSEQ:CHIPSEQ:FILTER_BAM_BAMTOOLS:BAM_SORT_SAMTOOLS:BAM_STATS_SAMTOOLS:SAMTOOLS_IDXSTATS,SPT5_T0_REP1,NFCORE_CHIPSEQ:CHIPSEQ:FILTER_BAM_BAMTOOLS:BAM_SORT_SAMTOOLS:BAM_STATS_SAMTOOLS:SAMTOOLS_IDXSTATS (SPT5_T0_REP1),COMPLETED,0,-,quay.io/biocontainers/samtools:1.15.1--h1170115_0,2,14400000,-,6442450944,1,1788309458659,1788309458754,1788309459424,765,0,-,78.3,0.0,3276800,5640192,3276800,5644288,122796,5291,224,19,0,12288,2,0,/home/ahmed/chipseq_run/work/a9/d1c08ea8d6e9f9ae5c68b2f76152db,-,-,AMD Ryzen 5 7535U with Radeon Graphics,5858.754,5859.424,SAMTOOLS_IDXSTATS,,ryzen5_laptop,chipseq,amd_ryzen_5,0,3276800,
132,-,20281,NFCORE_CHIPSEQ:CHIPSEQ:FILTER_BAM_BAMTOOLS:BAM_SORT_SAMTOOLS:BAM_STATS_SAMTOOLS:SAMTOOLS_IDXSTATS,SPT5_T15_REP1,NFCORE_CHIPSEQ:CHIPSEQ:FILTER_BAM_BAMTOOLS:BAM_SORT_SAMTOOLS:BAM_STATS_SAMTOOLS:SAMTOOLS_IDXSTATS (SPT5_T15_REP1),COMPLETED,0,-,quay.io/biocontainers/samtools:1.15.1--h1170115_0,2,14400000,-,6442450944,1,1788309459428,1788309459524,1788309460232,804,0,-,83.7,0.0,3145728,5640192,3145728,5644288,123358,5292,224,19,0,12288,2,0,/home/ahmed/chipseq_run/work/c0/72c85168e7db935a8e8a9c5fb7a6d7,-,-,AMD Ryzen 5 7535U with Radeon Graphics,5859.524,5860.232,SAMTOOLS_IDXSTATS,27.56,ryzen5_laptop,chipseq,amd_ryzen_5,0,3145728,27.56
131,-,20322,NFCORE_CHIPSEQ:CHIPSEQ:FILTER_BAM_BAMTOOLS:BAM_SORT_SAMTOOLS:BAM_STATS_SAMTOOLS:SAMTOOLS_FLAGSTAT,SPT5_T15_REP1,NFCORE_CHIPSEQ:CHIPSEQ:FILTER_BAM_BAMTOOLS:BAM_SORT_SAMTOOLS:BAM_STATS_SAMTOOLS:SAMTOOLS_FLAGSTAT (SPT5_T15_REP1),COMPLETED,0,-,quay.io/biocontainers/samtools:1.15.1--h1170115_0,2,14400000,-,6442450944,1,1788309460237,1788309460332,1788309461118,881,0,-,121.1,0.0,6946816,164200448,6946816,231448576,6160319,5484,1076,19,0,12288,435,1,/home/ahmed/chipseq_run/work/29/3da3baa184f4706dd611d729feb104,-,-,AMD Ryzen 5 7535U with Radeon Graphics,5860.332,5861.118,SAMTOOLS_FLAGSTAT,24.05,ryzen5_laptop,chipseq,amd_ryzen_5,0,6946816,24.05
133,-,20365,NFCORE_CHIPSEQ:CHIPSEQ:FILTER_BAM_BAMTOOLS:BAM_SORT_SAMTOOLS:BAM_STATS_SAMTOOLS:SAMTOOLS_STATS,SPT5_T15_REP1,NFCORE_CHIPSEQ:CHIPSEQ:FILTER_BAM_BAMTOOLS:BAM_SORT_SAMTOOLS:BAM_STATS_SAMTOOLS:SAMTOOLS_STATS (SPT5_T15_REP1),COMPLETED,0,-,quay.io/biocontainers/samtools:1.15.1--h1170115_0,2,14400000,-,6442450944,1,1788309461123,1788309461218,1788309462089,966,0,-,127.1,0.1,7733248,165740544,7733248,232841216,6161689,62231,1076,32,0,65536,4,1,/home/ahmed/chipseq_run/work/0e/9a6991c6323bb69121c490fceb1fd8,-,-,AMD Ryzen 5 7535U with Radeon Graphics,5861.218,5862.089,SAMTOOLS_STATS,26.41,ryzen5_laptop,chipseq,amd_ryzen_5,0,7733248,26.41
134,-,20408,NFCORE_CHIPSEQ:CHIPSEQ:MULTIQC_CUSTOM_PHANTOMPEAKQUALTOOLS,SPT5_T15_REP1,NFCORE_CHIPSEQ:CHIPSEQ:MULTIQC_CUSTOM_PHANTOMPEAKQUALTOOLS (SPT5_T15_REP1),COMPLETED,0,-,quay.io/biocontainers/r-base:3.5.1,1,14400000,-,6442450944,1,1788309462094,1788309462189,1788309464139,2045,0,-,381.4,0.1,14286848,603131904,14286848,603136000,5797245,12530,575,36,0,32768,10,4,/home/ahmed/chipseq_run/work/2e/5ad153ada1d7aec30c07bd779ed61f,-,-,AMD Ryzen 5 7535U with Radeon Graphics,5862.189,5864.139,MULTIQC_CUSTOM_PHANTOMPEAKQUALTOOLS,38.79,ryzen5_laptop,chipseq,amd_ryzen_5,0,14286848,38.79
135,-,20457,NFCORE_CHIPSEQ:CHIPSEQ:FILTER_BAM_BAMTOOLS:BAM_SORT_SAMTOOLS:BAM_STATS_SAMTOOLS:SAMTOOLS_FLAGSTAT,SPT5_INPUT_REP2,NFCORE_CHIPSEQ:CHIPSEQ:FILTER_BAM_BAMTOOLS:BAM_SORT_SAMTOOLS:BAM_STATS_SAMTOOLS:SAMTOOLS_FLAGSTAT (SPT5_INPUT_REP2),COMPLETED,0,-,quay.io/biocontainers/samtools:1.15.1--h1170115_0,2,14400000,-,6442450944,1,1788309464144,1788309464240,1788309465080,936,0,-,122.3,0.0,6946816,164200448,6946816,231448576,9619082,5484,1596,19,0,12288,433,1,/home/ahmed/chipseq_run/work/72/63d9883e3aafc69b1d27190fe0191a,-,-,AMD Ryzen 5 7535U with Radeon Graphics,5864.24,5865.08,SAMTOOLS_FLAGSTAT,24.03,ryzen5_laptop,chipseq,amd_ryzen_5,0,6946816,24.03
137,-,20500,NFCORE_CHIPSEQ:CHIPSEQ:FILTER_BAM_BAMTOOLS:BAM_SORT_SAMTOOLS:BAM_STATS_SAMTOOLS:SAMTOOLS_IDXSTATS,SPT5_INPUT_REP2,NFCORE_CHIPSEQ:CHIPSEQ:FILTER_BAM_BAMTOOLS:BAM_SORT_SAMTOOLS:BAM_STATS_SAMTOOLS:SAMTOOLS_IDXSTATS (SPT5_INPUT_REP2),COMPLETED,0,-,quay.io/biocontainers/samtools:1.15.1--h1170115_0,2,14400000,-,6442450944,1,1788309465085,1788309465180,1788309465884,799,0,-,58.5,0.0,3276800,5640192,3276800,5644288,123179,5297,224,19,0,12288,2,0,/home/ahmed/chipseq_run/work/d5/1501ed1ab5c35074e6b9e7b1ef3fd8,-,-,AMD Ryzen 5 7535U with Radeon Graphics,5865.18,5865.884,SAMTOOLS_IDXSTATS,26.26,ryzen5_laptop,chipseq,amd_ryzen_5,0,3276800,26.26
136,-,20543,NFCORE_CHIPSEQ:CHIPSEQ:FILTER_BAM_BAMTOOLS:BAM_SORT_SAMTOOLS:BAM_STATS_SAMTOOLS:SAMTOOLS_STATS,SPT5_INPUT_REP2,NFCORE_CHIPSEQ:CHIPSEQ:FILTER_BAM_BAMTOOLS:BAM_SORT_SAMTOOLS:BAM_STATS_SAMTOOLS:SAMTOOLS_STATS (SPT5_INPUT_REP2),COMPLETED,0,-,quay.io/biocontainers/samtools:1.15.1--h1170115_0,2,14400000,-,6442450944,1,1788309465888,1788309465984,1788309466895,1007,0,-,139.0,0.1,7340032,165740544,7340032,232841216,9620466,43545,1596,28,0,49152,3,0,/home/ahmed/chipseq_run/work/f1/db07ef8c10a9aebe758c1da1916003,-,-,AMD Ryzen 5 7535U with Radeon Graphics,5865.984,5866.895,SAMTOOLS_STATS,25.42,ryzen5_laptop,chipseq,amd_ryzen_5,0,7340032,25.42
138,-,20584,NFCORE_CHIPSEQ:CHIPSEQ:MULTIQC_CUSTOM_PHANTOMPEAKQUALTOOLS,SPT5_INPUT_REP2,NFCORE_CHIPSEQ:CHIPSEQ:MULTIQC_CUSTOM_PHANTOMPEAKQUALTOOLS (SPT5_INPUT_REP2),COMPLETED,0,-,quay.io/biocontainers/r-base:3.5.1,1,14400000,-,6442450944,1,1788309466900,1788309466995,1788309468955,2055,0,-,354.3,0.1,14155776,603131904,14155776,603136000,5796986,12561,575,36,0,32768,11,7,/home/ahmed/chipseq_run/work/de/78b9fa81b5859ae6003b720e90ca90,-,-,AMD Ryzen 5 7535U with Radeon Graphics,5866.995,5868.955,MULTIQC_CUSTOM_PHANTOMPEAKQUALTOOLS,35.349999999999994,ryzen5_laptop,chipseq,amd_ryzen_5,0,14155776,35.349999999999994
140,-,20633,NFCORE_CHIPSEQ:CHIPSEQ:FILTER_BAM_BAMTOOLS:BAM_SORT_SAMTOOLS:BAM_STATS_SAMTOOLS:SAMTOOLS_FLAGSTAT,SPT5_T0_REP2,NFCORE_CHIPSEQ:CHIPSEQ:FILTER_BAM_BAMTOOLS:BAM_SORT_SAMTOOLS:BAM_STATS_SAMTOOLS:SAMTOOLS_FLAGSTAT (SPT5_T0_REP2),COMPLETED,0,-,quay.io/biocontainers/samtools:1.15.1--h1170115_0,2,14400000,-,6442450944,1,1788309468959,1788309469056,1788309469767,808,0,-,99.1,0.0,6553600,164200448,6553600,231448576,4451489,5476,816,19,0,12288,432,1,/home/ahmed/chipseq_run/work/95/34bb2275444727b973666aff2297ac,-,-,AMD Ryzen 5 7535U with Radeon Graphics,5869.056,5869.767,SAMTOOLS_FLAGSTAT,23.97,ryzen5_laptop,chipseq,amd_ryzen_5,0,6553600,23.97
141,-,20677,NFCORE_CHIPSEQ:CHIPSEQ:FILTER_BAM_BAMTOOLS:BAM_SORT_SAMTOOLS:BAM_STATS_SAMTOOLS:SAMTOOLS_IDXSTATS,SPT5_T0_REP2,NFCORE_CHIPSEQ:CHIPSEQ:FILTER_BAM_BAMTOOLS:BAM_SORT_SAMTOOLS:BAM_STATS_SAMTOOLS:SAMTOOLS_IDXSTATS (SPT5_T0_REP2),COMPLETED,0,-,quay.io/biocontainers/samtools:1.15.1--h1170115_0,2,14400000,-,6442450944,1,1788309469771,1788309469867,1788309470614,843,0,-,57.1,0.0,3145728,5640192,3145728,5644288,124271,5290,224,19,0,12288,2,0,/home/ahmed/chipseq_run/work/39/2c938700c8b27aa732d9ad73e10d40,-,-,AMD Ryzen 5 7535U with Radeon Graphics,5869.867,5870.614,SAMTOOLS_IDXSTATS,,ryzen5_laptop,chipseq,amd_ryzen_5,0,3145728,
139,-,20721,NFCORE_CHIPSEQ:CHIPSEQ:FILTER_BAM_BAMTOOLS:BAM_SORT_SAMTOOLS:BAM_STATS_SAMTOOLS:SAMTOOLS_STATS,SPT5_T0_REP2,NFCORE_CHIPSEQ:CHIPSEQ:FILTER_BAM_BAMTOOLS:BAM_SORT_SAMTOOLS:BAM_STATS_SAMTOOLS:SAMTOOLS_STATS (SPT5_T0_REP2),COMPLETED,0,-,quay.io/biocontainers/samtools:1.15.1--h1170115_0,2,14400000,-,6442450944,1,1788309470619,1788309470714,1788309471604,985,0,-,116.9,0.1,7471104,165740544,7471104,232685568,4452871,66029,816,33,0,69632,2,1,/home/ahmed/chipseq_run/work/dc/7384efa3e8fa1821619826dcdc1566,-,-,AMD Ryzen 5 7535U with Radeon Graphics,5870.714,5871.604,SAMTOOLS_STATS,,ryzen5_laptop,chipseq,amd_ryzen_5,0,7471104,
143,-,20762,NFCORE_CHIPSEQ:CHIPSEQ:MACS2_CALLPEAK,SPT5_T0_REP2,NFCORE_CHIPSEQ:CHIPSEQ:MACS2_CALLPEAK (SPT5_T0_REP2),COMPLETED,0,-,quay.io/biocontainers/macs2:2.2.7.1--py38h4a8c8d9_3,2,21600000,-,6442450944,1,1788309471609,1788309471704,1788309474498,2889,2000,-,139.6,0.8,62164992,1619243008,62164992,1633337344,33798766,15233058,4258,175,28905472,15286272,417,30,/home/ahmed/chipseq_run/work/90/c2d748c2f9678d0d552b90362fcc84,-,-,AMD Ryzen 5 7535U with Radeon Graphics,5871.704,5874.498,MACS2_CALLPEAK,72.68,ryzen5_laptop,chipseq,amd_ryzen_5,2000,62164992,72.68
142,-,20806,NFCORE_CHIPSEQ:CHIPSEQ:DEEPTOOLS_PLOTFINGERPRINT,SPT5_T0_REP2,NFCORE_CHIPSEQ:CHIPSEQ:DEEPTOOLS_PLOTFINGERPRINT (SPT5_T0_REP2),COMPLETED,0,-,quay.io/biocontainers/deeptools:3.5.1--py_0,2,21600000,-,6442450944,1,1788309474505,1788309474598,1788309489549,15044,13000,-,97.7,14.8,1138253824,1737846784,1215864832,1737850880,50068150,397681,7105,67,75096064,401408,1277,46,/home/ahmed/chipseq_run/work/f5/3a3f45cf18b7e9ca15830ab1adc731,-,-,AMD Ryzen 5 7535U with Radeon Graphics,5874.598,5889.549,DEEPTOOLS_PLOTFINGERPRINT,322.8400000000001,ryzen5_laptop,chipseq,amd_ryzen_5,13000,1215864832,322.8400000000001
144,-,20857,NFCORE_CHIPSEQ:CHIPSEQ:MULTIQC_CUSTOM_PHANTOMPEAKQUALTOOLS,SPT5_T0_REP2,NFCORE_CHIPSEQ:CHIPSEQ:MULTIQC_CUSTOM_PHANTOMPEAKQUALTOOLS (SPT5_T0_REP2),COMPLETED,0,-,quay.io/biocontainers/r-base:3.5.1,1,14400000,-,6442450944,1,1788309489558,1788309489649,1788309491770,2212,0,-,356.9,0.1,13762560,602976256,13762560,602980352,5797300,12517,575,36,0,32768,10,1,/home/ahmed/chipseq_run/work/71/be63d75eebafb808aa2998ac0778a7,-,-,AMD Ryzen 5 7535U with Radeon Graphics,5889.649,5891.77,MULTIQC_CUSTOM_PHANTOMPEAKQUALTOOLS,44.8,ryzen5_laptop,chipseq,amd_ryzen_5,0,13762560,44.8
145,-,20907,NFCORE_CHIPSEQ:CHIPSEQ:MULTIQC_CUSTOM_PHANTOMPEAKQUALTOOLS,SPT5_INPUT_REP1,NFCORE_CHIPSEQ:CHIPSEQ:MULTIQC_CUSTOM_PHANTOMPEAKQUALTOOLS (SPT5_INPUT_REP1),COMPLETED,0,-,quay.io/biocontainers/r-base:3.5.1,1,14400000,-,6442450944,1,1788309491775,1788309491871,1788309493934,2159,0,-,364.7,0.2,14548992,603131904,14548992,603136000,5796921,12543,575,36,0,32768,11,1,/home/ahmed/chipseq_run/work/2f/a18fc1b4a0e6303e49dc799f3ab039,-,-,AMD Ryzen 5 7535U with Radeon Graphics,5891.871,5893.934,MULTIQC_CUSTOM_PHANTOMPEAKQUALTOOLS,38.269999999999996,ryzen5_laptop,chipseq,amd_ryzen_5,0,14548992,38.269999999999996
146,-,20957,NFCORE_CHIPSEQ:CHIPSEQ:FILTER_BAM_BAMTOOLS:BAM_SORT_SAMTOOLS:BAM_STATS_SAMTOOLS:SAMTOOLS_IDXSTATS,SPT5_INPUT_REP1,NFCORE_CHIPSEQ:CHIPSEQ:FILTER_BAM_BAMTOOLS:BAM_SORT_SAMTOOLS:BAM_STATS_SAMTOOLS:SAMTOOLS_IDXSTATS (SPT5_INPUT_REP1),COMPLETED,0,-,quay.io/biocontainers/samtools:1.15.1--h1170115_0,2,14400000,-,6442450944,1,1788309493938,1788309494034,1788309494808,870,0,-,88.9,0.0,3276800,5640192,3276800,5644288,123006,5297,224,19,0,12288,2,0,/home/ahmed/chipseq_run/work/ee/800f4487d0e1d7029ae8c09f04730a,-,-,AMD Ryzen 5 7535U with Radeon Graphics,5894.034,5894.808,SAMTOOLS_IDXSTATS,,ryzen5_laptop,chipseq,amd_ryzen_5,0,3276800,
148,-,21000,NFCORE_CHIPSEQ:CHIPSEQ:FILTER_BAM_BAMTOOLS:BAM_SORT_SAMTOOLS:BAM_STATS_SAMTOOLS:SAMTOOLS_STATS,SPT5_INPUT_REP1,NFCORE_CHIPSEQ:CHIPSEQ:FILTER_BAM_BAMTOOLS:BAM_SORT_SAMTOOLS:BAM_STATS_SAMTOOLS:SAMTOOLS_STATS (SPT5_INPUT_REP1),COMPLETED,0,-,quay.io/biocontainers/samtools:1.15.1--h1170115_0,2,14400000,-,6442450944,1,1788309494813,1788309494908,1788309495803,990,0,-,135.4,0.1,7340032,165740544,7340032,232841216,9330624,43460,1552,28,0,49152,5,1,/home/ahmed/chipseq_run/work/26/c4a0035f33739e90d75530f1380854,-,-,AMD Ryzen 5 7535U with Radeon Graphics,5894.908,5895.803,SAMTOOLS_STATS,,ryzen5_laptop,chipseq,amd_ryzen_5,0,7340032,
152,-,21042,NFCORE_CHIPSEQ:CHIPSEQ:MACS2_CALLPEAK,SPT5_T15_REP1,NFCORE_CHIPSEQ:CHIPSEQ:MACS2_CALLPEAK (SPT5_T15_REP1),COMPLETED,0,-,quay.io/biocontainers/macs2:2.2.7.1--py38h4a8c8d9_3,2,21600000,-,6442450944,1,1788309495807,1788309495904,1788309498522,2715,2000,-,149.3,0.8,64425984,1620127744,64425984,1633333248,35640087,15690573,4606,180,0,15749120,6,10,/home/ahmed/chipseq_run/work/dc/d0aa75e1de7ae065f95168a04e7b48,-,-,AMD Ryzen 5 7535U with Radeon Graphics,5895.904,5898.522,MACS2_CALLPEAK,52.68,ryzen5_laptop,chipseq,amd_ryzen_5,2000,64425984,52.68
150,-,21085,NFCORE_CHIPSEQ:CHIPSEQ:DEEPTOOLS_PLOTFINGERPRINT,SPT5_T0_REP1,NFCORE_CHIPSEQ:CHIPSEQ:DEEPTOOLS_PLOTFINGERPRINT (SPT5_T0_REP1),COMPLETED,0,-,quay.io/biocontainers/deeptools:3.5.1--py_0,2,21600000,-,6442450944,1,1788309498526,1788309498623,1788309512241,13715,11000,-,100.7,11.6,896344064,1425223680,1216315392,1737850880,51907118,397717,7387,67,0,401408,16,66,/home/ahmed/chipseq_run/work/3b/afd849fb6522d4880528c9d5350436,-,-,AMD Ryzen 5 7535U with Radeon Graphics,5898.623,5912.241,DEEPTOOLS_PLOTFINGERPRINT,301.2699999999999,ryzen5_laptop,chipseq,amd_ryzen_5,11000,1216315392,301.2699999999999
147,-,21134,NFCORE_CHIPSEQ:CHIPSEQ:FILTER_BAM_BAMTOOLS:BAM_SORT_SAMTOOLS:BAM_STATS_SAMTOOLS:SAMTOOLS_FLAGSTAT,SPT5_INPUT_REP1,NFCORE_CHIPSEQ:CHIPSEQ:FILTER_BAM_BAMTOOLS:BAM_SORT_SAMTOOLS:BAM_STATS_SAMTOOLS:SAMTOOLS_FLAGSTAT (SPT5_INPUT_REP1),COMPLETED,0,-,quay.io/biocontainers/samtools:1.15.1--h1170115_0,2,14400000,-,6442450944,1,1788309512247,1788309512341,1788309513215,968,0,-,120.8,0.0,6946816,164200448,6946816,231448576,9329240,5484,1552,19,0,12288,442,1,/home/ahmed/chipseq_run/work/fc/681f537b08d10d2968ec70a4d6f720,-,-,AMD Ryzen 5 7535U with Radeon Graphics,5912.341,5913.215,SAMTOOLS_FLAGSTAT,25.67,ryzen5_laptop,chipseq,amd_ryzen_5,0,6946816,25.67
151,-,21176,NFCORE_CHIPSEQ:CHIPSEQ:DEEPTOOLS_PLOTFINGERPRINT,SPT5_T15_REP1,NFCORE_CHIPSEQ:CHIPSEQ:DEEPTOOLS_PLOTFINGERPRINT (SPT5_T15_REP1),COMPLETED,0,-,quay.io/biocontainers/deeptools:3.5.1--py_0,2,21600000,-,6442450944,1,1788309513219,1788309513315,1788309526725,13506,12000,-,100.5,12.5,959401984,1484992512,1216864256,1737850880,49379301,397754,7051,67,0,401408,15,77,/home/ahmed/chipseq_run/work/ab/24d9e22fcf0c5701c7c39667535345,-,-,AMD Ryzen 5 7535U with Radeon Graphics,5913.315,5926.725,DEEPTOOLS_PLOTFINGERPRINT,289.83000000000004,ryzen5_laptop,chipseq,amd_ryzen_5,12000,1216864256,289.83000000000004
149,-,21249,NFCORE_CHIPSEQ:CHIPSEQ:MACS2_CALLPEAK,SPT5_T0_REP1,NFCORE_CHIPSEQ:CHIPSEQ:MACS2_CALLPEAK (SPT5_T0_REP1),COMPLETED,0,-,quay.io/biocontainers/macs2:2.2.7.1--py38h4a8c8d9_3,2,21600000,-,6442450944,1,1788309526729,1788309526826,1788309529435,2706,2000,-,146.1,0.8,64196608,1620103168,64196608,1633337344,34115713,15212168,4357,183,0,15265792,7,7,/home/ahmed/chipseq_run/work/84/29b94748791fa71a7893b68e7d3d54,-,-,AMD Ryzen 5 7535U with Radeon Graphics,5926.826,5929.435,MACS2_CALLPEAK,69.52000000000001,ryzen5_laptop,chipseq,amd_ryzen_5,2000,64196608,69.52000000000001
156,-,21294,NFCORE_CHIPSEQ:CHIPSEQ:DEEPTOOLS_PLOTFINGERPRINT,SPT5_T15_REP2,NFCORE_CHIPSEQ:CHIPSEQ:DEEPTOOLS_PLOTFINGERPRINT (SPT5_T15_REP2),COMPLETED,0,-,quay.io/biocontainers/deeptools:3.5.1--py_0,2,21600000,-,6442450944,1,1788309529440,1788309529535,1788309543177,13737,12000,-,100.4,12.2,940879872,1470373888,1216544768,1737846784,49181439,397866,7023,67,0,401408,18,85,/home/ahmed/chipseq_run/work/5c/7395ff6c658a324989e3a7febff776,-,-,AMD Ryzen 5 7535U with Radeon Graphics,5929.535,5943.177,DEEPTOOLS_PLOTFINGERPRINT,301.56999999999994,ryzen5_laptop,chipseq,amd_ryzen_5,12000,1216544768,301.56999999999994
153,-,21344,NFCORE_CHIPSEQ:CHIPSEQ:FILTER_BAM_BAMTOOLS:BAM_SORT_SAMTOOLS:BAM_STATS_SAMTOOLS:SAMTOOLS_STATS,SPT5_T15_REP2,NFCORE_CHIPSEQ:CHIPSEQ:FILTER_BAM_BAMTOOLS:BAM_SORT_SAMTOOLS:BAM_STATS_SAMTOOLS:SAMTOOLS_STATS (SPT5_T15_REP2),COMPLETED,0,-,quay.io/biocontainers/samtools:1.15.1--h1170115_0,2,14400000,-,6442450944,1,1788309543182,1788309543277,1788309544329,1147,0,-,130.5,0.1,7733248,165740544,7733248,232988672,6188467,63030,1078,33,0,69632,3,2,/home/ahmed/chipseq_run/work/2d/32b4c106ee48565e0e05945c4ea910,-,-,AMD Ryzen 5 7535U with Radeon Graphics,5943.277,5944.329,SAMTOOLS_STATS,28.48,ryzen5_laptop,chipseq,amd_ryzen_5,0,7733248,28.48
154,-,21387,NFCORE_CHIPSEQ:CHIPSEQ:FILTER_BAM_BAMTOOLS:BAM_SORT_SAMTOOLS:BAM_STATS_SAMTOOLS:SAMTOOLS_FLAGSTAT,SPT5_T15_REP2,NFCORE_CHIPSEQ:CHIPSEQ:FILTER_BAM_BAMTOOLS:BAM_SORT_SAMTOOLS:BAM_STATS_SAMTOOLS:SAMTOOLS_FLAGSTAT (SPT5_T15_REP2),COMPLETED,0,-,quay.io/biocontainers/samtools:1.15.1--h1170115_0,2,14400000,-,6442450944,1,1788309544335,1788309544429,1788309545227,892,0,-,115.8,0.0,6946816,164200448,6946816,231448576,6187096,5484,1078,19,0,12288,428,0,/home/ahmed/chipseq_run/work/40/a02b44eec21af6f669482b54fe96f0,-,-,AMD Ryzen 5 7535U with Radeon Graphics,5944.429,5945.227,SAMTOOLS_FLAGSTAT,27.77,ryzen5_laptop,chipseq,amd_ryzen_5,0,6946816,27.77
155,-,21430,NFCORE_CHIPSEQ:CHIPSEQ:FILTER_BAM_BAMTOOLS:BAM_SORT_SAMTOOLS:BAM_STATS_SAMTOOLS:SAMTOOLS_IDXSTATS,SPT5_T15_REP2,NFCORE_CHIPSEQ:CHIPSEQ:FILTER_BAM_BAMTOOLS:BAM_SORT_SAMTOOLS:BAM_STATS_SAMTOOLS:SAMTOOLS_IDXSTATS (SPT5_T15_REP2),COMPLETED,0,-,quay.io/biocontainers/samtools:1.15.1--h1170115_0,2,14400000,-,6442450944,1,1788309545231,1788309545328,1788309546061,830,0,-,75.0,0.0,3145728,5640192,3145728,5644288,123342,5292,224,19,0,12288,2,0,/home/ahmed/chipseq_run/work/85/25f30d18697487221f6c700a643472,-,-,AMD Ryzen 5 7535U with Radeon Graphics,5945.328,5946.061,SAMTOOLS_IDXSTATS,23.41,ryzen5_laptop,chipseq,amd_ryzen_5,0,3145728,23.41
157,-,21474,NFCORE_CHIPSEQ:CHIPSEQ:MACS2_CALLPEAK,SPT5_T15_REP2,NFCORE_CHIPSEQ:CHIPSEQ:MACS2_CALLPEAK (SPT5_T15_REP2),COMPLETED,0,-,quay.io/biocontainers/macs2:2.2.7.1--py38h4a8c8d9_3,2,21600000,-,6442450944,1,1788309546066,1788309546161,1788309548888,2822,1000,-,129.3,0.8,65081344,1619861504,65081344,1633333248,36511487,16296474,4682,187,0,16351232,5,13,/home/ahmed/chipseq_run/work/b1/7df4181c787c32a21c2d66f6715f9b,-,-,AMD Ryzen 5 7535U with Radeon Graphics,5946.161,5948.888,MACS2_CALLPEAK,53.03,ryzen5_laptop,chipseq,amd_ryzen_5,1000,65081344,53.03
158,-,21518,NFCORE_CHIPSEQ:CHIPSEQ:MULTIQC_CUSTOM_PHANTOMPEAKQUALTOOLS,SPT5_T15_REP2,NFCORE_CHIPSEQ:CHIPSEQ:MULTIQC_CUSTOM_PHANTOMPEAKQUALTOOLS (SPT5_T15_REP2),COMPLETED,0,-,quay.io/biocontainers/r-base:3.5.1,1,14400000,-,6442450944,1,1788309548902,1788309548988,1788309551098,2196,0,-,352.6,0.1,12976128,602656768,12976128,602660864,5797301,12532,575,36,0,32768,10,1,/home/ahmed/chipseq_run/work/e9/7a58b092d5ddb96ff31ed642c29c92,-,-,AMD Ryzen 5 7535U with Radeon Graphics,5948.988,5951.098,MULTIQC_CUSTOM_PHANTOMPEAKQUALTOOLS,61.46,ryzen5_laptop,chipseq,amd_ryzen_5,0,12976128,61.46
159,-,21571,NFCORE_CHIPSEQ:CHIPSEQ:BEDTOOLS_GENOMECOV,SPT5_T0_REP1,NFCORE_CHIPSEQ:CHIPSEQ:BEDTOOLS_GENOMECOV (SPT5_T0_REP1),COMPLETED,0,-,quay.io/biocontainers/bedtools:2.30.0--hc088bd4_0,2,21600000,-,6442450944,1,1788309551101,1788309551198,1788309553315,2214,1000,-,126.1,0.1,15638528,39645184,15638528,39649280,7036831,3887330,52309,77846,217088,1957888,1420,0,/home/ahmed/chipseq_run/work/7c/6a77b9bdc0e1849912f4ad05192944,-,-,AMD Ryzen 5 7535U with Radeon Graphics,5951.198,5953.315,BEDTOOLS_GENOMECOV,36.96,ryzen5_laptop,chipseq,amd_ryzen_5,1000,15638528,36.96
160,-,21614,NFCORE_CHIPSEQ:CHIPSEQ:BEDTOOLS_GENOMECOV,SPT5_T15_REP1,NFCORE_CHIPSEQ:CHIPSEQ:BEDTOOLS_GENOMECOV (SPT5_T15_REP1),COMPLETED,0,-,quay.io/biocontainers/bedtools:2.30.0--hc088bd4_0,2,21600000,-,6442450944,1,1788309553318,1788309553415,1788309555617,2299,1000,-,128.3,0.1,15630336,39653376,15630336,39653376,8490827,4755108,63495,94705,0,2392064,1614,1,/home/ahmed/chipseq_run/work/f3/10cd1fa26315224527ee9ac7232638,-,-,AMD Ryzen 5 7535U with Radeon Graphics,5953.415,5955.617,BEDTOOLS_GENOMECOV,39.61,ryzen5_laptop,chipseq,amd_ryzen_5,1000,15630336,39.61
161,-,21657,NFCORE_CHIPSEQ:CHIPSEQ:BEDTOOLS_GENOMECOV,SPT5_INPUT_REP2,NFCORE_CHIPSEQ:CHIPSEQ:BEDTOOLS_GENOMECOV (SPT5_INPUT_REP2),COMPLETED,0,-,quay.io/biocontainers/bedtools:2.30.0--hc088bd4_0,2,21600000,-,6442450944,1,1788309555622,1788309555717,1788309558106,2484,0,-,126.5,0.1,16027648,39514112,16027648,39514112,13152132,7160154,102407,144594,0,3592192,1177,0,/home/ahmed/chipseq_run/work/a0/cdda7952b631c19212b11efbac226b,-,-,AMD Ryzen 5 7535U with Radeon Graphics,5955.717,5958.106,BEDTOOLS_GENOMECOV,57.440000000000005,ryzen5_laptop,chipseq,amd_ryzen_5,0,16027648,57.440000000000005
162,-,21700,NFCORE_CHIPSEQ:CHIPSEQ:BEDTOOLS_GENOMECOV,SPT5_T0_REP2,NFCORE_CHIPSEQ:CHIPSEQ:BEDTOOLS_GENOMECOV (SPT5_T0_REP2),COMPLETED,0,-,quay.io/biocontainers/bedtools:2.30.0--hc088bd4_0,2,21600000,-,6442450944,1,1788309558110,1788309558206,1788309560259,2149,0,-,124.8,0.1,15634432,39645184,15634432,39645184,5991050,3173221,41579,63578,0,1601536,1294,2,/home/ahmed/chipseq_run/work/a3/86b8a85fd179b3d582f24bc843a4f9,-,-,AMD Ryzen 5 7535U with Radeon Graphics,5958.206,5960.259,BEDTOOLS_GENOMECOV,34.48,ryzen5_laptop,chipseq,amd_ryzen_5,0,15634432,34.48
164,-,21743,NFCORE_CHIPSEQ:CHIPSEQ:FRIP_SCORE,SPT5_T0_REP2,NFCORE_CHIPSEQ:CHIPSEQ:FRIP_SCORE (SPT5_T0_REP2),COMPLETED,0,-,quay.io/biocontainers/mulled-v2-8186960447c5cb2faa697666dc1e6d919ad23f3e:3127fcae6b6bdaf8181e21a26ae61231030a9fcb-0,2,21600000,-,6442450944,1,1788309560263,1788309560359,1788309561394,1131,1000,-,104.2,0.1,17448960,32796672,17448960,32804864,15178245,6288251,16003,875,12124160,16384,192,4,/home/ahmed/chipseq_run/work/05/e39ec3494e0d2e9b6f3f905a120220,-,-,AMD Ryzen 5 7535U with Radeon Graphics,5960.359,5961.394,FRIP_SCORE,27.34,ryzen5_laptop,chipseq,amd_ryzen_5,1000,17448960,27.34
163,-,21786,NFCORE_CHIPSEQ:CHIPSEQ:HOMER_ANNOTATEPEAKS_MACS2,SPT5_T0_REP2,NFCORE_CHIPSEQ:CHIPSEQ:HOMER_ANNOTATEPEAKS_MACS2 (SPT5_T0_REP2),COMPLETED,0,-,quay.io/biocontainers/homer:4.11--pl526hc9558a2_3,2,21600000,-,6442450944,1,1788309561398,1788309561495,1788309567248,5850,4000,-,98.5,4.7,362283008,458829824,362283008,458833920,57822010,6078716,8542,1240,4931584,6119424,85,7,/home/ahmed/chipseq_run/work/a3/256ffffb39502b07239e1929623095,-,-,AMD Ryzen 5 7535U with Radeon Graphics,5961.495,5967.248,HOMER_ANNOTATEPEAKS_MACS2,124.62,ryzen5_laptop,chipseq,amd_ryzen_5,4000,362283008,124.62
166,-,21833,NFCORE_CHIPSEQ:CHIPSEQ:FRIP_SCORE,SPT5_T15_REP1,NFCORE_CHIPSEQ:CHIPSEQ:FRIP_SCORE (SPT5_T15_REP1),COMPLETED,0,-,quay.io/biocontainers/mulled-v2-8186960447c5cb2faa697666dc1e6d919ad23f3e:3127fcae6b6bdaf8181e21a26ae61231030a9fcb-0,2,21600000,-,6442450944,1,1788309567252,1788309567348,1788309568491,1239,1000,-,123.1,0.1,17842176,32796672,17842176,32804864,21242312,8924321,22598,1232,0,16384,189,3,/home/ahmed/chipseq_run/work/fa/d249515c19c9c0d885e847fc5b0610,-,-,AMD Ryzen 5 7535U with Radeon Graphics,5967.348,5968.491,FRIP_SCORE,27.48,ryzen5_laptop,chipseq,amd_ryzen_5,1000,17842176,27.48
165,-,21876,NFCORE_CHIPSEQ:CHIPSEQ:HOMER_ANNOTATEPEAKS_MACS2,SPT5_T15_REP1,NFCORE_CHIPSEQ:CHIPSEQ:HOMER_ANNOTATEPEAKS_MACS2 (SPT5_T15_REP1),COMPLETED,0,-,quay.io/biocontainers/homer:4.11--pl526hc9558a2_3,2,21600000,-,6442450944,1,1788309568495,1788309568591,1788309574518,6023,5000,-,100.5,5.7,437387264,482598912,437387264,482603008,57908865,6151126,8554,1250,0,6184960,34,5,/home/ahmed/chipseq_run/work/f0/f93b936553786ad407847949f827b2,-,-,AMD Ryzen 5 7535U with Radeon Graphics,5968.591,5974.518,HOMER_ANNOTATEPEAKS_MACS2,125.38,ryzen5_laptop,chipseq,amd_ryzen_5,5000,437387264,125.38
167,-,21923,NFCORE_CHIPSEQ:CHIPSEQ:BEDTOOLS_GENOMECOV,SPT5_INPUT_REP1,NFCORE_CHIPSEQ:CHIPSEQ:BEDTOOLS_GENOMECOV (SPT5_INPUT_REP1),COMPLETED,0,-,quay.io/biocontainers/bedtools:2.30.0--hc088bd4_0,2,21600000,-,6442450944,1,1788309574522,1788309574619,1788309577042,2520,1000,-,127.9,0.1,15503360,39645184,15503360,39645184,12770007,6975586,92464,138752,0,3502080,1281,2,/home/ahmed/chipseq_run/work/39/aea6d493477356d228070d8cabdea2,-,-,AMD Ryzen 5 7535U with Radeon Graphics,5974.619,5977.042,BEDTOOLS_GENOMECOV,45.41,ryzen5_laptop,chipseq,amd_ryzen_5,1000,15503360,45.41
169,-,21966,NFCORE_CHIPSEQ:CHIPSEQ:FRIP_SCORE,SPT5_T0_REP1,NFCORE_CHIPSEQ:CHIPSEQ:FRIP_SCORE (SPT5_T0_REP1),COMPLETED,0,-,quay.io/biocontainers/mulled-v2-8186960447c5cb2faa697666dc1e6d919ad23f3e:3127fcae6b6bdaf8181e21a26ae61231030a9fcb-0,2,21600000,-,6442450944,1,1788309577048,1788309577142,1788309578120,1072,0,-,120.3,0.1,18235392,32927744,18235392,32944128,17810929,7526198,19126,1043,0,16384,184,2,/home/ahmed/chipseq_run/work/ee/7190234da90644afd66e51148410ef,-,-,AMD Ryzen 5 7535U with Radeon Graphics,5977.142,5978.12,FRIP_SCORE,14.89,ryzen5_laptop,chipseq,amd_ryzen_5,0,18235392,14.89
168,-,22009,NFCORE_CHIPSEQ:CHIPSEQ:HOMER_ANNOTATEPEAKS_MACS2,SPT5_T0_REP1,NFCORE_CHIPSEQ:CHIPSEQ:HOMER_ANNOTATEPEAKS_MACS2 (SPT5_T0_REP1),COMPLETED,0,-,quay.io/biocontainers/homer:4.11--pl526hc9558a2_3,2,21600000,-,6442450944,1,1788309578124,1788309578221,1788309583991,5867,4000,-,99.3,5.7,437649408,482914304,437649408,482918400,57962921,6198149,8560,1258,0,6230016,34,6,/home/ahmed/chipseq_run/work/db/d695fbc22fed2725d07d303b383a90,-,-,AMD Ryzen 5 7535U with Radeon Graphics,5978.221,5983.991,HOMER_ANNOTATEPEAKS_MACS2,105.63,ryzen5_laptop,chipseq,amd_ryzen_5,4000,437649408,105.63
170,-,22055,NFCORE_CHIPSEQ:CHIPSEQ:BEDTOOLS_GENOMECOV,SPT5_T15_REP2,NFCORE_CHIPSEQ:CHIPSEQ:BEDTOOLS_GENOMECOV (SPT5_T15_REP2),COMPLETED,0,-,quay.io/biocontainers/bedtools:2.30.0--hc088bd4_0,2,21600000,-,6442450944,1,1788309583994,1788309584091,1788309586286,2292,1000,-,125.6,0.1,15634432,39661568,15634432,39661568,8536648,4793194,63208,95781,0,2412544,1437,1,/home/ahmed/chipseq_run/work/47/e2ef60e1f36980ee1d91928e472d2f,-,-,AMD Ryzen 5 7535U with Radeon Graphics,5984.091,5986.286,BEDTOOLS_GENOMECOV,50.23,ryzen5_laptop,chipseq,amd_ryzen_5,1000,15634432,50.23
172,-,22098,NFCORE_CHIPSEQ:CHIPSEQ:FRIP_SCORE,SPT5_T15_REP2,NFCORE_CHIPSEQ:CHIPSEQ:FRIP_SCORE (SPT5_T15_REP2),COMPLETED,0,-,quay.io/biocontainers/mulled-v2-8186960447c5cb2faa697666dc1e6d919ad23f3e:3127fcae6b6bdaf8181e21a26ae61231030a9fcb-0,2,21600000,-,6442450944,1,1788309586290,1788309586386,1788309587406,1116,1000,-,122.9,0.1,18104320,32931840,18104320,32940032,21481507,9095764,22985,1255,0,16384,172,5,/home/ahmed/chipseq_run/work/bb/8317c2a8bd8d18e4e758a9e442e9cd,-,-,AMD Ryzen 5 7535U with Radeon Graphics,5986.386,5987.406,FRIP_SCORE,27.73,ryzen5_laptop,chipseq,amd_ryzen_5,1000,18104320,27.73
173,-,22141,NFCORE_CHIPSEQ:CHIPSEQ:PLOT_MACS2_QC,-,NFCORE_CHIPSEQ:CHIPSEQ:PLOT_MACS2_QC,COMPLETED,0,-,quay.io/biocontainers/mulled-v2-ad9dd5f398966bf899ae05f8e7c54d0fb10cdfa7:05678da05b8e5a7a5130e90a9f9a6c585b965afa-0,2,21600000,-,6442450944,1,1788309587410,1788309587506,1788309591334,3924,3000,-,320.5,1.5,117940224,1720401920,117940224,1720406016,14651458,434123,1799,129,33234944,450560,459,136,/home/ahmed/chipseq_run/work/6c/3b6b32ed40ddf3d837613ddf1bbf08,-,-,AMD Ryzen 5 7535U with Radeon Graphics,5987.506,5991.334,PLOT_MACS2_QC,86.52000000000001,ryzen5_laptop,chipseq,amd_ryzen_5,3000,117940224,86.52000000000001
174,-,22189,NFCORE_CHIPSEQ:CHIPSEQ:MACS2_CONSENSUS,SPT5,NFCORE_CHIPSEQ:CHIPSEQ:MACS2_CONSENSUS (SPT5),COMPLETED,0,-,quay.io/biocontainers/mulled-v2-2f48cc59b03027e31ead6d383fe1b8057785dd24:5d182f583f4696f4c4d9f3be93052811b383341f-0,1,21600000,-,6442450944,1,1788309591338,1788309591435,1788309593515,2177,2000,-,153.5,1.6,122839040,1779937280,122839040,1779941376,13215125,852564,2418,3112,37560320,655360,403,4,/home/ahmed/chipseq_run/work/19/d2ea19e177cb0db4c76cae7aa6cdb5,-,-,AMD Ryzen 5 7535U with Radeon Graphics,5991.435,5993.515,MACS2_CONSENSUS,48.510000000000005,ryzen5_laptop,chipseq,amd_ryzen_5,2000,122839040,48.510000000000005
171,-,22236,NFCORE_CHIPSEQ:CHIPSEQ:HOMER_ANNOTATEPEAKS_MACS2,SPT5_T15_REP2,NFCORE_CHIPSEQ:CHIPSEQ:HOMER_ANNOTATEPEAKS_MACS2 (SPT5_T15_REP2),COMPLETED,0,-,quay.io/biocontainers/homer:4.11--pl526hc9558a2_3,2,21600000,-,6442450944,1,1788309593518,1788309593614,1788309599400,5882,5000,-,100.0,5.7,437518336,482799616,437518336,482803712,58024314,6247896,8571,1264,0,6287360,34,6,/home/ahmed/chipseq_run/work/8d/c9f1f59eecf83c0a25c9e03573fd05,-,-,AMD Ryzen 5 7535U with Radeon Graphics,5993.614,5999.4,HOMER_ANNOTATEPEAKS_MACS2,125.37,ryzen5_laptop,chipseq,amd_ryzen_5,5000,437518336,125.37
175,-,22283,NFCORE_CHIPSEQ:CHIPSEQ:UCSC_BEDGRAPHTOBIGWIG,SPT5_T0_REP1,NFCORE_CHIPSEQ:CHIPSEQ:UCSC_BEDGRAPHTOBIGWIG (SPT5_T0_REP1),COMPLETED,0,-,quay.io/biocontainers/ucsc-bedgraphtobigwig:377--h446ed27_1,2,21600000,-,6442450944,1,1788309599403,1788309599501,1788309601288,1885,0,-,83.5,0.1,7471104,35926016,7471104,35995648,5870255,655660,221,147,5636096,663552,42,0,/home/ahmed/chipseq_run/work/cf/aa86f1fea3c2b895f73f3aaf0494b9,-,-,AMD Ryzen 5 7535U with Radeon Graphics,5999.501,6001.288,UCSC_BEDGRAPHTOBIGWIG,33.620000000000005,ryzen5_laptop,chipseq,amd_ryzen_5,0,7471104,33.620000000000005
176,-,22326,NFCORE_CHIPSEQ:CHIPSEQ:UCSC_BEDGRAPHTOBIGWIG,SPT5_T15_REP1,NFCORE_CHIPSEQ:CHIPSEQ:UCSC_BEDGRAPHTOBIGWIG (SPT5_T15_REP1),COMPLETED,0,-,quay.io/biocontainers/ucsc-bedgraphtobigwig:377--h446ed27_1,2,21600000,-,6442450944,1,1788309601292,1788309601389,1788309603339,2047,0,-,98.1,0.1,8257536,35950592,8257536,36089856,7171923,736726,242,164,0,745472,1,1,/home/ahmed/chipseq_run/work/a1/334c07603b3de7715847d1d372f8b1,-,-,AMD Ryzen 5 7535U with Radeon Graphics,6001.389,6003.339,UCSC_BEDGRAPHTOBIGWIG,37.04,ryzen5_laptop,chipseq,amd_ryzen_5,0,8257536,37.04
177,-,22370,NFCORE_CHIPSEQ:CHIPSEQ:UCSC_BEDGRAPHTOBIGWIG,SPT5_INPUT_REP2,NFCORE_CHIPSEQ:CHIPSEQ:UCSC_BEDGRAPHTOBIGWIG (SPT5_INPUT_REP2),COMPLETED,0,-,quay.io/biocontainers/ucsc-bedgraphtobigwig:377--h446ed27_1,2,21600000,-,6442450944,1,1788309603343,1788309603440,1788309605503,2160,1000,-,97.4,0.1,8388608,36085760,8388608,36089856,10779501,968149,296,217,0,978944,1,2,/home/ahmed/chipseq_run/work/57/a99f03a1f6263b30395ca9e74462c1,-,-,AMD Ryzen 5 7535U with Radeon Graphics,6003.44,6005.503,UCSC_BEDGRAPHTOBIGWIG,32.47,ryzen5_laptop,chipseq,amd_ryzen_5,1000,8388608,32.47
178,-,22414,NFCORE_CHIPSEQ:CHIPSEQ:UCSC_BEDGRAPHTOBIGWIG,SPT5_T0_REP2,NFCORE_CHIPSEQ:CHIPSEQ:UCSC_BEDGRAPHTOBIGWIG (SPT5_T0_REP2),COMPLETED,0,-,quay.io/biocontainers/ucsc-bedgraphtobigwig:377--h446ed27_1,2,21600000,-,6442450944,1,1788309605507,1788309605604,1788309607360,1853,1000,-,102.9,0.1,8257536,36085760,8257536,36089856,4799093,552625,206,127,0,561152,1,1,/home/ahmed/chipseq_run/work/7c/aa26be39e836e5569232bf07ac0b80,-,-,AMD Ryzen 5 7535U with Radeon Graphics,6005.604,6007.36,UCSC_BEDGRAPHTOBIGWIG,44.129999999999995,ryzen5_laptop,chipseq,amd_ryzen_5,1000,8257536,44.129999999999995
179,-,22457,NFCORE_CHIPSEQ:CHIPSEQ:MULTIQC_CUSTOM_PEAKS,SPT5_T0_REP2,NFCORE_CHIPSEQ:CHIPSEQ:MULTIQC_CUSTOM_PEAKS (SPT5_T0_REP2),COMPLETED,0,-,ubuntu:20.04,1,14400000,-,6442450944,1,1788309607369,1788309607460,1788309608491,1122,23,-,98.0,0.0,0,0,0,0,201746,46603,329,24,933888,16384,0,0,/home/ahmed/chipseq_run/work/e2/d9c81b1ee05fbfb347eb81483f2c93,-,-,AMD Ryzen 5 7535U with Radeon Graphics,6007.46,6008.491,MULTIQC_CUSTOM_PEAKS,32.11,ryzen5_laptop,chipseq,amd_ryzen_5,23,0,32.11
180,-,22505,NFCORE_CHIPSEQ:CHIPSEQ:MULTIQC_CUSTOM_PEAKS,SPT5_T15_REP1,NFCORE_CHIPSEQ:CHIPSEQ:MULTIQC_CUSTOM_PEAKS (SPT5_T15_REP1),COMPLETED,0,-,ubuntu:20.04,1,14400000,-,6442450944,1,1788309608496,1788309608591,1788309609507,1011,17,-,102.9,0.0,2883584,4079616,2883584,4087808,222415,56933,330,24,0,16384,5,0,/home/ahmed/chipseq_run/work/4a/f510293402d1d096fc92fb6ee13a86,-,-,AMD Ryzen 5 7535U with Radeon Graphics,6008.591,6009.507,MULTIQC_CUSTOM_PEAKS,29.75,ryzen5_laptop,chipseq,amd_ryzen_5,17,2883584,29.75
181,-,22552,NFCORE_CHIPSEQ:CHIPSEQ:UCSC_BEDGRAPHTOBIGWIG,SPT5_INPUT_REP1,NFCORE_CHIPSEQ:CHIPSEQ:UCSC_BEDGRAPHTOBIGWIG (SPT5_INPUT_REP1),COMPLETED,0,-,quay.io/biocontainers/ucsc-bedgraphtobigwig:377--h446ed27_1,2,21600000,-,6442450944,1,1788309609511,1788309609607,1788309611477,1966,0,-,95.8,0.1,8257536,36085760,8257536,36089856,10502645,964140,293,215,0,974848,1,1,/home/ahmed/chipseq_run/work/79/dd690939a3bab9b1dfabcc3e5284d9,-,-,AMD Ryzen 5 7535U with Radeon Graphics,6009.607,6011.477,UCSC_BEDGRAPHTOBIGWIG,36.84,ryzen5_laptop,chipseq,amd_ryzen_5,0,8257536,36.84
182,-,22595,NFCORE_CHIPSEQ:CHIPSEQ:MULTIQC_CUSTOM_PEAKS,SPT5_T0_REP1,NFCORE_CHIPSEQ:CHIPSEQ:MULTIQC_CUSTOM_PEAKS (SPT5_T0_REP1),COMPLETED,0,-,ubuntu:20.04,1,14400000,-,6442450944,1,1788309611482,1788309611577,1788309612359,877,19,-,94.7,0.0,2883584,4079616,2883584,4087808,236322,63885,330,24,0,16384,5,1,/home/ahmed/chipseq_run/work/3b/57eacdfee6bc3a0fee3f7e1a4387c1,-,-,AMD Ryzen 5 7535U with Radeon Graphics,6011.577,6012.359,MULTIQC_CUSTOM_PEAKS,25.58,ryzen5_laptop,chipseq,amd_ryzen_5,19,2883584,25.58
183,-,22644,NFCORE_CHIPSEQ:CHIPSEQ:UCSC_BEDGRAPHTOBIGWIG,SPT5_T15_REP2,NFCORE_CHIPSEQ:CHIPSEQ:UCSC_BEDGRAPHTOBIGWIG (SPT5_T15_REP2),COMPLETED,0,-,quay.io/biocontainers/ucsc-bedgraphtobigwig:377--h446ed27_1,2,21600000,-,6442450944,1,1788309612363,1788309612459,1788309614182,1819,0,-,95.7,0.1,8257536,36085760,8257536,36089856,7229052,750582,242,168,0,761856,1,2,/home/ahmed/chipseq_run/work/71/afcd78baef72e26b9f4732bfab1b45,-,-,AMD Ryzen 5 7535U with Radeon Graphics,6012.459,6014.182,UCSC_BEDGRAPHTOBIGWIG,20.21,ryzen5_laptop,chipseq,amd_ryzen_5,0,8257536,20.21
184,-,22688,NFCORE_CHIPSEQ:CHIPSEQ:MULTIQC_CUSTOM_PEAKS,SPT5_T15_REP2,NFCORE_CHIPSEQ:CHIPSEQ:MULTIQC_CUSTOM_PEAKS (SPT5_T15_REP2),COMPLETED,0,-,ubuntu:20.04,1,14400000,-,6442450944,1,1788309614187,1788309614282,1788309615091,904,25,-,81.8,0.0,3014656,4079616,3014656,4087808,250814,71130,331,24,0,16384,5,0,/home/ahmed/chipseq_run/work/5d/4a8b42131aca9e4bd4912f1e762840,-,-,AMD Ryzen 5 7535U with Radeon Graphics,6014.282,6015.091,MULTIQC_CUSTOM_PEAKS,15.94,ryzen5_laptop,chipseq,amd_ryzen_5,25,3014656,15.94
186,-,22737,NFCORE_CHIPSEQ:CHIPSEQ:SUBREAD_FEATURECOUNTS,SPT5,NFCORE_CHIPSEQ:CHIPSEQ:SUBREAD_FEATURECOUNTS (SPT5),COMPLETED,0,-,quay.io/biocontainers/subread:2.0.1--hed695b0_0,2,21600000,-,6442450944,1,1788309615095,1788309615191,1788309617347,2252,1000,-,95.0,0.1,14155776,220938240,14155776,288051200,22014776,76060,3266,109,897024,81920,9,0,/home/ahmed/chipseq_run/work/0f/30515669beb1fcf0cb7f2a5c03e7c7,-,-,AMD Ryzen 5 7535U with Radeon Graphics,6015.191,6017.347,SUBREAD_FEATURECOUNTS,60.660000000000004,ryzen5_laptop,chipseq,amd_ryzen_5,1000,14155776,60.660000000000004
185,-,22786,NFCORE_CHIPSEQ:CHIPSEQ:HOMER_ANNOTATEPEAKS_CONSENSUS,SPT5,NFCORE_CHIPSEQ:CHIPSEQ:HOMER_ANNOTATEPEAKS_CONSENSUS (SPT5),COMPLETED,0,-,quay.io/biocontainers/homer:4.11--pl526hc9558a2_3,2,21600000,-,6442450944,1,1788309617350,1788309617447,1788309623380,6030,5000,-,99.5,5.0,391774208,461058048,391774208,461062144,58088824,6367816,8581,1286,0,6402048,34,6,/home/ahmed/chipseq_run/work/9f/32dc422154b4a99a7617f3f6803b76,-,-,AMD Ryzen 5 7535U with Radeon Graphics,6017.447,6023.38,HOMER_ANNOTATEPEAKS_CONSENSUS,125.55000000000001,ryzen5_laptop,chipseq,amd_ryzen_5,5000,391774208,125.55000000000001
187,-,22835,NFCORE_CHIPSEQ:CHIPSEQ:PLOT_HOMER_ANNOTATEPEAKS,-,NFCORE_CHIPSEQ:CHIPSEQ:PLOT_HOMER_ANNOTATEPEAKS,COMPLETED,0,-,quay.io/biocontainers/mulled-v2-ad9dd5f398966bf899ae05f8e7c54d0fb10cdfa7:05678da05b8e5a7a5130e90a9f9a6c585b965afa-0,2,21600000,-,6442450944,1,1788309623395,1788309623480,1788309626764,3369,2000,-,223.3,1.6,127860736,1798352896,127860736,1798361088,14931089,163287,1903,82,876544,184320,33,97,/home/ahmed/chipseq_run/work/79/a62e15a37a4c325833eba6025bc386,-,-,AMD Ryzen 5 7535U with Radeon Graphics,6023.48,6026.764,PLOT_HOMER_ANNOTATEPEAKS,59.980000000000004,ryzen5_laptop,chipseq,amd_ryzen_5,2000,127860736,59.980000000000004
188,-,22885,NFCORE_CHIPSEQ:CHIPSEQ:DEEPTOOLS_COMPUTEMATRIX,SPT5_T0_REP1,NFCORE_CHIPSEQ:CHIPSEQ:DEEPTOOLS_COMPUTEMATRIX (SPT5_T0_REP1),COMPLETED,0,-,quay.io/biocontainers/deeptools:3.5.1--py_0,2,21600000,-,6442450944,1,1788309626768,1788309626864,1788309696223,69455,67000,-,187.3,2.4,181874688,593563648,212189184,631611392,237498868,65562522,47332,7199,401408,24985600,444,143,/home/ahmed/chipseq_run/work/03/d619a3479a98df6824b44627b5c0f8,-,-,AMD Ryzen 5 7535U with Radeon Graphics,6026.864,6096.223,DEEPTOOLS_COMPUTEMATRIX,1637.9699999999996,ryzen5_laptop,chipseq,amd_ryzen_5,67000,212189184,1637.9699999999996
189,-,22933,NFCORE_CHIPSEQ:CHIPSEQ:DEEPTOOLS_COMPUTEMATRIX,SPT5_T15_REP1,NFCORE_CHIPSEQ:CHIPSEQ:DEEPTOOLS_COMPUTEMATRIX (SPT5_T15_REP1),COMPLETED,0,-,quay.io/biocontainers/deeptools:3.5.1--py_0,2,21600000,-,6442450944,1,1788309696227,1788309696323,1788309755577,59350,58000,-,185.3,2.4,189681664,599375872,216866816,689991680,234683956,66714275,46645,7204,0,26140672,454,112,/home/ahmed/chipseq_run/work/dc/fc6f5b09a7025c700db3fd47cb9ec1,-,-,AMD Ryzen 5 7535U with Radeon Graphics,6096.323,6155.577,DEEPTOOLS_COMPUTEMATRIX,1217.76,ryzen5_laptop,chipseq,amd_ryzen_5,58000,216866816,1217.76
190,-,22977,NFCORE_CHIPSEQ:CHIPSEQ:DEEPTOOLS_COMPUTEMATRIX,SPT5_INPUT_REP2,NFCORE_CHIPSEQ:CHIPSEQ:DEEPTOOLS_COMPUTEMATRIX (SPT5_INPUT_REP2),COMPLETED,0,-,quay.io/biocontainers/deeptools:3.5.1--py_0,2,21600000,-,6442450944,1,1788309755581,1788309755677,1788309824429,68848,67000,-,189.5,2.5,192745472,603398144,219443200,636809216,234537042,68547954,46610,7200,0,27971584,400,139,/home/ahmed/chipseq_run/work/ef/884535885f71e089384495a8b0cfab,-,-,AMD Ryzen 5 7535U with Radeon Graphics,6155.677,6224.429,DEEPTOOLS_COMPUTEMATRIX,1593.7400000000002,ryzen5_laptop,chipseq,amd_ryzen_5,67000,219443200,1593.7400000000002
191,-,23026,NFCORE_CHIPSEQ:CHIPSEQ:DEEPTOOLS_COMPUTEMATRIX,SPT5_T0_REP2,NFCORE_CHIPSEQ:CHIPSEQ:DEEPTOOLS_COMPUTEMATRIX (SPT5_T0_REP2),COMPLETED,0,-,quay.io/biocontainers/deeptools:3.5.1--py_0,2,21600000,-,6442450944,1,1788309824433,1788309824529,1788309882629,58196,57000,-,185.4,2.4,180740096,594546688,220790784,634064896,238309504,65352338,47530,7194,0,24780800,446,126,/home/ahmed/chipseq_run/work/92/64a09138e1942faba334dbac110334,-,-,AMD Ryzen 5 7535U with Radeon Graphics,6224.529,6282.629,DEEPTOOLS_COMPUTEMATRIX,1209.52,ryzen5_laptop,chipseq,amd_ryzen_5,57000,220790784,1209.52
192,-,23074,NFCORE_CHIPSEQ:CHIPSEQ:DEEPTOOLS_COMPUTEMATRIX,SPT5_INPUT_REP1,NFCORE_CHIPSEQ:CHIPSEQ:DEEPTOOLS_COMPUTEMATRIX (SPT5_INPUT_REP1),COMPLETED,0,-,quay.io/biocontainers/deeptools:3.5.1--py_0,2,21600000,-,6442450944,1,1788309882634,1788309882730,1788309942730,60096,58000,-,190.3,2.4,178921472,592904192,219414528,636325888,236983611,68518125,47206,7203,0,27938816,372,138,/home/ahmed/chipseq_run/work/ad/d4864d24e87b9bb9e6dd9c8b049a17,-,-,AMD Ryzen 5 7535U with Radeon Graphics,6282.73,6342.73,DEEPTOOLS_COMPUTEMATRIX,1237.0199999999998,ryzen5_laptop,chipseq,amd_ryzen_5,58000,219414528,1237.0199999999998
193,-,23123,NFCORE_CHIPSEQ:CHIPSEQ:DEEPTOOLS_COMPUTEMATRIX,SPT5_T15_REP2,NFCORE_CHIPSEQ:CHIPSEQ:DEEPTOOLS_COMPUTEMATRIX (SPT5_T15_REP2),COMPLETED,0,-,quay.io/biocontainers/deeptools:3.5.1--py_0,2,21600000,-,6442450944,1,1788309942735,1788309942829,1788310004182,61447,59000,-,186.5,2.4,185860096,593866752,222150656,637878272,235778716,66555435,46913,7205,0,25980928,392,87,/home/ahmed/chipseq_run/work/cf/8aceb9cc41fc85318539d2759ebaa7,-,-,AMD Ryzen 5 7535U with Radeon Graphics,6342.829,6404.182,DEEPTOOLS_COMPUTEMATRIX,1273.1599999999999,ryzen5_laptop,chipseq,amd_ryzen_5,59000,222150656,1273.1599999999999
194,-,23170,NFCORE_CHIPSEQ:CHIPSEQ:IGV,-,NFCORE_CHIPSEQ:CHIPSEQ:IGV,COMPLETED,0,-,quay.io/biocontainers/python:3.8.3,1,14400000,-,6442450944,1,1788310004193,1788310004282,1788310006105,1912,0,-,94.7,0.0,2883584,11575296,2883584,11579392,710452,8419,365,34,0,40960,1,0,/home/ahmed/chipseq_run/work/e8/54a58d10e4141ae71a8f0e72d6425b,-,-,AMD Ryzen 5 7535U with Radeon Graphics,6404.282,6406.105,IGV,33.77,ryzen5_laptop,chipseq,amd_ryzen_5,0,2883584,33.77
195,-,23249,NFCORE_CHIPSEQ:CHIPSEQ:DESEQ2_QC,SPT5,NFCORE_CHIPSEQ:CHIPSEQ:DESEQ2_QC (SPT5),COMPLETED,0,-,quay.io/biocontainers/mulled-v2-8849acf39a43cdd6c839a369a74c0adc823e2f91:ab110436faf952a33575c64dd74615a84011450b-0,2,21600000,-,6442450944,1,1788310006109,1788310006205,1788310020982,14873,13000,-,111.4,9.1,698507264,2382200832,698507264,2382204928,71796025,150533,5655,289,63746048,225280,741,50,/home/ahmed/chipseq_run/work/ba/8afff95e05ef03e124b873015c75f5,-,-,AMD Ryzen 5 7535U with Radeon Graphics,6406.205,6420.982,DESEQ2_QC,247.93000000000004,ryzen5_laptop,chipseq,amd_ryzen_5,13000,698507264,247.93000000000004
196,-,23294,NFCORE_CHIPSEQ:CHIPSEQ:ANNOTATE_BOOLEAN_PEAKS,SPT5,NFCORE_CHIPSEQ:CHIPSEQ:ANNOTATE_BOOLEAN_PEAKS (SPT5),COMPLETED,0,-,ubuntu:20.04,2,14400000,-,6442450944,1,1788310020987,1788310021083,1788310021828,841,26,-,83.7,0.0,2883584,4079616,2883584,4087808,1365392,1198357,621,313,344064,602112,2,0,/home/ahmed/chipseq_run/work/26/6afeaa44257466b10e1b84c861bf0c,-,-,AMD Ryzen 5 7535U with Radeon Graphics,6421.083,6421.828,ANNOTATE_BOOLEAN_PEAKS,10.39,ryzen5_laptop,chipseq,amd_ryzen_5,26,2883584,10.39
197,-,23337,NFCORE_CHIPSEQ:CHIPSEQ:DEEPTOOLS_PLOTHEATMAP,SPT5_T0_REP1,NFCORE_CHIPSEQ:CHIPSEQ:DEEPTOOLS_PLOTHEATMAP (SPT5_T0_REP1),COMPLETED,0,-,quay.io/biocontainers/deeptools:3.5.1--py_0,2,14400000,-,6442450944,1,1788310021834,1788310021928,1788310029706,7872,6000,-,99.7,3.2,252403712,464822272,281706496,484679680,26124168,1629905,4161,86,221184,1638400,6,21,/home/ahmed/chipseq_run/work/3d/20474433a08b2683dfb125cdd57b06,-,-,AMD Ryzen 5 7535U with Radeon Graphics,6421.928,6429.706,DEEPTOOLS_PLOTHEATMAP,171.20999999999998,ryzen5_laptop,chipseq,amd_ryzen_5,6000,281706496,171.20999999999998
198,-,23377,NFCORE_CHIPSEQ:CHIPSEQ:DEEPTOOLS_PLOTPROFILE,SPT5_T0_REP1,NFCORE_CHIPSEQ:CHIPSEQ:DEEPTOOLS_PLOTPROFILE (SPT5_T0_REP1),COMPLETED,0,-,quay.io/biocontainers/deeptools:3.5.1--py_0,2,14400000,-,6442450944,1,1788310029710,1788310029806,1788310033110,3400,1000,-,100.0,1.5,121692160,191438848,121692160,191442944,21946810,407070,3154,42,376832,417792,3,10,/home/ahmed/chipseq_run/work/17/4b9f25c4910b57a0c6d09c34cc802a,-,-,AMD Ryzen 5 7535U with Radeon Graphics,6429.806,6433.11,DEEPTOOLS_PLOTPROFILE,58.5,ryzen5_laptop,chipseq,amd_ryzen_5,1000,121692160,58.5
199,-,23418,NFCORE_CHIPSEQ:CHIPSEQ:DEEPTOOLS_PLOTHEATMAP,SPT5_T15_REP1,NFCORE_CHIPSEQ:CHIPSEQ:DEEPTOOLS_PLOTHEATMAP (SPT5_T15_REP1),COMPLETED,0,-,quay.io/biocontainers/deeptools:3.5.1--py_0,2,14400000,-,6442450944,1,1788310033114,1788310033210,1788310041090,7976,6000,-,99.9,3.8,296792064,499687424,296792064,499691520,26568841,1890177,4270,94,0,1904640,4,17,/home/ahmed/chipseq_run/work/07/5815fbe23bf8b11e68e172a9172dbd,-,-,AMD Ryzen 5 7535U with Radeon Graphics,6433.21,6441.09,DEEPTOOLS_PLOTHEATMAP,140.29999999999998,ryzen5_laptop,chipseq,amd_ryzen_5,6000,296792064,140.29999999999998
200,-,23460,NFCORE_CHIPSEQ:CHIPSEQ:DEEPTOOLS_PLOTPROFILE,SPT5_T15_REP1,NFCORE_CHIPSEQ:CHIPSEQ:DEEPTOOLS_PLOTPROFILE (SPT5_T15_REP1),COMPLETED,0,-,quay.io/biocontainers/deeptools:3.5.1--py_0,2,14400000,-,6442450944,1,1788310041094,1788310041190,1788310044691,3597,2000,-,99.3,2.2,168239104,266403840,168239104,266407936,22305466,407043,3242,42,0,417792,4,8,/home/ahmed/chipseq_run/work/cf/7e5667b679c48702c94621de55d1c4,-,-,AMD Ryzen 5 7535U with Radeon Graphics,6441.19,6444.691,DEEPTOOLS_PLOTPROFILE,59.580000000000005,ryzen5_laptop,chipseq,amd_ryzen_5,2000,168239104,59.580000000000005
201,-,23502,NFCORE_CHIPSEQ:CHIPSEQ:DEEPTOOLS_PLOTHEATMAP,SPT5_INPUT_REP2,NFCORE_CHIPSEQ:CHIPSEQ:DEEPTOOLS_PLOTHEATMAP (SPT5_INPUT_REP2),COMPLETED,0,-,quay.io/biocontainers/deeptools:3.5.1--py_0,2,14400000,-,6442450944,1,1788310044711,1788310044791,1788310053291,8580,7000,-,99.4,4.0,307204096,513716224,311136256,513720320,26804955,2382898,4319,104,0,2396160,5,18,/home/ahmed/chipseq_run/work/9e/70e3ef1fa67ad1837e3620ba33d63f,-,-,AMD Ryzen 5 7535U with Radeon Graphics,6444.791,6453.291,DEEPTOOLS_PLOTHEATMAP,163.0,ryzen5_laptop,chipseq,amd_ryzen_5,7000,311136256,163.0
202,-,23546,NFCORE_CHIPSEQ:CHIPSEQ:DEEPTOOLS_PLOTPROFILE,SPT5_INPUT_REP2,NFCORE_CHIPSEQ:CHIPSEQ:DEEPTOOLS_PLOTPROFILE (SPT5_INPUT_REP2),COMPLETED,0,-,quay.io/biocontainers/deeptools:3.5.1--py_0,2,14400000,-,6442450944,1,1788310053296,1788310053392,1788310056680,3384,2000,-,99.8,1.5,120389632,189812736,120389632,189816832,23024907,407372,3409,42,0,417792,4,12,/home/ahmed/chipseq_run/work/40/cab8b40bf8126b20e83a205c932a7c,-,-,AMD Ryzen 5 7535U with Radeon Graphics,6453.392,6456.68,DEEPTOOLS_PLOTPROFILE,57.55,ryzen5_laptop,chipseq,amd_ryzen_5,2000,120389632,57.55
203,-,23588,NFCORE_CHIPSEQ:CHIPSEQ:DEEPTOOLS_PLOTPROFILE,SPT5_T0_REP2,NFCORE_CHIPSEQ:CHIPSEQ:DEEPTOOLS_PLOTPROFILE (SPT5_T0_REP2),COMPLETED,0,-,quay.io/biocontainers/deeptools:3.5.1--py_0,2,14400000,-,6442450944,1,1788310056685,1788310056780,1788310060147,3462,1000,-,99.6,1.7,136441856,231403520,136441856,231407616,21903824,407242,3152,42,0,417792,4,12,/home/ahmed/chipseq_run/work/13/cfcfad72eea49cf82be3c6b3ba9ed6,-,-,AMD Ryzen 5 7535U with Radeon Graphics,6456.78,6460.147,DEEPTOOLS_PLOTPROFILE,67.12,ryzen5_laptop,chipseq,amd_ryzen_5,1000,136441856,67.12
204,-,23629,NFCORE_CHIPSEQ:CHIPSEQ:DEEPTOOLS_PLOTHEATMAP,SPT5_T0_REP2,NFCORE_CHIPSEQ:CHIPSEQ:DEEPTOOLS_PLOTHEATMAP (SPT5_T0_REP2),COMPLETED,0,-,quay.io/biocontainers/deeptools:3.5.1--py_0,2,14400000,-,6442450944,1,1788310060152,1788310060247,1788310067816,7664,6000,-,100.0,3.8,291721216,494329856,291721216,494333952,26392480,1463721,4235,82,0,1474560,4,16,/home/ahmed/chipseq_run/work/48/4beb08fb5ec703dd3d789283c589f2,-,-,AMD Ryzen 5 7535U with Radeon Graphics,6460.247,6467.816,DEEPTOOLS_PLOTHEATMAP,138.53,ryzen5_laptop,chipseq,amd_ryzen_5,6000,291721216,138.53
206,-,23670,NFCORE_CHIPSEQ:CHIPSEQ:DEEPTOOLS_PLOTHEATMAP,SPT5_INPUT_REP1,NFCORE_CHIPSEQ:CHIPSEQ:DEEPTOOLS_PLOTHEATMAP (SPT5_INPUT_REP1),COMPLETED,0,-,quay.io/biocontainers/deeptools:3.5.1--py_0,2,14400000,-,6442450944,1,1788310067821,1788310067916,1788310076006,8185,6000,-,99.8,2.0,156942336,226390016,236113920,305692672,27738177,2330012,4546,104,0,2342912,8,22,/home/ahmed/chipseq_run/work/47/e7e127ca911ada9027d32335d6f17d,-,-,AMD Ryzen 5 7535U with Radeon Graphics,6467.916,6476.006,DEEPTOOLS_PLOTHEATMAP,148.14,ryzen5_laptop,chipseq,amd_ryzen_5,6000,236113920,148.14
205,-,23711,NFCORE_CHIPSEQ:CHIPSEQ:DEEPTOOLS_PLOTPROFILE,SPT5_INPUT_REP1,NFCORE_CHIPSEQ:CHIPSEQ:DEEPTOOLS_PLOTPROFILE (SPT5_INPUT_REP1),COMPLETED,0,-,quay.io/biocontainers/deeptools:3.5.1--py_0,2,14400000,-,6442450944,1,1788310076011,1788310076106,1788310079459,3448,2000,-,99.2,1.6,122130432,191270912,122130432,191275008,22889076,407460,3375,42,0,421888,4,11,/home/ahmed/chipseq_run/work/f7/27dffc06a153a0fec731bdad272f68,-,-,AMD Ryzen 5 7535U with Radeon Graphics,6476.106,6479.459,DEEPTOOLS_PLOTPROFILE,71.31,ryzen5_laptop,chipseq,amd_ryzen_5,2000,122130432,71.31
207,-,23752,NFCORE_CHIPSEQ:CHIPSEQ:DEEPTOOLS_PLOTHEATMAP,SPT5_T15_REP2,NFCORE_CHIPSEQ:CHIPSEQ:DEEPTOOLS_PLOTHEATMAP (SPT5_T15_REP2),COMPLETED,0,-,quay.io/biocontainers/deeptools:3.5.1--py_0,2,14400000,-,6442450944,1,1788310079464,1788310079558,1788310087232,7768,6000,-,99.7,3.3,257916928,460599296,281436160,484315136,26034534,1857804,4137,92,0,1871872,4,20,/home/ahmed/chipseq_run/work/85/433d16a16ce2b5cdaa17977ef02daf,-,-,AMD Ryzen 5 7535U with Radeon Graphics,6479.558,6487.232,DEEPTOOLS_PLOTHEATMAP,134.51,ryzen5_laptop,chipseq,amd_ryzen_5,6000,281436160,134.51
208,-,23793,NFCORE_CHIPSEQ:CHIPSEQ:DEEPTOOLS_PLOTPROFILE,SPT5_T15_REP2,NFCORE_CHIPSEQ:CHIPSEQ:DEEPTOOLS_PLOTPROFILE (SPT5_T15_REP2),COMPLETED,0,-,quay.io/biocontainers/deeptools:3.5.1--py_0,2,14400000,-,6442450944,1,1788310087238,1788310087332,1788310090679,3441,2000,-,99.0,2.4,187580416,271491072,187580416,271495168,22168472,407144,3206,42,0,417792,4,11,/home/ahmed/chipseq_run/work/4b/fad30a7ae70984c09be0af33ac82c1,-,-,AMD Ryzen 5 7535U with Radeon Graphics,6487.332,6490.679,DEEPTOOLS_PLOTPROFILE,69.73,ryzen5_laptop,chipseq,amd_ryzen_5,2000,187580416,69.73
209,-,23836,NFCORE_CHIPSEQ:CHIPSEQ:CUSTOM_DUMPSOFTWAREVERSIONS,-,NFCORE_CHIPSEQ:CHIPSEQ:CUSTOM_DUMPSOFTWAREVERSIONS (1),COMPLETED,0,-,quay.io/biocontainers/multiqc:1.13a--pyhdfd78af_1,2,14400000,-,6442450944,1,1788310090684,1788310090779,1788310091835,1151,111,-,77.4,0.1,6029312,13791232,6029312,13791232,861006,8587,269,15,7159808,16384,26,0,/home/ahmed/chipseq_run/work/ef/9b3adbafb9c17fa9344a13c7235e5f,-,-,AMD Ryzen 5 7535U with Radeon Graphics,6490.779,6491.835,CUSTOM_DUMPSOFTWAREVERSIONS,23.97,ryzen5_laptop,chipseq,amd_ryzen_5,111,6029312,23.97
210,-,23879,NFCORE_CHIPSEQ:CHIPSEQ:MULTIQC,-,NFCORE_CHIPSEQ:CHIPSEQ:MULTIQC (1),COMPLETED,0,-,quay.io/biocontainers/multiqc:1.13a--pyhdfd78af_1,2,21600000,-,6442450944,1,1788310091932,1788310091935,1788310128592,36660,34294,-,246.3,2.8,216199168,2053566464,217116672,2053578752,3274114532,27789217,794062,3273,52486144,29208576,1575,24,/home/ahmed/chipseq_run/work/e7/6b03b1d230b0a6cbdd4864bd1a3df3,-,-,AMD Ryzen 5 7535U with Radeon Graphics,6491.935,6528.592,MULTIQC,804.64,ryzen5_laptop,chipseq,amd_ryzen_5,34294,217116672,804.64
