task_id,hostname,native_id,process,tag,name,status,exit,module,container,cpus,time,disk,memory,attempt,submit,start,complete,duration,realtime,queue,%cpu,%mem,rss,vmem,peak_rss,peak_vmem,rchar,wchar,syscr,syscw,read_bytes,write_bytes,vol_ctxt,inv_ctxt,workdir,scratch,error_action,cpu_model
2,-,24999,NFCORE_ATACSEQ:ATACSEQ:INPUT_CHECK:SAMPLESHEET_CHECK,samplesheet_test.csv,NFCORE_ATACSEQ:ATACSEQ:INPUT_CHECK:SAMPLESHEET_CHECK (samplesheet_test.csv),COMPLETED,0,-,quay.io/biocontainers/python:3.8.3,1,14400000,-,6442450944,1,1788310661137,1788310661217,1788310663135,1998,0,-,64.1,0.1,8650752,32296960,8650752,32305152,683572,1845,242,17,7131136,12288,49,0,/home/ahmed/atacseq_run/work/35/deda1d1a5fe0f71ed8b88820d2b0d4,-,-,AMD Ryzen 5 7535U with Radeon Graphics
1,-,25054,NFCORE_ATACSEQ:ATACSEQ:PREPARE_GENOME:KHMER_UNIQUEKMERS,genome.fa,NFCORE_ATACSEQ:ATACSEQ:PREPARE_GENOME:KHMER_UNIQUEKMERS (genome.fa),COMPLETED,0,-,quay.io/biocontainers/khmer:3.0.0a3--py37haa7609a_2,2,14400000,-,6442450944,1,1788310664707,1788310664740,1788310666334,1627,0,-,353.5,0.1,9961472,16584704,9961472,16588800,16907588,3471,2465,23,27557888,16384,56,0,/home/ahmed/atacseq_run/work/fd/8c62bc1690189d78ffe8bbe8325d17,-,-,AMD Ryzen 5 7535U with Radeon Graphics
4,-,25114,NFCORE_ATACSEQ:ATACSEQ:PREPARE_GENOME:BWA_INDEX,genome.fa,NFCORE_ATACSEQ:ATACSEQ:PREPARE_GENOME:BWA_INDEX (genome.fa),COMPLETED,0,-,quay.io/biocontainers/bwa:0.7.17--hed695b0_7,1,14400000,-,6442450944,1,1788310666343,1788310666435,1788310673486,7143,6000,-,98.9,1.7,132538368,151519232,132538368,151523328,49080152,33436127,1682,73,663552,33476608,823,13,/home/ahmed/atacseq_run/work/7d/0f23e9e7d072cbab8e818d36880534,-,-,AMD Ryzen 5 7535U with Radeon Graphics
5,-,25201,NFCORE_ATACSEQ:ATACSEQ:PREPARE_GENOME:CUSTOM_GETCHROMSIZES,genome.fa,NFCORE_ATACSEQ:ATACSEQ:PREPARE_GENOME:CUSTOM_GETCHROMSIZES (genome.fa),COMPLETED,0,-,quay.io/biocontainers/samtools:1.16.1--h6899075_1,1,14400000,-,6442450944,1,1788310673492,1788310673587,1788310679091,5599,0,-,75.0,0.0,6422528,12550144,6422528,12554240,12468549,5522,420,20,192512,16384,6,1,/home/ahmed/atacseq_run/work/a2/f7c554dd4153a3dd06dd99a8e85102,-,-,AMD Ryzen 5 7535U with Radeon Graphics
3,-,25253,NFCORE_ATACSEQ:ATACSEQ:PREPARE_GENOME:GTF2BED,genes.gtf,NFCORE_ATACSEQ:ATACSEQ:PREPARE_GENOME:GTF2BED (genes.gtf),COMPLETED,0,-,quay.io/biocontainers/perl:5.26.2,2,14400000,-,6442450944,1,1788310679095,1788310679201,1788310681183,2088,0,-,90.3,0.1,7471104,29179904,7471104,29184000,12234328,401936,1646,66,2842624,409600,42,0,/home/ahmed/atacseq_run/work/cc/64dd0f993bc205c9359398580cbd54,-,-,AMD Ryzen 5 7535U with Radeon Graphics
10,-,25296,NFCORE_ATACSEQ:ATACSEQ:FASTQ_FASTQC_UMITOOLS_TRIMGALORE:FASTQC,OSMOTIC_STRESS_T100_SE_REP1_T1,NFCORE_ATACSEQ:ATACSEQ:FASTQ_FASTQC_UMITOOLS_TRIMGALORE:FASTQC (OSMOTIC_STRESS_T100_SE_REP1_T1),COMPLETED,0,-,quay.io/biocontainers/fastqc:0.11.9--0,2,21600000,-,6442450944,1,1788310681188,1788310681283,1788310686593,5405,4000,-,169.8,3.3,252248064,3552452608,254246912,3557068800,26072738,2078164,17296,6281,51798016,2297856,144,1,/home/ahmed/atacseq_run/work/51/54f7380a1be4eebfc98bd64fe02330,-,-,AMD Ryzen 5 7535U with Radeon Graphics
7,-,25343,NFCORE_ATACSEQ:ATACSEQ:FASTQ_FASTQC_UMITOOLS_TRIMGALORE:TRIMGALORE,OSMOTIC_STRESS_T0_PE_REP1_T1,NFCORE_ATACSEQ:ATACSEQ:FASTQ_FASTQC_UMITOOLS_TRIMGALORE:TRIMGALORE (OSMOTIC_STRESS_T0_PE_REP1_T1),COMPLETED,0,-,quay.io/biocontainers/trim-galore:0.6.7--hdfd78af_0,2,21600000,-,6442450944,1,1788310686600,1788310686694,1788310698732,12132,11000,-,161.0,3.4,266350592,3280560128,266350592,3280637952,259690362,207799422,51935,37323,64675840,24817664,5692,11,/home/ahmed/atacseq_run/work/98/c80ed53b6bb6b28405af5a2329ccad,-,-,AMD Ryzen 5 7535U with Radeon Graphics
6,-,25390,NFCORE_ATACSEQ:ATACSEQ:FASTQ_FASTQC_UMITOOLS_TRIMGALORE:FASTQC,OSMOTIC_STRESS_T0_PE_REP1_T1,NFCORE_ATACSEQ:ATACSEQ:FASTQ_FASTQC_UMITOOLS_TRIMGALORE:FASTQC (OSMOTIC_STRESS_T0_PE_REP1_T1),COMPLETED,0,-,quay.io/biocontainers/fastqc:0.11.9--0,2,21600000,-,6442450944,1,1788310698737,1788310698832,1788310703940,5203,3000,-,256.2,5.2,405094400,3620610048,412237824,3683528704,32381252,4200046,30327,12538,53248,4579328,4,0,/home/ahmed/atacseq_run/work/7c/ffd2153251e6bfae423b2149ff07d5,-,-,AMD Ryzen 5 7535U with Radeon Graphics
11,-,25444,NFCORE_ATACSEQ:ATACSEQ:FASTQ_FASTQC_UMITOOLS_TRIMGALORE:TRIMGALORE,OSMOTIC_STRESS_T100_SE_REP1_T1,NFCORE_ATACSEQ:ATACSEQ:FASTQ_FASTQC_UMITOOLS_TRIMGALORE:TRIMGALORE (OSMOTIC_STRESS_T100_SE_REP1_T1),COMPLETED,0,-,quay.io/biocontainers/trim-galore:0.6.7--hdfd78af_0,2,21600000,-,6442450944,1,1788310703945,1788310704040,1788310709122,5177,4000,-,179.2,2.2,170565632,3206012928,171253760,3267121152,101164219,69415703,24588,15256,0,7360512,1261,4,/home/ahmed/atacseq_run/work/9a/6c63e5add8295f292c7153fc170dba,-,-,AMD Ryzen 5 7535U with Radeon Graphics
13,-,25487,NFCORE_ATACSEQ:ATACSEQ:FASTQ_FASTQC_UMITOOLS_TRIMGALORE:FASTQC,OSMOTIC_STRESS_T100_SE_REP2_T1,NFCORE_ATACSEQ:ATACSEQ:FASTQ_FASTQC_UMITOOLS_TRIMGALORE:FASTQC (OSMOTIC_STRESS_T100_SE_REP2_T1),COMPLETED,0,-,quay.io/biocontainers/fastqc:0.11.9--0,2,21600000,-,6442450944,1,1788310709127,1788310709222,1788310713348,4221,3000,-,215.8,3.3,252878848,3552448512,254881792,3556892672,26016246,2074668,17245,6275,0,2314240,4,1,/home/ahmed/atacseq_run/work/6d/561b5c6d019fa941ca71803ff763ab,-,-,AMD Ryzen 5 7535U with Radeon Graphics
12,-,25531,NFCORE_ATACSEQ:ATACSEQ:FASTQ_FASTQC_UMITOOLS_TRIMGALORE:TRIMGALORE,OSMOTIC_STRESS_T100_SE_REP2_T1,NFCORE_ATACSEQ:ATACSEQ:FASTQ_FASTQC_UMITOOLS_TRIMGALORE:TRIMGALORE (OSMOTIC_STRESS_T100_SE_REP2_T1),COMPLETED,0,-,quay.io/biocontainers/trim-galore:0.6.7--hdfd78af_0,2,21600000,-,6442450944,1,1788310713354,1788310713448,1788310719739,6385,6000,-,169.2,3.0,233500672,3278372864,233500672,3278376960,101575713,69876579,24629,15395,0,7364608,1258,7,/home/ahmed/atacseq_run/work/81/2bfc4b7ac6d84ab3bc4659a3e60541,-,-,AMD Ryzen 5 7535U with Radeon Graphics
9,-,25575,NFCORE_ATACSEQ:ATACSEQ:FASTQ_FASTQC_UMITOOLS_TRIMGALORE:FASTQC,OSMOTIC_STRESS_T0_PE_REP2_T1,NFCORE_ATACSEQ:ATACSEQ:FASTQ_FASTQC_UMITOOLS_TRIMGALORE:FASTQC (OSMOTIC_STRESS_T0_PE_REP2_T1),COMPLETED,0,-,quay.io/biocontainers/fastqc:0.11.9--0,2,21600000,-,6442450944,1,1788310719745,1788310719839,1788310724990,5245,3000,-,234.4,5.2,403251200,3620610048,407670784,3683528704,32426375,4172597,30393,12505,24576,4575232,4,1,/home/ahmed/atacseq_run/work/94/95f31c58417b0879e7d3fee6d9d948,-,-,AMD Ryzen 5 7535U with Radeon Graphics
8,-,25618,NFCORE_ATACSEQ:ATACSEQ:FASTQ_FASTQC_UMITOOLS_TRIMGALORE:TRIMGALORE,OSMOTIC_STRESS_T0_PE_REP2_T1,NFCORE_ATACSEQ:ATACSEQ:FASTQ_FASTQC_UMITOOLS_TRIMGALORE:TRIMGALORE (OSMOTIC_STRESS_T0_PE_REP2_T1),COMPLETED,0,-,quay.io/biocontainers/trim-galore:0.6.7--hdfd78af_0,2,21600000,-,6442450944,1,1788310724996,1788310725090,1788310736550,11554,11000,-,165.6,3.4,268562432,3280506880,268562432,3335323648,261531510,209635013,52706,37609,0,24989696,5898,12,/home/ahmed/atacseq_run/work/9d/b130f55d9723d4e52cf7426890670f,-,-,AMD Ryzen 5 7535U with Radeon Graphics
15,-,25662,NFCORE_ATACSEQ:ATACSEQ:FASTQ_FASTQC_UMITOOLS_TRIMGALORE:FASTQC,OSMOTIC_STRESS_T150_SE_REP1_T1,NFCORE_ATACSEQ:ATACSEQ:FASTQ_FASTQC_UMITOOLS_TRIMGALORE:FASTQC (OSMOTIC_STRESS_T150_SE_REP1_T1),COMPLETED,0,-,quay.io/biocontainers/fastqc:0.11.9--0,2,21600000,-,6442450944,1,1788310736554,1788310736650,1788310740771,4217,3000,-,214.3,2.9,228798464,3552448512,230240256,3553976320,26197620,2069157,17516,6262,0,2301952,4,1,/home/ahmed/atacseq_run/work/3c/d0a736a4e5a484ba7920298521997c,-,-,AMD Ryzen 5 7535U with Radeon Graphics
14,-,25703,NFCORE_ATACSEQ:ATACSEQ:FASTQ_FASTQC_UMITOOLS_TRIMGALORE:TRIMGALORE,OSMOTIC_STRESS_T150_SE_REP1_T1,NFCORE_ATACSEQ:ATACSEQ:FASTQ_FASTQC_UMITOOLS_TRIMGALORE:TRIMGALORE (OSMOTIC_STRESS_T150_SE_REP1_T1),COMPLETED,0,-,quay.io/biocontainers/trim-galore:0.6.7--hdfd78af_0,2,21600000,-,6442450944,1,1788310740775,1788310740871,1788310746109,5334,4000,-,180.5,2.1,165318656,3199959040,165318656,3267072000,103120298,71162606,25176,15613,0,7598080,1259,6,/home/ahmed/atacseq_run/work/b5/28bd19259477795f5fd33ae59f5913,-,-,AMD Ryzen 5 7535U with Radeon Graphics
16,-,25748,NFCORE_ATACSEQ:ATACSEQ:FASTQ_FASTQC_UMITOOLS_TRIMGALORE:TRIMGALORE,OSMOTIC_STRESS_T150_SE_REP1_T2,NFCORE_ATACSEQ:ATACSEQ:FASTQ_FASTQC_UMITOOLS_TRIMGALORE:TRIMGALORE (OSMOTIC_STRESS_T150_SE_REP1_T2),COMPLETED,0,-,quay.io/biocontainers/trim-galore:0.6.7--hdfd78af_0,2,21600000,-,6442450944,1,1788310746114,1788310746209,1788310751410,5296,5000,-,165.8,2.1,168509440,3202072576,168509440,3264991232,101946810,70043226,24883,15393,0,7479296,1216,8,/home/ahmed/atacseq_run/work/58/826622aec00259ccd0d9ca949863e9,-,-,AMD Ryzen 5 7535U with Radeon Graphics
20,-,25791,NFCORE_ATACSEQ:ATACSEQ:FASTQ_FASTQC_UMITOOLS_TRIMGALORE:FASTQC,OSMOTIC_STRESS_T15_PE_REP1_T2,NFCORE_ATACSEQ:ATACSEQ:FASTQ_FASTQC_UMITOOLS_TRIMGALORE:FASTQC (OSMOTIC_STRESS_T15_PE_REP1_T2),COMPLETED,0,-,quay.io/biocontainers/fastqc:0.11.9--0,2,21600000,-,6442450944,1,1788310751415,1788310751510,1788310756629,5214,4000,-,207.1,5.1,395476992,3620610048,399257600,3675803648,32614083,4205040,30778,12587,0,4571136,4,2,/home/ahmed/atacseq_run/work/b6/10bd490c078f422f51d1e614cb08f2,-,-,AMD Ryzen 5 7535U with Radeon Graphics
21,-,25834,NFCORE_ATACSEQ:ATACSEQ:FASTQ_FASTQC_UMITOOLS_TRIMGALORE:TRIMGALORE,OSMOTIC_STRESS_T15_PE_REP1_T2,NFCORE_ATACSEQ:ATACSEQ:FASTQ_FASTQC_UMITOOLS_TRIMGALORE:TRIMGALORE (OSMOTIC_STRESS_T15_PE_REP1_T2),COMPLETED,0,-,quay.io/biocontainers/trim-galore:0.6.7--hdfd78af_0,2,21600000,-,6442450944,1,1788310756634,1788310756729,1788310768898,12264,11000,-,169.7,3.0,235859968,3278483456,235859968,3278487552,262544655,210358505,53091,37655,0,25427968,5545,11,/home/ahmed/atacseq_run/work/17/366b9d89cfadd3de4ad828eff3d2c0,-,-,AMD Ryzen 5 7535U with Radeon Graphics
17,-,25879,NFCORE_ATACSEQ:ATACSEQ:FASTQ_FASTQC_UMITOOLS_TRIMGALORE:FASTQC,OSMOTIC_STRESS_T150_SE_REP1_T2,NFCORE_ATACSEQ:ATACSEQ:FASTQ_FASTQC_UMITOOLS_TRIMGALORE:FASTQC (OSMOTIC_STRESS_T150_SE_REP1_T2),COMPLETED,0,-,quay.io/biocontainers/fastqc:0.11.9--0,2,21600000,-,6442450944,1,1788310768903,1788310768998,1788310774178,5275,3000,-,134.0,2.7,211750912,3552448512,215941120,3552452608,26158043,2092669,17461,6272,0,2314240,4,1,/home/ahmed/atacseq_run/work/c1/30114663835980611f1a698d0b5948,-,-,AMD Ryzen 5 7535U with Radeon Graphics
19,-,25920,NFCORE_ATACSEQ:ATACSEQ:FASTQ_FASTQC_UMITOOLS_TRIMGALORE:FASTQC,OSMOTIC_STRESS_T15_PE_REP1_T1,NFCORE_ATACSEQ:ATACSEQ:FASTQ_FASTQC_UMITOOLS_TRIMGALORE:FASTQC (OSMOTIC_STRESS_T15_PE_REP1_T1),COMPLETED,0,-,quay.io/biocontainers/fastqc:0.11.9--0,2,21600000,-,6442450944,1,1788310774182,1788310774278,1788310779509,5327,4000,-,234.0,5.9,456478720,3620614144,460816384,3675803648,32632840,4171543,30793,12492,0,4554752,4,1,/home/ahmed/atacseq_run/work/18/dac875127b73b915be47463293305c,-,-,AMD Ryzen 5 7535U with Radeon Graphics
18,-,25964,NFCORE_ATACSEQ:ATACSEQ:FASTQ_FASTQC_UMITOOLS_TRIMGALORE:TRIMGALORE,OSMOTIC_STRESS_T15_PE_REP1_T1,NFCORE_ATACSEQ:ATACSEQ:FASTQ_FASTQC_UMITOOLS_TRIMGALORE:TRIMGALORE (OSMOTIC_STRESS_T15_PE_REP1_T1),COMPLETED,0,-,quay.io/biocontainers/trim-galore:0.6.7--hdfd78af_0,2,21600000,-,6442450944,1,1788310779513,1788310779609,1788310790631,11118,10000,-,183.8,2.6,205754368,3276406784,205754368,3276410880,266954707,214730565,53406,38217,0,25726976,5601,11,/home/ahmed/atacseq_run/work/95/609c0c0e5adcbc2ef25f7196e06e81,-,-,AMD Ryzen 5 7535U with Radeon Graphics
23,-,26008,NFCORE_ATACSEQ:ATACSEQ:PREPARE_GENOME:GET_AUTOSOMES,genome.fa.fai,NFCORE_ATACSEQ:ATACSEQ:PREPARE_GENOME:GET_AUTOSOMES (genome.fa.fai),COMPLETED,0,-,quay.io/biocontainers/python:3.8.3,1,14400000,-,6442450944,1,1788310790635,1788310790731,1788310792437,1802,0,-,96.8,0.1,12058624,35434496,12058624,35483648,664011,401,238,17,0,12288,1,2,/home/ahmed/atacseq_run/work/34/b1e2596550c54bb848604574b76a1c,-,-,AMD Ryzen 5 7535U with Radeon Graphics
22,-,26049,NFCORE_ATACSEQ:ATACSEQ:PREPARE_GENOME:GENOME_BLACKLIST_REGIONS,genome.fa.sizes,NFCORE_ATACSEQ:ATACSEQ:PREPARE_GENOME:GENOME_BLACKLIST_REGIONS (genome.fa.sizes),COMPLETED,0,-,quay.io/biocontainers/bedtools:2.30.0--hc088bd4_0,1,14400000,-,6442450944,1,1788310792441,1788310792537,1788310794250,1809,0,-,58.1,0.0,4206592,23150592,4206592,23154688,43669,807,145,49,3801088,12288,4,0,/home/ahmed/atacseq_run/work/2f/e43d5d810470e003d2b75d046c8f27,-,-,AMD Ryzen 5 7535U with Radeon Graphics
24,-,26091,NFCORE_ATACSEQ:ATACSEQ:PREPARE_GENOME:TSS_EXTRACT,-,NFCORE_ATACSEQ:ATACSEQ:PREPARE_GENOME:TSS_EXTRACT,COMPLETED,0,-,quay.io/nf-core/ubuntu:20.04,1,14400000,-,6442450944,1,1788310794254,1788310794351,1788310800156,5902,26,-,117.6,0.0,3014656,4079616,3014656,4087808,900307,612222,381,73,0,221184,3,0,/home/ahmed/atacseq_run/work/f5/15075546d9a5e130a96a01e5a440d6,-,-,AMD Ryzen 5 7535U with Radeon Graphics
25,-,26141,NFCORE_ATACSEQ:ATACSEQ:FASTQ_ALIGN_BWA:BWA_MEM,OSMOTIC_STRESS_T0_PE_REP1_T1,NFCORE_ATACSEQ:ATACSEQ:FASTQ_ALIGN_BWA:BWA_MEM (OSMOTIC_STRESS_T0_PE_REP1_T1),COMPLETED,0,-,quay.io/biocontainers/mulled-v2-fe8faa35dbf6dc65a0f7f5d4ea12e31a79f73e40:219b6c272b25e7e642ae3ff0bf0c5c81a5135ab4-0,2,21600000,-,6442450944,1,1788310800160,1788310800256,1788310825384,25224,5000,-,193.9,2.0,156106752,314097664,156106752,314101760,86093004,66566646,9563,14111,90112,11923456,6,0,/home/ahmed/atacseq_run/work/bd/db230f8be55be6e92401c2ac270a53,-,-,AMD Ryzen 5 7535U with Radeon Graphics
26,-,26197,NFCORE_ATACSEQ:ATACSEQ:FASTQ_ALIGN_BWA:BWA_MEM,OSMOTIC_STRESS_T100_SE_REP1_T1,NFCORE_ATACSEQ:ATACSEQ:FASTQ_ALIGN_BWA:BWA_MEM (OSMOTIC_STRESS_T100_SE_REP1_T1),COMPLETED,0,-,quay.io/biocontainers/mulled-v2-fe8faa35dbf6dc65a0f7f5d4ea12e31a79f73e40:219b6c272b25e7e642ae3ff0bf0c5c81a5135ab4-0,2,21600000,-,6442450944,1,1788310825388,1788310825484,1788310829374,3986,3000,-,189.2,1.4,112775168,540033024,115056640,542437376,52348752,32001469,4813,6733,0,6078464,239,2,/home/ahmed/atacseq_run/work/d7/7ecef9f685c121d5b40c3d9a6c5adb,-,-,AMD Ryzen 5 7535U with Radeon Graphics
27,-,26240,NFCORE_ATACSEQ:ATACSEQ:FASTQ_ALIGN_BWA:BWA_MEM,OSMOTIC_STRESS_T100_SE_REP2_T1,NFCORE_ATACSEQ:ATACSEQ:FASTQ_ALIGN_BWA:BWA_MEM (OSMOTIC_STRESS_T100_SE_REP2_T1),COMPLETED,0,-,quay.io/biocontainers/mulled-v2-fe8faa35dbf6dc65a0f7f5d4ea12e31a79f73e40:219b6c272b25e7e642ae3ff0bf0c5c81a5135ab4-0,2,21600000,-,6442450944,1,1788310829378,1788310829474,1788310833438,4060,3000,-,188.8,1.4,113819648,540033024,116162560,609546240,52688179,32314861,4790,6821,0,6049792,273,2,/home/ahmed/atacseq_run/work/8c/af3249cc8eec5b6c0323a20400933e,-,-,AMD Ryzen 5 7535U with Radeon Graphics
28,-,26283,NFCORE_ATACSEQ:ATACSEQ:FASTQ_ALIGN_BWA:BWA_MEM,OSMOTIC_STRESS_T0_PE_REP2_T1,NFCORE_ATACSEQ:ATACSEQ:FASTQ_ALIGN_BWA:BWA_MEM (OSMOTIC_STRESS_T0_PE_REP2_T1),COMPLETED,0,-,quay.io/biocontainers/mulled-v2-fe8faa35dbf6dc65a0f7f5d4ea12e31a79f73e40:219b6c272b25e7e642ae3ff0bf0c5c81a5135ab4-0,2,21600000,-,6442450944,1,1788310833441,1788310833537,1788310839657,6216,5000,-,192.0,2.0,157810688,546324480,181166080,551645184,86773097,67384925,9636,14269,0,12128256,594,1,/home/ahmed/atacseq_run/work/f8/5999269acbd91cabf0b19bbaa11f12,-,-,AMD Ryzen 5 7535U with Radeon Graphics
29,-,26329,NFCORE_ATACSEQ:ATACSEQ:FASTQ_ALIGN_BWA:BWA_MEM,OSMOTIC_STRESS_T150_SE_REP1_T1,NFCORE_ATACSEQ:ATACSEQ:FASTQ_ALIGN_BWA:BWA_MEM (OSMOTIC_STRESS_T150_SE_REP1_T1),COMPLETED,0,-,quay.io/biocontainers/mulled-v2-fe8faa35dbf6dc65a0f7f5d4ea12e31a79f73e40:219b6c272b25e7e642ae3ff0bf0c5c81a5135ab4-0,2,21600000,-,6442450944,1,1788310839662,1788310839757,1788310843675,4013,2000,-,188.6,1.0,79429632,305414144,79429632,305418240,53057061,32491548,4898,6859,0,6074368,5,1,/home/ahmed/atacseq_run/work/02/6ee0f10b7faa6bca29fe7f38a0386f,-,-,AMD Ryzen 5 7535U with Radeon Graphics
30,-,26372,NFCORE_ATACSEQ:ATACSEQ:FASTQ_ALIGN_BWA:BWA_MEM,OSMOTIC_STRESS_T150_SE_REP1_T2,NFCORE_ATACSEQ:ATACSEQ:FASTQ_ALIGN_BWA:BWA_MEM (OSMOTIC_STRESS_T150_SE_REP1_T2),COMPLETED,0,-,quay.io/biocontainers/mulled-v2-fe8faa35dbf6dc65a0f7f5d4ea12e31a79f73e40:219b6c272b25e7e642ae3ff0bf0c5c81a5135ab4-0,2,21600000,-,6442450944,1,1788310843679,1788310843775,1788310847527,3848,2000,-,187.5,1.0,80871424,305414144,80871424,305418240,52399624,31909115,4740,6715,0,6049792,6,2,/home/ahmed/atacseq_run/work/ff/e44bf63fbd5e9f39538805dc339c7a,-,-,AMD Ryzen 5 7535U with Radeon Graphics
31,-,26415,NFCORE_ATACSEQ:ATACSEQ:FASTQ_ALIGN_BWA:BWA_MEM,OSMOTIC_STRESS_T15_PE_REP1_T2,NFCORE_ATACSEQ:ATACSEQ:FASTQ_ALIGN_BWA:BWA_MEM (OSMOTIC_STRESS_T15_PE_REP1_T2),COMPLETED,0,-,quay.io/biocontainers/mulled-v2-fe8faa35dbf6dc65a0f7f5d4ea12e31a79f73e40:219b6c272b25e7e642ae3ff0bf0c5c81a5135ab4-0,2,21600000,-,6442450944,1,1788310847532,1788310847627,1788310853286,5754,5000,-,193.5,1.9,152829952,314093568,152829952,314097664,86403983,66701169,9774,14116,0,12038144,5,1,/home/ahmed/atacseq_run/work/20/7ca0cd22ec9fb6625f921288c609bf,-,-,AMD Ryzen 5 7535U with Radeon Graphics
32,-,26461,NFCORE_ATACSEQ:ATACSEQ:FASTQ_ALIGN_BWA:BWA_MEM,OSMOTIC_STRESS_T15_PE_REP1_T1,NFCORE_ATACSEQ:ATACSEQ:FASTQ_ALIGN_BWA:BWA_MEM (OSMOTIC_STRESS_T15_PE_REP1_T1),COMPLETED,0,-,quay.io/biocontainers/mulled-v2-fe8faa35dbf6dc65a0f7f5d4ea12e31a79f73e40:219b6c272b25e7e642ae3ff0bf0c5c81a5135ab4-0,2,21600000,-,6442450944,1,1788310853289,1788310853386,1788310859285,5996,5000,-,193.9,1.9,148635648,314097664,148635648,314101760,87694767,68131782,9751,14408,0,12324864,5,2,/home/ahmed/atacseq_run/work/cf/dfa42366de54aa0bf109deab58081c,-,-,AMD Ryzen 5 7535U with Radeon Graphics
33,-,26506,NFCORE_ATACSEQ:ATACSEQ:FASTQ_ALIGN_BWA:BAM_SORT_STATS_SAMTOOLS:SAMTOOLS_SORT,OSMOTIC_STRESS_T0_PE_REP1_T1,NFCORE_ATACSEQ:ATACSEQ:FASTQ_ALIGN_BWA:BAM_SORT_STATS_SAMTOOLS:SAMTOOLS_SORT (OSMOTIC_STRESS_T0_PE_REP1_T1),COMPLETED,0,-,quay.io/biocontainers/samtools:1.17--h00cdaf9_0,2,21600000,-,6442450944,1,1788310859289,1788310859385,1788310866104,6815,0,-,188.6,0.3,28966912,1855266816,28966912,1855270912,12015938,8711885,227,24,0,8720384,9,1,/home/ahmed/atacseq_run/work/d1/8e0ed9efdd9521ae1d8575533d37bf,-,-,AMD Ryzen 5 7535U with Radeon Graphics
34,-,26562,NFCORE_ATACSEQ:ATACSEQ:FASTQ_ALIGN_BWA:BAM_SORT_STATS_SAMTOOLS:SAMTOOLS_SORT,OSMOTIC_STRESS_T100_SE_REP1_T1,NFCORE_ATACSEQ:ATACSEQ:FASTQ_ALIGN_BWA:BAM_SORT_STATS_SAMTOOLS:SAMTOOLS_SORT (OSMOTIC_STRESS_T100_SE_REP1_T1),COMPLETED,0,-,quay.io/biocontainers/samtools:1.17--h00cdaf9_0,2,21600000,-,6442450944,1,1788310866108,1788310866204,1788310867062,954,0,-,184.1,0.4,30277632,1856839680,30277632,1856843776,6176194,4271018,224,22,0,4276224,14,0,/home/ahmed/atacseq_run/work/57/00814e61d4c6bc2c726e863add5b0d,-,-,AMD Ryzen 5 7535U with Radeon Graphics
35,-,26604,NFCORE_ATACSEQ:ATACSEQ:FASTQ_ALIGN_BWA:BAM_SORT_STATS_SAMTOOLS:SAMTOOLS_SORT,OSMOTIC_STRESS_T100_SE_REP2_T1,NFCORE_ATACSEQ:ATACSEQ:FASTQ_ALIGN_BWA:BAM_SORT_STATS_SAMTOOLS:SAMTOOLS_SORT (OSMOTIC_STRESS_T100_SE_REP2_T1),COMPLETED,0,-,quay.io/biocontainers/samtools:1.17--h00cdaf9_0,2,21600000,-,6442450944,1,1788310867066,1788310867162,1788310868031,965,0,-,179.3,0.4,30932992,1856839680,30932992,1856843776,6147902,4090776,224,21,0,4096000,9,0,/home/ahmed/atacseq_run/work/96/f8205b26c6b448b53459d7024cb3eb,-,-,AMD Ryzen 5 7535U with Radeon Graphics
36,-,26645,NFCORE_ATACSEQ:ATACSEQ:FASTQ_ALIGN_BWA:BAM_SORT_STATS_SAMTOOLS:SAMTOOLS_SORT,OSMOTIC_STRESS_T0_PE_REP2_T1,NFCORE_ATACSEQ:ATACSEQ:FASTQ_ALIGN_BWA:BAM_SORT_STATS_SAMTOOLS:SAMTOOLS_SORT (OSMOTIC_STRESS_T0_PE_REP2_T1),COMPLETED,0,-,quay.io/biocontainers/samtools:1.17--h00cdaf9_0,2,21600000,-,6442450944,1,1788310868035,1788310868131,1788310869271,1236,1000,-,188.7,0.3,29753344,1856839680,29753344,1856843776,12222470,8584383,227,24,0,8593408,7,0,/home/ahmed/atacseq_run/work/ab/d7bb66c788470a8d72e81cbdf240e5,-,-,AMD Ryzen 5 7535U with Radeon Graphics
37,-,26686,NFCORE_ATACSEQ:ATACSEQ:FASTQ_ALIGN_BWA:BAM_SORT_STATS_SAMTOOLS:SAMTOOLS_SORT,OSMOTIC_STRESS_T150_SE_REP1_T1,NFCORE_ATACSEQ:ATACSEQ:FASTQ_ALIGN_BWA:BAM_SORT_STATS_SAMTOOLS:SAMTOOLS_SORT (OSMOTIC_STRESS_T150_SE_REP1_T1),COMPLETED,0,-,quay.io/biocontainers/samtools:1.17--h00cdaf9_0,2,21600000,-,6442450944,1,1788310869275,1788310869372,1788310870268,993,1000,-,181.7,0.3,29097984,1855266816,29097984,1855270912,6173230,4328862,224,22,0,4333568,8,2,/home/ahmed/atacseq_run/work/6f/45f2ce9db146c8b868b21f816e51a4,-,-,AMD Ryzen 5 7535U with Radeon Graphics
38,-,26728,NFCORE_ATACSEQ:ATACSEQ:FASTQ_ALIGN_BWA:BAM_SORT_STATS_SAMTOOLS:SAMTOOLS_SORT,OSMOTIC_STRESS_T150_SE_REP1_T2,NFCORE_ATACSEQ:ATACSEQ:FASTQ_ALIGN_BWA:BAM_SORT_STATS_SAMTOOLS:SAMTOOLS_SORT (OSMOTIC_STRESS_T150_SE_REP1_T2),COMPLETED,0,-,quay.io/biocontainers/samtools:1.17--h00cdaf9_0,2,21600000,-,6442450944,1,1788310870271,1788310870368,1788310871275,1004,0,-,174.0,0.3,29884416,1856839680,29884416,1856843776,6149243,4409314,224,22,0,4415488,9,1,/home/ahmed/atacseq_run/work/b4/063798573234c088ba3304e3f87cf5,-,-,AMD Ryzen 5 7535U with Radeon Graphics
39,-,26769,NFCORE_ATACSEQ:ATACSEQ:FASTQ_ALIGN_BWA:BAM_SORT_STATS_SAMTOOLS:SAMTOOLS_SORT,OSMOTIC_STRESS_T15_PE_REP1_T2,NFCORE_ATACSEQ:ATACSEQ:FASTQ_ALIGN_BWA:BAM_SORT_STATS_SAMTOOLS:SAMTOOLS_SORT (OSMOTIC_STRESS_T15_PE_REP1_T2),COMPLETED,0,-,quay.io/biocontainers/samtools:1.17--h00cdaf9_0,2,21600000,-,6442450944,1,1788310871278,1788310871375,1788310872506,1228,1000,-,194.2,0.3,30015488,1856839680,30015488,1856843776,12130968,9056858,227,25,0,9064448,6,1,/home/ahmed/atacseq_run/work/f9/3cd25712f0ea189001f5bba58c9c15,-,-,AMD Ryzen 5 7535U with Radeon Graphics
40,-,26809,NFCORE_ATACSEQ:ATACSEQ:FASTQ_ALIGN_BWA:BAM_SORT_STATS_SAMTOOLS:SAMTOOLS_SORT,OSMOTIC_STRESS_T15_PE_REP1_T1,NFCORE_ATACSEQ:ATACSEQ:FASTQ_ALIGN_BWA:BAM_SORT_STATS_SAMTOOLS:SAMTOOLS_SORT (OSMOTIC_STRESS_T15_PE_REP1_T1),COMPLETED,0,-,quay.io/biocontainers/samtools:1.17--h00cdaf9_0,2,21600000,-,6442450944,1,1788310872510,1788310872606,1788310873734,1224,1000,-,192.9,0.4,33816576,1856839680,33816576,1856843776,12418433,9012957,227,24,0,9023488,13,0,/home/ahmed/atacseq_run/work/b6/2483234de15afb54e58ec9efc1e4c4,-,-,AMD Ryzen 5 7535U with Radeon Graphics
41,-,26850,NFCORE_ATACSEQ:ATACSEQ:FASTQ_ALIGN_BWA:BAM_SORT_STATS_SAMTOOLS:SAMTOOLS_INDEX,OSMOTIC_STRESS_T0_PE_REP1_T1,NFCORE_ATACSEQ:ATACSEQ:FASTQ_ALIGN_BWA:BAM_SORT_STATS_SAMTOOLS:SAMTOOLS_INDEX (OSMOTIC_STRESS_T0_PE_REP1_T1),COMPLETED,0,-,quay.io/biocontainers/samtools:1.17--h00cdaf9_0,2,14400000,-,6442450944,1,1788310873738,1788310873834,1788310874644,906,0,-,116.1,0.0,6684672,164413440,6684672,231661568,8814658,15065,1618,21,0,20480,401,0,/home/ahmed/atacseq_run/work/55/f348aa4bbed166d6efc5fb6e90ffef,-,-,AMD Ryzen 5 7535U with Radeon Graphics
42,-,26891,NFCORE_ATACSEQ:ATACSEQ:FASTQ_ALIGN_BWA:BAM_SORT_STATS_SAMTOOLS:SAMTOOLS_INDEX,OSMOTIC_STRESS_T100_SE_REP1_T1,NFCORE_ATACSEQ:ATACSEQ:FASTQ_ALIGN_BWA:BAM_SORT_STATS_SAMTOOLS:SAMTOOLS_INDEX (OSMOTIC_STRESS_T100_SE_REP1_T1),COMPLETED,0,-,quay.io/biocontainers/samtools:1.17--h00cdaf9_0,2,14400000,-,6442450944,1,1788310874647,1788310874744,1788310875494,847,0,-,90.6,0.0,7077888,164413440,7077888,231661568,4373803,18247,906,22,0,24576,462,0,/home/ahmed/atacseq_run/work/04/58121e01e79e67db5379942899fbb6,-,-,AMD Ryzen 5 7535U with Radeon Graphics
43,-,26934,NFCORE_ATACSEQ:ATACSEQ:FASTQ_ALIGN_BWA:BAM_SORT_STATS_SAMTOOLS:SAMTOOLS_INDEX,OSMOTIC_STRESS_T100_SE_REP2_T1,NFCORE_ATACSEQ:ATACSEQ:FASTQ_ALIGN_BWA:BAM_SORT_STATS_SAMTOOLS:SAMTOOLS_INDEX (OSMOTIC_STRESS_T100_SE_REP2_T1),COMPLETED,0,-,quay.io/biocontainers/samtools:1.17--h00cdaf9_0,2,14400000,-,6442450944,1,1788310875498,1788310875595,1788310876370,872,1000,-,115.8,0.1,7208960,164413440,7208960,231661568,4193558,19097,916,22,0,24576,501,1,/home/ahmed/atacseq_run/work/7b/b1e3daf4495f61300804a7f3326d13,-,-,AMD Ryzen 5 7535U with Radeon Graphics
44,-,26973,NFCORE_ATACSEQ:ATACSEQ:FASTQ_ALIGN_BWA:BAM_SORT_STATS_SAMTOOLS:SAMTOOLS_INDEX,OSMOTIC_STRESS_T0_PE_REP2_T1,NFCORE_ATACSEQ:ATACSEQ:FASTQ_ALIGN_BWA:BAM_SORT_STATS_SAMTOOLS:SAMTOOLS_INDEX (OSMOTIC_STRESS_T0_PE_REP2_T1),COMPLETED,0,-,quay.io/biocontainers/samtools:1.17--h00cdaf9_0,2,14400000,-,6442450944,1,1788310876374,1788310876470,1788310877211,837,0,-,125.0,0.0,6946816,164413440,6946816,231661568,8687161,16585,1636,21,0,20480,426,0,/home/ahmed/atacseq_run/work/2d/7dab83d2b92e54a6387f6891d3203a,-,-,AMD Ryzen 5 7535U with Radeon Graphics
45,-,27014,NFCORE_ATACSEQ:ATACSEQ:FASTQ_ALIGN_BWA:BAM_SORT_STATS_SAMTOOLS:SAMTOOLS_INDEX,OSMOTIC_STRESS_T150_SE_REP1_T1,NFCORE_ATACSEQ:ATACSEQ:FASTQ_ALIGN_BWA:BAM_SORT_STATS_SAMTOOLS:SAMTOOLS_INDEX (OSMOTIC_STRESS_T150_SE_REP1_T1),COMPLETED,0,-,quay.io/biocontainers/samtools:1.17--h00cdaf9_0,2,14400000,-,6442450944,1,1788310877214,1788310877311,1788310877971,757,0,-,97.0,0.0,7077888,164413440,7077888,231661568,4431643,16647,917,21,0,20480,474,0,/home/ahmed/atacseq_run/work/36/287cb129aa948e3f9ee07370e58185,-,-,AMD Ryzen 5 7535U with Radeon Graphics
46,-,27055,NFCORE_ATACSEQ:ATACSEQ:FASTQ_ALIGN_BWA:BAM_SORT_STATS_SAMTOOLS:SAMTOOLS_INDEX,OSMOTIC_STRESS_T150_SE_REP1_T2,NFCORE_ATACSEQ:ATACSEQ:FASTQ_ALIGN_BWA:BAM_SORT_STATS_SAMTOOLS:SAMTOOLS_INDEX (OSMOTIC_STRESS_T150_SE_REP1_T2),COMPLETED,0,-,quay.io/biocontainers/samtools:1.17--h00cdaf9_0,2,14400000,-,6442450944,1,1788310877974,1788310878071,1788310878759,785,0,-,99.1,0.0,6946816,164413440,6946816,231661568,4512101,16672,904,21,0,20480,493,0,/home/ahmed/atacseq_run/work/dd/c2713989f811e196da41fd506de876,-,-,AMD Ryzen 5 7535U with Radeon Graphics
47,-,27094,NFCORE_ATACSEQ:ATACSEQ:FASTQ_ALIGN_BWA:BAM_SORT_STATS_SAMTOOLS:SAMTOOLS_INDEX,OSMOTIC_STRESS_T15_PE_REP1_T2,NFCORE_ATACSEQ:ATACSEQ:FASTQ_ALIGN_BWA:BAM_SORT_STATS_SAMTOOLS:SAMTOOLS_INDEX (OSMOTIC_STRESS_T15_PE_REP1_T2),COMPLETED,0,-,quay.io/biocontainers/samtools:1.17--h00cdaf9_0,2,14400000,-,6442450944,1,1788310878762,1788310878859,1788310879593,831,0,-,110.5,0.0,6946816,164413440,6946816,231661568,9159639,15713,1618,21,0,20480,417,1,/home/ahmed/atacseq_run/work/dd/da921663b598fc0c2201080a2c7fba,-,-,AMD Ryzen 5 7535U with Radeon Graphics
48,-,27135,NFCORE_ATACSEQ:ATACSEQ:FASTQ_ALIGN_BWA:BAM_SORT_STATS_SAMTOOLS:SAMTOOLS_INDEX,OSMOTIC_STRESS_T15_PE_REP1_T1,NFCORE_ATACSEQ:ATACSEQ:FASTQ_ALIGN_BWA:BAM_SORT_STATS_SAMTOOLS:SAMTOOLS_INDEX (OSMOTIC_STRESS_T15_PE_REP1_T1),COMPLETED,0,-,quay.io/biocontainers/samtools:1.17--h00cdaf9_0,2,14400000,-,6442450944,1,1788310879597,1788310879694,1788310880436,839,0,-,118.4,0.0,6946816,164413440,6946816,231661568,9115738,15585,1644,21,0,20480,452,0,/home/ahmed/atacseq_run/work/6a/b8f8964fe5d3ae3e8860442e1a74b1,-,-,AMD Ryzen 5 7535U with Radeon Graphics
53,-,27176,NFCORE_ATACSEQ:ATACSEQ:PICARD_MERGESAMFILES_LIBRARY,OSMOTIC_STRESS_T150_SE_REP1,NFCORE_ATACSEQ:ATACSEQ:PICARD_MERGESAMFILES_LIBRARY (OSMOTIC_STRESS_T150_SE_REP1),COMPLETED,0,-,quay.io/biocontainers/picard:3.0.0--hdfd78af_1,2,21600000,-,6442450944,1,1788310880440,1788310880536,1788310954771,74331,3000,-,201.8,2.1,167034880,8414375936,167034880,8479109120,27403116,9569632,13695,318,0,9646080,19,0,/home/ahmed/atacseq_run/work/92/162b8c266ae5ca011c33a875be356d,-,-,AMD Ryzen 5 7535U with Radeon Graphics
49,-,27248,NFCORE_ATACSEQ:ATACSEQ:PICARD_MERGESAMFILES_LIBRARY,OSMOTIC_STRESS_T0_PE_REP1,NFCORE_ATACSEQ:ATACSEQ:PICARD_MERGESAMFILES_LIBRARY (OSMOTIC_STRESS_T0_PE_REP1),COMPLETED,0,-,quay.io/biocontainers/picard:3.0.0--hdfd78af_1,2,21600000,-,6442450944,1,1788310954775,1788310954871,1788310957615,2840,1000,-,171.8,0.0,18055168,43491328,18055168,43499520,8694250,797,5732,37,0,40960,18,2,/home/ahmed/atacseq_run/work/9f/1b9edd05922385d9860651010d5664,-,-,AMD Ryzen 5 7535U with Radeon Graphics
54,-,27292,NFCORE_ATACSEQ:ATACSEQ:PICARD_MERGESAMFILES_LIBRARY,OSMOTIC_STRESS_T15_PE_REP1,NFCORE_ATACSEQ:ATACSEQ:PICARD_MERGESAMFILES_LIBRARY (OSMOTIC_STRESS_T15_PE_REP1),COMPLETED,0,-,quay.io/biocontainers/picard:3.0.0--hdfd78af_1,2,21600000,-,6442450944,1,1788310957619,1788310957716,1788310963443,5824,4000,-,174.6,2.4,193097728,8414375936,194187264,8417751040,36735363,18871036,15198,392,0,18948096,19,0,/home/ahmed/atacseq_run/work/ae/c39be046e40cac524aa5eb717f8434,-,-,AMD Ryzen 5 7535U with Radeon Graphics
50,-,27340,NFCORE_ATACSEQ:ATACSEQ:PICARD_MERGESAMFILES_LIBRARY,OSMOTIC_STRESS_T100_SE_REP1,NFCORE_ATACSEQ:ATACSEQ:PICARD_MERGESAMFILES_LIBRARY (OSMOTIC_STRESS_T100_SE_REP1),COMPLETED,0,-,quay.io/biocontainers/picard:3.0.0--hdfd78af_1,2,21600000,-,6442450944,1,1788310963447,1788310963543,1788310966164,2717,0,-,180.6,0.0,18055168,43491328,18055168,43499520,8694213,797,5728,37,0,40960,18,1,/home/ahmed/atacseq_run/work/cd/ecfbf378fd39b44576c9d7e5c915d8,-,-,AMD Ryzen 5 7535U with Radeon Graphics
52,-,27382,NFCORE_ATACSEQ:ATACSEQ:PICARD_MERGESAMFILES_LIBRARY,OSMOTIC_STRESS_T0_PE_REP2,NFCORE_ATACSEQ:ATACSEQ:PICARD_MERGESAMFILES_LIBRARY (OSMOTIC_STRESS_T0_PE_REP2),COMPLETED,0,-,quay.io/biocontainers/picard:3.0.0--hdfd78af_1,2,21600000,-,6442450944,1,1788310966168,1788310966264,1788310968949,2781,1000,-,174.7,0.0,17924096,43491328,17924096,43499520,8694143,797,5721,37,0,40960,18,0,/home/ahmed/atacseq_run/work/9e/16eec2e372561347ca4cbf3a256d73,-,-,AMD Ryzen 5 7535U with Radeon Graphics
51,-,27425,NFCORE_ATACSEQ:ATACSEQ:PICARD_MERGESAMFILES_LIBRARY,OSMOTIC_STRESS_T100_SE_REP2,NFCORE_ATACSEQ:ATACSEQ:PICARD_MERGESAMFILES_LIBRARY (OSMOTIC_STRESS_T100_SE_REP2),COMPLETED,0,-,quay.io/biocontainers/picard:3.0.0--hdfd78af_1,2,21600000,-,6442450944,1,1788310968952,1788310969049,1788310971721,2769,1000,-,173.5,0.0,14647296,37851136,14647296,37855232,8694090,797,5715,37,0,40960,9,0,/home/ahmed/atacseq_run/work/7e/ca1821ca2f0b286d20ec06e9560451,-,-,AMD Ryzen 5 7535U with Radeon Graphics
56,-,27468,NFCORE_ATACSEQ:ATACSEQ:FASTQ_ALIGN_BWA:BAM_SORT_STATS_SAMTOOLS:BAM_STATS_SAMTOOLS:SAMTOOLS_IDXSTATS,OSMOTIC_STRESS_T0_PE_REP1_T1,NFCORE_ATACSEQ:ATACSEQ:FASTQ_ALIGN_BWA:BAM_SORT_STATS_SAMTOOLS:BAM_STATS_SAMTOOLS:SAMTOOLS_IDXSTATS (OSMOTIC_STRESS_T0_PE_REP1_T1),COMPLETED,0,-,quay.io/biocontainers/samtools:1.17--h00cdaf9_0,1,14400000,-,6442450944,1,1788310971724,1788310971821,1788310972560,836,0,-,81.8,0.0,3145728,5640192,3145728,5644288,122742,5297,224,19,0,12288,2,0,/home/ahmed/atacseq_run/work/58/56d28eec1209056f0ee9896eca501c,-,-,AMD Ryzen 5 7535U with Radeon Graphics
55,-,27512,NFCORE_ATACSEQ:ATACSEQ:FASTQ_ALIGN_BWA:BAM_SORT_STATS_SAMTOOLS:BAM_STATS_SAMTOOLS:SAMTOOLS_FLAGSTAT,OSMOTIC_STRESS_T0_PE_REP1_T1,NFCORE_ATACSEQ:ATACSEQ:FASTQ_ALIGN_BWA:BAM_SORT_STATS_SAMTOOLS:BAM_STATS_SAMTOOLS:SAMTOOLS_FLAGSTAT (OSMOTIC_STRESS_T0_PE_REP1_T1),COMPLETED,0,-,quay.io/biocontainers/samtools:1.17--h00cdaf9_0,1,14400000,-,6442450944,1,1788310972563,1788310972660,1788310973525,962,0,-,127.7,0.0,7077888,164413440,7077888,231661568,8814792,5474,1618,19,0,12288,427,0,/home/ahmed/atacseq_run/work/ba/eb01fe3216ffec40ee7b2426a72dc4,-,-,AMD Ryzen 5 7535U with Radeon Graphics
63,-,27552,NFCORE_ATACSEQ:ATACSEQ:FASTQ_ALIGN_BWA:BAM_SORT_STATS_SAMTOOLS:BAM_STATS_SAMTOOLS:SAMTOOLS_IDXSTATS,OSMOTIC_STRESS_T0_PE_REP2_T1,NFCORE_ATACSEQ:ATACSEQ:FASTQ_ALIGN_BWA:BAM_SORT_STATS_SAMTOOLS:BAM_STATS_SAMTOOLS:SAMTOOLS_IDXSTATS (OSMOTIC_STRESS_T0_PE_REP2_T1),COMPLETED,0,-,quay.io/biocontainers/samtools:1.17--h00cdaf9_0,1,14400000,-,6442450944,1,1788310973528,1788310973626,1788310974379,851,0,-,106.7,0.0,3276800,5640192,3276800,5644288,124264,5301,224,19,0,12288,2,0,/home/ahmed/atacseq_run/work/81/7eae11a3a59ac4e7fd68f1f1d6e415,-,-,AMD Ryzen 5 7535U with Radeon Graphics
62,-,27595,NFCORE_ATACSEQ:ATACSEQ:FASTQ_ALIGN_BWA:BAM_SORT_STATS_SAMTOOLS:BAM_STATS_SAMTOOLS:SAMTOOLS_FLAGSTAT,OSMOTIC_STRESS_T100_SE_REP2_T1,NFCORE_ATACSEQ:ATACSEQ:FASTQ_ALIGN_BWA:BAM_SORT_STATS_SAMTOOLS:BAM_STATS_SAMTOOLS:SAMTOOLS_FLAGSTAT (OSMOTIC_STRESS_T100_SE_REP2_T1),COMPLETED,0,-,quay.io/biocontainers/samtools:1.17--h00cdaf9_0,1,14400000,-,6442450944,1,1788310974382,1788310974479,1788310975242,860,0,-,117.4,0.1,7208960,164413440,7208960,231661568,4193694,5437,916,19,0,12288,435,0,/home/ahmed/atacseq_run/work/47/64f55c33173b353a6f1a168518b353,-,-,AMD Ryzen 5 7535U with Radeon Graphics
61,-,27636,NFCORE_ATACSEQ:ATACSEQ:FASTQ_ALIGN_BWA:BAM_SORT_STATS_SAMTOOLS:BAM_STATS_SAMTOOLS:SAMTOOLS_FLAGSTAT,OSMOTIC_STRESS_T100_SE_REP1_T1,NFCORE_ATACSEQ:ATACSEQ:FASTQ_ALIGN_BWA:BAM_SORT_STATS_SAMTOOLS:BAM_STATS_SAMTOOLS:SAMTOOLS_FLAGSTAT (OSMOTIC_STRESS_T100_SE_REP1_T1),COMPLETED,0,-,quay.io/biocontainers/samtools:1.17--h00cdaf9_0,1,14400000,-,6442450944,1,1788310975244,1788310975342,1788310976103,859,0,-,122.4,0.1,7340032,164413440,7340032,231661568,4373932,5438,906,19,0,12288,506,0,/home/ahmed/atacseq_run/work/98/3ab4e423fdf9b6f08776b7a6ba0dc2,-,-,AMD Ryzen 5 7535U with Radeon Graphics
65,-,27680,NFCORE_ATACSEQ:ATACSEQ:FASTQ_ALIGN_BWA:BAM_SORT_STATS_SAMTOOLS:BAM_STATS_SAMTOOLS:SAMTOOLS_IDXSTATS,OSMOTIC_STRESS_T150_SE_REP1_T1,NFCORE_ATACSEQ:ATACSEQ:FASTQ_ALIGN_BWA:BAM_SORT_STATS_SAMTOOLS:BAM_STATS_SAMTOOLS:SAMTOOLS_IDXSTATS (OSMOTIC_STRESS_T150_SE_REP1_T1),COMPLETED,0,-,quay.io/biocontainers/samtools:1.17--h00cdaf9_0,1,14400000,-,6442450944,1,1788310976106,1788310976202,1788310976966,860,0,-,55.8,0.0,3276800,5640192,3276800,5644288,124325,5280,224,19,0,12288,2,0,/home/ahmed/atacseq_run/work/96/4d68349e72d6e2c83b87fe68d16a7a,-,-,AMD Ryzen 5 7535U with Radeon Graphics
64,-,27722,NFCORE_ATACSEQ:ATACSEQ:FASTQ_ALIGN_BWA:BAM_SORT_STATS_SAMTOOLS:BAM_STATS_SAMTOOLS:SAMTOOLS_FLAGSTAT,OSMOTIC_STRESS_T0_PE_REP2_T1,NFCORE_ATACSEQ:ATACSEQ:FASTQ_ALIGN_BWA:BAM_SORT_STATS_SAMTOOLS:BAM_STATS_SAMTOOLS:SAMTOOLS_FLAGSTAT (OSMOTIC_STRESS_T0_PE_REP2_T1),COMPLETED,0,-,quay.io/biocontainers/samtools:1.17--h00cdaf9_0,1,14400000,-,6442450944,1,1788310976969,1788310977066,1788310977800,831,0,-,126.8,0.0,7077888,164413440,7077888,231661568,8687286,5476,1636,19,0,12288,421,0,/home/ahmed/atacseq_run/work/1b/9b344e99c95c53e9109110949bf61b,-,-,AMD Ryzen 5 7535U with Radeon Graphics
67,-,27763,NFCORE_ATACSEQ:ATACSEQ:FASTQ_ALIGN_BWA:BAM_SORT_STATS_SAMTOOLS:BAM_STATS_SAMTOOLS:SAMTOOLS_FLAGSTAT,OSMOTIC_STRESS_T150_SE_REP1_T1,NFCORE_ATACSEQ:ATACSEQ:FASTQ_ALIGN_BWA:BAM_SORT_STATS_SAMTOOLS:BAM_STATS_SAMTOOLS:SAMTOOLS_FLAGSTAT (OSMOTIC_STRESS_T150_SE_REP1_T1),COMPLETED,0,-,quay.io/biocontainers/samtools:1.17--h00cdaf9_0,1,14400000,-,6442450944,1,1788310977803,1788310977899,1788310978608,805,0,-,105.5,0.0,6946816,164413440,6946816,231661568,4431777,5437,917,19,0,12288,468,0,/home/ahmed/atacseq_run/work/7e/660d77b3745f7d942afe7f86e07459,-,-,AMD Ryzen 5 7535U with Radeon Graphics
60,-,27806,NFCORE_ATACSEQ:ATACSEQ:FASTQ_ALIGN_BWA:BAM_SORT_STATS_SAMTOOLS:BAM_STATS_SAMTOOLS:SAMTOOLS_IDXSTATS,OSMOTIC_STRESS_T100_SE_REP2_T1,NFCORE_ATACSEQ:ATACSEQ:FASTQ_ALIGN_BWA:BAM_SORT_STATS_SAMTOOLS:BAM_STATS_SAMTOOLS:SAMTOOLS_IDXSTATS (OSMOTIC_STRESS_T100_SE_REP2_T1),COMPLETED,0,-,quay.io/biocontainers/samtools:1.17--h00cdaf9_0,1,14400000,-,6442450944,1,1788310978611,1788310978708,1788310979410,799,0,-,83.7,0.0,3276800,5640192,3276800,5644288,126778,5279,224,19,0,12288,2,0,/home/ahmed/atacseq_run/work/3e/f0cc0ad408fb352c4aa2d3327f7947,-,-,AMD Ryzen 5 7535U with Radeon Graphics
58,-,27848,NFCORE_ATACSEQ:ATACSEQ:FASTQ_ALIGN_BWA:BAM_SORT_STATS_SAMTOOLS:BAM_STATS_SAMTOOLS:SAMTOOLS_IDXSTATS,OSMOTIC_STRESS_T100_SE_REP1_T1,NFCORE_ATACSEQ:ATACSEQ:FASTQ_ALIGN_BWA:BAM_SORT_STATS_SAMTOOLS:BAM_STATS_SAMTOOLS:SAMTOOLS_IDXSTATS (OSMOTIC_STRESS_T100_SE_REP1_T1),COMPLETED,0,-,quay.io/biocontainers/samtools:1.17--h00cdaf9_0,1,14400000,-,6442450944,1,1788310979415,1788310979510,1788310980163,748,0,-,51.1,0.0,3276800,5640192,3276800,5644288,125925,5280,224,19,0,12288,2,0,/home/ahmed/atacseq_run/work/15/1aa7de4880ae2184321d7547a475b9,-,-,AMD Ryzen 5 7535U with Radeon Graphics
70,-,27891,NFCORE_ATACSEQ:ATACSEQ:FASTQ_ALIGN_BWA:BAM_SORT_STATS_SAMTOOLS:BAM_STATS_SAMTOOLS:SAMTOOLS_FLAGSTAT,OSMOTIC_STRESS_T15_PE_REP1_T2,NFCORE_ATACSEQ:ATACSEQ:FASTQ_ALIGN_BWA:BAM_SORT_STATS_SAMTOOLS:BAM_STATS_SAMTOOLS:SAMTOOLS_FLAGSTAT (OSMOTIC_STRESS_T15_PE_REP1_T2),COMPLETED,0,-,quay.io/biocontainers/samtools:1.17--h00cdaf9_0,1,14400000,-,6442450944,1,1788310980167,1788310980263,1788310981126,959,0,-,123.4,0.0,7077888,164413440,7077888,231661568,9159769,5474,1618,19,0,12288,457,0,/home/ahmed/atacseq_run/work/f6/f341aff98ef7ab98d489e420a9c981,-,-,AMD Ryzen 5 7535U with Radeon Graphics
69,-,27934,NFCORE_ATACSEQ:ATACSEQ:FASTQ_ALIGN_BWA:BAM_SORT_STATS_SAMTOOLS:BAM_STATS_SAMTOOLS:SAMTOOLS_FLAGSTAT,OSMOTIC_STRESS_T150_SE_REP1_T2,NFCORE_ATACSEQ:ATACSEQ:FASTQ_ALIGN_BWA:BAM_SORT_STATS_SAMTOOLS:BAM_STATS_SAMTOOLS:SAMTOOLS_FLAGSTAT (OSMOTIC_STRESS_T150_SE_REP1_T2),COMPLETED,0,-,quay.io/biocontainers/samtools:1.17--h00cdaf9_0,1,14400000,-,6442450944,1,1788310981130,1788310981227,1788310981958,828,0,-,120.0,0.1,7208960,164413440,7208960,231661568,4512234,5438,904,19,0,12288,456,0,/home/ahmed/atacseq_run/work/30/407a2eb672d848394e7c07a97df49a,-,-,AMD Ryzen 5 7535U with Radeon Graphics
78,-,27977,NFCORE_ATACSEQ:ATACSEQ:FASTQ_ALIGN_BWA:BAM_SORT_STATS_SAMTOOLS:BAM_STATS_SAMTOOLS:SAMTOOLS_IDXSTATS,OSMOTIC_STRESS_T15_PE_REP1_T1,NFCORE_ATACSEQ:ATACSEQ:FASTQ_ALIGN_BWA:BAM_SORT_STATS_SAMTOOLS:BAM_STATS_SAMTOOLS:SAMTOOLS_IDXSTATS (OSMOTIC_STRESS_T15_PE_REP1_T1),COMPLETED,0,-,quay.io/biocontainers/samtools:1.17--h00cdaf9_0,1,14400000,-,6442450944,1,1788310981961,1788310982058,1788310982739,778,0,-,78.3,0.0,3276800,5640192,3276800,5644288,123264,5298,224,19,0,12288,2,0,/home/ahmed/atacseq_run/work/f0/11e6b9fac89a0801033650a41393c5,-,-,AMD Ryzen 5 7535U with Radeon Graphics
71,-,28021,NFCORE_ATACSEQ:ATACSEQ:FASTQ_ALIGN_BWA:BAM_SORT_STATS_SAMTOOLS:BAM_STATS_SAMTOOLS:SAMTOOLS_IDXSTATS,OSMOTIC_STRESS_T150_SE_REP1_T2,NFCORE_ATACSEQ:ATACSEQ:FASTQ_ALIGN_BWA:BAM_SORT_STATS_SAMTOOLS:BAM_STATS_SAMTOOLS:SAMTOOLS_IDXSTATS (OSMOTIC_STRESS_T150_SE_REP1_T2),COMPLETED,0,-,quay.io/biocontainers/samtools:1.17--h00cdaf9_0,1,14400000,-,6442450944,1,1788310982742,1788310982839,1788310983500,758,0,-,83.7,0.0,3276800,5640192,3276800,5644288,124354,5280,224,19,0,12288,2,0,/home/ahmed/atacseq_run/work/e5/d7d7f7ef400f044773ac9658a9af63,-,-,AMD Ryzen 5 7535U with Radeon Graphics
72,-,28062,NFCORE_ATACSEQ:ATACSEQ:FASTQ_ALIGN_BWA:BAM_SORT_STATS_SAMTOOLS:BAM_STATS_SAMTOOLS:SAMTOOLS_FLAGSTAT,OSMOTIC_STRESS_T15_PE_REP1_T1,NFCORE_ATACSEQ:ATACSEQ:FASTQ_ALIGN_BWA:BAM_SORT_STATS_SAMTOOLS:BAM_STATS_SAMTOOLS:SAMTOOLS_FLAGSTAT (OSMOTIC_STRESS_T15_PE_REP1_T1),COMPLETED,0,-,quay.io/biocontainers/samtools:1.17--h00cdaf9_0,1,14400000,-,6442450944,1,1788310983504,1788310983600,1788310984348,844,1000,-,120.0,0.0,6815744,164413440,6815744,231661568,9115868,5474,1644,19,0,12288,424,1,/home/ahmed/atacseq_run/work/40/91fcc5417289e2c140507206c954c9,-,-,AMD Ryzen 5 7535U with Radeon Graphics
77,-,28105,NFCORE_ATACSEQ:ATACSEQ:FASTQ_ALIGN_BWA:BAM_SORT_STATS_SAMTOOLS:BAM_STATS_SAMTOOLS:SAMTOOLS_IDXSTATS,OSMOTIC_STRESS_T15_PE_REP1_T2,NFCORE_ATACSEQ:ATACSEQ:FASTQ_ALIGN_BWA:BAM_SORT_STATS_SAMTOOLS:BAM_STATS_SAMTOOLS:SAMTOOLS_IDXSTATS (OSMOTIC_STRESS_T15_PE_REP1_T2),COMPLETED,0,-,quay.io/biocontainers/samtools:1.17--h00cdaf9_0,1,14400000,-,6442450944,1,1788310984351,1788310984448,1788310985137,786,0,-,57.1,0.0,3145728,5640192,3145728,5644288,123387,5301,224,19,0,12288,2,0,/home/ahmed/atacseq_run/work/78/d2ba6a39ef4a6ccd61fd280ef37761,-,-,AMD Ryzen 5 7535U with Radeon Graphics
66,-,28151,NFCORE_ATACSEQ:ATACSEQ:FASTQ_ALIGN_BWA:BAM_SORT_STATS_SAMTOOLS:BAM_STATS_SAMTOOLS:SAMTOOLS_STATS,OSMOTIC_STRESS_T100_SE_REP2_T1,NFCORE_ATACSEQ:ATACSEQ:FASTQ_ALIGN_BWA:BAM_SORT_STATS_SAMTOOLS:BAM_STATS_SAMTOOLS:SAMTOOLS_STATS (OSMOTIC_STRESS_T100_SE_REP2_T1),COMPLETED,0,-,quay.io/biocontainers/samtools:1.17--h00cdaf9_0,1,14400000,-,6442450944,1,1788310985140,1788310985237,1788310986029,889,0,-,116.3,0.1,7471104,165953536,7471104,233050112,4194312,40433,916,27,0,45056,4,0,/home/ahmed/atacseq_run/work/bd/bbe9c5aadc0eee67062cf8efa93fd1,-,-,AMD Ryzen 5 7535U with Radeon Graphics
76,-,28194,NFCORE_ATACSEQ:ATACSEQ:FASTQ_ALIGN_BWA:BAM_SORT_STATS_SAMTOOLS:BAM_STATS_SAMTOOLS:SAMTOOLS_STATS,OSMOTIC_STRESS_T15_PE_REP1_T1,NFCORE_ATACSEQ:ATACSEQ:FASTQ_ALIGN_BWA:BAM_SORT_STATS_SAMTOOLS:BAM_STATS_SAMTOOLS:SAMTOOLS_STATS (OSMOTIC_STRESS_T15_PE_REP1_T1),COMPLETED,0,-,quay.io/biocontainers/samtools:1.17--h00cdaf9_0,1,14400000,-,6442450944,1,1788310986033,1788310986130,1788310987069,1036,0,-,127.5,0.1,7602176,165953536,7602176,233050112,9116494,68302,1644,34,0,73728,4,1,/home/ahmed/atacseq_run/work/1b/3fce3185dbfd62e85d8dbd6aef35bd,-,-,AMD Ryzen 5 7535U with Radeon Graphics
73,-,28240,NFCORE_ATACSEQ:ATACSEQ:FASTQ_ALIGN_BWA:BAM_SORT_STATS_SAMTOOLS:BAM_STATS_SAMTOOLS:SAMTOOLS_STATS,OSMOTIC_STRESS_T150_SE_REP1_T1,NFCORE_ATACSEQ:ATACSEQ:FASTQ_ALIGN_BWA:BAM_SORT_STATS_SAMTOOLS:BAM_STATS_SAMTOOLS:SAMTOOLS_STATS (OSMOTIC_STRESS_T150_SE_REP1_T1),COMPLETED,0,-,quay.io/biocontainers/samtools:1.17--h00cdaf9_0,1,14400000,-,6442450944,1,1788310987073,1788310987170,1788310987976,903,0,-,124.1,0.1,7471104,165953536,7471104,233050112,4432397,38417,917,27,0,45056,2,0,/home/ahmed/atacseq_run/work/9f/1e51b14097d2e2787a93f24b9efce2,-,-,AMD Ryzen 5 7535U with Radeon Graphics
75,-,28285,NFCORE_ATACSEQ:ATACSEQ:FASTQ_ALIGN_BWA:BAM_SORT_STATS_SAMTOOLS:BAM_STATS_SAMTOOLS:SAMTOOLS_STATS,OSMOTIC_STRESS_T15_PE_REP1_T2,NFCORE_ATACSEQ:ATACSEQ:FASTQ_ALIGN_BWA:BAM_SORT_STATS_SAMTOOLS:BAM_STATS_SAMTOOLS:SAMTOOLS_STATS (OSMOTIC_STRESS_T15_PE_REP1_T2),COMPLETED,0,-,quay.io/biocontainers/samtools:1.17--h00cdaf9_0,1,14400000,-,6442450944,1,1788310987980,1788310988077,1788310988998,1018,0,-,131.7,0.1,7471104,165953536,7471104,233050112,9160395,67453,1618,34,0,73728,4,4,/home/ahmed/atacseq_run/work/04/7045714181205deb526853c54ddb7e,-,-,AMD Ryzen 5 7535U with Radeon Graphics
59,-,28330,NFCORE_ATACSEQ:ATACSEQ:FASTQ_ALIGN_BWA:BAM_SORT_STATS_SAMTOOLS:BAM_STATS_SAMTOOLS:SAMTOOLS_STATS,OSMOTIC_STRESS_T100_SE_REP1_T1,NFCORE_ATACSEQ:ATACSEQ:FASTQ_ALIGN_BWA:BAM_SORT_STATS_SAMTOOLS:BAM_STATS_SAMTOOLS:SAMTOOLS_STATS (OSMOTIC_STRESS_T100_SE_REP1_T1),COMPLETED,0,-,quay.io/biocontainers/samtools:1.17--h00cdaf9_0,1,14400000,-,6442450944,1,1788310989002,1788310989098,1788310989892,890,0,-,121.2,0.1,7471104,165953536,7471104,233050112,4374553,38576,906,27,0,45056,4,3,/home/ahmed/atacseq_run/work/da/fdad98b05e923792d651419020e3e6,-,-,AMD Ryzen 5 7535U with Radeon Graphics
74,-,28375,NFCORE_ATACSEQ:ATACSEQ:FASTQ_ALIGN_BWA:BAM_SORT_STATS_SAMTOOLS:BAM_STATS_SAMTOOLS:SAMTOOLS_STATS,OSMOTIC_STRESS_T150_SE_REP1_T2,NFCORE_ATACSEQ:ATACSEQ:FASTQ_ALIGN_BWA:BAM_SORT_STATS_SAMTOOLS:BAM_STATS_SAMTOOLS:SAMTOOLS_STATS (OSMOTIC_STRESS_T150_SE_REP1_T2),COMPLETED,0,-,quay.io/biocontainers/samtools:1.17--h00cdaf9_0,1,14400000,-,6442450944,1,1788310989895,1788310989992,1788310990799,904,0,-,123.1,0.1,7471104,165953536,7471104,233050112,4512854,37626,904,26,0,40960,3,1,/home/ahmed/atacseq_run/work/28/05c507e74e3bb71b20163a01657db7,-,-,AMD Ryzen 5 7535U with Radeon Graphics
68,-,28418,NFCORE_ATACSEQ:ATACSEQ:FASTQ_ALIGN_BWA:BAM_SORT_STATS_SAMTOOLS:BAM_STATS_SAMTOOLS:SAMTOOLS_STATS,OSMOTIC_STRESS_T0_PE_REP2_T1,NFCORE_ATACSEQ:ATACSEQ:FASTQ_ALIGN_BWA:BAM_SORT_STATS_SAMTOOLS:BAM_STATS_SAMTOOLS:SAMTOOLS_STATS (OSMOTIC_STRESS_T0_PE_REP2_T1),COMPLETED,0,-,quay.io/biocontainers/samtools:1.17--h00cdaf9_0,1,14400000,-,6442450944,1,1788310990804,1788310990899,1788310991803,999,0,-,129.2,0.1,7733248,165953536,7733248,233050112,8687918,73667,1636,35,0,77824,3,2,/home/ahmed/atacseq_run/work/c0/07e72016a872672f70f36507b59274,-,-,AMD Ryzen 5 7535U with Radeon Graphics
57,-,28463,NFCORE_ATACSEQ:ATACSEQ:FASTQ_ALIGN_BWA:BAM_SORT_STATS_SAMTOOLS:BAM_STATS_SAMTOOLS:SAMTOOLS_STATS,OSMOTIC_STRESS_T0_PE_REP1_T1,NFCORE_ATACSEQ:ATACSEQ:FASTQ_ALIGN_BWA:BAM_SORT_STATS_SAMTOOLS:BAM_STATS_SAMTOOLS:SAMTOOLS_STATS (OSMOTIC_STRESS_T0_PE_REP1_T1),COMPLETED,0,-,quay.io/biocontainers/samtools:1.17--h00cdaf9_0,1,14400000,-,6442450944,1,1788310991807,1788310991903,1788310992782,975,0,-,134.6,0.1,7340032,165953536,7340032,233050112,8815420,69149,1618,34,0,73728,3,1,/home/ahmed/atacseq_run/work/63/4be9b9cae14bf9e01fe8a2a986b407,-,-,AMD Ryzen 5 7535U with Radeon Graphics
79,-,28508,NFCORE_ATACSEQ:ATACSEQ:MERGED_LIBRARY_MARKDUPLICATES_PICARD:PICARD_MARKDUPLICATES,OSMOTIC_STRESS_T150_SE_REP1,NFCORE_ATACSEQ:ATACSEQ:MERGED_LIBRARY_MARKDUPLICATES_PICARD:PICARD_MARKDUPLICATES (OSMOTIC_STRESS_T150_SE_REP1),COMPLETED,0,-,quay.io/biocontainers/picard:3.0.0--hdfd78af_1,2,21600000,-,6442450944,1,1788310992785,1788310992881,1788311005088,12303,10000,-,148.2,27.6,2128793600,8618860544,2128793600,8685977600,36063155,9760410,15515,337,9519104,9920512,32,0,/home/ahmed/atacseq_run/work/9d/d0c977f85d35e657571132252859c0,-,-,AMD Ryzen 5 7535U with Radeon Graphics
80,-,28553,NFCORE_ATACSEQ:ATACSEQ:MERGED_LIBRARY_MARKDUPLICATES_PICARD:PICARD_MARKDUPLICATES,OSMOTIC_STRESS_T0_PE_REP1,NFCORE_ATACSEQ:ATACSEQ:MERGED_LIBRARY_MARKDUPLICATES_PICARD:PICARD_MARKDUPLICATES (OSMOTIC_STRESS_T0_PE_REP1),COMPLETED,0,-,quay.io/biocontainers/picard:3.0.0--hdfd78af_1,2,21600000,-,6442450944,1,1788311005093,1788311005188,1788311013839,8746,7000,-,170.7,28.9,2228846592,8755183616,2228846592,8822300672,35907561,9795515,17257,347,2293760,9928704,11,0,/home/ahmed/atacseq_run/work/85/ec73dd9dda04138447a983bafa4779,-,-,AMD Ryzen 5 7535U with Radeon Graphics
81,-,28598,NFCORE_ATACSEQ:ATACSEQ:MERGED_LIBRARY_MARKDUPLICATES_PICARD:PICARD_MARKDUPLICATES,OSMOTIC_STRESS_T15_PE_REP1,NFCORE_ATACSEQ:ATACSEQ:MERGED_LIBRARY_MARKDUPLICATES_PICARD:PICARD_MARKDUPLICATES (OSMOTIC_STRESS_T15_PE_REP1),COMPLETED,0,-,quay.io/biocontainers/picard:3.0.0--hdfd78af_1,2,21600000,-,6442450944,1,1788311013843,1788311013939,1788311024890,11047,9000,-,162.0,31.0,2387378176,8687026176,2388164608,8687034368,54351922,19126720,20045,427,18382848,19288064,18,1,/home/ahmed/atacseq_run/work/08/bd3494cdff34d2f79b78023294ffc4,-,-,AMD Ryzen 5 7535U with Radeon Graphics
82,-,28643,NFCORE_ATACSEQ:ATACSEQ:MERGED_LIBRARY_MARKDUPLICATES_PICARD:PICARD_MARKDUPLICATES,OSMOTIC_STRESS_T100_SE_REP1,NFCORE_ATACSEQ:ATACSEQ:MERGED_LIBRARY_MARKDUPLICATES_PICARD:PICARD_MARKDUPLICATES (OSMOTIC_STRESS_T100_SE_REP1),COMPLETED,0,-,quay.io/biocontainers/picard:3.0.0--hdfd78af_1,2,21600000,-,6442450944,1,1788311024893,1788311024991,1788311032173,7280,5000,-,189.7,24.1,1859674112,8618860544,1859674112,8685977600,27121966,5203669,14125,302,4272128,5279744,19,1,/home/ahmed/atacseq_run/work/5f/9485e3c3b87f6bd1371af1acacd088,-,-,AMD Ryzen 5 7535U with Radeon Graphics
83,-,28689,NFCORE_ATACSEQ:ATACSEQ:MERGED_LIBRARY_MARKDUPLICATES_PICARD:PICARD_MARKDUPLICATES,OSMOTIC_STRESS_T0_PE_REP2,NFCORE_ATACSEQ:ATACSEQ:MERGED_LIBRARY_MARKDUPLICATES_PICARD:PICARD_MARKDUPLICATES (OSMOTIC_STRESS_T0_PE_REP2),COMPLETED,0,-,quay.io/biocontainers/picard:3.0.0--hdfd78af_1,2,21600000,-,6442450944,1,1788311032177,1788311032274,1788311041244,9067,7000,-,180.2,26.0,2005737472,8618860544,2005737472,8618868736,35519254,9696058,19126,349,4280320,9805824,13,2,/home/ahmed/atacseq_run/work/c0/361ba357fb1a456c2cd0160c9e37e8,-,-,AMD Ryzen 5 7535U with Radeon Graphics
84,-,28735,NFCORE_ATACSEQ:ATACSEQ:MERGED_LIBRARY_MARKDUPLICATES_PICARD:PICARD_MARKDUPLICATES,OSMOTIC_STRESS_T100_SE_REP2,NFCORE_ATACSEQ:ATACSEQ:MERGED_LIBRARY_MARKDUPLICATES_PICARD:PICARD_MARKDUPLICATES (OSMOTIC_STRESS_T100_SE_REP2),COMPLETED,0,-,quay.io/biocontainers/picard:3.0.0--hdfd78af_1,2,21600000,-,6442450944,1,1788311041248,1788311041344,1788311054252,13004,11000,-,142.1,23.6,1818603520,8618860544,1818603520,8618868736,26677653,5028133,14120,301,4087808,5103616,11,2,/home/ahmed/atacseq_run/work/9a/099399739951c99cb6ddb91fcd7d05,-,-,AMD Ryzen 5 7535U with Radeon Graphics
85,-,28780,NFCORE_ATACSEQ:ATACSEQ:MERGED_LIBRARY_MARKDUPLICATES_PICARD:SAMTOOLS_INDEX,OSMOTIC_STRESS_T150_SE_REP1,NFCORE_ATACSEQ:ATACSEQ:MERGED_LIBRARY_MARKDUPLICATES_PICARD:SAMTOOLS_INDEX (OSMOTIC_STRESS_T150_SE_REP1),COMPLETED,0,-,quay.io/biocontainers/samtools:1.17--h00cdaf9_0,2,14400000,-,6442450944,1,1788311054260,1788311054352,1788311055125,865,0,-,116.8,0.0,7077888,164413440,7077888,231661568,9162892,14979,1701,21,2551808,20480,357,0,/home/ahmed/atacseq_run/work/6b/394a2b880c1d4c9f71c173b1b5373b,-,-,AMD Ryzen 5 7535U with Radeon Graphics
86,-,28822,NFCORE_ATACSEQ:ATACSEQ:MERGED_LIBRARY_MARKDUPLICATES_PICARD:SAMTOOLS_INDEX,OSMOTIC_STRESS_T0_PE_REP1,NFCORE_ATACSEQ:ATACSEQ:MERGED_LIBRARY_MARKDUPLICATES_PICARD:SAMTOOLS_INDEX (OSMOTIC_STRESS_T0_PE_REP1),COMPLETED,0,-,quay.io/biocontainers/samtools:1.17--h00cdaf9_0,2,14400000,-,6442450944,1,1788311055129,1788311055225,1788311055989,860,0,-,120.0,0.0,6946816,164413440,6946816,231661568,9193430,15211,1721,21,5169152,20480,425,0,/home/ahmed/atacseq_run/work/b7/29d1147edb68b3a3cd30f892f1d9bf,-,-,AMD Ryzen 5 7535U with Radeon Graphics
87,-,28864,NFCORE_ATACSEQ:ATACSEQ:MERGED_LIBRARY_MARKDUPLICATES_PICARD:SAMTOOLS_INDEX,OSMOTIC_STRESS_T15_PE_REP1,NFCORE_ATACSEQ:ATACSEQ:MERGED_LIBRARY_MARKDUPLICATES_PICARD:SAMTOOLS_INDEX (OSMOTIC_STRESS_T15_PE_REP1),COMPLETED,0,-,quay.io/biocontainers/samtools:1.17--h00cdaf9_0,2,14400000,-,6442450944,1,1788311055992,1788311056089,1788311056929,937,0,-,148.1,0.0,6815744,164413440,6815744,231661568,18526255,15123,3243,21,0,20480,430,0,/home/ahmed/atacseq_run/work/ae/a6ef2ee4188126daaf5660ae612f53,-,-,AMD Ryzen 5 7535U with Radeon Graphics
88,-,28903,NFCORE_ATACSEQ:ATACSEQ:MERGED_LIBRARY_MARKDUPLICATES_PICARD:SAMTOOLS_INDEX,OSMOTIC_STRESS_T100_SE_REP1,NFCORE_ATACSEQ:ATACSEQ:MERGED_LIBRARY_MARKDUPLICATES_PICARD:SAMTOOLS_INDEX (OSMOTIC_STRESS_T100_SE_REP1),COMPLETED,0,-,quay.io/biocontainers/samtools:1.17--h00cdaf9_0,2,14400000,-,6442450944,1,1788311056941,1788311057029,1788311057917,976,0,-,118.0,0.0,6946816,164413440,6946816,231661568,4606224,18243,957,22,0,24576,462,0,/home/ahmed/atacseq_run/work/14/856670521c8cccc0c67f3f84836dcb,-,-,AMD Ryzen 5 7535U with Radeon Graphics
89,-,28944,NFCORE_ATACSEQ:ATACSEQ:MERGED_LIBRARY_MARKDUPLICATES_PICARD:SAMTOOLS_INDEX,OSMOTIC_STRESS_T0_PE_REP2,NFCORE_ATACSEQ:ATACSEQ:MERGED_LIBRARY_MARKDUPLICATES_PICARD:SAMTOOLS_INDEX (OSMOTIC_STRESS_T0_PE_REP2),COMPLETED,0,-,quay.io/biocontainers/samtools:1.17--h00cdaf9_0,2,14400000,-,6442450944,1,1788311057923,1788311058017,1788311058952,1029,0,-,104.3,0.0,6815744,164413440,6815744,231661568,9090860,16619,1737,21,0,20480,430,0,/home/ahmed/atacseq_run/work/da/0a004d180cfb5561616d97c2cdec5a,-,-,AMD Ryzen 5 7535U with Radeon Graphics
90,-,28986,NFCORE_ATACSEQ:ATACSEQ:MERGED_LIBRARY_MARKDUPLICATES_PICARD:SAMTOOLS_INDEX,OSMOTIC_STRESS_T100_SE_REP2,NFCORE_ATACSEQ:ATACSEQ:MERGED_LIBRARY_MARKDUPLICATES_PICARD:SAMTOOLS_INDEX (OSMOTIC_STRESS_T100_SE_REP2),COMPLETED,0,-,quay.io/biocontainers/samtools:1.17--h00cdaf9_0,2,14400000,-,6442450944,1,1788311058955,1788311059052,1788311059847,892,0,-,105.9,0.0,6946816,164413440,6946816,231661568,4430683,19090,967,22,0,24576,486,0,/home/ahmed/atacseq_run/work/70/b96c2d999298d57d159bb7a6fd6592,-,-,AMD Ryzen 5 7535U with Radeon Graphics
91,-,29027,NFCORE_ATACSEQ:ATACSEQ:MERGED_LIBRARY_FILTER_BAM:BAMTOOLS_FILTER,OSMOTIC_STRESS_T150_SE_REP1,NFCORE_ATACSEQ:ATACSEQ:MERGED_LIBRARY_FILTER_BAM:BAMTOOLS_FILTER (OSMOTIC_STRESS_T150_SE_REP1),COMPLETED,0,-,quay.io/biocontainers/mulled-v2-0560a8046fc82aa4338588eca29ff18edab2c5aa:5687a7da26983502d0a8a9a6b05ed727c740ddc4-0,2,21600000,-,6442450944,1,1788311059851,1788311059947,1788311061990,2139,1000,-,127.7,0.1,11403264,21266432,11534336,21397504,14891431,11220452,2584,1267,11710464,5517312,445,13,/home/ahmed/atacseq_run/work/1f/e4d1b983d0b799f4050e969ea2d663,-,-,AMD Ryzen 5 7535U with Radeon Graphics
92,-,29089,NFCORE_ATACSEQ:ATACSEQ:MERGED_LIBRARY_FILTER_BAM:BAMTOOLS_FILTER,OSMOTIC_STRESS_T0_PE_REP1,NFCORE_ATACSEQ:ATACSEQ:MERGED_LIBRARY_FILTER_BAM:BAMTOOLS_FILTER (OSMOTIC_STRESS_T0_PE_REP1),COMPLETED,0,-,quay.io/biocontainers/mulled-v2-0560a8046fc82aa4338588eca29ff18edab2c5aa:5687a7da26983502d0a8a9a6b05ed727c740ddc4-0,2,21600000,-,6442450944,1,1788311061994,1788311062091,1788311063828,1834,1000,-,133.3,0.2,12050432,21258240,12050432,21393408,14376999,10037098,2512,1126,0,4882432,11,2,/home/ahmed/atacseq_run/work/92/c9c5b84aa253b1fbabf50e8c96545a,-,-,AMD Ryzen 5 7535U with Radeon Graphics
93,-,29139,NFCORE_ATACSEQ:ATACSEQ:MERGED_LIBRARY_FILTER_BAM:BAMTOOLS_FILTER,OSMOTIC_STRESS_T15_PE_REP1,NFCORE_ATACSEQ:ATACSEQ:MERGED_LIBRARY_FILTER_BAM:BAMTOOLS_FILTER (OSMOTIC_STRESS_T15_PE_REP1),COMPLETED,0,-,quay.io/biocontainers/mulled-v2-0560a8046fc82aa4338588eca29ff18edab2c5aa:5687a7da26983502d0a8a9a6b05ed727c740ddc4-0,2,21600000,-,6442450944,1,1788311063832,1788311063927,1788311067105,3273,2000,-,134.0,0.2,11796480,21274624,11796480,21405696,30649714,23580539,5122,2722,0,11485184,794,9,/home/ahmed/atacseq_run/work/af/f6acb64d33f2efa37f2497857e46f5,-,-,AMD Ryzen 5 7535U with Radeon Graphics
94,-,29190,NFCORE_ATACSEQ:ATACSEQ:MERGED_LIBRARY_FILTER_BAM:BAMTOOLS_FILTER,OSMOTIC_STRESS_T100_SE_REP1,NFCORE_ATACSEQ:ATACSEQ:MERGED_LIBRARY_FILTER_BAM:BAMTOOLS_FILTER (OSMOTIC_STRESS_T100_SE_REP1),COMPLETED,0,-,quay.io/biocontainers/mulled-v2-0560a8046fc82aa4338588eca29ff18edab2c5aa:5687a7da26983502d0a8a9a6b05ed727c740ddc4-0,2,21600000,-,6442450944,1,1788311067109,1788311067205,1788311068384,1275,1000,-,132.5,0.2,11923456,21258240,11923456,21393408,7085530,4825761,1341,530,0,2371584,12,4,/home/ahmed/atacseq_run/work/af/38cd7657c11738935676e7549f4899,-,-,AMD Ryzen 5 7535U with Radeon Graphics
95,-,29238,NFCORE_ATACSEQ:ATACSEQ:MERGED_LIBRARY_FILTER_BAM:BAMTOOLS_FILTER,OSMOTIC_STRESS_T0_PE_REP2,NFCORE_ATACSEQ:ATACSEQ:MERGED_LIBRARY_FILTER_BAM:BAMTOOLS_FILTER (OSMOTIC_STRESS_T0_PE_REP2),COMPLETED,0,-,quay.io/biocontainers/mulled-v2-0560a8046fc82aa4338588eca29ff18edab2c5aa:5687a7da26983502d0a8a9a6b05ed727c740ddc4-0,2,21600000,-,6442450944,1,1788311068389,1788311068485,1788311070298,1909,1000,-,132.6,0.2,12058624,21262336,12058624,21393408,13573851,8635041,2413,947,0,4177920,10,2,/home/ahmed/atacseq_run/work/4a/918f9e7bfa5f3573db20b0adab797d,-,-,AMD Ryzen 5 7535U with Radeon Graphics
96,-,29288,NFCORE_ATACSEQ:ATACSEQ:MERGED_LIBRARY_FILTER_BAM:BAMTOOLS_FILTER,OSMOTIC_STRESS_T100_SE_REP2,NFCORE_ATACSEQ:ATACSEQ:MERGED_LIBRARY_FILTER_BAM:BAMTOOLS_FILTER (OSMOTIC_STRESS_T100_SE_REP2),COMPLETED,0,-,quay.io/biocontainers/mulled-v2-0560a8046fc82aa4338588eca29ff18edab2c5aa:5687a7da26983502d0a8a9a6b05ed727c740ddc4-0,2,21600000,-,6442450944,1,1788311070303,1788311070398,1788311071506,1203,1000,-,133.6,0.2,11923456,21123072,12054528,21393408,6480417,3973652,1292,438,0,1949696,11,2,/home/ahmed/atacseq_run/work/57/fe44afd375320d1f49f7356cd8bfdd,-,-,AMD Ryzen 5 7535U with Radeon Graphics
98,-,29337,NFCORE_ATACSEQ:ATACSEQ:MERGED_LIBRARY_MARKDUPLICATES_PICARD:BAM_STATS_SAMTOOLS:SAMTOOLS_IDXSTATS,OSMOTIC_STRESS_T150_SE_REP1,NFCORE_ATACSEQ:ATACSEQ:MERGED_LIBRARY_MARKDUPLICATES_PICARD:BAM_STATS_SAMTOOLS:SAMTOOLS_IDXSTATS (OSMOTIC_STRESS_T150_SE_REP1),COMPLETED,0,-,quay.io/biocontainers/samtools:1.17--h00cdaf9_0,1,14400000,-,6442450944,1,1788311071510,1788311071607,1788311072288,778,0,-,81.8,0.0,3145728,5640192,3145728,5644288,134560,5279,225,19,0,12288,2,0,/home/ahmed/atacseq_run/work/fd/ad94c08610461875be754c532f2bcd,-,-,AMD Ryzen 5 7535U with Radeon Graphics
99,-,29381,NFCORE_ATACSEQ:ATACSEQ:MERGED_LIBRARY_MARKDUPLICATES_PICARD:BAM_STATS_SAMTOOLS:SAMTOOLS_FLAGSTAT,OSMOTIC_STRESS_T0_PE_REP1,NFCORE_ATACSEQ:ATACSEQ:MERGED_LIBRARY_MARKDUPLICATES_PICARD:BAM_STATS_SAMTOOLS:SAMTOOLS_FLAGSTAT (OSMOTIC_STRESS_T0_PE_REP1),COMPLETED,0,-,quay.io/biocontainers/samtools:1.17--h00cdaf9_0,1,14400000,-,6442450944,1,1788311072292,1788311072388,1788311073115,823,0,-,115.9,0.0,6815744,164413440,6815744,231661568,9193562,5474,1721,19,0,12288,459,0,/home/ahmed/atacseq_run/work/87/f8826809241d2b7a460628cb94c345,-,-,AMD Ryzen 5 7535U with Radeon Graphics
101,-,29424,NFCORE_ATACSEQ:ATACSEQ:MERGED_LIBRARY_MARKDUPLICATES_PICARD:BAM_STATS_SAMTOOLS:SAMTOOLS_FLAGSTAT,OSMOTIC_STRESS_T15_PE_REP1,NFCORE_ATACSEQ:ATACSEQ:MERGED_LIBRARY_MARKDUPLICATES_PICARD:BAM_STATS_SAMTOOLS:SAMTOOLS_FLAGSTAT (OSMOTIC_STRESS_T15_PE_REP1),COMPLETED,0,-,quay.io/biocontainers/samtools:1.17--h00cdaf9_0,1,14400000,-,6442450944,1,1788311073123,1788311073215,1788311074021,898,0,-,129.2,0.1,7077888,164413440,7077888,231661568,18526392,5478,3243,19,0,12288,441,0,/home/ahmed/atacseq_run/work/42/cfba96b7dfb78a61f75c27e4c9f481,-,-,AMD Ryzen 5 7535U with Radeon Graphics
102,-,29467,NFCORE_ATACSEQ:ATACSEQ:MERGED_LIBRARY_MARKDUPLICATES_PICARD:BAM_STATS_SAMTOOLS:SAMTOOLS_FLAGSTAT,OSMOTIC_STRESS_T100_SE_REP1,NFCORE_ATACSEQ:ATACSEQ:MERGED_LIBRARY_MARKDUPLICATES_PICARD:BAM_STATS_SAMTOOLS:SAMTOOLS_FLAGSTAT (OSMOTIC_STRESS_T100_SE_REP1),COMPLETED,0,-,quay.io/biocontainers/samtools:1.17--h00cdaf9_0,1,14400000,-,6442450944,1,1788311074025,1788311074121,1788311074842,817,0,-,123.7,0.0,6946816,164413440,6946816,231661568,4606352,5440,957,19,0,12288,474,1,/home/ahmed/atacseq_run/work/fd/9756308649897d9970420da001b7cf,-,-,AMD Ryzen 5 7535U with Radeon Graphics
100,-,29511,NFCORE_ATACSEQ:ATACSEQ:MERGED_LIBRARY_MARKDUPLICATES_PICARD:BAM_STATS_SAMTOOLS:SAMTOOLS_IDXSTATS,OSMOTIC_STRESS_T0_PE_REP1,NFCORE_ATACSEQ:ATACSEQ:MERGED_LIBRARY_MARKDUPLICATES_PICARD:BAM_STATS_SAMTOOLS:SAMTOOLS_IDXSTATS (OSMOTIC_STRESS_T0_PE_REP1),COMPLETED,0,-,quay.io/biocontainers/samtools:1.17--h00cdaf9_0,1,14400000,-,6442450944,1,1788311074845,1788311074941,1788311075668,823,0,-,78.7,0.0,3276800,5640192,3276800,5644288,133511,5291,225,19,0,12288,2,0,/home/ahmed/atacseq_run/work/49/68109731ac1f9278f0916864aac8c2,-,-,AMD Ryzen 5 7535U with Radeon Graphics
104,-,29552,NFCORE_ATACSEQ:ATACSEQ:MERGED_LIBRARY_MARKDUPLICATES_PICARD:BAM_STATS_SAMTOOLS:SAMTOOLS_FLAGSTAT,OSMOTIC_STRESS_T100_SE_REP2,NFCORE_ATACSEQ:ATACSEQ:MERGED_LIBRARY_MARKDUPLICATES_PICARD:BAM_STATS_SAMTOOLS:SAMTOOLS_FLAGSTAT (OSMOTIC_STRESS_T100_SE_REP2),COMPLETED,0,-,quay.io/biocontainers/samtools:1.17--h00cdaf9_0,1,14400000,-,6442450944,1,1788311075672,1788311075769,1788311076527,855,0,-,104.3,0.0,7077888,164413440,7077888,231661568,4430816,5439,967,19,0,12288,474,0,/home/ahmed/atacseq_run/work/50/7b98a997f2edab47bb4878f1530ebb,-,-,AMD Ryzen 5 7535U with Radeon Graphics
97,-,29595,NFCORE_ATACSEQ:ATACSEQ:MERGED_LIBRARY_MARKDUPLICATES_PICARD:BAM_STATS_SAMTOOLS:SAMTOOLS_FLAGSTAT,OSMOTIC_STRESS_T150_SE_REP1,NFCORE_ATACSEQ:ATACSEQ:MERGED_LIBRARY_MARKDUPLICATES_PICARD:BAM_STATS_SAMTOOLS:SAMTOOLS_FLAGSTAT (OSMOTIC_STRESS_T150_SE_REP1),COMPLETED,0,-,quay.io/biocontainers/samtools:1.17--h00cdaf9_0,1,14400000,-,6442450944,1,1788311076530,1788311076627,1788311077441,911,0,-,120.8,0.0,6815744,164413440,6815744,231661568,9163028,5444,1701,19,0,12288,412,1,/home/ahmed/atacseq_run/work/5e/4cd2be446ef09879355c0ee25f3e3e,-,-,AMD Ryzen 5 7535U with Radeon Graphics
103,-,29638,NFCORE_ATACSEQ:ATACSEQ:MERGED_LIBRARY_MARKDUPLICATES_PICARD:BAM_STATS_SAMTOOLS:SAMTOOLS_FLAGSTAT,OSMOTIC_STRESS_T0_PE_REP2,NFCORE_ATACSEQ:ATACSEQ:MERGED_LIBRARY_MARKDUPLICATES_PICARD:BAM_STATS_SAMTOOLS:SAMTOOLS_FLAGSTAT (OSMOTIC_STRESS_T0_PE_REP2),COMPLETED,0,-,quay.io/biocontainers/samtools:1.17--h00cdaf9_0,1,14400000,-,6442450944,1,1788311077445,1788311077541,1788311078301,856,1000,-,126.3,0.0,6946816,164413440,6946816,231661568,9090988,5478,1737,19,0,12288,424,0,/home/ahmed/atacseq_run/work/69/bb35b87b65a6e2b9c5edd5dab495ff,-,-,AMD Ryzen 5 7535U with Radeon Graphics
112,-,29681,NFCORE_ATACSEQ:ATACSEQ:MERGED_LIBRARY_MARKDUPLICATES_PICARD:BAM_STATS_SAMTOOLS:SAMTOOLS_IDXSTATS,OSMOTIC_STRESS_T100_SE_REP1,NFCORE_ATACSEQ:ATACSEQ:MERGED_LIBRARY_MARKDUPLICATES_PICARD:BAM_STATS_SAMTOOLS:SAMTOOLS_IDXSTATS (OSMOTIC_STRESS_T100_SE_REP1),COMPLETED,0,-,quay.io/biocontainers/samtools:1.17--h00cdaf9_0,1,14400000,-,6442450944,1,1788311078305,1788311078401,1788311079068,763,0,-,75.0,0.0,3014656,5640192,3014656,5644288,137556,5274,225,19,0,12288,2,1,/home/ahmed/atacseq_run/work/e3/9b44a6da5e861a42522dc4bef99b1b,-,-,AMD Ryzen 5 7535U with Radeon Graphics
114,-,29724,NFCORE_ATACSEQ:ATACSEQ:MERGED_LIBRARY_MARKDUPLICATES_PICARD:BAM_STATS_SAMTOOLS:SAMTOOLS_IDXSTATS,OSMOTIC_STRESS_T100_SE_REP2,NFCORE_ATACSEQ:ATACSEQ:MERGED_LIBRARY_MARKDUPLICATES_PICARD:BAM_STATS_SAMTOOLS:SAMTOOLS_IDXSTATS (OSMOTIC_STRESS_T100_SE_REP2),COMPLETED,0,-,quay.io/biocontainers/samtools:1.17--h00cdaf9_0,1,14400000,-,6442450944,1,1788311079071,1788311079168,1788311079920,849,0,-,78.3,0.0,3145728,5640192,3145728,5644288,138462,5273,225,19,0,12288,2,0,/home/ahmed/atacseq_run/work/d2/14b7fa0a2f66b19e85f913fbd59e40,-,-,AMD Ryzen 5 7535U with Radeon Graphics
113,-,29764,NFCORE_ATACSEQ:ATACSEQ:MERGED_LIBRARY_MARKDUPLICATES_PICARD:BAM_STATS_SAMTOOLS:SAMTOOLS_IDXSTATS,OSMOTIC_STRESS_T0_PE_REP2,NFCORE_ATACSEQ:ATACSEQ:MERGED_LIBRARY_MARKDUPLICATES_PICARD:BAM_STATS_SAMTOOLS:SAMTOOLS_IDXSTATS (OSMOTIC_STRESS_T0_PE_REP2),COMPLETED,0,-,quay.io/biocontainers/samtools:1.17--h00cdaf9_0,1,14400000,-,6442450944,1,1788311079924,1788311080020,1788311080810,886,0,-,61.0,0.0,3145728,5640192,3145728,5644288,135507,5294,225,19,0,12288,2,0,/home/ahmed/atacseq_run/work/ed/374a48fede80078ba32efcc0ff892f,-,-,AMD Ryzen 5 7535U with Radeon Graphics
106,-,29807,NFCORE_ATACSEQ:ATACSEQ:MERGED_LIBRARY_MARKDUPLICATES_PICARD:BAM_STATS_SAMTOOLS:SAMTOOLS_IDXSTATS,OSMOTIC_STRESS_T15_PE_REP1,NFCORE_ATACSEQ:ATACSEQ:MERGED_LIBRARY_MARKDUPLICATES_PICARD:BAM_STATS_SAMTOOLS:SAMTOOLS_IDXSTATS (OSMOTIC_STRESS_T15_PE_REP1),COMPLETED,0,-,quay.io/biocontainers/samtools:1.17--h00cdaf9_0,1,14400000,-,6442450944,1,1788311080814,1788311080911,1788311081634,820,0,-,76.6,0.0,3276800,5640192,3276800,5644288,134042,5305,225,19,0,12288,2,0,/home/ahmed/atacseq_run/work/2f/7205159c7da98191373d760c4c50f4,-,-,AMD Ryzen 5 7535U with Radeon Graphics
111,-,29850,NFCORE_ATACSEQ:ATACSEQ:MERGED_LIBRARY_MARKDUPLICATES_PICARD:BAM_STATS_SAMTOOLS:SAMTOOLS_STATS,OSMOTIC_STRESS_T100_SE_REP2,NFCORE_ATACSEQ:ATACSEQ:MERGED_LIBRARY_MARKDUPLICATES_PICARD:BAM_STATS_SAMTOOLS:SAMTOOLS_STATS (OSMOTIC_STRESS_T100_SE_REP2),COMPLETED,0,-,quay.io/biocontainers/samtools:1.17--h00cdaf9_0,1,14400000,-,6442450944,1,1788311081638,1788311081734,1788311082637,999,0,-,126.6,0.1,7471104,165957632,7471104,233054208,4434922,40436,968,27,0,45056,2,1,/home/ahmed/atacseq_run/work/5f/dc9ee4ec70131d86bc3b7c9259aa7e,-,-,AMD Ryzen 5 7535U with Radeon Graphics
110,-,29894,NFCORE_ATACSEQ:ATACSEQ:MERGED_LIBRARY_MARKDUPLICATES_PICARD:BAM_STATS_SAMTOOLS:SAMTOOLS_STATS,OSMOTIC_STRESS_T0_PE_REP2,NFCORE_ATACSEQ:ATACSEQ:MERGED_LIBRARY_MARKDUPLICATES_PICARD:BAM_STATS_SAMTOOLS:SAMTOOLS_STATS (OSMOTIC_STRESS_T0_PE_REP2),COMPLETED,0,-,quay.io/biocontainers/samtools:1.17--h00cdaf9_0,1,14400000,-,6442450944,1,1788311082641,1788311082737,1788311083741,1100,0,-,129.0,0.1,7733248,165957632,7733248,233205760,9095096,73672,1738,35,0,77824,4,2,/home/ahmed/atacseq_run/work/35/b92d8b7f13a70424b1377132bb89ba,-,-,AMD Ryzen 5 7535U with Radeon Graphics
109,-,29939,NFCORE_ATACSEQ:ATACSEQ:MERGED_LIBRARY_MARKDUPLICATES_PICARD:BAM_STATS_SAMTOOLS:SAMTOOLS_STATS,OSMOTIC_STRESS_T100_SE_REP1,NFCORE_ATACSEQ:ATACSEQ:MERGED_LIBRARY_MARKDUPLICATES_PICARD:BAM_STATS_SAMTOOLS:SAMTOOLS_STATS (OSMOTIC_STRESS_T100_SE_REP1),COMPLETED,0,-,quay.io/biocontainers/samtools:1.17--h00cdaf9_0,1,14400000,-,6442450944,1,1788311083745,1788311083841,1788311084719,974,0,-,121.8,0.1,7340032,165957632,7340032,233054208,4610463,38581,958,27,0,45056,3,2,/home/ahmed/atacseq_run/work/60/f56a668f3bce321a76f00a3976e8e8,-,-,AMD Ryzen 5 7535U with Radeon Graphics
107,-,29984,NFCORE_ATACSEQ:ATACSEQ:MERGED_LIBRARY_MARKDUPLICATES_PICARD:BAM_STATS_SAMTOOLS:SAMTOOLS_STATS,OSMOTIC_STRESS_T0_PE_REP1,NFCORE_ATACSEQ:ATACSEQ:MERGED_LIBRARY_MARKDUPLICATES_PICARD:BAM_STATS_SAMTOOLS:SAMTOOLS_STATS (OSMOTIC_STRESS_T0_PE_REP1),COMPLETED,0,-,quay.io/biocontainers/samtools:1.17--h00cdaf9_0,1,14400000,-,6442450944,1,1788311084723,1788311084819,1788311085760,1037,0,-,127.3,0.1,7864320,165957632,7864320,233054208,9197672,69153,1722,34,0,73728,2,2,/home/ahmed/atacseq_run/work/05/dd017f7cfd66a793845e219f80683a,-,-,AMD Ryzen 5 7535U with Radeon Graphics
108,-,30029,NFCORE_ATACSEQ:ATACSEQ:MERGED_LIBRARY_MARKDUPLICATES_PICARD:BAM_STATS_SAMTOOLS:SAMTOOLS_STATS,OSMOTIC_STRESS_T15_PE_REP1,NFCORE_ATACSEQ:ATACSEQ:MERGED_LIBRARY_MARKDUPLICATES_PICARD:BAM_STATS_SAMTOOLS:SAMTOOLS_STATS (OSMOTIC_STRESS_T15_PE_REP1),COMPLETED,0,-,quay.io/biocontainers/samtools:1.17--h00cdaf9_0,1,14400000,-,6442450944,1,1788311085764,1788311085860,1788311087072,1308,0,-,131.0,0.1,7733248,165957632,7733248,233054208,18530502,77431,3244,36,0,81920,3,1,/home/ahmed/atacseq_run/work/fb/67f8794c2c34a941180649bc6587f0,-,-,AMD Ryzen 5 7535U with Radeon Graphics
105,-,30074,NFCORE_ATACSEQ:ATACSEQ:MERGED_LIBRARY_MARKDUPLICATES_PICARD:BAM_STATS_SAMTOOLS:SAMTOOLS_STATS,OSMOTIC_STRESS_T150_SE_REP1,NFCORE_ATACSEQ:ATACSEQ:MERGED_LIBRARY_MARKDUPLICATES_PICARD:BAM_STATS_SAMTOOLS:SAMTOOLS_STATS (OSMOTIC_STRESS_T150_SE_REP1),COMPLETED,0,-,quay.io/biocontainers/samtools:1.17--h00cdaf9_0,1,14400000,-,6442450944,1,1788311087075,1788311087172,1788311088115,1040,0,-,127.2,0.1,7471104,165957632,7471104,233054208,9167139,43769,1702,28,0,49152,3,1,/home/ahmed/atacseq_run/work/66/f83b399dfbeda73f37bf635c76cc28,-,-,AMD Ryzen 5 7535U with Radeon Graphics
115,-,30120,NFCORE_ATACSEQ:ATACSEQ:MERGED_LIBRARY_FILTER_BAM:SAMTOOLS_INDEX,OSMOTIC_STRESS_T150_SE_REP1,NFCORE_ATACSEQ:ATACSEQ:MERGED_LIBRARY_FILTER_BAM:SAMTOOLS_INDEX (OSMOTIC_STRESS_T150_SE_REP1),COMPLETED,0,-,quay.io/biocontainers/samtools:1.17--h00cdaf9_0,2,14400000,-,6442450944,1,1788311088118,1788311088215,1788311088950,832,0,-,100.0,0.0,6946816,164413440,6946816,231661568,5612786,14540,1041,21,0,20480,435,0,/home/ahmed/atacseq_run/work/25/2f43a2bbd515a4d71472dbda7dee61,-,-,AMD Ryzen 5 7535U with Radeon Graphics
116,-,30161,NFCORE_ATACSEQ:ATACSEQ:MERGED_LIBRARY_PICARD_COLLECTMULTIPLEMETRICS,OSMOTIC_STRESS_T150_SE_REP1,NFCORE_ATACSEQ:ATACSEQ:MERGED_LIBRARY_PICARD_COLLECTMULTIPLEMETRICS (OSMOTIC_STRESS_T150_SE_REP1),COMPLETED,0,-,quay.io/biocontainers/picard:3.0.0--hdfd78af_1,1,14400000,-,6442450944,1,1788311088953,1788311089050,1788311094935,5982,4000,-,320.1,3.0,238866432,8971567104,238866432,9038684160,67317840,772100,15800,492,131072,876544,24,3,/home/ahmed/atacseq_run/work/c7/27a0a21d1b80550ae1b4617e880cd7,-,-,AMD Ryzen 5 7535U with Radeon Graphics
117,-,30205,NFCORE_ATACSEQ:ATACSEQ:MERGED_LIBRARY_FILTER_BAM:SAMTOOLS_SORT,OSMOTIC_STRESS_T0_PE_REP1,NFCORE_ATACSEQ:ATACSEQ:MERGED_LIBRARY_FILTER_BAM:SAMTOOLS_SORT (OSMOTIC_STRESS_T0_PE_REP1),COMPLETED,0,-,quay.io/biocontainers/samtools:1.17--h00cdaf9_0,2,21600000,-,6442450944,1,1788311094948,1788311095035,1788311096083,1135,0,-,181.9,0.4,31064064,1856839680,31064064,1921593344,4978759,5577302,224,22,0,5582848,7,2,/home/ahmed/atacseq_run/work/7d/15b5c264a4ad774b2f3af91da23d3b,-,-,AMD Ryzen 5 7535U with Radeon Graphics
118,-,30247,NFCORE_ATACSEQ:ATACSEQ:MERGED_LIBRARY_FILTER_BAM:SAMTOOLS_SORT,OSMOTIC_STRESS_T15_PE_REP1,NFCORE_ATACSEQ:ATACSEQ:MERGED_LIBRARY_FILTER_BAM:SAMTOOLS_SORT (OSMOTIC_STRESS_T15_PE_REP1),COMPLETED,0,-,quay.io/biocontainers/samtools:1.17--h00cdaf9_0,2,21600000,-,6442450944,1,1788311096086,1788311096183,1788311097661,1575,1000,-,198.0,0.3,30146560,1855266816,30146560,1921593344,11582314,13795796,227,26,0,13803520,11,1,/home/ahmed/atacseq_run/work/23/de335306b58d6cb2dddca7221b1d99,-,-,AMD Ryzen 5 7535U with Radeon Graphics
119,-,30288,NFCORE_ATACSEQ:ATACSEQ:MERGED_LIBRARY_FILTER_BAM:SAMTOOLS_INDEX,OSMOTIC_STRESS_T100_SE_REP1,NFCORE_ATACSEQ:ATACSEQ:MERGED_LIBRARY_FILTER_BAM:SAMTOOLS_INDEX (OSMOTIC_STRESS_T100_SE_REP1),COMPLETED,0,-,quay.io/biocontainers/samtools:1.17--h00cdaf9_0,2,14400000,-,6442450944,1,1788311097665,1788311097761,1788311098515,850,0,-,85.7,0.1,7208960,164413440,7208960,231661568,2467315,18347,553,22,0,24576,322,0,/home/ahmed/atacseq_run/work/0a/8f4d4712a219c430a4a2d39c1872e5,-,-,AMD Ryzen 5 7535U with Radeon Graphics
120,-,30329,NFCORE_ATACSEQ:ATACSEQ:MERGED_LIBRARY_PICARD_COLLECTMULTIPLEMETRICS,OSMOTIC_STRESS_T100_SE_REP1,NFCORE_ATACSEQ:ATACSEQ:MERGED_LIBRARY_PICARD_COLLECTMULTIPLEMETRICS (OSMOTIC_STRESS_T100_SE_REP1),COMPLETED,0,-,quay.io/biocontainers/picard:3.0.0--hdfd78af_1,1,14400000,-,6442450944,1,1788311098519,1788311098616,1788311104056,5537,3000,-,332.1,3.1,244379648,10663440384,249892864,10736058368,64178562,771966,15231,492,0,876544,17,160,/home/ahmed/atacseq_run/work/14/bee934837e2b19d0828d8898c9e781,-,-,AMD Ryzen 5 7535U with Radeon Graphics
121,-,30377,NFCORE_ATACSEQ:ATACSEQ:MERGED_LIBRARY_FILTER_BAM:SAMTOOLS_SORT,OSMOTIC_STRESS_T0_PE_REP2,NFCORE_ATACSEQ:ATACSEQ:MERGED_LIBRARY_FILTER_BAM:SAMTOOLS_SORT (OSMOTIC_STRESS_T0_PE_REP2),COMPLETED,0,-,quay.io/biocontainers/samtools:1.17--h00cdaf9_0,2,21600000,-,6442450944,1,1788311104060,1788311104156,1788311105096,1036,0,-,180.8,0.4,32636928,1856839680,32636928,1921593344,4277275,4803336,223,22,0,4808704,13,0,/home/ahmed/atacseq_run/work/30/5bfbeb4b647127f067818d6c7a0320,-,-,AMD Ryzen 5 7535U with Radeon Graphics
122,-,30418,NFCORE_ATACSEQ:ATACSEQ:MERGED_LIBRARY_FILTER_BAM:SAMTOOLS_INDEX,OSMOTIC_STRESS_T100_SE_REP2,NFCORE_ATACSEQ:ATACSEQ:MERGED_LIBRARY_FILTER_BAM:SAMTOOLS_INDEX (OSMOTIC_STRESS_T100_SE_REP2),COMPLETED,0,-,quay.io/biocontainers/samtools:1.17--h00cdaf9_0,2,14400000,-,6442450944,1,1788311105101,1788311105196,1788311105852,751,0,-,104.3,0.0,3145728,5640192,3145728,5644288,2044780,19228,491,22,0,24576,1,0,/home/ahmed/atacseq_run/work/e0/4c5cf966edc07c3a0410b6a2530bc0,-,-,AMD Ryzen 5 7535U with Radeon Graphics
123,-,30459,NFCORE_ATACSEQ:ATACSEQ:MERGED_LIBRARY_PICARD_COLLECTMULTIPLEMETRICS,OSMOTIC_STRESS_T100_SE_REP2,NFCORE_ATACSEQ:ATACSEQ:MERGED_LIBRARY_PICARD_COLLECTMULTIPLEMETRICS (OSMOTIC_STRESS_T100_SE_REP2),COMPLETED,0,-,quay.io/biocontainers/picard:3.0.0--hdfd78af_1,1,14400000,-,6442450944,1,1788311105859,1788311105953,1788311111679,5820,4000,-,322.4,3.2,255827968,10624770048,263266304,10674057216,63748068,771727,15225,492,0,876544,21,5,/home/ahmed/atacseq_run/work/5b/26643335991c6fd0e78ee85b28f297,-,-,AMD Ryzen 5 7535U with Radeon Graphics
125,-,30503,NFCORE_ATACSEQ:ATACSEQ:MERGED_LIBRARY_FILTER_BAM:BAM_STATS_SAMTOOLS:SAMTOOLS_FLAGSTAT,OSMOTIC_STRESS_T150_SE_REP1,NFCORE_ATACSEQ:ATACSEQ:MERGED_LIBRARY_FILTER_BAM:BAM_STATS_SAMTOOLS:SAMTOOLS_FLAGSTAT (OSMOTIC_STRESS_T150_SE_REP1),COMPLETED,0,-,quay.io/biocontainers/samtools:1.17--h00cdaf9_0,1,14400000,-,6442450944,1,1788311111683,1788311111779,1788311112527,844,0,-,103.8,0.0,6946816,164413440,6946816,231661568,5612915,5415,1041,19,0,12288,441,1,/home/ahmed/atacseq_run/work/bf/e41cfb0c1cba04cac3be61918822e6,-,-,AMD Ryzen 5 7535U with Radeon Graphics
124,-,30547,NFCORE_ATACSEQ:ATACSEQ:MERGED_LIBRARY_FILTER_BAM:BAM_STATS_SAMTOOLS:SAMTOOLS_IDXSTATS,OSMOTIC_STRESS_T150_SE_REP1,NFCORE_ATACSEQ:ATACSEQ:MERGED_LIBRARY_FILTER_BAM:BAM_STATS_SAMTOOLS:SAMTOOLS_IDXSTATS (OSMOTIC_STRESS_T150_SE_REP1),COMPLETED,0,-,quay.io/biocontainers/samtools:1.17--h00cdaf9_0,1,14400000,-,6442450944,1,1788311112531,1788311112628,1788311113362,831,0,-,47.1,0.0,3145728,5640192,3145728,5644288,133163,5249,225,19,0,12288,2,0,/home/ahmed/atacseq_run/work/9c/dc38f2c2df524878bc88ab74c89a0f,-,-,AMD Ryzen 5 7535U with Radeon Graphics
128,-,30590,NFCORE_ATACSEQ:ATACSEQ:MERGED_LIBRARY_CALL_ANNOTATE_PEAKS:MACS2_CALLPEAK,OSMOTIC_STRESS_T150_SE_REP1,NFCORE_ATACSEQ:ATACSEQ:MERGED_LIBRARY_CALL_ANNOTATE_PEAKS:MACS2_CALLPEAK (OSMOTIC_STRESS_T150_SE_REP1),COMPLETED,0,-,quay.io/biocontainers/macs2:2.2.7.1--py38h4a8c8d9_3,2,21600000,-,6442450944,1,1788311113365,1788311113463,1788311115853,2488,1000,-,175.6,0.1,10354688,16084992,10354688,16089088,16952012,6838496,2261,194,30781440,6893568,58,0,/home/ahmed/atacseq_run/work/5a/685c43da92670ad85aac4ebb98e431,-,-,AMD Ryzen 5 7535U with Radeon Graphics
126,-,30629,NFCORE_ATACSEQ:ATACSEQ:MERGED_LIBRARY_DEEPTOOLS_PLOTFINGERPRINT,OSMOTIC_STRESS_T150_SE_REP1,NFCORE_ATACSEQ:ATACSEQ:MERGED_LIBRARY_DEEPTOOLS_PLOTFINGERPRINT (OSMOTIC_STRESS_T150_SE_REP1),COMPLETED,0,-,quay.io/biocontainers/deeptools:3.5.1--py_0,2,21600000,-,6442450944,1,1788311115856,1788311115954,1788311126761,10905,9000,-,96.0,13.2,1014251520,1582891008,1216184320,1737854976,42503940,419521,6153,95,78684160,401408,1486,21,/home/ahmed/atacseq_run/work/fb/d0393f1dbc6533f199e08bb06b8003,-,-,AMD Ryzen 5 7535U with Radeon Graphics
127,-,30675,NFCORE_ATACSEQ:ATACSEQ:MERGED_LIBRARY_FILTER_BAM:BAM_STATS_SAMTOOLS:SAMTOOLS_STATS,OSMOTIC_STRESS_T150_SE_REP1,NFCORE_ATACSEQ:ATACSEQ:MERGED_LIBRARY_FILTER_BAM:BAM_STATS_SAMTOOLS:SAMTOOLS_STATS (OSMOTIC_STRESS_T150_SE_REP1),COMPLETED,0,-,quay.io/biocontainers/samtools:1.17--h00cdaf9_0,1,14400000,-,6442450944,1,1788311126772,1788311126861,1788311127718,946,0,-,131.1,0.1,7471104,165957632,7471104,233054208,5617030,33977,1042,26,0,40960,4,2,/home/ahmed/atacseq_run/work/7e/f58360bd2b9794036416fcd683e1dd,-,-,AMD Ryzen 5 7535U with Radeon Graphics
129,-,30720,NFCORE_ATACSEQ:ATACSEQ:MERGED_LIBRARY_FILTER_BAM:BAM_REMOVE_ORPHANS,OSMOTIC_STRESS_T0_PE_REP1,NFCORE_ATACSEQ:ATACSEQ:MERGED_LIBRARY_FILTER_BAM:BAM_REMOVE_ORPHANS (OSMOTIC_STRESS_T0_PE_REP1),COMPLETED,0,-,quay.io/biocontainers/mulled-v2-57736af1eb98c01010848572c9fec9fff6ffaafd:402e865b8f6af2f3e58c6fc8d57127ff0144b2c7-0,2,21600000,-,6442450944,1,1788311127722,1788311127818,1788311129046,1324,0,-,82.1,0.1,9961472,16027648,9961472,16031744,6639583,5522584,1146,382,21929984,5529600,45,0,/home/ahmed/atacseq_run/work/8a/36d98a49f068dca224365321e9cbdf,-,-,AMD Ryzen 5 7535U with Radeon Graphics
130,-,30761,NFCORE_ATACSEQ:ATACSEQ:MERGED_LIBRARY_FILTER_BAM:BAM_REMOVE_ORPHANS,OSMOTIC_STRESS_T15_PE_REP1,NFCORE_ATACSEQ:ATACSEQ:MERGED_LIBRARY_FILTER_BAM:BAM_REMOVE_ORPHANS (OSMOTIC_STRESS_T15_PE_REP1),COMPLETED,0,-,quay.io/biocontainers/mulled-v2-57736af1eb98c01010848572c9fec9fff6ffaafd:402e865b8f6af2f3e58c6fc8d57127ff0144b2c7-0,2,21600000,-,6442450944,1,1788311129049,1788311129146,1788311130748,1699,1000,-,96.9,0.2,16777216,28049408,16777216,28053504,14858061,13699954,2206,906,0,13709312,1,1,/home/ahmed/atacseq_run/work/e4/b21f033d89394dca661fff7072a2eb,-,-,AMD Ryzen 5 7535U with Radeon Graphics
133,-,30802,NFCORE_ATACSEQ:ATACSEQ:MERGED_LIBRARY_DEEPTOOLS_PLOTFINGERPRINT,OSMOTIC_STRESS_T100_SE_REP1,NFCORE_ATACSEQ:ATACSEQ:MERGED_LIBRARY_DEEPTOOLS_PLOTFINGERPRINT (OSMOTIC_STRESS_T100_SE_REP1),COMPLETED,0,-,quay.io/biocontainers/deeptools:3.5.1--py_0,2,21600000,-,6442450944,1,1788311130753,1788311130848,1788311139022,8269,6000,-,101.0,12.7,981250048,1502887936,1061363712,1582895104,42821341,457179,6256,125,0,401408,46,45,/home/ahmed/atacseq_run/work/08/d4b80ba84359f598857f68e5b035ef,-,-,AMD Ryzen 5 7535U with Radeon Graphics
135,-,30845,NFCORE_ATACSEQ:ATACSEQ:MERGED_LIBRARY_CALL_ANNOTATE_PEAKS:MACS2_CALLPEAK,OSMOTIC_STRESS_T100_SE_REP1,NFCORE_ATACSEQ:ATACSEQ:MERGED_LIBRARY_CALL_ANNOTATE_PEAKS:MACS2_CALLPEAK (OSMOTIC_STRESS_T100_SE_REP1),COMPLETED,0,-,quay.io/biocontainers/macs2:2.2.7.1--py38h4a8c8d9_3,2,21600000,-,6442450944,1,1788311139027,1788311139123,1788311140991,1964,0,-,168.5,0.1,13783040,19128320,13930496,19132416,10227757,3073939,1496,127,0,3129344,1,1,/home/ahmed/atacseq_run/work/9e/0cc151f666798f3a4a313df68a36b2,-,-,AMD Ryzen 5 7535U with Radeon Graphics
134,-,30887,NFCORE_ATACSEQ:ATACSEQ:MERGED_LIBRARY_FILTER_BAM:BAM_STATS_SAMTOOLS:SAMTOOLS_IDXSTATS,OSMOTIC_STRESS_T100_SE_REP1,NFCORE_ATACSEQ:ATACSEQ:MERGED_LIBRARY_FILTER_BAM:BAM_STATS_SAMTOOLS:SAMTOOLS_IDXSTATS (OSMOTIC_STRESS_T100_SE_REP1),COMPLETED,0,-,quay.io/biocontainers/samtools:1.17--h00cdaf9_0,1,14400000,-,6442450944,1,1788311140996,1788311141091,1788311141991,995,0,-,85.7,0.0,3145728,5640192,3145728,5644288,137380,5245,225,19,0,12288,2,0,/home/ahmed/atacseq_run/work/f2/a10b2f7637794d52724e825f7128ec,-,-,AMD Ryzen 5 7535U with Radeon Graphics
132,-,30933,NFCORE_ATACSEQ:ATACSEQ:MERGED_LIBRARY_FILTER_BAM:BAM_STATS_SAMTOOLS:SAMTOOLS_FLAGSTAT,OSMOTIC_STRESS_T100_SE_REP1,NFCORE_ATACSEQ:ATACSEQ:MERGED_LIBRARY_FILTER_BAM:BAM_STATS_SAMTOOLS:SAMTOOLS_FLAGSTAT (OSMOTIC_STRESS_T100_SE_REP1),COMPLETED,0,-,quay.io/biocontainers/samtools:1.17--h00cdaf9_0,1,14400000,-,6442450944,1,1788311141995,1788311142091,1788311142892,897,0,-,87.0,0.0,3145728,5640192,3145728,5644288,2467443,5410,553,19,0,12288,1,0,/home/ahmed/atacseq_run/work/85/2d78f99396ad9537a4a0f1961686f0,-,-,AMD Ryzen 5 7535U with Radeon Graphics
131,-,30976,NFCORE_ATACSEQ:ATACSEQ:MERGED_LIBRARY_FILTER_BAM:BAM_STATS_SAMTOOLS:SAMTOOLS_STATS,OSMOTIC_STRESS_T100_SE_REP1,NFCORE_ATACSEQ:ATACSEQ:MERGED_LIBRARY_FILTER_BAM:BAM_STATS_SAMTOOLS:SAMTOOLS_STATS (OSMOTIC_STRESS_T100_SE_REP1),COMPLETED,0,-,quay.io/biocontainers/samtools:1.17--h00cdaf9_0,1,14400000,-,6442450944,1,1788311142897,1788311142992,1788311143787,890,0,-,120.8,0.1,7471104,165957632,7471104,233054208,2471560,32463,554,25,0,36864,2,3,/home/ahmed/atacseq_run/work/a3/54aa9b5dec314c93a33e8e45504b9d,-,-,AMD Ryzen 5 7535U with Radeon Graphics
136,-,31021,NFCORE_ATACSEQ:ATACSEQ:MERGED_LIBRARY_FILTER_BAM:BAM_REMOVE_ORPHANS,OSMOTIC_STRESS_T0_PE_REP2,NFCORE_ATACSEQ:ATACSEQ:MERGED_LIBRARY_FILTER_BAM:BAM_REMOVE_ORPHANS (OSMOTIC_STRESS_T0_PE_REP2),COMPLETED,0,-,quay.io/biocontainers/mulled-v2-57736af1eb98c01010848572c9fec9fff6ffaafd:402e865b8f6af2f3e58c6fc8d57127ff0144b2c7-0,2,21600000,-,6442450944,1,1788311143792,1788311143887,1788311145133,1341,0,-,92.8,0.2,15335424,27316224,15335424,27320320,5865600,4718973,1026,322,0,4726784,1,3,/home/ahmed/atacseq_run/work/2d/1d7d2024ea1cf908011fc1b04f6080,-,-,AMD Ryzen 5 7535U with Radeon Graphics
141,-,31060,NFCORE_ATACSEQ:ATACSEQ:MERGED_LIBRARY_DEEPTOOLS_PLOTFINGERPRINT,OSMOTIC_STRESS_T100_SE_REP2,NFCORE_ATACSEQ:ATACSEQ:MERGED_LIBRARY_DEEPTOOLS_PLOTFINGERPRINT (OSMOTIC_STRESS_T100_SE_REP2),COMPLETED,0,-,quay.io/biocontainers/deeptools:3.5.1--py_0,2,21600000,-,6442450944,1,1788311145139,1788311145233,1788311153763,8624,7000,-,100.9,11.6,896991232,1417842688,1061695488,1582899200,43299803,450488,6318,125,0,401408,48,47,/home/ahmed/atacseq_run/work/d6/8b1db53e6b0a700ad14b979ccc165b,-,-,AMD Ryzen 5 7535U with Radeon Graphics
137,-,31103,NFCORE_ATACSEQ:ATACSEQ:MERGED_LIBRARY_FILTER_BAM:BAM_STATS_SAMTOOLS:SAMTOOLS_FLAGSTAT,OSMOTIC_STRESS_T100_SE_REP2,NFCORE_ATACSEQ:ATACSEQ:MERGED_LIBRARY_FILTER_BAM:BAM_STATS_SAMTOOLS:SAMTOOLS_FLAGSTAT (OSMOTIC_STRESS_T100_SE_REP2),COMPLETED,0,-,quay.io/biocontainers/samtools:1.17--h00cdaf9_0,1,14400000,-,6442450944,1,1788311153768,1788311153863,1788311154768,1000,0,-,88.2,0.0,3276800,5640192,3276800,5644288,2044912,5410,491,19,0,12288,1,0,/home/ahmed/atacseq_run/work/7b/c49a9ae75d113bef28784813c5571d,-,-,AMD Ryzen 5 7535U with Radeon Graphics
139,-,31147,NFCORE_ATACSEQ:ATACSEQ:MERGED_LIBRARY_FILTER_BAM:BAM_STATS_SAMTOOLS:SAMTOOLS_IDXSTATS,OSMOTIC_STRESS_T100_SE_REP2,NFCORE_ATACSEQ:ATACSEQ:MERGED_LIBRARY_FILTER_BAM:BAM_STATS_SAMTOOLS:SAMTOOLS_IDXSTATS (OSMOTIC_STRESS_T100_SE_REP2),COMPLETED,0,-,quay.io/biocontainers/samtools:1.17--h00cdaf9_0,1,14400000,-,6442450944,1,1788311154772,1788311154867,1788311155846,1074,0,-,78.3,0.0,3276800,5640192,3276800,5644288,138156,5244,225,19,0,12288,2,0,/home/ahmed/atacseq_run/work/da/f46212ce8ef50fe807d2fa1c1a2b2c,-,-,AMD Ryzen 5 7535U with Radeon Graphics
140,-,31190,NFCORE_ATACSEQ:ATACSEQ:MERGED_LIBRARY_CALL_ANNOTATE_PEAKS:MACS2_CALLPEAK,OSMOTIC_STRESS_T100_SE_REP2,NFCORE_ATACSEQ:ATACSEQ:MERGED_LIBRARY_CALL_ANNOTATE_PEAKS:MACS2_CALLPEAK (OSMOTIC_STRESS_T100_SE_REP2),COMPLETED,0,-,quay.io/biocontainers/macs2:2.2.7.1--py38h4a8c8d9_3,2,21600000,-,6442450944,1,1788311155850,1788311155946,1788311157773,1923,0,-,215.7,0.1,14372864,19279872,14372864,19283968,9182722,2366864,1393,101,0,2412544,1,2,/home/ahmed/atacseq_run/work/f0/6b58ee8b0e71af843588c146fd2f60,-,-,AMD Ryzen 5 7535U with Radeon Graphics
138,-,31231,NFCORE_ATACSEQ:ATACSEQ:MERGED_LIBRARY_FILTER_BAM:BAM_STATS_SAMTOOLS:SAMTOOLS_STATS,OSMOTIC_STRESS_T100_SE_REP2,NFCORE_ATACSEQ:ATACSEQ:MERGED_LIBRARY_FILTER_BAM:BAM_STATS_SAMTOOLS:SAMTOOLS_STATS (OSMOTIC_STRESS_T100_SE_REP2),COMPLETED,0,-,quay.io/biocontainers/samtools:1.17--h00cdaf9_0,1,14400000,-,6442450944,1,1788311157778,1788311157873,1788311158744,966,0,-,106.2,0.1,7471104,165957632,7471104,233054208,2049018,32649,492,25,0,36864,2,2,/home/ahmed/atacseq_run/work/e7/c0e2770ad7e50d84a0b9f37cb3805e,-,-,AMD Ryzen 5 7535U with Radeon Graphics
142,-,31278,NFCORE_ATACSEQ:ATACSEQ:MERGED_LIBRARY_BAM_TO_BIGWIG:BEDTOOLS_GENOMECOV,OSMOTIC_STRESS_T150_SE_REP1,NFCORE_ATACSEQ:ATACSEQ:MERGED_LIBRARY_BAM_TO_BIGWIG:BEDTOOLS_GENOMECOV (OSMOTIC_STRESS_T150_SE_REP1),COMPLETED,0,-,quay.io/biocontainers/bedtools:2.30.0--hc088bd4_0,2,21600000,-,6442450944,1,1788311158749,1788311158844,1788311161582,2833,1000,-,95.3,0.0,3145728,18333696,3145728,18333696,10521955,9894161,1606,197032,4399104,9908224,16,0,/home/ahmed/atacseq_run/work/7a/09317ef98861044610e06d9aeae89a,-,-,AMD Ryzen 5 7535U with Radeon Graphics
144,-,31322,NFCORE_ATACSEQ:ATACSEQ:MERGED_LIBRARY_CALL_ANNOTATE_PEAKS:FRIP_SCORE,OSMOTIC_STRESS_T150_SE_REP1,NFCORE_ATACSEQ:ATACSEQ:MERGED_LIBRARY_CALL_ANNOTATE_PEAKS:FRIP_SCORE (OSMOTIC_STRESS_T150_SE_REP1),COMPLETED,0,-,quay.io/biocontainers/mulled-v2-8186960447c5cb2faa697666dc1e6d919ad23f3e:3127fcae6b6bdaf8181e21a26ae61231030a9fcb-0,2,21600000,-,6442450944,1,1788311161586,1788311161682,1788311162893,1307,0,-,103.1,0.0,10371072,21745664,10371072,21753856,19521962,8206162,21126,1135,12267520,16384,75,0,/home/ahmed/atacseq_run/work/1c/64038d9081a9e425075b17ce22c4ac,-,-,AMD Ryzen 5 7535U with Radeon Graphics
143,-,31366,NFCORE_ATACSEQ:ATACSEQ:MERGED_LIBRARY_ATAQV_ATAQV,OSMOTIC_STRESS_T150_SE_REP1,NFCORE_ATACSEQ:ATACSEQ:MERGED_LIBRARY_ATAQV_ATAQV (OSMOTIC_STRESS_T150_SE_REP1),COMPLETED,0,-,quay.io/biocontainers/ataqv:1.3.1--py310ha155cf9_1,2,21600000,-,6442450944,1,1788311162897,1788311162993,1788311185063,22166,879,-,123.5,0.1,8257536,15208448,8257536,15212544,189894443,351248,29392,406,217088,352256,2,0,/home/ahmed/atacseq_run/work/49/547c367e8b9597aaf9081d3d2b97f9,-,-,AMD Ryzen 5 7535U with Radeon Graphics
145,-,31428,NFCORE_ATACSEQ:ATACSEQ:MERGED_LIBRARY_CALL_ANNOTATE_PEAKS:HOMER_ANNOTATEPEAKS,OSMOTIC_STRESS_T150_SE_REP1,NFCORE_ATACSEQ:ATACSEQ:MERGED_LIBRARY_CALL_ANNOTATE_PEAKS:HOMER_ANNOTATEPEAKS (OSMOTIC_STRESS_T150_SE_REP1),COMPLETED,0,-,quay.io/biocontainers/homer:4.11--pl526hc9558a2_3,2,21600000,-,6442450944,1,1788311185067,1788311185163,1788311191084,6017,4000,-,98.6,3.6,279707648,371474432,279707648,371478528,58715959,6752168,8668,1342,6053888,6782976,111,4,/home/ahmed/atacseq_run/work/db/b254b7a6d6eff8e1559192944ca54b,-,-,AMD Ryzen 5 7535U with Radeon Graphics
146,-,31473,NFCORE_ATACSEQ:ATACSEQ:MERGED_LIBRARY_FILTER_BAM:BAM_SORT_STATS_SAMTOOLS:SAMTOOLS_SORT,OSMOTIC_STRESS_T0_PE_REP1,NFCORE_ATACSEQ:ATACSEQ:MERGED_LIBRARY_FILTER_BAM:BAM_SORT_STATS_SAMTOOLS:SAMTOOLS_SORT (OSMOTIC_STRESS_T0_PE_REP1),COMPLETED,0,-,quay.io/biocontainers/samtools:1.17--h00cdaf9_0,2,21600000,-,6442450944,1,1788311191086,1788311191185,1788311192172,1086,0,-,176.4,0.4,31326208,1856839680,31326208,1856843776,5625608,4753400,224,22,0,4759552,16,2,/home/ahmed/atacseq_run/work/3b/91a216fdb41b49a3ab04453286daa8,-,-,AMD Ryzen 5 7535U with Radeon Graphics
147,-,31514,NFCORE_ATACSEQ:ATACSEQ:MERGED_LIBRARY_FILTER_BAM:BAM_SORT_STATS_SAMTOOLS:SAMTOOLS_SORT,OSMOTIC_STRESS_T15_PE_REP1,NFCORE_ATACSEQ:ATACSEQ:MERGED_LIBRARY_FILTER_BAM:BAM_SORT_STATS_SAMTOOLS:SAMTOOLS_SORT (OSMOTIC_STRESS_T15_PE_REP1),COMPLETED,0,-,quay.io/biocontainers/samtools:1.17--h00cdaf9_0,2,21600000,-,6442450944,1,1788311192178,1788311192272,1788311193870,1692,1000,-,174.8,0.2,19922944,1855270912,19922944,1855275008,13802993,11180216,228,26,0,11190272,5,1,/home/ahmed/atacseq_run/work/82/0bbb4e220aeec24791c0068b7ea933,-,-,AMD Ryzen 5 7535U with Radeon Graphics
150,-,31557,NFCORE_ATACSEQ:ATACSEQ:MERGED_LIBRARY_CALL_ANNOTATE_PEAKS:FRIP_SCORE,OSMOTIC_STRESS_T100_SE_REP1,NFCORE_ATACSEQ:ATACSEQ:MERGED_LIBRARY_CALL_ANNOTATE_PEAKS:FRIP_SCORE (OSMOTIC_STRESS_T100_SE_REP1),COMPLETED,0,-,quay.io/biocontainers/mulled-v2-8186960447c5cb2faa697666dc1e6d919ad23f3e:3127fcae6b6bdaf8181e21a26ae61231030a9fcb-0,2,21600000,-,6442450944,1,1788311193875,1788311193970,1788311194827,952,0,-,119.0,0.1,17973248,32931840,17973248,32940032,8330596,3357891,8854,479,0,16384,189,2,/home/ahmed/atacseq_run/work/8a/85eb3e0c0a3ad2226cf37d463a47fe,-,-,AMD Ryzen 5 7535U with Radeon Graphics
149,-,31601,NFCORE_ATACSEQ:ATACSEQ:MERGED_LIBRARY_ATAQV_ATAQV,OSMOTIC_STRESS_T100_SE_REP1,NFCORE_ATACSEQ:ATACSEQ:MERGED_LIBRARY_ATAQV_ATAQV (OSMOTIC_STRESS_T100_SE_REP1),COMPLETED,0,-,quay.io/biocontainers/ataqv:1.3.1--py310ha155cf9_1,2,21600000,-,6442450944,1,1788311194831,1788311194927,1788311196213,1382,589,-,127.4,0.1,10223616,17035264,10223616,17039360,149304553,290745,21958,391,0,290816,1,0,/home/ahmed/atacseq_run/work/68/ee30e036e97ef4afbe73a2db4d3195,-,-,AMD Ryzen 5 7535U with Radeon Graphics
148,-,31651,NFCORE_ATACSEQ:ATACSEQ:MERGED_LIBRARY_CALL_ANNOTATE_PEAKS:HOMER_ANNOTATEPEAKS,OSMOTIC_STRESS_T100_SE_REP1,NFCORE_ATACSEQ:ATACSEQ:MERGED_LIBRARY_CALL_ANNOTATE_PEAKS:HOMER_ANNOTATEPEAKS (OSMOTIC_STRESS_T100_SE_REP1),COMPLETED,0,-,quay.io/biocontainers/homer:4.11--pl526hc9558a2_3,2,21600000,-,6442450944,1,1788311196217,1788311196313,1788311201985,5768,4000,-,99.4,4.5,348127232,459837440,348127232,459841536,58252856,6391431,8606,1289,0,6430720,34,4,/home/ahmed/atacseq_run/work/83/55e766cd5e25d1cacc388677965455,-,-,AMD Ryzen 5 7535U with Radeon Graphics
151,-,31698,NFCORE_ATACSEQ:ATACSEQ:MERGED_LIBRARY_BAM_TO_BIGWIG:BEDTOOLS_GENOMECOV,OSMOTIC_STRESS_T100_SE_REP1,NFCORE_ATACSEQ:ATACSEQ:MERGED_LIBRARY_BAM_TO_BIGWIG:BEDTOOLS_GENOMECOV (OSMOTIC_STRESS_T100_SE_REP1),COMPLETED,0,-,quay.io/biocontainers/bedtools:2.30.0--hc088bd4_0,2,21600000,-,6442450944,1,1788311201989,1788311202086,1788311204077,2088,0,-,98.9,0.1,13930496,34430976,13930496,34430976,4379594,3900394,753,77861,0,3919872,3,0,/home/ahmed/atacseq_run/work/16/11a7dce1c5dc091767e0c7f04709cd,-,-,AMD Ryzen 5 7535U with Radeon Graphics
152,-,31741,NFCORE_ATACSEQ:ATACSEQ:MERGED_LIBRARY_FILTER_BAM:BAM_SORT_STATS_SAMTOOLS:SAMTOOLS_SORT,OSMOTIC_STRESS_T0_PE_REP2,NFCORE_ATACSEQ:ATACSEQ:MERGED_LIBRARY_FILTER_BAM:BAM_SORT_STATS_SAMTOOLS:SAMTOOLS_SORT (OSMOTIC_STRESS_T0_PE_REP2),COMPLETED,0,-,quay.io/biocontainers/samtools:1.17--h00cdaf9_0,2,21600000,-,6442450944,1,1788311204081,1788311204177,1788311205154,1073,0,-,167.3,0.3,28442624,1855266816,28442624,1855270912,4822011,4042266,224,21,0,4046848,19,2,/home/ahmed/atacseq_run/work/05/50f1fe4527c6b9d6d86741ca26d5dd,-,-,AMD Ryzen 5 7535U with Radeon Graphics
153,-,31782,NFCORE_ATACSEQ:ATACSEQ:MERGED_LIBRARY_BAM_TO_BIGWIG:BEDTOOLS_GENOMECOV,OSMOTIC_STRESS_T100_SE_REP2,NFCORE_ATACSEQ:ATACSEQ:MERGED_LIBRARY_BAM_TO_BIGWIG:BEDTOOLS_GENOMECOV (OSMOTIC_STRESS_T100_SE_REP2),COMPLETED,0,-,quay.io/biocontainers/bedtools:2.30.0--hc088bd4_0,2,21600000,-,6442450944,1,1788311205158,1788311205254,1788311207346,2188,0,-,97.6,0.1,13803520,34430976,13803520,34430976,3535388,3057054,639,61172,0,3076096,3,1,/home/ahmed/atacseq_run/work/12/a3f5d99854253043eb838e29a7e7ea,-,-,AMD Ryzen 5 7535U with Radeon Graphics
156,-,31827,NFCORE_ATACSEQ:ATACSEQ:MERGED_LIBRARY_CALL_ANNOTATE_PEAKS:FRIP_SCORE,OSMOTIC_STRESS_T100_SE_REP2,NFCORE_ATACSEQ:ATACSEQ:MERGED_LIBRARY_CALL_ANNOTATE_PEAKS:FRIP_SCORE (OSMOTIC_STRESS_T100_SE_REP2),COMPLETED,0,-,quay.io/biocontainers/mulled-v2-8186960447c5cb2faa697666dc1e6d919ad23f3e:3127fcae6b6bdaf8181e21a26ae61231030a9fcb-0,2,21600000,-,6442450944,1,1788311207349,1788311207447,1788311208360,1011,1000,-,123.7,0.1,17711104,32796672,17711104,32804864,6818551,2715155,7199,392,0,16384,179,2,/home/ahmed/atacseq_run/work/32/01a4654a1f50d1f0b815a069f69819,-,-,AMD Ryzen 5 7535U with Radeon Graphics
155,-,31870,NFCORE_ATACSEQ:ATACSEQ:MERGED_LIBRARY_ATAQV_ATAQV,OSMOTIC_STRESS_T100_SE_REP2,NFCORE_ATACSEQ:ATACSEQ:MERGED_LIBRARY_ATAQV_ATAQV (OSMOTIC_STRESS_T100_SE_REP2),COMPLETED,0,-,quay.io/biocontainers/ataqv:1.3.1--py310ha155cf9_1,2,21600000,-,6442450944,1,1788311208363,1788311208460,1788311209710,1347,596,-,125.7,0.1,10092544,17039360,10092544,17043456,148533894,262436,22067,384,0,262144,1,5,/home/ahmed/atacseq_run/work/33/8b8635d5a2c5c67d72125ab1c97b09,-,-,AMD Ryzen 5 7535U with Radeon Graphics
154,-,31919,NFCORE_ATACSEQ:ATACSEQ:MERGED_LIBRARY_CALL_ANNOTATE_PEAKS:HOMER_ANNOTATEPEAKS,OSMOTIC_STRESS_T100_SE_REP2,NFCORE_ATACSEQ:ATACSEQ:MERGED_LIBRARY_CALL_ANNOTATE_PEAKS:HOMER_ANNOTATEPEAKS (OSMOTIC_STRESS_T100_SE_REP2),COMPLETED,0,-,quay.io/biocontainers/homer:4.11--pl526hc9558a2_3,2,21600000,-,6442450944,1,1788311209714,1788311209810,1788311215318,5604,4000,-,99.2,5.7,439091200,484069376,439091200,484073472,58037200,6222839,8570,1260,0,6254592,34,5,/home/ahmed/atacseq_run/work/fa/ae232cd3d91c3ec55dfe480505b102,-,-,AMD Ryzen 5 7535U with Radeon Graphics
157,-,31965,NFCORE_ATACSEQ:ATACSEQ:MERGED_LIBRARY_BAM_TO_BIGWIG:UCSC_BEDGRAPHTOBIGWIG,OSMOTIC_STRESS_T150_SE_REP1,NFCORE_ATACSEQ:ATACSEQ:MERGED_LIBRARY_BAM_TO_BIGWIG:UCSC_BEDGRAPHTOBIGWIG (OSMOTIC_STRESS_T150_SE_REP1),COMPLETED,0,-,quay.io/biocontainers/ucsc-bedgraphtobigwig:445--h954228d_0,1,14400000,-,6442450944,1,1788311215321,1788311215418,1788311220026,4705,0,-,98.7,0.1,10092544,25665536,10092544,25735168,14900827,1303136,386,286,4096,1310720,2,1,/home/ahmed/atacseq_run/work/0c/ff066359925799fc8c21300b77f06d,-,-,AMD Ryzen 5 7535U with Radeon Graphics
158,-,32017,NFCORE_ATACSEQ:ATACSEQ:MERGED_LIBRARY_CALL_ANNOTATE_PEAKS:MULTIQC_CUSTOM_PEAKS,OSMOTIC_STRESS_T150_SE_REP1,NFCORE_ATACSEQ:ATACSEQ:MERGED_LIBRARY_CALL_ANNOTATE_PEAKS:MULTIQC_CUSTOM_PEAKS (OSMOTIC_STRESS_T150_SE_REP1),COMPLETED,0,-,quay.io/nf-core/ubuntu:20.04,1,14400000,-,6442450944,1,1788311220031,1788311220126,1788311220903,872,17,-,126.3,0.0,0,0,0,0,396536,143975,336,25,163840,16384,0,0,/home/ahmed/atacseq_run/work/c8/b2622357ce39605b1ffa5eb37abfcb,-,-,AMD Ryzen 5 7535U with Radeon Graphics
159,-,32064,NFCORE_ATACSEQ:ATACSEQ:MERGED_LIBRARY_FILTER_BAM:BAM_SORT_STATS_SAMTOOLS:SAMTOOLS_INDEX,OSMOTIC_STRESS_T0_PE_REP1,NFCORE_ATACSEQ:ATACSEQ:MERGED_LIBRARY_FILTER_BAM:BAM_SORT_STATS_SAMTOOLS:SAMTOOLS_INDEX (OSMOTIC_STRESS_T0_PE_REP1),COMPLETED,0,-,quay.io/biocontainers/samtools:1.17--h00cdaf9_0,2,14400000,-,6442450944,1,1788311220906,1788311221003,1788311221758,852,0,-,115.4,0.0,6946816,164413440,6946816,231661568,4855407,15077,938,21,0,20480,459,0,/home/ahmed/atacseq_run/work/31/d03c9c812cab80b9300e634cb7e85e,-,-,AMD Ryzen 5 7535U with Radeon Graphics
160,-,32105,NFCORE_ATACSEQ:ATACSEQ:MERGED_LIBRARY_PICARD_COLLECTMULTIPLEMETRICS,OSMOTIC_STRESS_T0_PE_REP1,NFCORE_ATACSEQ:ATACSEQ:MERGED_LIBRARY_PICARD_COLLECTMULTIPLEMETRICS (OSMOTIC_STRESS_T0_PE_REP1),COMPLETED,0,-,quay.io/biocontainers/picard:3.0.0--hdfd78af_1,1,14400000,-,6442450944,1,1788311221762,1788311221858,1788311228558,6796,5000,-,338.7,3.7,289587200,10604695552,295505920,10672816128,72820199,852417,16251,555,0,958464,20,290,/home/ahmed/atacseq_run/work/2b/d569aba8e2bcd1b78d01694e3a9119,-,-,AMD Ryzen 5 7535U with Radeon Graphics
161,-,32152,NFCORE_ATACSEQ:ATACSEQ:MERGED_LIBRARY_FILTER_BAM:BAM_SORT_STATS_SAMTOOLS:SAMTOOLS_INDEX,OSMOTIC_STRESS_T15_PE_REP1,NFCORE_ATACSEQ:ATACSEQ:MERGED_LIBRARY_FILTER_BAM:BAM_SORT_STATS_SAMTOOLS:SAMTOOLS_INDEX (OSMOTIC_STRESS_T15_PE_REP1),COMPLETED,0,-,quay.io/biocontainers/samtools:1.17--h00cdaf9_0,2,14400000,-,6442450944,1,1788311228561,1788311228658,1788311229443,882,1000,-,125.6,0.0,6684672,164413440,6684672,231661568,11282133,15157,1986,21,0,20480,429,0,/home/ahmed/atacseq_run/work/60/4081128e0477a43731e92bf772046f,-,-,AMD Ryzen 5 7535U with Radeon Graphics
162,-,32193,NFCORE_ATACSEQ:ATACSEQ:MERGED_LIBRARY_PICARD_COLLECTMULTIPLEMETRICS,OSMOTIC_STRESS_T15_PE_REP1,NFCORE_ATACSEQ:ATACSEQ:MERGED_LIBRARY_PICARD_COLLECTMULTIPLEMETRICS (OSMOTIC_STRESS_T15_PE_REP1),COMPLETED,0,-,quay.io/biocontainers/picard:3.0.0--hdfd78af_1,1,14400000,-,6442450944,1,1788311229446,1788311229544,1788311236428,6982,5000,-,296.5,4.6,363991040,10617065472,363991040,10669035520,79247608,860394,17327,556,0,962560,21,6,/home/ahmed/atacseq_run/work/d4/6d4c335ecf36df672eaebc414d1a72,-,-,AMD Ryzen 5 7535U with Radeon Graphics
163,-,32239,NFCORE_ATACSEQ:ATACSEQ:MERGED_LIBRARY_CALL_ANNOTATE_PEAKS:MULTIQC_CUSTOM_PEAKS,OSMOTIC_STRESS_T100_SE_REP1,NFCORE_ATACSEQ:ATACSEQ:MERGED_LIBRARY_CALL_ANNOTATE_PEAKS:MULTIQC_CUSTOM_PEAKS (OSMOTIC_STRESS_T100_SE_REP1),COMPLETED,0,-,quay.io/nf-core/ubuntu:20.04,1,14400000,-,6442450944,1,1788311236431,1788311236528,1788311237366,935,15,-,116.1,0.0,3014656,4079616,3014656,4087808,292232,91814,332,24,0,16384,5,1,/home/ahmed/atacseq_run/work/f4/17d004be45bf2e6087db8b17c4e93a,-,-,AMD Ryzen 5 7535U with Radeon Graphics
164,-,32288,NFCORE_ATACSEQ:ATACSEQ:MERGED_LIBRARY_BAM_TO_BIGWIG:UCSC_BEDGRAPHTOBIGWIG,OSMOTIC_STRESS_T100_SE_REP1,NFCORE_ATACSEQ:ATACSEQ:MERGED_LIBRARY_BAM_TO_BIGWIG:UCSC_BEDGRAPHTOBIGWIG (OSMOTIC_STRESS_T100_SE_REP1),COMPLETED,0,-,quay.io/biocontainers/ucsc-bedgraphtobigwig:445--h954228d_0,1,14400000,-,6442450944,1,1788311237369,1788311237467,1788311238269,900,0,-,98.6,0.1,10223616,25665536,10223616,25735168,5910178,628340,248,146,0,638976,1,2,/home/ahmed/atacseq_run/work/7d/07a4ecb364b6e17e92c4e031dbdd6a,-,-,AMD Ryzen 5 7535U with Radeon Graphics
165,-,32333,NFCORE_ATACSEQ:ATACSEQ:MERGED_LIBRARY_FILTER_BAM:BAM_SORT_STATS_SAMTOOLS:SAMTOOLS_INDEX,OSMOTIC_STRESS_T0_PE_REP2,NFCORE_ATACSEQ:ATACSEQ:MERGED_LIBRARY_FILTER_BAM:BAM_SORT_STATS_SAMTOOLS:SAMTOOLS_INDEX (OSMOTIC_STRESS_T0_PE_REP2),COMPLETED,0,-,quay.io/biocontainers/samtools:1.17--h00cdaf9_0,2,14400000,-,6442450944,1,1788311238272,1788311238369,1788311239075,803,0,-,110.0,0.0,6946816,164413440,6946816,231661568,4144274,16613,817,21,0,20480,387,1,/home/ahmed/atacseq_run/work/8b/173afc895b62ee4a4e5a4cb71b4335,-,-,AMD Ryzen 5 7535U with Radeon Graphics
168,-,32375,NFCORE_ATACSEQ:ATACSEQ:PICARD_MERGESAMFILES_REPLICATE,OSMOTIC_STRESS_T0_PE,NFCORE_ATACSEQ:ATACSEQ:PICARD_MERGESAMFILES_REPLICATE (OSMOTIC_STRESS_T0_PE),COMPLETED,0,-,quay.io/biocontainers/picard:3.0.0--hdfd78af_1,2,21600000,-,6442450944,1,1788311239079,1788311239175,1788311243997,4918,3000,-,198.9,2.0,160948224,8414375936,164663296,8418177024,27461856,9542478,13707,317,0,9617408,11,0,/home/ahmed/atacseq_run/work/b3/ef45e20a294e88ca193fc514563a8c,-,-,AMD Ryzen 5 7535U with Radeon Graphics
167,-,32424,NFCORE_ATACSEQ:ATACSEQ:PICARD_MERGESAMFILES_REPLICATE,OSMOTIC_STRESS_T100_SE,NFCORE_ATACSEQ:ATACSEQ:PICARD_MERGESAMFILES_REPLICATE (OSMOTIC_STRESS_T100_SE),COMPLETED,0,-,quay.io/biocontainers/picard:3.0.0--hdfd78af_1,2,21600000,-,6442450944,1,1788311244000,1788311244097,1788311248496,4496,3000,-,210.9,2.1,165396480,8414375936,165396480,8417751040,22979178,5036582,12936,280,0,5111808,16,1,/home/ahmed/atacseq_run/work/f1/e9c09e6e7be9d5c379b37fda063f0c,-,-,AMD Ryzen 5 7535U with Radeon Graphics
166,-,32468,NFCORE_ATACSEQ:ATACSEQ:MERGED_LIBRARY_PICARD_COLLECTMULTIPLEMETRICS,OSMOTIC_STRESS_T0_PE_REP2,NFCORE_ATACSEQ:ATACSEQ:MERGED_LIBRARY_PICARD_COLLECTMULTIPLEMETRICS (OSMOTIC_STRESS_T0_PE_REP2),COMPLETED,0,-,quay.io/biocontainers/picard:3.0.0--hdfd78af_1,1,14400000,-,6442450944,1,1788311248499,1788311248596,1788311254672,6173,4000,-,330.1,3.4,264925184,10611916800,272781312,10736062464,72110045,860433,16125,556,0,962560,23,39,/home/ahmed/atacseq_run/work/61/9f317fecd644984ccc61b6d781ae67,-,-,AMD Ryzen 5 7535U with Radeon Graphics
169,-,32514,NFCORE_ATACSEQ:ATACSEQ:MERGED_LIBRARY_BAM_TO_BIGWIG:UCSC_BEDGRAPHTOBIGWIG,OSMOTIC_STRESS_T100_SE_REP2,NFCORE_ATACSEQ:ATACSEQ:MERGED_LIBRARY_BAM_TO_BIGWIG:UCSC_BEDGRAPHTOBIGWIG (OSMOTIC_STRESS_T100_SE_REP2),COMPLETED,0,-,quay.io/biocontainers/ucsc-bedgraphtobigwig:445--h954228d_0,1,14400000,-,6442450944,1,1788311254675,1788311254772,1788311255536,861,0,-,94.5,0.1,10092544,25665536,10092544,25735168,4645162,527653,230,125,0,536576,1,2,/home/ahmed/atacseq_run/work/90/b31e5ebaa0c1019357e3ab80fcd84c,-,-,AMD Ryzen 5 7535U with Radeon Graphics
170,-,32557,NFCORE_ATACSEQ:ATACSEQ:MERGED_LIBRARY_CALL_ANNOTATE_PEAKS:MULTIQC_CUSTOM_PEAKS,OSMOTIC_STRESS_T100_SE_REP2,NFCORE_ATACSEQ:ATACSEQ:MERGED_LIBRARY_CALL_ANNOTATE_PEAKS:MULTIQC_CUSTOM_PEAKS (OSMOTIC_STRESS_T100_SE_REP2),COMPLETED,0,-,quay.io/nf-core/ubuntu:20.04,1,14400000,-,6442450944,1,1788311255540,1788311255636,1788311256416,876,15,-,75.0,0.0,3014656,4079616,3014656,4087808,243747,67571,330,24,0,16384,5,0,/home/ahmed/atacseq_run/work/0b/163c583e772e98bda1d4815dfb785e,-,-,AMD Ryzen 5 7535U with Radeon Graphics
171,-,32604,NFCORE_ATACSEQ:ATACSEQ:MERGED_LIBRARY_BIGWIG_PLOT_DEEPTOOLS:DEEPTOOLS_COMPUTEMATRIX_REFERENCE_POINT,OSMOTIC_STRESS_T150_SE_REP1,NFCORE_ATACSEQ:ATACSEQ:MERGED_LIBRARY_BIGWIG_PLOT_DEEPTOOLS:DEEPTOOLS_COMPUTEMATRIX_REFERENCE_POINT (OSMOTIC_STRESS_T150_SE_REP1),COMPLETED,0,-,quay.io/biocontainers/deeptools:3.5.1--py_0,2,21600000,-,6442450944,1,1788311256420,1788311256515,1788311313745,57325,56000,-,191.0,2.3,172380160,589934592,201928704,623902720,229792382,56133144,46861,7020,434176,21524480,356,130,/home/ahmed/atacseq_run/work/de/e649c27ff60bd79cc8fc6ef87462ac,-,-,AMD Ryzen 5 7535U with Radeon Graphics
172,-,32644,NFCORE_ATACSEQ:ATACSEQ:MERGED_LIBRARY_BIGWIG_PLOT_DEEPTOOLS:DEEPTOOLS_COMPUTEMATRIX_SCALE_REGIONS,OSMOTIC_STRESS_T150_SE_REP1,NFCORE_ATACSEQ:ATACSEQ:MERGED_LIBRARY_BIGWIG_PLOT_DEEPTOOLS:DEEPTOOLS_COMPUTEMATRIX_SCALE_REGIONS (OSMOTIC_STRESS_T150_SE_REP1),COMPLETED,0,-,quay.io/biocontainers/deeptools:3.5.1--py_0,2,21600000,-,6442450944,1,1788311313748,1788311313846,1788311370630,56882,55000,-,189.8,2.4,182247424,592986112,211755008,630583296,236470305,65868260,47153,7134,401408,25608192,345,95,/home/ahmed/atacseq_run/work/ab/8b4d412ace0261505b3b2eeeb0a264,-,-,AMD Ryzen 5 7535U with Radeon Graphics
174,-,32694,NFCORE_ATACSEQ:ATACSEQ:MERGED_LIBRARY_CALL_ANNOTATE_PEAKS:MACS2_CALLPEAK,OSMOTIC_STRESS_T0_PE_REP1,NFCORE_ATACSEQ:ATACSEQ:MERGED_LIBRARY_CALL_ANNOTATE_PEAKS:MACS2_CALLPEAK (OSMOTIC_STRESS_T0_PE_REP1),COMPLETED,0,-,quay.io/biocontainers/macs2:2.2.7.1--py38h4a8c8d9_3,2,21600000,-,6442450944,1,1788311370636,1788311370731,1788311372548,1912,1000,-,171.7,0.1,14438400,19279872,14438400,19283968,13458853,4124069,2020,152,0,4177920,1,2,/home/ahmed/atacseq_run/work/7a/b9aba8af05f65fc5d738dd6cc14f9c,-,-,AMD Ryzen 5 7535U with Radeon Graphics
173,-,32735,NFCORE_ATACSEQ:ATACSEQ:MERGED_LIBRARY_DEEPTOOLS_PLOTFINGERPRINT,OSMOTIC_STRESS_T0_PE_REP1,NFCORE_ATACSEQ:ATACSEQ:MERGED_LIBRARY_DEEPTOOLS_PLOTFINGERPRINT (OSMOTIC_STRESS_T0_PE_REP1),COMPLETED,0,-,quay.io/biocontainers/deeptools:3.5.1--py_0,2,21600000,-,6442450944,1,1788311372553,1788311372648,1788311381045,8492,7000,-,100.6,11.6,896708608,1417818112,1061388288,1582874624,43481307,393773,6194,67,0,401408,17,48,/home/ahmed/atacseq_run/work/73/8fb9031cc26b04cb55a15e5b7f0974,-,-,AMD Ryzen 5 7535U with Radeon Graphics
176,-,32780,NFCORE_ATACSEQ:ATACSEQ:MERGED_LIBRARY_CALL_ANNOTATE_PEAKS:MACS2_CALLPEAK,OSMOTIC_STRESS_T15_PE_REP1,NFCORE_ATACSEQ:ATACSEQ:MERGED_LIBRARY_CALL_ANNOTATE_PEAKS:MACS2_CALLPEAK (OSMOTIC_STRESS_T15_PE_REP1),COMPLETED,0,-,quay.io/biocontainers/macs2:2.2.7.1--py38h4a8c8d9_3,2,21600000,-,6442450944,1,1788311381050,1788311381145,1788311383422,2372,1000,-,133.8,0.1,14434304,19279872,14434304,19283968,24648375,9052857,3589,194,188416,9105408,2,0,/home/ahmed/atacseq_run/work/7e/01abc5b8e188c6eff0a31c1663a117,-,-,AMD Ryzen 5 7535U with Radeon Graphics
175,-,32821,NFCORE_ATACSEQ:ATACSEQ:MERGED_LIBRARY_DEEPTOOLS_PLOTFINGERPRINT,OSMOTIC_STRESS_T15_PE_REP1,NFCORE_ATACSEQ:ATACSEQ:MERGED_LIBRARY_DEEPTOOLS_PLOTFINGERPRINT (OSMOTIC_STRESS_T15_PE_REP1),COMPLETED,0,-,quay.io/biocontainers/deeptools:3.5.1--py_0,2,21600000,-,6442450944,1,1788311383426,1788311383522,1788311391521,8095,7000,-,100.7,12.5,961609728,1486888960,1061527552,1582886912,43068762,393990,6200,67,12288,401408,17,50,/home/ahmed/atacseq_run/work/c5/ad32a4e12d5be252fbfc00aa2cd8d8,-,-,AMD Ryzen 5 7535U with Radeon Graphics
177,-,32891,NFCORE_ATACSEQ:ATACSEQ:MERGED_LIBRARY_BIGWIG_PLOT_DEEPTOOLS:DEEPTOOLS_COMPUTEMATRIX_SCALE_REGIONS,OSMOTIC_STRESS_T100_SE_REP1,NFCORE_ATACSEQ:ATACSEQ:MERGED_LIBRARY_BIGWIG_PLOT_DEEPTOOLS:DEEPTOOLS_COMPUTEMATRIX_SCALE_REGIONS (OSMOTIC_STRESS_T100_SE_REP1),COMPLETED,0,-,quay.io/biocontainers/deeptools:3.5.1--py_0,2,21600000,-,6442450944,1,1788311391525,1788311391621,1788311457264,65739,64000,-,191.9,2.4,180723712,592551936,210706432,629850112,234779655,59762970,46739,6822,294912,19496960,407,108,/home/ahmed/atacseq_run/work/28/0dc4106c1e3a4448a91cec59e86c8f,-,-,AMD Ryzen 5 7535U with Radeon Graphics
178,-,32940,NFCORE_ATACSEQ:ATACSEQ:MERGED_LIBRARY_BIGWIG_PLOT_DEEPTOOLS:DEEPTOOLS_COMPUTEMATRIX_REFERENCE_POINT,OSMOTIC_STRESS_T100_SE_REP1,NFCORE_ATACSEQ:ATACSEQ:MERGED_LIBRARY_BIGWIG_PLOT_DEEPTOOLS:DEEPTOOLS_COMPUTEMATRIX_REFERENCE_POINT (OSMOTIC_STRESS_T100_SE_REP1),COMPLETED,0,-,quay.io/biocontainers/deeptools:3.5.1--py_0,2,21600000,-,6442450944,1,1788311457269,1788311457364,1788311506675,49406,48000,-,190.5,2.3,176304128,589213696,199090176,620969984,228522312,51006063,46555,5702,0,16396288,360,73,/home/ahmed/atacseq_run/work/59/bbf824689c642ff455a46313428d45,-,-,AMD Ryzen 5 7535U with Radeon Graphics
179,-,32987,NFCORE_ATACSEQ:ATACSEQ:MERGED_LIBRARY_DEEPTOOLS_PLOTFINGERPRINT,OSMOTIC_STRESS_T0_PE_REP2,NFCORE_ATACSEQ:ATACSEQ:MERGED_LIBRARY_DEEPTOOLS_PLOTFINGERPRINT (OSMOTIC_STRESS_T0_PE_REP2),COMPLETED,0,-,quay.io/biocontainers/deeptools:3.5.1--py_0,2,21600000,-,6442450944,1,1788311506679,1788311506775,1788311514998,8319,6000,-,100.6,12.7,981803008,1502867456,1061883904,1582874624,41371491,393667,5846,67,90112,401408,22,38,/home/ahmed/atacseq_run/work/0c/6bbadb4c4ca960b3fca90ef5b891f0,-,-,AMD Ryzen 5 7535U with Radeon Graphics
180,-,33029,NFCORE_ATACSEQ:ATACSEQ:MERGED_LIBRARY_CALL_ANNOTATE_PEAKS:MACS2_CALLPEAK,OSMOTIC_STRESS_T0_PE_REP2,NFCORE_ATACSEQ:ATACSEQ:MERGED_LIBRARY_CALL_ANNOTATE_PEAKS:MACS2_CALLPEAK (OSMOTIC_STRESS_T0_PE_REP2),COMPLETED,0,-,quay.io/biocontainers/macs2:2.2.7.1--py38h4a8c8d9_3,2,21600000,-,6442450944,1,1788311515003,1788311515099,1788311516996,1993,0,-,187.6,0.1,12886016,18046976,13107200,18276352,11898976,3198806,1847,119,954368,3248128,4,2,/home/ahmed/atacseq_run/work/04/395c6f910149afac6ea4720b57668c,-,-,AMD Ryzen 5 7535U with Radeon Graphics
187,-,33070,NFCORE_ATACSEQ:ATACSEQ:MERGED_LIBRARY_FILTER_BAM:BAM_SORT_STATS_SAMTOOLS:BAM_STATS_SAMTOOLS:SAMTOOLS_FLAGSTAT,OSMOTIC_STRESS_T15_PE_REP1,NFCORE_ATACSEQ:ATACSEQ:MERGED_LIBRARY_FILTER_BAM:BAM_SORT_STATS_SAMTOOLS:BAM_STATS_SAMTOOLS:SAMTOOLS_FLAGSTAT (OSMOTIC_STRESS_T15_PE_REP1),COMPLETED,0,-,quay.io/biocontainers/samtools:1.17--h00cdaf9_0,1,14400000,-,6442450944,1,1788311517000,1788311517096,1788311517991,991,0,-,125.7,0.0,6946816,164413440,6946816,231661568,11282264,5494,1986,19,409600,12288,153,1,/home/ahmed/atacseq_run/work/e5/4c839b2370d51604febb17d71a62d8,-,-,AMD Ryzen 5 7535U with Radeon Graphics
181,-,33121,NFCORE_ATACSEQ:ATACSEQ:MERGED_LIBRARY_FILTER_BAM:BAM_SORT_STATS_SAMTOOLS:BAM_STATS_SAMTOOLS:SAMTOOLS_IDXSTATS,OSMOTIC_STRESS_T0_PE_REP1,NFCORE_ATACSEQ:ATACSEQ:MERGED_LIBRARY_FILTER_BAM:BAM_SORT_STATS_SAMTOOLS:BAM_STATS_SAMTOOLS:SAMTOOLS_IDXSTATS (OSMOTIC_STRESS_T0_PE_REP1),COMPLETED,0,-,quay.io/biocontainers/samtools:1.17--h00cdaf9_0,1,14400000,-,6442450944,1,1788311517995,1788311518091,1788311518807,812,0,-,56.2,0.0,3145728,5640192,3145728,5644288,122764,5296,224,19,32768,12288,1,0,/home/ahmed/atacseq_run/work/11/9adc0a7c30f1eaaf3865c639782451,-,-,AMD Ryzen 5 7535U with Radeon Graphics
185,-,33164,NFCORE_ATACSEQ:ATACSEQ:MERGED_LIBRARY_FILTER_BAM:BAM_SORT_STATS_SAMTOOLS:BAM_STATS_SAMTOOLS:SAMTOOLS_IDXSTATS,OSMOTIC_STRESS_T0_PE_REP2,NFCORE_ATACSEQ:ATACSEQ:MERGED_LIBRARY_FILTER_BAM:BAM_SORT_STATS_SAMTOOLS:BAM_STATS_SAMTOOLS:SAMTOOLS_IDXSTATS (OSMOTIC_STRESS_T0_PE_REP2),COMPLETED,0,-,quay.io/biocontainers/samtools:1.17--h00cdaf9_0,1,14400000,-,6442450944,1,1788311518810,1788311518908,1788311519697,887,0,-,76.6,0.0,3276800,5640192,3276800,5644288,124305,5295,224,19,0,12288,2,0,/home/ahmed/atacseq_run/work/99/92187c3d59cf40091aa0e0fb1e2725,-,-,AMD Ryzen 5 7535U with Radeon Graphics
182,-,33206,NFCORE_ATACSEQ:ATACSEQ:MERGED_LIBRARY_FILTER_BAM:BAM_SORT_STATS_SAMTOOLS:BAM_STATS_SAMTOOLS:SAMTOOLS_IDXSTATS,OSMOTIC_STRESS_T15_PE_REP1,NFCORE_ATACSEQ:ATACSEQ:MERGED_LIBRARY_FILTER_BAM:BAM_SORT_STATS_SAMTOOLS:BAM_STATS_SAMTOOLS:SAMTOOLS_IDXSTATS (OSMOTIC_STRESS_T15_PE_REP1),COMPLETED,0,-,quay.io/biocontainers/samtools:1.17--h00cdaf9_0,1,14400000,-,6442450944,1,1788311519700,1788311519797,1788311520482,782,0,-,80.0,0.0,3145728,5640192,3145728,5644288,122846,5306,224,19,12288,12288,2,0,/home/ahmed/atacseq_run/work/fd/14dd959023e9ce1e836fc573ce1de9,-,-,AMD Ryzen 5 7535U with Radeon Graphics
186,-,33249,NFCORE_ATACSEQ:ATACSEQ:MERGED_LIBRARY_FILTER_BAM:BAM_SORT_STATS_SAMTOOLS:BAM_STATS_SAMTOOLS:SAMTOOLS_FLAGSTAT,OSMOTIC_STRESS_T0_PE_REP1,NFCORE_ATACSEQ:ATACSEQ:MERGED_LIBRARY_FILTER_BAM:BAM_SORT_STATS_SAMTOOLS:BAM_STATS_SAMTOOLS:SAMTOOLS_FLAGSTAT (OSMOTIC_STRESS_T0_PE_REP1),COMPLETED,0,-,quay.io/biocontainers/samtools:1.17--h00cdaf9_0,1,14400000,-,6442450944,1,1788311520487,1788311520582,1788311521303,816,0,-,122.4,0.0,6946816,164413440,6946816,231661568,4855533,5485,938,19,225280,12288,405,0,/home/ahmed/atacseq_run/work/a8/ddefc68936944c4a531727af503672,-,-,AMD Ryzen 5 7535U with Radeon Graphics
188,-,33290,NFCORE_ATACSEQ:ATACSEQ:MERGED_LIBRARY_FILTER_BAM:BAM_SORT_STATS_SAMTOOLS:BAM_STATS_SAMTOOLS:SAMTOOLS_FLAGSTAT,OSMOTIC_STRESS_T0_PE_REP2,NFCORE_ATACSEQ:ATACSEQ:MERGED_LIBRARY_FILTER_BAM:BAM_SORT_STATS_SAMTOOLS:BAM_STATS_SAMTOOLS:SAMTOOLS_FLAGSTAT (OSMOTIC_STRESS_T0_PE_REP2),COMPLETED,0,-,quay.io/biocontainers/samtools:1.17--h00cdaf9_0,1,14400000,-,6442450944,1,1788311521307,1788311521403,1788311522139,832,0,-,97.7,0.0,6946816,164413440,6946816,231661568,4144402,5483,817,19,0,12288,420,1,/home/ahmed/atacseq_run/work/1b/cba98c02a56095ce66813deed52394,-,-,AMD Ryzen 5 7535U with Radeon Graphics
183,-,33333,NFCORE_ATACSEQ:ATACSEQ:MERGED_LIBRARY_FILTER_BAM:BAM_SORT_STATS_SAMTOOLS:BAM_STATS_SAMTOOLS:SAMTOOLS_STATS,OSMOTIC_STRESS_T0_PE_REP1,NFCORE_ATACSEQ:ATACSEQ:MERGED_LIBRARY_FILTER_BAM:BAM_SORT_STATS_SAMTOOLS:BAM_STATS_SAMTOOLS:SAMTOOLS_STATS (OSMOTIC_STRESS_T0_PE_REP1),COMPLETED,0,-,quay.io/biocontainers/samtools:1.17--h00cdaf9_0,1,14400000,-,6442450944,1,1788311522142,1788311522239,1788311523021,879,0,-,122.8,0.1,7471104,165957632,7471104,233054208,4856946,61733,938,32,0,65536,6,3,/home/ahmed/atacseq_run/work/8a/71276f45dd6a7b6687811b6e3b2091,-,-,AMD Ryzen 5 7535U with Radeon Graphics
189,-,33378,NFCORE_ATACSEQ:ATACSEQ:MERGED_LIBRARY_FILTER_BAM:BAM_SORT_STATS_SAMTOOLS:BAM_STATS_SAMTOOLS:SAMTOOLS_STATS,OSMOTIC_STRESS_T0_PE_REP2,NFCORE_ATACSEQ:ATACSEQ:MERGED_LIBRARY_FILTER_BAM:BAM_SORT_STATS_SAMTOOLS:BAM_STATS_SAMTOOLS:SAMTOOLS_STATS (OSMOTIC_STRESS_T0_PE_REP2),COMPLETED,0,-,quay.io/biocontainers/samtools:1.17--h00cdaf9_0,1,14400000,-,6442450944,1,1788311523025,1788311523121,1788311523895,870,0,-,114.6,0.1,7471104,165957632,7471104,233205760,4145817,65204,817,33,0,69632,4,0,/home/ahmed/atacseq_run/work/5d/760ced372ae3db2f2325f93e20a4ec,-,-,AMD Ryzen 5 7535U with Radeon Graphics
184,-,33421,NFCORE_ATACSEQ:ATACSEQ:MERGED_LIBRARY_FILTER_BAM:BAM_SORT_STATS_SAMTOOLS:BAM_STATS_SAMTOOLS:SAMTOOLS_STATS,OSMOTIC_STRESS_T15_PE_REP1,NFCORE_ATACSEQ:ATACSEQ:MERGED_LIBRARY_FILTER_BAM:BAM_SORT_STATS_SAMTOOLS:BAM_STATS_SAMTOOLS:SAMTOOLS_STATS (OSMOTIC_STRESS_T15_PE_REP1),COMPLETED,0,-,quay.io/biocontainers/samtools:1.17--h00cdaf9_0,1,14400000,-,6442450944,1,1788311523899,1788311523995,1788311525000,1101,0,-,127.6,0.1,7602176,165957632,7602176,233054208,11283769,67392,1986,34,0,73728,4,1,/home/ahmed/atacseq_run/work/dc/cdbb5e6b2d09230493ef181b99bba3,-,-,AMD Ryzen 5 7535U with Radeon Graphics
190,-,33466,NFCORE_ATACSEQ:ATACSEQ:MERGED_REPLICATE_MARKDUPLICATES_PICARD:PICARD_MARKDUPLICATES,OSMOTIC_STRESS_T0_PE,NFCORE_ATACSEQ:ATACSEQ:MERGED_REPLICATE_MARKDUPLICATES_PICARD:PICARD_MARKDUPLICATES (OSMOTIC_STRESS_T0_PE),COMPLETED,0,-,quay.io/biocontainers/picard:3.0.0--hdfd78af_1,2,21600000,-,6442450944,1,1788311525004,1788311525101,1788311536140,11136,9000,-,152.9,30.7,2360360960,8618860544,2360360960,8685977600,36504296,9530359,15475,337,11706368,9711616,11,2,/home/ahmed/atacseq_run/work/73/64e53a17a9f0f5ec162f58da7a4e7b,-,-,AMD Ryzen 5 7535U with Radeon Graphics
191,-,33511,NFCORE_ATACSEQ:ATACSEQ:MERGED_REPLICATE_MARKDUPLICATES_PICARD:PICARD_MARKDUPLICATES,OSMOTIC_STRESS_T100_SE,NFCORE_ATACSEQ:ATACSEQ:MERGED_REPLICATE_MARKDUPLICATES_PICARD:PICARD_MARKDUPLICATES (OSMOTIC_STRESS_T100_SE),COMPLETED,0,-,quay.io/biocontainers/picard:3.0.0--hdfd78af_1,2,21600000,-,6442450944,1,1788311536145,1788311536240,1788311543322,7177,6000,-,175.4,23.7,1826775040,8618860544,1826775040,8685977600,27489851,5028034,13953,299,4341760,5103616,19,0,/home/ahmed/atacseq_run/work/98/06673617bf610493f52aabe028edab,-,-,AMD Ryzen 5 7535U with Radeon Graphics
193,-,33557,NFCORE_ATACSEQ:ATACSEQ:MERGED_LIBRARY_BIGWIG_PLOT_DEEPTOOLS:DEEPTOOLS_COMPUTEMATRIX_REFERENCE_POINT,OSMOTIC_STRESS_T100_SE_REP2,NFCORE_ATACSEQ:ATACSEQ:MERGED_LIBRARY_BIGWIG_PLOT_DEEPTOOLS:DEEPTOOLS_COMPUTEMATRIX_REFERENCE_POINT (OSMOTIC_STRESS_T100_SE_REP2),COMPLETED,0,-,quay.io/biocontainers/deeptools:3.5.1--py_0,2,21600000,-,6442450944,1,1788311543330,1788311543422,1788311593020,49690,48000,-,190.7,2.2,174489600,587816960,198586368,619827200,229725970,50092702,46847,5214,4431872,15482880,397,61,/home/ahmed/atacseq_run/work/ed/14945e30785ee9320517e74fd0ba52,-,-,AMD Ryzen 5 7535U with Radeon Graphics
192,-,33604,NFCORE_ATACSEQ:ATACSEQ:MERGED_LIBRARY_BIGWIG_PLOT_DEEPTOOLS:DEEPTOOLS_COMPUTEMATRIX_SCALE_REGIONS,OSMOTIC_STRESS_T100_SE_REP2,NFCORE_ATACSEQ:ATACSEQ:MERGED_LIBRARY_BIGWIG_PLOT_DEEPTOOLS:DEEPTOOLS_COMPUTEMATRIX_SCALE_REGIONS (OSMOTIC_STRESS_T100_SE_REP2),COMPLETED,0,-,quay.io/biocontainers/deeptools:3.5.1--py_0,2,21600000,-,6442450944,1,1788311593023,1788311593120,1788311650361,57338,56000,-,185.0,2.5,190799872,600363008,213016576,628256768,235907879,58666877,47016,6545,0,18399232,429,106,/home/ahmed/atacseq_run/work/ef/4084fad44f2944baa3f1e31d81d239,-,-,AMD Ryzen 5 7535U with Radeon Graphics
194,-,33649,NFCORE_ATACSEQ:ATACSEQ:MERGED_LIBRARY_BIGWIG_PLOT_DEEPTOOLS:DEEPTOOLS_PLOTHEATMAP,OSMOTIC_STRESS_T150_SE_REP1,NFCORE_ATACSEQ:ATACSEQ:MERGED_LIBRARY_BIGWIG_PLOT_DEEPTOOLS:DEEPTOOLS_PLOTHEATMAP (OSMOTIC_STRESS_T150_SE_REP1),COMPLETED,0,-,quay.io/biocontainers/deeptools:3.5.1--py_0,2,14400000,-,6442450944,1,1788311650367,1788311650461,1788311657737,7370,6000,-,99.3,3.6,280154112,482619392,280154112,482623488,27453524,3362219,4477,120,2854912,3375104,29,17,/home/ahmed/atacseq_run/work/36/e8dcd3b547183422b8503e23458347,-,-,AMD Ryzen 5 7535U with Radeon Graphics
195,-,33691,NFCORE_ATACSEQ:ATACSEQ:MERGED_LIBRARY_BIGWIG_PLOT_DEEPTOOLS:DEEPTOOLS_PLOTPROFILE,OSMOTIC_STRESS_T150_SE_REP1,NFCORE_ATACSEQ:ATACSEQ:MERGED_LIBRARY_BIGWIG_PLOT_DEEPTOOLS:DEEPTOOLS_PLOTPROFILE (OSMOTIC_STRESS_T150_SE_REP1),COMPLETED,0,-,quay.io/biocontainers/deeptools:3.5.1--py_0,2,14400000,-,6442450944,1,1788311657741,1788311657837,1788311661244,3503,1000,-,98.3,1.5,117366784,186949632,117366784,186953728,24550165,405115,3778,42,2953216,417792,11,9,/home/ahmed/atacseq_run/work/2c/2d540461453031ff06ef61a34cb2b9,-,-,AMD Ryzen 5 7535U with Radeon Graphics
198,-,33733,NFCORE_ATACSEQ:ATACSEQ:MERGED_LIBRARY_CALL_ANNOTATE_PEAKS:FRIP_SCORE,OSMOTIC_STRESS_T0_PE_REP1,NFCORE_ATACSEQ:ATACSEQ:MERGED_LIBRARY_CALL_ANNOTATE_PEAKS:FRIP_SCORE (OSMOTIC_STRESS_T0_PE_REP1),COMPLETED,0,-,quay.io/biocontainers/mulled-v2-8186960447c5cb2faa697666dc1e6d919ad23f3e:3127fcae6b6bdaf8181e21a26ae61231030a9fcb-0,2,21600000,-,6442450944,1,1788311661249,1788311661344,1788311662391,1142,1000,-,104.7,0.0,10633216,21745664,10633216,21753856,16966053,7232978,18417,1003,6598656,16384,99,0,/home/ahmed/atacseq_run/work/31/acb770f06e7c49d137cd77b19c8660,-,-,AMD Ryzen 5 7535U with Radeon Graphics
197,-,33777,NFCORE_ATACSEQ:ATACSEQ:MERGED_LIBRARY_ATAQV_ATAQV,OSMOTIC_STRESS_T0_PE_REP1,NFCORE_ATACSEQ:ATACSEQ:MERGED_LIBRARY_ATAQV_ATAQV (OSMOTIC_STRESS_T0_PE_REP1),COMPLETED,0,-,quay.io/biocontainers/ataqv:1.3.1--py310ha155cf9_1,2,21600000,-,6442450944,1,1788311662394,1788311662491,1788311664767,2373,1611,-,146.0,0.1,12189696,168353792,12189696,235466752,235916883,319048,35975,398,4444160,319488,27,2,/home/ahmed/atacseq_run/work/8c/2b254f22f511751ec6b611be5e7465,-,-,AMD Ryzen 5 7535U with Radeon Graphics
196,-,33826,NFCORE_ATACSEQ:ATACSEQ:MERGED_LIBRARY_CALL_ANNOTATE_PEAKS:HOMER_ANNOTATEPEAKS,OSMOTIC_STRESS_T0_PE_REP1,NFCORE_ATACSEQ:ATACSEQ:MERGED_LIBRARY_CALL_ANNOTATE_PEAKS:HOMER_ANNOTATEPEAKS (OSMOTIC_STRESS_T0_PE_REP1),COMPLETED,0,-,quay.io/biocontainers/homer:4.11--pl526hc9558a2_3,2,21600000,-,6442450944,1,1788311664770,1788311664867,1788311670796,6026,4000,-,99.1,4.2,321257472,369586176,321257472,369590272,58158602,6320749,8593,1277,2560000,6356992,73,3,/home/ahmed/atacseq_run/work/bb/4db31d98b86aa67bb52987435d60b1,-,-,AMD Ryzen 5 7535U with Radeon Graphics
199,-,33871,NFCORE_ATACSEQ:ATACSEQ:MERGED_LIBRARY_ATAQV_ATAQV,OSMOTIC_STRESS_T15_PE_REP1,NFCORE_ATACSEQ:ATACSEQ:MERGED_LIBRARY_ATAQV_ATAQV (OSMOTIC_STRESS_T15_PE_REP1),COMPLETED,0,-,quay.io/biocontainers/ataqv:1.3.1--py310ha155cf9_1,2,21600000,-,6442450944,1,1788311670800,1788311670896,1788311674431,3631,2892,-,156.0,0.1,13107200,168488960,13107200,235601920,382598312,377094,59779,412,143360,376832,24,2,/home/ahmed/atacseq_run/work/61/778c58cafb738632acf7e225b7dd87,-,-,AMD Ryzen 5 7535U with Radeon Graphics
201,-,33921,NFCORE_ATACSEQ:ATACSEQ:MERGED_LIBRARY_CALL_ANNOTATE_PEAKS:FRIP_SCORE,OSMOTIC_STRESS_T15_PE_REP1,NFCORE_ATACSEQ:ATACSEQ:MERGED_LIBRARY_CALL_ANNOTATE_PEAKS:FRIP_SCORE (OSMOTIC_STRESS_T15_PE_REP1),COMPLETED,0,-,quay.io/biocontainers/mulled-v2-8186960447c5cb2faa697666dc1e6d919ad23f3e:3127fcae6b6bdaf8181e21a26ae61231030a9fcb-0,2,21600000,-,6442450944,1,1788311674434,1788311674531,1788311675835,1401,1000,-,124.1,0.1,17973248,33202176,17973248,33210368,40229648,17594855,44232,2405,1142784,16384,183,1,/home/ahmed/atacseq_run/work/89/31dae90579a51b253da8d7d4f8cfaa,-,-,AMD Ryzen 5 7535U with Radeon Graphics
200,-,33964,NFCORE_ATACSEQ:ATACSEQ:MERGED_LIBRARY_CALL_ANNOTATE_PEAKS:HOMER_ANNOTATEPEAKS,OSMOTIC_STRESS_T15_PE_REP1,NFCORE_ATACSEQ:ATACSEQ:MERGED_LIBRARY_CALL_ANNOTATE_PEAKS:HOMER_ANNOTATEPEAKS (OSMOTIC_STRESS_T15_PE_REP1),COMPLETED,0,-,quay.io/biocontainers/homer:4.11--pl526hc9558a2_3,2,21600000,-,6442450944,1,1788311675838,1788311675935,1788311681444,5606,4000,-,99.9,5.7,441319424,486387712,441319424,486391808,58587154,6654161,8650,1328,0,6684672,34,3,/home/ahmed/atacseq_run/work/51/5b0b751a261221b0f99f0818031f56,-,-,AMD Ryzen 5 7535U with Radeon Graphics
202,-,34011,NFCORE_ATACSEQ:ATACSEQ:MERGED_LIBRARY_BIGWIG_PLOT_DEEPTOOLS:DEEPTOOLS_PLOTPROFILE,OSMOTIC_STRESS_T100_SE_REP1,NFCORE_ATACSEQ:ATACSEQ:MERGED_LIBRARY_BIGWIG_PLOT_DEEPTOOLS:DEEPTOOLS_PLOTPROFILE (OSMOTIC_STRESS_T100_SE_REP1),COMPLETED,0,-,quay.io/biocontainers/deeptools:3.5.1--py_0,2,14400000,-,6442450944,1,1788311681447,1788311681545,1788311684836,3389,2000,-,99.9,1.6,127619072,230326272,127619072,230330368,23238210,405741,3476,42,1482752,417792,5,15,/home/ahmed/atacseq_run/work/1f/c417c93a928e1b40fd55d84be12e6f,-,-,AMD Ryzen 5 7535U with Radeon Graphics
203,-,34053,NFCORE_ATACSEQ:ATACSEQ:MERGED_LIBRARY_BIGWIG_PLOT_DEEPTOOLS:DEEPTOOLS_PLOTHEATMAP,OSMOTIC_STRESS_T100_SE_REP1,NFCORE_ATACSEQ:ATACSEQ:MERGED_LIBRARY_BIGWIG_PLOT_DEEPTOOLS:DEEPTOOLS_PLOTHEATMAP (OSMOTIC_STRESS_T100_SE_REP1),COMPLETED,0,-,quay.io/biocontainers/deeptools:3.5.1--py_0,2,14400000,-,6442450944,1,1788311684840,1788311684936,1788311691716,6876,5000,-,99.8,2.3,178212864,247250944,178212864,247255040,26646124,2254038,4297,94,1175552,2269184,5,12,/home/ahmed/atacseq_run/work/17/439a3860089cc6b6e8af129fcc02a2,-,-,AMD Ryzen 5 7535U with Radeon Graphics
205,-,34096,NFCORE_ATACSEQ:ATACSEQ:MERGED_LIBRARY_ATAQV_ATAQV,OSMOTIC_STRESS_T0_PE_REP2,NFCORE_ATACSEQ:ATACSEQ:MERGED_LIBRARY_ATAQV_ATAQV (OSMOTIC_STRESS_T0_PE_REP2),COMPLETED,0,-,quay.io/biocontainers/ataqv:1.3.1--py310ha155cf9_1,2,21600000,-,6442450944,1,1788311691720,1788311691818,1788311693992,2272,1529,-,143.5,0.1,12451840,168288256,12451840,235401216,227445676,294291,34604,392,69632,294912,15,2,/home/ahmed/atacseq_run/work/fe/a6007d1c3dbccd25d20c7d3f94c48f,-,-,AMD Ryzen 5 7535U with Radeon Graphics
206,-,34145,NFCORE_ATACSEQ:ATACSEQ:MERGED_LIBRARY_CALL_ANNOTATE_PEAKS:FRIP_SCORE,OSMOTIC_STRESS_T0_PE_REP2,NFCORE_ATACSEQ:ATACSEQ:MERGED_LIBRARY_CALL_ANNOTATE_PEAKS:FRIP_SCORE (OSMOTIC_STRESS_T0_PE_REP2),COMPLETED,0,-,quay.io/biocontainers/mulled-v2-8186960447c5cb2faa697666dc1e6d919ad23f3e:3127fcae6b6bdaf8181e21a26ae61231030a9fcb-0,2,21600000,-,6442450944,1,1788311693996,1788311694092,1788311695129,1133,0,-,110.5,0.1,17580032,32796672,17580032,32804864,14254725,5966768,15215,832,2449408,16384,134,3,/home/ahmed/atacseq_run/work/77/0663217abc024ba57876bb951a28fc,-,-,AMD Ryzen 5 7535U with Radeon Graphics
207,-,34189,NFCORE_ATACSEQ:ATACSEQ:MERGED_LIBRARY_CALL_ANNOTATE_PEAKS:PLOT_MACS2_QC,-,NFCORE_ATACSEQ:ATACSEQ:MERGED_LIBRARY_CALL_ANNOTATE_PEAKS:PLOT_MACS2_QC,COMPLETED,0,-,quay.io/biocontainers/mulled-v2-ad9dd5f398966bf899ae05f8e7c54d0fb10cdfa7:05678da05b8e5a7a5130e90a9f9a6c585b965afa-0,2,21600000,-,6442450944,1,1788311695133,1788311695229,1788311699504,4371,3000,-,289.0,1.8,137338880,2001469440,137338880,2001473536,15182820,684041,1886,178,36265984,704512,697,13,/home/ahmed/atacseq_run/work/c7/ebaba26d8f243ebcae1518fc4cdacf,-,-,AMD Ryzen 5 7535U with Radeon Graphics
208,-,34240,NFCORE_ATACSEQ:ATACSEQ:MERGED_LIBRARY_CONSENSUS_PEAKS:MACS2_CONSENSUS,consensus_peaks,NFCORE_ATACSEQ:ATACSEQ:MERGED_LIBRARY_CONSENSUS_PEAKS:MACS2_CONSENSUS (consensus_peaks),COMPLETED,0,-,quay.io/biocontainers/mulled-v2-2f48cc59b03027e31ead6d383fe1b8057785dd24:5d182f583f4696f4c4d9f3be93052811b383341f-0,1,21600000,-,6442450944,1,1788311699508,1788311699605,1788311702133,2625,1000,-,203.4,1.1,86568960,1743687680,86568960,1743691776,14668814,1824258,2617,4138,40820736,1298432,532,3,/home/ahmed/atacseq_run/work/97/0463cd26e702a2220ed50de2d43793,-,-,AMD Ryzen 5 7535U with Radeon Graphics
204,-,34291,NFCORE_ATACSEQ:ATACSEQ:MERGED_LIBRARY_CALL_ANNOTATE_PEAKS:HOMER_ANNOTATEPEAKS,OSMOTIC_STRESS_T0_PE_REP2,NFCORE_ATACSEQ:ATACSEQ:MERGED_LIBRARY_CALL_ANNOTATE_PEAKS:HOMER_ANNOTATEPEAKS (OSMOTIC_STRESS_T0_PE_REP2),COMPLETED,0,-,quay.io/biocontainers/homer:4.11--pl526hc9558a2_3,2,21600000,-,6442450944,1,1788311702137,1788311702233,1788311707824,5687,4000,-,99.3,5.7,437780480,483028992,437780480,483041280,57957031,6162254,8564,1253,0,6201344,34,3,/home/ahmed/atacseq_run/work/f2/be8fb5eda6b562ee7114623b5ec563,-,-,AMD Ryzen 5 7535U with Radeon Graphics
209,-,34340,NFCORE_ATACSEQ:ATACSEQ:MERGED_LIBRARY_BAM_TO_BIGWIG:BEDTOOLS_GENOMECOV,OSMOTIC_STRESS_T15_PE_REP1,NFCORE_ATACSEQ:ATACSEQ:MERGED_LIBRARY_BAM_TO_BIGWIG:BEDTOOLS_GENOMECOV (OSMOTIC_STRESS_T15_PE_REP1),COMPLETED,0,-,quay.io/biocontainers/bedtools:2.30.0--hc088bd4_0,2,21600000,-,6442450944,1,1788311707827,1788311707925,1788311710550,2723,1000,-,97.7,0.0,2883584,11579392,2883584,11579392,15945531,9407953,2521,187312,2719744,9424896,3,0,/home/ahmed/atacseq_run/work/7b/575d5d8ab19dbefbce75913511fce5,-,-,AMD Ryzen 5 7535U with Radeon Graphics
210,-,34383,NFCORE_ATACSEQ:ATACSEQ:MERGED_LIBRARY_BAM_TO_BIGWIG:BEDTOOLS_GENOMECOV,OSMOTIC_STRESS_T0_PE_REP1,NFCORE_ATACSEQ:ATACSEQ:MERGED_LIBRARY_BAM_TO_BIGWIG:BEDTOOLS_GENOMECOV (OSMOTIC_STRESS_T0_PE_REP1),COMPLETED,0,-,quay.io/biocontainers/bedtools:2.30.0--hc088bd4_0,2,21600000,-,6442450944,1,1788311710554,1788311710651,1788311712743,2189,1000,-,97.5,0.0,2883584,11575296,2883584,11579392,6692404,3755366,1128,74907,4096,3772416,1,0,/home/ahmed/atacseq_run/work/f4/e1831bc2780bd501d2beff2dafc82c,-,-,AMD Ryzen 5 7535U with Radeon Graphics
211,-,34426,NFCORE_ATACSEQ:ATACSEQ:MERGED_LIBRARY_BAM_TO_BIGWIG:BEDTOOLS_GENOMECOV,OSMOTIC_STRESS_T0_PE_REP2,NFCORE_ATACSEQ:ATACSEQ:MERGED_LIBRARY_BAM_TO_BIGWIG:BEDTOOLS_GENOMECOV (OSMOTIC_STRESS_T0_PE_REP2),COMPLETED,0,-,quay.io/biocontainers/bedtools:2.30.0--hc088bd4_0,2,21600000,-,6442450944,1,1788311712747,1788311712845,1788311714869,2122,0,-,96.3,0.1,13938688,34430976,13938688,34430976,5616877,3026580,962,60528,4096,3043328,3,1,/home/ahmed/atacseq_run/work/25/43bf4d4912bc77ac74d8ba651b6bce,-,-,AMD Ryzen 5 7535U with Radeon Graphics
212,-,34469,NFCORE_ATACSEQ:ATACSEQ:MERGED_REPLICATE_MARKDUPLICATES_PICARD:SAMTOOLS_INDEX,OSMOTIC_STRESS_T0_PE,NFCORE_ATACSEQ:ATACSEQ:MERGED_REPLICATE_MARKDUPLICATES_PICARD:SAMTOOLS_INDEX (OSMOTIC_STRESS_T0_PE),COMPLETED,0,-,quay.io/biocontainers/samtools:1.17--h00cdaf9_0,2,14400000,-,6442450944,1,1788311714872,1788311714969,1788311715693,821,0,-,111.8,0.0,6684672,164413440,6684672,231661568,8932843,15375,1536,21,1671168,20480,380,0,/home/ahmed/atacseq_run/work/97/0dd557657d1fad48389835df1aebca,-,-,AMD Ryzen 5 7535U with Radeon Graphics
213,-,34510,NFCORE_ATACSEQ:ATACSEQ:MERGED_REPLICATE_CALL_ANNOTATE_PEAKS:MACS2_CALLPEAK,OSMOTIC_STRESS_T0_PE,NFCORE_ATACSEQ:ATACSEQ:MERGED_REPLICATE_CALL_ANNOTATE_PEAKS:MACS2_CALLPEAK (OSMOTIC_STRESS_T0_PE),COMPLETED,0,-,quay.io/biocontainers/macs2:2.2.7.1--py38h4a8c8d9_3,2,21600000,-,6442450944,1,1788311715697,1788311715793,1788311718024,2327,1000,-,193.3,0.1,13144064,18350080,13144064,18354176,20500548,7146130,3015,176,4714496,7196672,11,2,/home/ahmed/atacseq_run/work/92/8dc656f1386430c79d34ddc98db98c,-,-,AMD Ryzen 5 7535U with Radeon Graphics
214,-,34549,NFCORE_ATACSEQ:ATACSEQ:MERGED_REPLICATE_MARKDUPLICATES_PICARD:SAMTOOLS_INDEX,OSMOTIC_STRESS_T100_SE,NFCORE_ATACSEQ:ATACSEQ:MERGED_REPLICATE_MARKDUPLICATES_PICARD:SAMTOOLS_INDEX (OSMOTIC_STRESS_T100_SE),COMPLETED,0,-,quay.io/biocontainers/samtools:1.17--h00cdaf9_0,2,14400000,-,6442450944,1,1788311718027,1788311718124,1788311718811,784,0,-,96.0,0.1,7077888,164413440,7077888,231661568,4430578,15749,829,21,0,20480,435,0,/home/ahmed/atacseq_run/work/2d/5f53d828ad3045df267dfedce94f60,-,-,AMD Ryzen 5 7535U with Radeon Graphics
215,-,34592,NFCORE_ATACSEQ:ATACSEQ:MERGED_REPLICATE_CALL_ANNOTATE_PEAKS:MACS2_CALLPEAK,OSMOTIC_STRESS_T100_SE,NFCORE_ATACSEQ:ATACSEQ:MERGED_REPLICATE_CALL_ANNOTATE_PEAKS:MACS2_CALLPEAK (OSMOTIC_STRESS_T100_SE),COMPLETED,0,-,quay.io/biocontainers/macs2:2.2.7.1--py38h4a8c8d9_3,2,21600000,-,6442450944,1,1788311718814,1788311718911,1788311720795,1981,1000,-,158.7,0.1,14323712,19279872,14323712,19283968,14346527,5310679,1977,175,0,5357568,1,2,/home/ahmed/atacseq_run/work/b4/995461d89c7d6d9ba02f7af9f7c8e0,-,-,AMD Ryzen 5 7535U with Radeon Graphics
216,-,34637,NFCORE_ATACSEQ:ATACSEQ:MERGED_LIBRARY_BIGWIG_PLOT_DEEPTOOLS:DEEPTOOLS_PLOTHEATMAP,OSMOTIC_STRESS_T100_SE_REP2,NFCORE_ATACSEQ:ATACSEQ:MERGED_LIBRARY_BIGWIG_PLOT_DEEPTOOLS:DEEPTOOLS_PLOTHEATMAP (OSMOTIC_STRESS_T100_SE_REP2),COMPLETED,0,-,quay.io/biocontainers/deeptools:3.5.1--py_0,2,14400000,-,6442450944,1,1788311720797,1788311720895,1788311727916,7119,5000,-,99.8,1.9,145817600,247152640,177664000,247156736,26283214,2102430,4217,90,0,2113536,9,14,/home/ahmed/atacseq_run/work/a6/8b489d0545043cc3a27cc5c5be6f6b,-,-,AMD Ryzen 5 7535U with Radeon Graphics
217,-,34685,NFCORE_ATACSEQ:ATACSEQ:MERGED_LIBRARY_BIGWIG_PLOT_DEEPTOOLS:DEEPTOOLS_PLOTPROFILE,OSMOTIC_STRESS_T100_SE_REP2,NFCORE_ATACSEQ:ATACSEQ:MERGED_LIBRARY_BIGWIG_PLOT_DEEPTOOLS:DEEPTOOLS_PLOTPROFILE (OSMOTIC_STRESS_T100_SE_REP2),COMPLETED,0,-,quay.io/biocontainers/deeptools:3.5.1--py_0,2,14400000,-,6442450944,1,1788311727919,1788311728016,1788311731351,3432,2000,-,99.7,1.5,117657600,187260928,117657600,187265024,23010876,406050,3428,42,0,417792,6,11,/home/ahmed/atacseq_run/work/d7/8162056e69b82878a681786dc61079,-,-,AMD Ryzen 5 7535U with Radeon Graphics
218,-,34727,NFCORE_ATACSEQ:ATACSEQ:MERGED_LIBRARY_CALL_ANNOTATE_PEAKS:MULTIQC_CUSTOM_PEAKS,OSMOTIC_STRESS_T0_PE_REP1,NFCORE_ATACSEQ:ATACSEQ:MERGED_LIBRARY_CALL_ANNOTATE_PEAKS:MULTIQC_CUSTOM_PEAKS (OSMOTIC_STRESS_T0_PE_REP1),COMPLETED,0,-,quay.io/nf-core/ubuntu:20.04,1,14400000,-,6442450944,1,1788311731354,1788311731451,1788311732172,818,16,-,68.6,0.0,0,0,0,0,271726,81568,331,24,163840,16384,0,0,/home/ahmed/atacseq_run/work/2d/e3f9c7c7feeec158a5300d64472a62,-,-,AMD Ryzen 5 7535U with Radeon Graphics
219,-,34774,NFCORE_ATACSEQ:ATACSEQ:MERGED_LIBRARY_CALL_ANNOTATE_PEAKS:MULTIQC_CUSTOM_PEAKS,OSMOTIC_STRESS_T15_PE_REP1,NFCORE_ATACSEQ:ATACSEQ:MERGED_LIBRARY_CALL_ANNOTATE_PEAKS:MULTIQC_CUSTOM_PEAKS (OSMOTIC_STRESS_T15_PE_REP1),COMPLETED,0,-,quay.io/nf-core/ubuntu:20.04,1,14400000,-,6442450944,1,1788311732175,1788311732272,1788311733160,985,18,-,102.9,0.0,2883584,4079616,2883584,4087808,367865,129634,334,24,0,16384,3,0,/home/ahmed/atacseq_run/work/dd/a1448647b9e1db31633a08738fb30b,-,-,AMD Ryzen 5 7535U with Radeon Graphics
220,-,34820,NFCORE_ATACSEQ:ATACSEQ:MERGED_LIBRARY_ATAQV_MKARV,-,NFCORE_ATACSEQ:ATACSEQ:MERGED_LIBRARY_ATAQV_MKARV,COMPLETED,0,-,quay.io/biocontainers/ataqv:1.3.1--py310ha155cf9_1,2,21600000,-,6442450944,1,1788311733164,1788311733260,1788311734333,1169,312,-,115.9,0.1,14417920,20086784,14417920,20348928,8943373,5110197,706,155,884736,3391488,1,2,/home/ahmed/atacseq_run/work/b6/456280fb9d31e6f674cb22db6c1f53,-,-,AMD Ryzen 5 7535U with Radeon Graphics
221,-,34877,NFCORE_ATACSEQ:ATACSEQ:MERGED_LIBRARY_CALL_ANNOTATE_PEAKS:MULTIQC_CUSTOM_PEAKS,OSMOTIC_STRESS_T0_PE_REP2,NFCORE_ATACSEQ:ATACSEQ:MERGED_LIBRARY_CALL_ANNOTATE_PEAKS:MULTIQC_CUSTOM_PEAKS (OSMOTIC_STRESS_T0_PE_REP2),COMPLETED,0,-,quay.io/nf-core/ubuntu:20.04,1,14400000,-,6442450944,1,1788311734336,1788311734434,1788311735213,877,18,-,83.7,0.0,3014656,4079616,3014656,4087808,226014,58707,330,24,0,16384,5,0,/home/ahmed/atacseq_run/work/c8/d18c890161439a0b2ab0231506ee82,-,-,AMD Ryzen 5 7535U with Radeon Graphics
223,-,34925,NFCORE_ATACSEQ:ATACSEQ:MERGED_LIBRARY_CONSENSUS_PEAKS:SUBREAD_FEATURECOUNTS,consensus_peaks,NFCORE_ATACSEQ:ATACSEQ:MERGED_LIBRARY_CONSENSUS_PEAKS:SUBREAD_FEATURECOUNTS (consensus_peaks),COMPLETED,0,-,quay.io/biocontainers/subread:2.0.1--hed695b0_0,2,21600000,-,6442450944,1,1788311735216,1788311735313,1788311737578,2362,1000,-,94.3,0.1,12976128,153866240,12976128,153870336,30480854,107949,4809,131,5206016,114688,12,0,/home/ahmed/atacseq_run/work/dc/5e3fedee7233e22e7ead325ab9088a,-,-,AMD Ryzen 5 7535U with Radeon Graphics
222,-,34977,NFCORE_ATACSEQ:ATACSEQ:MERGED_LIBRARY_CONSENSUS_PEAKS:HOMER_ANNOTATEPEAKS,consensus_peaks,NFCORE_ATACSEQ:ATACSEQ:MERGED_LIBRARY_CONSENSUS_PEAKS:HOMER_ANNOTATEPEAKS (consensus_peaks),COMPLETED,0,-,quay.io/biocontainers/homer:4.11--pl526hc9558a2_3,2,21600000,-,6442450944,1,1788311737581,1788311737678,1788311743211,5630,3000,-,99.5,5.7,441581568,486760448,441581568,486764544,58276869,6545160,8609,1312,0,6582272,35,7,/home/ahmed/atacseq_run/work/e5/9c25e0edb1c4acc4e517c9df0853d6,-,-,AMD Ryzen 5 7535U with Radeon Graphics
224,-,35022,NFCORE_ATACSEQ:ATACSEQ:MERGED_LIBRARY_CALL_ANNOTATE_PEAKS:PLOT_HOMER_ANNOTATEPEAKS,-,NFCORE_ATACSEQ:ATACSEQ:MERGED_LIBRARY_CALL_ANNOTATE_PEAKS:PLOT_HOMER_ANNOTATEPEAKS,COMPLETED,0,-,quay.io/biocontainers/mulled-v2-ad9dd5f398966bf899ae05f8e7c54d0fb10cdfa7:05678da05b8e5a7a5130e90a9f9a6c585b965afa-0,2,21600000,-,6442450944,1,1788311743214,1788311743311,1788311746947,3733,2000,-,194.7,1.6,129167360,1730301952,129167360,1730306048,15591478,235424,2056,100,1482752,258048,32,39,/home/ahmed/atacseq_run/work/4f/4fdd33b54a4e16ff73a61dba8bb7a2,-,-,AMD Ryzen 5 7535U with Radeon Graphics
225,-,35076,NFCORE_ATACSEQ:ATACSEQ:MERGED_LIBRARY_BAM_TO_BIGWIG:UCSC_BEDGRAPHTOBIGWIG,OSMOTIC_STRESS_T15_PE_REP1,NFCORE_ATACSEQ:ATACSEQ:MERGED_LIBRARY_BAM_TO_BIGWIG:UCSC_BEDGRAPHTOBIGWIG (OSMOTIC_STRESS_T15_PE_REP1),COMPLETED,0,-,quay.io/biocontainers/ucsc-bedgraphtobigwig:445--h954228d_0,1,14400000,-,6442450944,1,1788311746950,1788311747047,1788311747915,965,0,-,94.4,0.1,10092544,25665536,10092544,25735168,14171513,1237928,374,272,4096,1249280,2,1,/home/ahmed/atacseq_run/work/59/260691447c3a9b76d6206dd2914dd4,-,-,AMD Ryzen 5 7535U with Radeon Graphics
226,-,35119,NFCORE_ATACSEQ:ATACSEQ:MERGED_LIBRARY_BAM_TO_BIGWIG:UCSC_BEDGRAPHTOBIGWIG,OSMOTIC_STRESS_T0_PE_REP1,NFCORE_ATACSEQ:ATACSEQ:MERGED_LIBRARY_BAM_TO_BIGWIG:UCSC_BEDGRAPHTOBIGWIG (OSMOTIC_STRESS_T0_PE_REP1),COMPLETED,0,-,quay.io/biocontainers/ucsc-bedgraphtobigwig:445--h954228d_0,1,14400000,-,6442450944,1,1788311747918,1788311748015,1788311748833,915,0,-,102.1,0.1,10223616,25665536,10223616,25735168,5692633,632646,245,142,0,643072,1,0,/home/ahmed/atacseq_run/work/24/d8bca34bbdd83662e06e2ec27fdba5,-,-,AMD Ryzen 5 7535U with Radeon Graphics
227,-,35163,NFCORE_ATACSEQ:ATACSEQ:MERGED_LIBRARY_BAM_TO_BIGWIG:UCSC_BEDGRAPHTOBIGWIG,OSMOTIC_STRESS_T0_PE_REP2,NFCORE_ATACSEQ:ATACSEQ:MERGED_LIBRARY_BAM_TO_BIGWIG:UCSC_BEDGRAPHTOBIGWIG (OSMOTIC_STRESS_T0_PE_REP2),COMPLETED,0,-,quay.io/biocontainers/ucsc-bedgraphtobigwig:445--h954228d_0,1,14400000,-,6442450944,1,1788311748836,1788311748933,1788311749720,884,0,-,97.1,0.1,10092544,25665536,10092544,25735168,4599453,532344,230,123,0,540672,1,0,/home/ahmed/atacseq_run/work/a9/25f37ef717c3ac22a8ddef14fa8117,-,-,AMD Ryzen 5 7535U with Radeon Graphics
229,-,35206,NFCORE_ATACSEQ:ATACSEQ:MERGED_REPLICATE_CALL_ANNOTATE_PEAKS:FRIP_SCORE,OSMOTIC_STRESS_T0_PE,NFCORE_ATACSEQ:ATACSEQ:MERGED_REPLICATE_CALL_ANNOTATE_PEAKS:FRIP_SCORE (OSMOTIC_STRESS_T0_PE),COMPLETED,0,-,quay.io/biocontainers/mulled-v2-8186960447c5cb2faa697666dc1e6d919ad23f3e:3127fcae6b6bdaf8181e21a26ae61231030a9fcb-0,2,21600000,-,6442450944,1,1788311749723,1788311749820,1788311751089,1366,0,-,126.2,0.1,18104320,33067008,18104320,33075200,31103634,13194116,33309,1809,0,16384,189,2,/home/ahmed/atacseq_run/work/a1/1ae0297595648de82cd8028dd244ab,-,-,AMD Ryzen 5 7535U with Radeon Graphics
228,-,35250,NFCORE_ATACSEQ:ATACSEQ:MERGED_REPLICATE_CALL_ANNOTATE_PEAKS:HOMER_ANNOTATEPEAKS,OSMOTIC_STRESS_T0_PE,NFCORE_ATACSEQ:ATACSEQ:MERGED_REPLICATE_CALL_ANNOTATE_PEAKS:HOMER_ANNOTATEPEAKS (OSMOTIC_STRESS_T0_PE),COMPLETED,0,-,quay.io/biocontainers/homer:4.11--pl526hc9558a2_3,2,21600000,-,6442450944,1,1788311751092,1788311751189,1788311756739,5647,4000,-,99.8,5.3,413466624,485466112,440270848,485470208,58289676,6432521,8608,1294,0,6467584,34,7,/home/ahmed/atacseq_run/work/bb/cded0c54aba343601e9704ce822971,-,-,AMD Ryzen 5 7535U with Radeon Graphics
234,-,35295,NFCORE_ATACSEQ:ATACSEQ:MERGED_REPLICATE_MARKDUPLICATES_PICARD:BAM_STATS_SAMTOOLS:SAMTOOLS_FLAGSTAT,OSMOTIC_STRESS_T100_SE,NFCORE_ATACSEQ:ATACSEQ:MERGED_REPLICATE_MARKDUPLICATES_PICARD:BAM_STATS_SAMTOOLS:SAMTOOLS_FLAGSTAT (OSMOTIC_STRESS_T100_SE),COMPLETED,0,-,quay.io/biocontainers/samtools:1.17--h00cdaf9_0,1,14400000,-,6442450944,1,1788311756742,1788311756839,1788311757545,803,0,-,113.2,0.1,7077888,164413440,7077888,231661568,4430714,5439,829,19,0,12288,380,0,/home/ahmed/atacseq_run/work/ff/22ac76057cad290e1f8e224a4c3f91,-,-,AMD Ryzen 5 7535U with Radeon Graphics
232,-,35339,NFCORE_ATACSEQ:ATACSEQ:MERGED_REPLICATE_MARKDUPLICATES_PICARD:BAM_STATS_SAMTOOLS:SAMTOOLS_FLAGSTAT,OSMOTIC_STRESS_T0_PE,NFCORE_ATACSEQ:ATACSEQ:MERGED_REPLICATE_MARKDUPLICATES_PICARD:BAM_STATS_SAMTOOLS:SAMTOOLS_FLAGSTAT (OSMOTIC_STRESS_T0_PE),COMPLETED,0,-,quay.io/biocontainers/samtools:1.17--h00cdaf9_0,1,14400000,-,6442450944,1,1788311757548,1788311757645,1788311758376,828,1000,-,122.6,0.0,6815744,164413440,6815744,231661568,8932969,5471,1536,19,0,12288,424,0,/home/ahmed/atacseq_run/work/c6/c4a7925735ba616118017d391f4ca2,-,-,AMD Ryzen 5 7535U with Radeon Graphics
230,-,35381,NFCORE_ATACSEQ:ATACSEQ:MERGED_REPLICATE_MARKDUPLICATES_PICARD:BAM_STATS_SAMTOOLS:SAMTOOLS_IDXSTATS,OSMOTIC_STRESS_T0_PE,NFCORE_ATACSEQ:ATACSEQ:MERGED_REPLICATE_MARKDUPLICATES_PICARD:BAM_STATS_SAMTOOLS:SAMTOOLS_IDXSTATS (OSMOTIC_STRESS_T0_PE),COMPLETED,0,-,quay.io/biocontainers/samtools:1.17--h00cdaf9_0,1,14400000,-,6442450944,1,1788311758379,1788311758476,1788311759176,797,0,-,53.3,0.0,3276800,5640192,3276800,5644288,130665,5283,225,19,0,12288,2,0,/home/ahmed/atacseq_run/work/b2/a4a6ed040b9b94e9c434b585385d74,-,-,AMD Ryzen 5 7535U with Radeon Graphics
233,-,35424,NFCORE_ATACSEQ:ATACSEQ:MERGED_REPLICATE_MARKDUPLICATES_PICARD:BAM_STATS_SAMTOOLS:SAMTOOLS_IDXSTATS,OSMOTIC_STRESS_T100_SE,NFCORE_ATACSEQ:ATACSEQ:MERGED_REPLICATE_MARKDUPLICATES_PICARD:BAM_STATS_SAMTOOLS:SAMTOOLS_IDXSTATS (OSMOTIC_STRESS_T100_SE),COMPLETED,0,-,quay.io/biocontainers/samtools:1.17--h00cdaf9_0,1,14400000,-,6442450944,1,1788311759179,1788311759276,1788311759949,770,0,-,55.8,0.0,3145728,5640192,3145728,5644288,133764,5273,225,19,0,12288,2,0,/home/ahmed/atacseq_run/work/cb/f5be07cefd327def7d49480dbe8962,-,-,AMD Ryzen 5 7535U with Radeon Graphics
231,-,35467,NFCORE_ATACSEQ:ATACSEQ:MERGED_REPLICATE_MARKDUPLICATES_PICARD:BAM_STATS_SAMTOOLS:SAMTOOLS_STATS,OSMOTIC_STRESS_T0_PE,NFCORE_ATACSEQ:ATACSEQ:MERGED_REPLICATE_MARKDUPLICATES_PICARD:BAM_STATS_SAMTOOLS:SAMTOOLS_STATS (OSMOTIC_STRESS_T0_PE),COMPLETED,0,-,quay.io/biocontainers/samtools:1.17--h00cdaf9_0,1,14400000,-,6442450944,1,1788311759952,1788311760049,1788311760975,1023,0,-,129.6,0.1,7733248,165961728,7733248,233058304,8937080,68254,1537,34,0,73728,1,2,/home/ahmed/atacseq_run/work/11/6155f3367575bad28de4916f2a763b,-,-,AMD Ryzen 5 7535U with Radeon Graphics
235,-,35510,NFCORE_ATACSEQ:ATACSEQ:MERGED_REPLICATE_MARKDUPLICATES_PICARD:BAM_STATS_SAMTOOLS:SAMTOOLS_STATS,OSMOTIC_STRESS_T100_SE,NFCORE_ATACSEQ:ATACSEQ:MERGED_REPLICATE_MARKDUPLICATES_PICARD:BAM_STATS_SAMTOOLS:SAMTOOLS_STATS (OSMOTIC_STRESS_T100_SE),COMPLETED,0,-,quay.io/biocontainers/samtools:1.17--h00cdaf9_0,1,14400000,-,6442450944,1,1788311760978,1788311761075,1788311761903,925,0,-,120.0,0.1,7471104,165961728,7471104,233058304,4434824,34269,830,26,0,40960,2,1,/home/ahmed/atacseq_run/work/a0/9ed96f516e2d1a45241693b8305104,-,-,AMD Ryzen 5 7535U with Radeon Graphics
238,-,35556,NFCORE_ATACSEQ:ATACSEQ:MERGED_REPLICATE_CALL_ANNOTATE_PEAKS:PLOT_MACS2_QC,-,NFCORE_ATACSEQ:ATACSEQ:MERGED_REPLICATE_CALL_ANNOTATE_PEAKS:PLOT_MACS2_QC,COMPLETED,0,-,quay.io/biocontainers/mulled-v2-ad9dd5f398966bf899ae05f8e7c54d0fb10cdfa7:05678da05b8e5a7a5130e90a9f9a6c585b965afa-0,2,21600000,-,6442450944,1,1788311761906,1788311762003,1788311765267,3361,1000,-,153.1,1.6,125820928,1796980736,125820928,1796984832,14488917,265498,1787,96,0,282624,22,37,/home/ahmed/atacseq_run/work/cb/3995219b6f403040d10c19896e7365,-,-,AMD Ryzen 5 7535U with Radeon Graphics
237,-,35598,NFCORE_ATACSEQ:ATACSEQ:MERGED_REPLICATE_CALL_ANNOTATE_PEAKS:FRIP_SCORE,OSMOTIC_STRESS_T100_SE,NFCORE_ATACSEQ:ATACSEQ:MERGED_REPLICATE_CALL_ANNOTATE_PEAKS:FRIP_SCORE (OSMOTIC_STRESS_T100_SE),COMPLETED,0,-,quay.io/biocontainers/mulled-v2-8186960447c5cb2faa697666dc1e6d919ad23f3e:3127fcae6b6bdaf8181e21a26ae61231030a9fcb-0,2,21600000,-,6442450944,1,1788311765270,1788311765367,1788311766411,1141,1000,-,119.4,0.1,17711104,33202176,17711104,33210368,14988408,6067428,15747,845,0,16384,185,2,/home/ahmed/atacseq_run/work/b9/c7ecb3a8b6e42198b6ed154cc1a27c,-,-,AMD Ryzen 5 7535U with Radeon Graphics
239,-,35641,NFCORE_ATACSEQ:ATACSEQ:MERGED_REPLICATE_CONSENSUS_PEAKS:MACS2_CONSENSUS,consensus_peaks,NFCORE_ATACSEQ:ATACSEQ:MERGED_REPLICATE_CONSENSUS_PEAKS:MACS2_CONSENSUS (consensus_peaks),COMPLETED,0,-,quay.io/biocontainers/mulled-v2-2f48cc59b03027e31ead6d383fe1b8057785dd24:5d182f583f4696f4c4d9f3be93052811b383341f-0,1,21600000,-,6442450944,1,1788311766414,1788311766511,1788311768322,1908,2000,-,179.6,0.0,3145728,5640192,3145728,5644288,12952769,694496,2190,2878,0,516096,6,1,/home/ahmed/atacseq_run/work/00/081ee98b0202c42eaefaf15ce13579,-,-,AMD Ryzen 5 7535U with Radeon Graphics
236,-,35684,NFCORE_ATACSEQ:ATACSEQ:MERGED_REPLICATE_CALL_ANNOTATE_PEAKS:HOMER_ANNOTATEPEAKS,OSMOTIC_STRESS_T100_SE,NFCORE_ATACSEQ:ATACSEQ:MERGED_REPLICATE_CALL_ANNOTATE_PEAKS:HOMER_ANNOTATEPEAKS (OSMOTIC_STRESS_T100_SE),COMPLETED,0,-,quay.io/biocontainers/homer:4.11--pl526hc9558a2_3,2,21600000,-,6442450944,1,1788311768326,1788311768422,1788311773955,5629,4000,-,99.8,5.7,440664064,485941248,440664064,485945344,58433183,6541755,8626,1309,0,6569984,34,6,/home/ahmed/atacseq_run/work/9e/6b7984d701de44eb6ffdbc379c6e34,-,-,AMD Ryzen 5 7535U with Radeon Graphics
240,-,35732,NFCORE_ATACSEQ:ATACSEQ:MERGED_LIBRARY_CONSENSUS_PEAKS:DESEQ2_QC,consensus_peaks,NFCORE_ATACSEQ:ATACSEQ:MERGED_LIBRARY_CONSENSUS_PEAKS:DESEQ2_QC (consensus_peaks),COMPLETED,0,-,quay.io/biocontainers/mulled-v2-8849acf39a43cdd6c839a369a74c0adc823e2f91:ab110436faf952a33575c64dd74615a84011450b-0,2,21600000,-,6442450944,1,1788311773958,1788311774056,1788311790605,16647,15000,-,130.6,9.4,722681856,2598322176,722681856,2598326272,71867425,248503,5663,313,67510272,331776,1068,193,/home/ahmed/atacseq_run/work/62/42afeff6bfdb6ac1fe2d5b821014c6,-,-,AMD Ryzen 5 7535U with Radeon Graphics
242,-,35777,NFCORE_ATACSEQ:ATACSEQ:MERGED_LIBRARY_BIGWIG_PLOT_DEEPTOOLS:DEEPTOOLS_COMPUTEMATRIX_REFERENCE_POINT,OSMOTIC_STRESS_T15_PE_REP1,NFCORE_ATACSEQ:ATACSEQ:MERGED_LIBRARY_BIGWIG_PLOT_DEEPTOOLS:DEEPTOOLS_COMPUTEMATRIX_REFERENCE_POINT (OSMOTIC_STRESS_T15_PE_REP1),COMPLETED,0,-,quay.io/biocontainers/deeptools:3.5.1--py_0,2,21600000,-,6442450944,1,1788311790612,1788311790705,1788311840832,50220,48000,-,189.0,2.3,170938368,588148736,199716864,618479616,226836536,56335319,46143,7052,0,21725184,312,76,/home/ahmed/atacseq_run/work/99/7646c4f429b1449506587f52dcfe1b,-,-,AMD Ryzen 5 7535U with Radeon Graphics
241,-,35828,NFCORE_ATACSEQ:ATACSEQ:MERGED_LIBRARY_BIGWIG_PLOT_DEEPTOOLS:DEEPTOOLS_COMPUTEMATRIX_SCALE_REGIONS,OSMOTIC_STRESS_T15_PE_REP1,NFCORE_ATACSEQ:ATACSEQ:MERGED_LIBRARY_BIGWIG_PLOT_DEEPTOOLS:DEEPTOOLS_COMPUTEMATRIX_SCALE_REGIONS (OSMOTIC_STRESS_T15_PE_REP1),COMPLETED,0,-,quay.io/biocontainers/deeptools:3.5.1--py_0,2,21600000,-,6442450944,1,1788311840835,1788311840932,1788311894816,53981,52000,-,189.4,2.4,183922688,593461248,212086784,630693888,233486876,66063512,46424,7159,0,25796608,361,109,/home/ahmed/atacseq_run/work/bc/b59eab597639c2d9fa805a7d0aa5cb,-,-,AMD Ryzen 5 7535U with Radeon Graphics
243,-,35871,NFCORE_ATACSEQ:ATACSEQ:MERGED_LIBRARY_BIGWIG_PLOT_DEEPTOOLS:DEEPTOOLS_COMPUTEMATRIX_SCALE_REGIONS,OSMOTIC_STRESS_T0_PE_REP1,NFCORE_ATACSEQ:ATACSEQ:MERGED_LIBRARY_BIGWIG_PLOT_DEEPTOOLS:DEEPTOOLS_COMPUTEMATRIX_SCALE_REGIONS (OSMOTIC_STRESS_T0_PE_REP1),COMPLETED,0,-,quay.io/biocontainers/deeptools:3.5.1--py_0,2,21600000,-,6442450944,1,1788311894819,1788311894916,1788311949286,54467,53000,-,190.4,2.3,176984064,592506880,210464768,629669888,236895484,58293823,47258,6370,0,18030592,338,93,/home/ahmed/atacseq_run/work/4c/023ccf8ee5ee96aff902ddd1111056,-,-,AMD Ryzen 5 7535U with Radeon Graphics
244,-,35919,NFCORE_ATACSEQ:ATACSEQ:MERGED_LIBRARY_BIGWIG_PLOT_DEEPTOOLS:DEEPTOOLS_COMPUTEMATRIX_REFERENCE_POINT,OSMOTIC_STRESS_T0_PE_REP1,NFCORE_ATACSEQ:ATACSEQ:MERGED_LIBRARY_BIGWIG_PLOT_DEEPTOOLS:DEEPTOOLS_COMPUTEMATRIX_REFERENCE_POINT (OSMOTIC_STRESS_T0_PE_REP1),COMPLETED,0,-,quay.io/biocontainers/deeptools:3.5.1--py_0,2,21600000,-,6442450944,1,1788311949291,1788311949386,1788311998462,49171,48000,-,185.2,2.4,179560448,589094912,206594048,620625920,230655542,49774549,47075,4960,0,15167488,349,80,/home/ahmed/atacseq_run/work/65/b715645e99af741f18cc035e3fa661,-,-,AMD Ryzen 5 7535U with Radeon Graphics
246,-,35962,NFCORE_ATACSEQ:ATACSEQ:MERGED_LIBRARY_BIGWIG_PLOT_DEEPTOOLS:DEEPTOOLS_COMPUTEMATRIX_REFERENCE_POINT,OSMOTIC_STRESS_T0_PE_REP2,NFCORE_ATACSEQ:ATACSEQ:MERGED_LIBRARY_BIGWIG_PLOT_DEEPTOOLS:DEEPTOOLS_COMPUTEMATRIX_REFERENCE_POINT (OSMOTIC_STRESS_T0_PE_REP2),COMPLETED,0,-,quay.io/biocontainers/deeptools:3.5.1--py_0,2,21600000,-,6442450944,1,1788311998470,1788311998562,1788312047713,49243,48000,-,188.3,2.3,172941312,588771328,198414336,616108032,230788388,48917273,47107,4508,0,14307328,322,109,/home/ahmed/atacseq_run/work/02/ad55cd835e979a18f8027eb893292e,-,-,AMD Ryzen 5 7535U with Radeon Graphics
245,-,36007,NFCORE_ATACSEQ:ATACSEQ:MERGED_LIBRARY_BIGWIG_PLOT_DEEPTOOLS:DEEPTOOLS_COMPUTEMATRIX_SCALE_REGIONS,OSMOTIC_STRESS_T0_PE_REP2,NFCORE_ATACSEQ:ATACSEQ:MERGED_LIBRARY_BIGWIG_PLOT_DEEPTOOLS:DEEPTOOLS_COMPUTEMATRIX_SCALE_REGIONS (OSMOTIC_STRESS_T0_PE_REP2),COMPLETED,0,-,quay.io/biocontainers/deeptools:3.5.1--py_0,2,21600000,-,6442450944,1,1788312047718,1788312047813,1788312103670,55952,54000,-,188.5,2.4,185507840,593850368,218304512,633434112,236960082,57246704,47271,5992,0,16982016,364,108,/home/ahmed/atacseq_run/work/b1/8ab6fdec2dc8a4667a224de813d3f8,-,-,AMD Ryzen 5 7535U with Radeon Graphics
247,-,36055,NFCORE_ATACSEQ:ATACSEQ:MERGED_REPLICATE_CALL_ANNOTATE_PEAKS:MULTIQC_CUSTOM_PEAKS,OSMOTIC_STRESS_T0_PE,NFCORE_ATACSEQ:ATACSEQ:MERGED_REPLICATE_CALL_ANNOTATE_PEAKS:MULTIQC_CUSTOM_PEAKS (OSMOTIC_STRESS_T0_PE),COMPLETED,0,-,quay.io/nf-core/ubuntu:20.04,1,14400000,-,6442450944,1,1788312103676,1788312103771,1788312104622,946,16,-,109.1,0.0,2883584,4079616,2883584,4087808,304012,97714,332,24,0,16384,6,0,/home/ahmed/atacseq_run/work/4a/77fffc423ed5bf5669ad2404103613,-,-,AMD Ryzen 5 7535U with Radeon Graphics
248,-,36104,NFCORE_ATACSEQ:ATACSEQ:MERGED_REPLICATE_BAM_TO_BIGWIG:BEDTOOLS_GENOMECOV,OSMOTIC_STRESS_T100_SE,NFCORE_ATACSEQ:ATACSEQ:MERGED_REPLICATE_BAM_TO_BIGWIG:BEDTOOLS_GENOMECOV (OSMOTIC_STRESS_T100_SE),COMPLETED,0,-,quay.io/biocontainers/bedtools:2.30.0--hc088bd4_0,2,21600000,-,6442450944,1,1788312104626,1788312104722,1788312106979,2353,0,-,100.1,0.1,13950976,34430976,13950976,34430976,7940551,7095902,1224,143299,0,7114752,3,0,/home/ahmed/atacseq_run/work/d9/034fbbd14af28b89193cc73755c828,-,-,AMD Ryzen 5 7535U with Radeon Graphics
249,-,36147,NFCORE_ATACSEQ:ATACSEQ:MERGED_REPLICATE_BAM_TO_BIGWIG:BEDTOOLS_GENOMECOV,OSMOTIC_STRESS_T0_PE,NFCORE_ATACSEQ:ATACSEQ:MERGED_REPLICATE_BAM_TO_BIGWIG:BEDTOOLS_GENOMECOV (OSMOTIC_STRESS_T0_PE),COMPLETED,0,-,quay.io/biocontainers/bedtools:2.30.0--hc088bd4_0,2,21600000,-,6442450944,1,1788312107004,1788312107079,1788312109425,2421,1000,-,100.5,0.1,13824000,34430976,13824000,34430976,12333033,6876331,1917,137961,0,6893568,3,1,/home/ahmed/atacseq_run/work/a1/b377f50735aebfc0e3f7caafa171ef,-,-,AMD Ryzen 5 7535U with Radeon Graphics
250,-,36191,NFCORE_ATACSEQ:ATACSEQ:MERGED_REPLICATE_CALL_ANNOTATE_PEAKS:MULTIQC_CUSTOM_PEAKS,OSMOTIC_STRESS_T100_SE,NFCORE_ATACSEQ:ATACSEQ:MERGED_REPLICATE_CALL_ANNOTATE_PEAKS:MULTIQC_CUSTOM_PEAKS (OSMOTIC_STRESS_T100_SE),COMPLETED,0,-,quay.io/nf-core/ubuntu:20.04,1,14400000,-,6442450944,1,1788312109431,1788312109526,1788312110364,933,16,-,80.0,0.0,3014656,4079616,3014656,4087808,335935,113672,333,24,0,16384,6,0,/home/ahmed/atacseq_run/work/a6/4d7566d7b6c934774685d23b16a24a,-,-,AMD Ryzen 5 7535U with Radeon Graphics
252,-,36239,NFCORE_ATACSEQ:ATACSEQ:MERGED_REPLICATE_CONSENSUS_PEAKS:SUBREAD_FEATURECOUNTS,consensus_peaks,NFCORE_ATACSEQ:ATACSEQ:MERGED_REPLICATE_CONSENSUS_PEAKS:SUBREAD_FEATURECOUNTS (consensus_peaks),COMPLETED,0,-,quay.io/biocontainers/subread:2.0.1--hed695b0_0,2,21600000,-,6442450944,1,1788312110369,1788312110463,1788312112515,2146,1000,-,95.7,0.1,13762560,220925952,13762560,288038912,13577681,70959,2163,108,0,77824,2,1,/home/ahmed/atacseq_run/work/af/9b96fe885e79ca045fd76630c662b3,-,-,AMD Ryzen 5 7535U with Radeon Graphics
251,-,36288,NFCORE_ATACSEQ:ATACSEQ:MERGED_REPLICATE_CONSENSUS_PEAKS:HOMER_ANNOTATEPEAKS,consensus_peaks,NFCORE_ATACSEQ:ATACSEQ:MERGED_REPLICATE_CONSENSUS_PEAKS:HOMER_ANNOTATEPEAKS (consensus_peaks),COMPLETED,0,-,quay.io/biocontainers/homer:4.11--pl526hc9558a2_3,2,21600000,-,6442450944,1,1788312112521,1788312112615,1788312118285,5764,3000,-,99.1,5.7,439091200,484085760,439091200,484089856,58042696,6324634,8572,1276,0,6356992,34,5,/home/ahmed/atacseq_run/work/25/56965291872cf41ef05e66219084b1,-,-,AMD Ryzen 5 7535U with Radeon Graphics
253,-,36332,NFCORE_ATACSEQ:ATACSEQ:MERGED_REPLICATE_CALL_ANNOTATE_PEAKS:PLOT_HOMER_ANNOTATEPEAKS,-,NFCORE_ATACSEQ:ATACSEQ:MERGED_REPLICATE_CALL_ANNOTATE_PEAKS:PLOT_HOMER_ANNOTATEPEAKS,COMPLETED,0,-,quay.io/biocontainers/mulled-v2-ad9dd5f398966bf899ae05f8e7c54d0fb10cdfa7:05678da05b8e5a7a5130e90a9f9a6c585b965afa-0,2,21600000,-,6442450944,1,1788312118288,1788312118385,1788312121379,3091,2000,-,171.4,1.6,127090688,1797369856,127090688,1797373952,14752432,93742,1868,65,0,118784,21,16,/home/ahmed/atacseq_run/work/c0/1320c73a686f7bdc2de76010ef9fb5,-,-,AMD Ryzen 5 7535U with Radeon Graphics
254,-,36376,NFCORE_ATACSEQ:ATACSEQ:MERGED_LIBRARY_BIGWIG_PLOT_DEEPTOOLS:DEEPTOOLS_PLOTHEATMAP,OSMOTIC_STRESS_T15_PE_REP1,NFCORE_ATACSEQ:ATACSEQ:MERGED_LIBRARY_BIGWIG_PLOT_DEEPTOOLS:DEEPTOOLS_PLOTHEATMAP (OSMOTIC_STRESS_T15_PE_REP1),COMPLETED,0,-,quay.io/biocontainers/deeptools:3.5.1--py_0,2,14400000,-,6442450944,1,1788312121382,1788312121479,1788312129221,7839,6000,-,100.3,3.2,246542336,449191936,280252416,482947072,27432721,3278868,4473,120,0,3289088,4,19,/home/ahmed/atacseq_run/work/0d/3d19d68c05094dc1034f3384efdb3a,-,-,AMD Ryzen 5 7535U with Radeon Graphics
255,-,36417,NFCORE_ATACSEQ:ATACSEQ:MERGED_LIBRARY_BIGWIG_PLOT_DEEPTOOLS:DEEPTOOLS_PLOTPROFILE,OSMOTIC_STRESS_T15_PE_REP1,NFCORE_ATACSEQ:ATACSEQ:MERGED_LIBRARY_BIGWIG_PLOT_DEEPTOOLS:DEEPTOOLS_PLOTPROFILE (OSMOTIC_STRESS_T15_PE_REP1),COMPLETED,0,-,quay.io/biocontainers/deeptools:3.5.1--py_0,2,14400000,-,6442450944,1,1788312129226,1788312129321,1788312132616,3390,2000,-,99.3,1.5,117678080,187392000,117678080,187396096,24178992,405498,3687,42,0,417792,4,9,/home/ahmed/atacseq_run/work/0a/0b04d54c73eb12a799119fabb53de8,-,-,AMD Ryzen 5 7535U with Radeon Graphics
256,-,36458,NFCORE_ATACSEQ:ATACSEQ:MERGED_LIBRARY_BIGWIG_PLOT_DEEPTOOLS:DEEPTOOLS_PLOTPROFILE,OSMOTIC_STRESS_T0_PE_REP1,NFCORE_ATACSEQ:ATACSEQ:MERGED_LIBRARY_BIGWIG_PLOT_DEEPTOOLS:DEEPTOOLS_PLOTPROFILE (OSMOTIC_STRESS_T0_PE_REP1),COMPLETED,0,-,quay.io/biocontainers/deeptools:3.5.1--py_0,2,14400000,-,6442450944,1,1788312132619,1788312132716,1788312136063,3444,1000,-,99.3,2.0,156749824,225759232,161439744,230481920,22803588,406198,3370,42,0,417792,4,15,/home/ahmed/atacseq_run/work/c4/6a88e117f8f84055be7c3e48113398,-,-,AMD Ryzen 5 7535U with Radeon Graphics
257,-,36500,NFCORE_ATACSEQ:ATACSEQ:MERGED_LIBRARY_BIGWIG_PLOT_DEEPTOOLS:DEEPTOOLS_PLOTHEATMAP,OSMOTIC_STRESS_T0_PE_REP1,NFCORE_ATACSEQ:ATACSEQ:MERGED_LIBRARY_BIGWIG_PLOT_DEEPTOOLS:DEEPTOOLS_PLOTHEATMAP (OSMOTIC_STRESS_T0_PE_REP1),COMPLETED,0,-,quay.io/biocontainers/deeptools:3.5.1--py_0,2,14400000,-,6442450944,1,1788312136066,1788312136163,1788312143153,7087,5000,-,100.1,2.6,205926400,281128960,211955712,281133056,26458261,2259894,4252,92,0,2273280,9,16,/home/ahmed/atacseq_run/work/35/2316f22e31fe27e5c91445d1d0e3a3,-,-,AMD Ryzen 5 7535U with Radeon Graphics
258,-,36541,NFCORE_ATACSEQ:ATACSEQ:MERGED_LIBRARY_BIGWIG_PLOT_DEEPTOOLS:DEEPTOOLS_PLOTHEATMAP,OSMOTIC_STRESS_T0_PE_REP2,NFCORE_ATACSEQ:ATACSEQ:MERGED_LIBRARY_BIGWIG_PLOT_DEEPTOOLS:DEEPTOOLS_PLOTHEATMAP (OSMOTIC_STRESS_T0_PE_REP2),COMPLETED,0,-,quay.io/biocontainers/deeptools:3.5.1--py_0,2,14400000,-,6442450944,1,1788312143157,1788312143253,1788312150129,6972,5000,-,99.6,2.3,178151424,247320576,178151424,247324672,26482667,2082197,4266,88,0,2093056,4,16,/home/ahmed/atacseq_run/work/e1/bffa45f7931196c61c631406111526,-,-,AMD Ryzen 5 7535U with Radeon Graphics
259,-,36582,NFCORE_ATACSEQ:ATACSEQ:MERGED_LIBRARY_BIGWIG_PLOT_DEEPTOOLS:DEEPTOOLS_PLOTPROFILE,OSMOTIC_STRESS_T0_PE_REP2,NFCORE_ATACSEQ:ATACSEQ:MERGED_LIBRARY_BIGWIG_PLOT_DEEPTOOLS:DEEPTOOLS_PLOTPROFILE (OSMOTIC_STRESS_T0_PE_REP2),COMPLETED,0,-,quay.io/biocontainers/deeptools:3.5.1--py_0,2,14400000,-,6442450944,1,1788312150134,1788312150229,1788312153525,3391,2000,-,100.2,2.2,168755200,265121792,168755200,265125888,22729366,406292,3360,42,0,417792,4,9,/home/ahmed/atacseq_run/work/f4/0a3a0b27f96e93da3dee4183959162,-,-,AMD Ryzen 5 7535U with Radeon Graphics
260,-,36623,NFCORE_ATACSEQ:ATACSEQ:MERGED_REPLICATE_BAM_TO_BIGWIG:UCSC_BEDGRAPHTOBIGWIG,OSMOTIC_STRESS_T100_SE,NFCORE_ATACSEQ:ATACSEQ:MERGED_REPLICATE_BAM_TO_BIGWIG:UCSC_BEDGRAPHTOBIGWIG (OSMOTIC_STRESS_T100_SE),COMPLETED,0,-,quay.io/biocontainers/ucsc-bedgraphtobigwig:445--h954228d_0,1,14400000,-,6442450944,1,1788312153536,1788312153625,1788312154574,1038,0,-,99.1,0.1,10354688,25468928,10354688,25735168,10703423,1003350,323,223,0,1011712,1,0,/home/ahmed/atacseq_run/work/6e/850417764ac09e3c52ca2c2aa01a25,-,-,AMD Ryzen 5 7535U with Radeon Graphics
261,-,36666,NFCORE_ATACSEQ:ATACSEQ:MERGED_REPLICATE_BAM_TO_BIGWIG:UCSC_BEDGRAPHTOBIGWIG,OSMOTIC_STRESS_T0_PE,NFCORE_ATACSEQ:ATACSEQ:MERGED_REPLICATE_BAM_TO_BIGWIG:UCSC_BEDGRAPHTOBIGWIG (OSMOTIC_STRESS_T0_PE),COMPLETED,0,-,quay.io/biocontainers/ucsc-bedgraphtobigwig:445--h954228d_0,1,14400000,-,6442450944,1,1788312154578,1788312154674,1788312155721,1143,0,-,87.9,0.1,10223616,25665536,10223616,25735168,10374066,983270,317,216,0,991232,1,1,/home/ahmed/atacseq_run/work/51/fb15a3dbf7d06268c0fcb588bd60d3,-,-,AMD Ryzen 5 7535U with Radeon Graphics
262,-,36709,NFCORE_ATACSEQ:ATACSEQ:MERGED_REPLICATE_CONSENSUS_PEAKS:DESEQ2_QC,consensus_peaks,NFCORE_ATACSEQ:ATACSEQ:MERGED_REPLICATE_CONSENSUS_PEAKS:DESEQ2_QC (consensus_peaks),COMPLETED,0,-,quay.io/biocontainers/mulled-v2-8849acf39a43cdd6c839a369a74c0adc823e2f91:ab110436faf952a33575c64dd74615a84011450b-0,2,21600000,-,6442450944,1,1788312155727,1788312155821,1788312170482,14755,13000,-,115.0,9.2,710361088,2392911872,710361088,2392920064,71810057,163328,5653,293,0,233472,32,30,/home/ahmed/atacseq_run/work/4a/47d7dc7096a57c8e47414d28ec2dcb,-,-,AMD Ryzen 5 7535U with Radeon Graphics
263,-,36757,NFCORE_ATACSEQ:ATACSEQ:IGV,-,NFCORE_ATACSEQ:ATACSEQ:IGV,COMPLETED,0,-,quay.io/biocontainers/python:3.8.3,1,14400000,-,6442450944,1,1788312170492,1788312170582,1788312172545,2053,0,-,81.5,0.0,2883584,11575296,2883584,11579392,776218,16798,594,65,1998848,49152,1,0,/home/ahmed/atacseq_run/work/37/286acd1c400b7d106efebaff00ebbb,-,-,AMD Ryzen 5 7535U with Radeon Graphics
264,-,36858,NFCORE_ATACSEQ:ATACSEQ:CUSTOM_DUMPSOFTWAREVERSIONS,-,NFCORE_ATACSEQ:ATACSEQ:CUSTOM_DUMPSOFTWAREVERSIONS (1),COMPLETED,0,-,quay.io/biocontainers/multiqc:1.14--pyhdfd78af_0,1,14400000,-,6442450944,1,1788312172785,1788312172845,1788312194588,21803,93,-,80.6,0.1,9306112,16801792,9306112,16801792,1023544,10313,235,16,1093632,20480,7,2,/home/ahmed/atacseq_run/work/6f/95a3873d85a8af033e6b63aa1c39e8,-,-,AMD Ryzen 5 7535U with Radeon Graphics
265,-,36912,NFCORE_ATACSEQ:ATACSEQ:MULTIQC,-,NFCORE_ATACSEQ:ATACSEQ:MULTIQC (1),COMPLETED,0,-,quay.io/biocontainers/multiqc:1.13--pyhdfd78af_0,2,21600000,-,6442450944,1,1788312194684,1788312194688,1788312249257,54573,36104,-,253.9,2.9,227885056,2063044608,237584384,2072457216,4290836245,27463932,1042477,3369,4083712,28942336,245,79,/home/ahmed/atacseq_run/work/fa/6c0a2386e1380dac6450e3ccf222d2,-,-,AMD Ryzen 5 7535U with Radeon Graphics
