task_id,hostname,native_id,process,tag,name,status,exit,module,container,cpus,time,disk,memory,attempt,submit,start,complete,duration,realtime,queue,%cpu,%mem,rss,vmem,peak_rss,peak_vmem,rchar,wchar,syscr,syscw,read_bytes,vol_ctxt,inv_ctxt,workdir,scratch,error_action,cpu_model,start_sec,complete_sec,measured_energy_j,task_type,concurrent_task_count,predicted_energy_j
1,-,984,NFCORE_CHIPSEQ:CHIPSEQ:INPUT_CHECK:SAMPLESHEET_CHECK,samplesheet_test.csv,NFCORE_CHIPSEQ:CHIPSEQ:INPUT_CHECK:SAMPLESHEET_CHECK (samplesheet_test.csv),COMPLETED,0,-,quay.io/biocontainers/python:3.8.3,1,14400000,-,6442450944,1,1.78477E+12,1.78477E+12,1.78477E+12,1862,0,-,55.4,0.1,8937472,32051200,8937472,32055296,685119,1936,242,17,12173312,23,0,/home/pranay/chipseq-benchmarks/work/29/82334a367b782c1b5bfd17b1e2e98d,-,-,AMD Ryzen 7 4800H with Radeon Graphics,10914.877,10916.676,30.7,SAMPLESHEET_CHECK,0,94.01281975
5,-,1033,NFCORE_CHIPSEQ:PREPARE_GENOME:CUSTOM_GETCHROMSIZES,genome.fa,NFCORE_CHIPSEQ:PREPARE_GENOME:CUSTOM_GETCHROMSIZES (genome.fa),COMPLETED,0,-,quay.io/biocontainers/samtools:1.20--h50ea8bc_0,1,14400000,-,6442450944,1,1.78477E+12,1.78477E+12,1.78477E+12,750,0,-,60.4,0,6553600,10964992,6553600,10964992,12491918,5496,430,20,14872576,20,0,/home/pranay/chipseq-benchmarks/work/4c/4a7f0d26ec7e5a280c7056fdbc3bfc,-,-,AMD Ryzen 7 4800H with Radeon Graphics,10916.776,10917.436,18.01,CUSTOM_GETCHROMSIZES,0,127.6483043
2,-,1104,NFCORE_CHIPSEQ:CHIPSEQ:KHMER_UNIQUEKMERS,genome.fa,NFCORE_CHIPSEQ:CHIPSEQ:KHMER_UNIQUEKMERS (genome.fa),COMPLETED,0,-,quay.io/biocontainers/khmer:3.0.0a3--py37haa7609a_2,2,14400000,-,6442450944,1,1.78477E+12,1.78477E+12,1.78477E+12,1748,1000,-,310.2,0.1,10493952,16601088,10493952,16605184,16906564,3433,2466,23,46379008,25,0,/home/pranay/chipseq-benchmarks/work/e6/ac702f6f8af2c9ae38e827b20723a0,-,-,AMD Ryzen 7 4800H with Radeon Graphics,10917.597,10919.194,82.44,KHMER_UNIQUEKMERS,0,177.637015
4,-,1191,NFCORE_CHIPSEQ:PREPARE_GENOME:BWA_INDEX,genome.fa,NFCORE_CHIPSEQ:PREPARE_GENOME:BWA_INDEX (genome.fa),COMPLETED,0,-,quay.io/biocontainers/bwa:0.7.18--he4a0461_0,1,14400000,-,6442450944,1,1.78477E+12,1.78477E+12,1.78477E+12,6652,6000,-,99.2,1.6,133464064,136118272,133464064,136118272,49125579,33436188,1726,74,458752,27,25,/home/pranay/chipseq-benchmarks/work/bb/2deedf40f372eb120270d7e8f693c3,-,-,AMD Ryzen 7 4800H with Radeon Graphics,10919.294,10925.858,133.41,BWA_INDEX,0,590.763275
3,-,1235,NFCORE_CHIPSEQ:PREPARE_GENOME:GTF2BED,genes.gtf,NFCORE_CHIPSEQ:PREPARE_GENOME:GTF2BED (genes.gtf),COMPLETED,0,-,quay.io/biocontainers/perl:5.26.2,2,14400000,-,6442450944,1,1.78477E+12,1.78477E+12,1.78477E+12,1842,0,-,94.3,0.1,8790016,29466624,8790016,29470720,12233593,401912,1646,66,2912256,24,0,/home/pranay/chipseq-benchmarks/work/5f/a5b269fb40037c936d2c927ffafe08,-,-,AMD Ryzen 7 4800H with Radeon Graphics,10925.959,10927.707,26.83,GTF2BED,0,136.8543048
6,-,1279,NFCORE_CHIPSEQ:CHIPSEQ:FASTQ_FASTQC_UMITOOLS_TRIMGALORE:TRIMGALORE,SPT5_INPUT_REP1_T1,NFCORE_CHIPSEQ:CHIPSEQ:FASTQ_FASTQC_UMITOOLS_TRIMGALORE:TRIMGALORE (SPT5_INPUT_REP1_T1),COMPLETED,0,-,quay.io/biocontainers/trim-galore:0.6.7--hdfd78af_0,2,21600000,-,6442450944,1,1.78477E+12,1.78477E+12,1.78477E+12,10722,10000,-,169.3,2.7,219336704,3549106176,219336704,3549110272,235276296,186235593,45785,33038,135819264,5412,8,/home/pranay/chipseq-benchmarks/work/07/47b3008bed0ded0e20ab154ac9b2fd,-,-,AMD Ryzen 7 4800H with Radeon Graphics,10927.807,10938.435,272.44,TRIMGALORE,0,979.6396678
7,-,1327,NFCORE_CHIPSEQ:CHIPSEQ:FASTQ_FASTQC_UMITOOLS_TRIMGALORE:FASTQC,SPT5_INPUT_REP1_T1,NFCORE_CHIPSEQ:CHIPSEQ:FASTQ_FASTQC_UMITOOLS_TRIMGALORE:FASTQC (SPT5_INPUT_REP1_T1),COMPLETED,0,-,quay.io/biocontainers/fastqc:0.12.1--hdfd78af_0,2,21600000,-,6442450944,1,1.78477E+12,1.78477E+12,1.78477E+12,4267,4000,-,184.4,7.1,574296064,16766824448,574296064,16772280320,20726137,3378284,24198,12276,126431232,42,1,/home/pranay/chipseq-benchmarks/work/04/903e9aacea0ba04599b5c85231a2b9,-,-,AMD Ryzen 7 4800H with Radeon Graphics,10938.536,10942.708,123.13,FASTQC,0,4647.154221
14,-,1384,NFCORE_CHIPSEQ:PREPARE_GENOME:GENOME_BLACKLIST_REGIONS,genome.fa.sizes,NFCORE_CHIPSEQ:PREPARE_GENOME:GENOME_BLACKLIST_REGIONS (genome.fa.sizes),COMPLETED,0,-,quay.io/biocontainers/bedtools:2.30.0--hc088bd4_0,1,14400000,-,6442450944,1,1.78477E+12,1.78477E+12,1.78477E+12,1562,0,-,18.2,0,4595712,23166976,4595712,23171072,40732,581,137,33,26599424,3,0,/home/pranay/chipseq-benchmarks/work/07/1a929be2a07efd2abf5eb7123eeace,-,-,AMD Ryzen 7 4800H with Radeon Graphics,10942.808,10944.275,43.02,GENOME_BLACKLIST_REGIONS,0,126.799162
8,-,1428,NFCORE_CHIPSEQ:CHIPSEQ:FASTQ_FASTQC_UMITOOLS_TRIMGALORE:TRIMGALORE,SPT5_INPUT_REP2_T1,NFCORE_CHIPSEQ:CHIPSEQ:FASTQ_FASTQC_UMITOOLS_TRIMGALORE:TRIMGALORE (SPT5_INPUT_REP2_T1),COMPLETED,0,-,quay.io/biocontainers/trim-galore:0.6.7--hdfd78af_0,2,21600000,-,6442450944,1,1.78477E+12,1.78477E+12,1.78477E+12,10418,10000,-,174.9,2.8,230981632,3555774464,235003904,3580411904,235121555,186128854,45938,33004,0,5386,7,/home/pranay/chipseq-benchmarks/work/04/cd3abca6c88760ebd57168ee03389b,-,-,AMD Ryzen 7 4800H with Radeon Graphics,10944.375,10954.698,277.86,TRIMGALORE,0,979.6396678
9,-,1476,NFCORE_CHIPSEQ:CHIPSEQ:FASTQ_FASTQC_UMITOOLS_TRIMGALORE:FASTQC,SPT5_INPUT_REP2_T1,NFCORE_CHIPSEQ:CHIPSEQ:FASTQ_FASTQC_UMITOOLS_TRIMGALORE:FASTQC (SPT5_INPUT_REP2_T1),COMPLETED,0,-,quay.io/biocontainers/fastqc:0.12.1--hdfd78af_0,2,21600000,-,6442450944,1,1.78477E+12,1.78477E+12,1.78477E+12,4132,3000,-,202.1,6.8,551215104,16834985984,551215104,16893710336,20490100,3358948,23937,12247,0,5,0,/home/pranay/chipseq-benchmarks/work/f0/bf1dbfe4354c226e95e0ec117d6591,-,-,AMD Ryzen 7 4800H with Radeon Graphics,10954.798,10958.838,125.43,FASTQC,0,4647.154221
11,-,1526,NFCORE_CHIPSEQ:CHIPSEQ:FASTQ_FASTQC_UMITOOLS_TRIMGALORE:TRIMGALORE,SPT5_T0_REP1_T1,NFCORE_CHIPSEQ:CHIPSEQ:FASTQ_FASTQC_UMITOOLS_TRIMGALORE:TRIMGALORE (SPT5_T0_REP1_T1),COMPLETED,0,-,quay.io/biocontainers/trim-galore:0.6.7--hdfd78af_0,2,21600000,-,6442450944,1,1.78477E+12,1.78477E+12,1.78477E+12,11619,11000,-,169.3,3.2,259375104,3548995584,259375104,3549007872,259673983,207793370,52078,37305,8192,5520,4,/home/pranay/chipseq-benchmarks/work/82/13ea9bcaa79f167b342129e8c39147,-,-,AMD Ryzen 7 4800H with Radeon Graphics,10958.938,10970.466,339.56,TRIMGALORE,0,1000.329811
10,-,1572,NFCORE_CHIPSEQ:CHIPSEQ:FASTQ_FASTQC_UMITOOLS_TRIMGALORE:FASTQC,SPT5_T0_REP1_T1,NFCORE_CHIPSEQ:CHIPSEQ:FASTQ_FASTQC_UMITOOLS_TRIMGALORE:FASTQC (SPT5_T0_REP1_T1),COMPLETED,0,-,quay.io/biocontainers/fastqc:0.12.1--hdfd78af_0,2,21600000,-,6442450944,1,1.78477E+12,1.78477E+12,1.78477E+12,3944,4000,-,191.2,7.1,570073088,16766824448,570073088,16766828544,22950466,4179396,28680,14268,8192,5,1,/home/pranay/chipseq-benchmarks/work/cf/3ecb0c5e0bc058dc4559b0b8913b6d,-,-,AMD Ryzen 7 4800H with Radeon Graphics,10970.566,10974.417,104.18,FASTQC,0,4647.249097
13,-,1621,NFCORE_CHIPSEQ:CHIPSEQ:FASTQ_FASTQC_UMITOOLS_TRIMGALORE:TRIMGALORE,SPT5_T0_REP2_T1,NFCORE_CHIPSEQ:CHIPSEQ:FASTQ_FASTQC_UMITOOLS_TRIMGALORE:TRIMGALORE (SPT5_T0_REP2_T1),COMPLETED,0,-,quay.io/biocontainers/trim-galore:0.6.7--hdfd78af_0,2,21600000,-,6442450944,1,1.78477E+12,1.78477E+12,1.78477E+12,10490,10000,-,202.1,2.5,209260544,3549003776,209260544,3581165568,261515406,209628963,52781,37568,0,6085,10,/home/pranay/chipseq-benchmarks/work/89/0577b56ed09d4ad4ea0448ac5ec5ae,-,-,AMD Ryzen 7 4800H with Radeon Graphics,10974.517,10984.912,280.59,TRIMGALORE,0,1006.73215
12,-,1667,NFCORE_CHIPSEQ:CHIPSEQ:FASTQ_FASTQC_UMITOOLS_TRIMGALORE:FASTQC,SPT5_T0_REP2_T1,NFCORE_CHIPSEQ:CHIPSEQ:FASTQ_FASTQC_UMITOOLS_TRIMGALORE:FASTQC (SPT5_T0_REP2_T1),COMPLETED,0,-,quay.io/biocontainers/fastqc:0.12.1--hdfd78af_0,2,21600000,-,6442450944,1,1.78477E+12,1.78477E+12,1.78477E+12,3984,3000,-,202.3,8,641425408,16903147520,641425408,16903151616,23009000,4180450,28778,14283,24576,5,2,/home/pranay/chipseq-benchmarks/work/90/ee909d21405b7de18d99e0ab968146,-,-,AMD Ryzen 7 4800H with Radeon Graphics,10985.012,10988.904,125.3,FASTQC,0,4647.249097
16,-,1715,NFCORE_CHIPSEQ:CHIPSEQ:FASTQ_FASTQC_UMITOOLS_TRIMGALORE:FASTQC,SPT5_T15_REP1_T1,NFCORE_CHIPSEQ:CHIPSEQ:FASTQ_FASTQC_UMITOOLS_TRIMGALORE:FASTQC (SPT5_T15_REP1_T1),COMPLETED,0,-,quay.io/biocontainers/fastqc:0.12.1--hdfd78af_0,2,21600000,-,6442450944,1,1.78477E+12,1.78477E+12,1.78477E+12,3933,3000,-,196.6,7.2,584134656,16766824448,584134656,16820359168,23202900,4151859,29150,14219,0,5,1,/home/pranay/chipseq-benchmarks/work/fa/b04d23a5e75725598d8e6f5217e03e,-,-,AMD Ryzen 7 4800H with Radeon Graphics,10989.004,10992.842,101.78,FASTQC,0,4647.249097
15,-,1762,NFCORE_CHIPSEQ:CHIPSEQ:FASTQ_FASTQC_UMITOOLS_TRIMGALORE:TRIMGALORE,SPT5_T15_REP1_T1,NFCORE_CHIPSEQ:CHIPSEQ:FASTQ_FASTQC_UMITOOLS_TRIMGALORE:TRIMGALORE (SPT5_T15_REP1_T1),COMPLETED,0,-,quay.io/biocontainers/trim-galore:0.6.7--hdfd78af_0,2,21600000,-,6442450944,1,1.78477E+12,1.78477E+12,1.78477E+12,10924,10000,-,200,2.2,179761152,3474894848,179761152,3539910656,266938350,214724520,53237,38176,0,5865,8,/home/pranay/chipseq-benchmarks/work/92/ecc21b5607ae8fd11be5699f2bcb40,-,-,AMD Ryzen 7 4800H with Radeon Graphics,10992.942,11003.774,303.43,TRIMGALORE,0,1049.593801
18,-,1807,NFCORE_CHIPSEQ:CHIPSEQ:FASTQ_FASTQC_UMITOOLS_TRIMGALORE:FASTQC,SPT5_T15_REP2_T1,NFCORE_CHIPSEQ:CHIPSEQ:FASTQ_FASTQC_UMITOOLS_TRIMGALORE:FASTQC (SPT5_T15_REP2_T1),COMPLETED,0,-,quay.io/biocontainers/fastqc:0.12.1--hdfd78af_0,2,21600000,-,6442450944,1,1.78477E+12,1.78477E+12,1.78477E+12,3952,3000,-,190.9,7.4,599150592,16766824448,599150592,16766828544,23188272,4190458,29149,14292,0,5,3,/home/pranay/chipseq-benchmarks/work/1e/939da3c08f00a42b57966100e0ecf6,-,-,AMD Ryzen 7 4800H with Radeon Graphics,11003.874,11007.732,107.02,FASTQC,0,4647.249097
17,-,1855,NFCORE_CHIPSEQ:CHIPSEQ:FASTQ_FASTQC_UMITOOLS_TRIMGALORE:TRIMGALORE,SPT5_T15_REP2_T1,NFCORE_CHIPSEQ:CHIPSEQ:FASTQ_FASTQC_UMITOOLS_TRIMGALORE:TRIMGALORE (SPT5_T15_REP2_T1),COMPLETED,0,-,quay.io/biocontainers/trim-galore:0.6.7--hdfd78af_0,2,21600000,-,6442450944,1,1.78477E+12,1.78477E+12,1.78477E+12,11756,11000,-,181.4,2.9,241647616,3553923072,241647616,3553927168,262527791,210352450,52805,37683,0,5590,7,/home/pranay/chipseq-benchmarks/work/33/ca47aa230da69a967b6a201c5ac5d5,-,-,AMD Ryzen 7 4800H with Radeon Graphics,11007.832,11019.493,309.5,TRIMGALORE,0,1000.440425
19,-,1900,NFCORE_CHIPSEQ:CHIPSEQ:FASTQ_ALIGN_BWA:BWA_MEM,SPT5_INPUT_REP1_T1,NFCORE_CHIPSEQ:CHIPSEQ:FASTQ_ALIGN_BWA:BWA_MEM (SPT5_INPUT_REP1_T1),COMPLETED,0,-,quay.io/biocontainers/mulled-v2-fe8faa35dbf6dc65a0f7f5d4ea12e31a79f73e40:1bd8542a8a0b42e0981337910954371d0230828e-0,2,21600000,-,6442450944,1,1.78477E+12,1.78477E+12,1.78477E+12,4247,4000,-,195.3,2.1,174047232,587747328,178323456,726634496,86882026,69401322,7382,14797,15826944,135,0,/home/pranay/chipseq-benchmarks/work/46/df8686f9c93784067c5e5387f8a8a0,-,-,AMD Ryzen 7 4800H with Radeon Graphics,11019.593,11023.745,113.14,BWA_MEM,0,2124.536617
20,-,1950,NFCORE_CHIPSEQ:CHIPSEQ:FASTQ_ALIGN_BWA:BWA_MEM,SPT5_INPUT_REP2_T1,NFCORE_CHIPSEQ:CHIPSEQ:FASTQ_ALIGN_BWA:BWA_MEM (SPT5_INPUT_REP2_T1),COMPLETED,0,-,quay.io/biocontainers/mulled-v2-fe8faa35dbf6dc65a0f7f5d4ea12e31a79f73e40:1bd8542a8a0b42e0981337910954371d0230828e-0,2,21600000,-,6442450944,1,1.78477E+12,1.78477E+12,1.78477E+12,4450,3000,-,191.9,2,167829504,288399360,167829504,289452032,86998306,69536807,7280,14834,0,6,1,/home/pranay/chipseq-benchmarks/work/a2/ea773badeaad44aa4c0f5ee451d9bd,-,-,AMD Ryzen 7 4800H with Radeon Graphics,11023.845,11028.201,127.52,BWA_MEM,0,2124.536617
21,-,2000,NFCORE_CHIPSEQ:CHIPSEQ:FASTQ_ALIGN_BWA:BWA_MEM,SPT5_T0_REP1_T1,NFCORE_CHIPSEQ:CHIPSEQ:FASTQ_ALIGN_BWA:BWA_MEM (SPT5_T0_REP1_T1),COMPLETED,0,-,quay.io/biocontainers/mulled-v2-fe8faa35dbf6dc65a0f7f5d4ea12e31a79f73e40:1bd8542a8a0b42e0981337910954371d0230828e-0,2,21600000,-,6442450944,1,1.78477E+12,1.78477E+12,1.78477E+12,5043,5000,-,194.1,2.2,176766976,587747328,180826112,725835776,85057223,65457510,7239,13818,0,489,2,/home/pranay/chipseq-benchmarks/work/fd/b2f4fa9b73911eb07355aaf850f0fe,-,-,AMD Ryzen 7 4800H with Radeon Graphics,11028.301,11033.249,134.12,BWA_MEM,0,2119.637996
22,-,2051,NFCORE_CHIPSEQ:CHIPSEQ:FASTQ_ALIGN_BWA:BWA_MEM,SPT5_T0_REP2_T1,NFCORE_CHIPSEQ:CHIPSEQ:FASTQ_ALIGN_BWA:BWA_MEM (SPT5_T0_REP2_T1),COMPLETED,0,-,quay.io/biocontainers/mulled-v2-fe8faa35dbf6dc65a0f7f5d4ea12e31a79f73e40:1bd8542a8a0b42e0981337910954371d0230828e-0,2,21600000,-,6442450944,1,1.78477E+12,1.78477E+12,1.78477E+12,5249,5000,-,194.5,2.2,178700288,587747328,182972416,659251200,85720721,66252058,7180,13973,0,195,0,/home/pranay/chipseq-benchmarks/work/f1/5c00107b4835bd7f2610313dba8d74,-,-,AMD Ryzen 7 4800H with Radeon Graphics,11033.349,11038.503,155.31,BWA_MEM,0,2113.985733
23,-,2101,NFCORE_CHIPSEQ:CHIPSEQ:FASTQ_ALIGN_BWA:BWA_MEM,SPT5_T15_REP1_T1,NFCORE_CHIPSEQ:CHIPSEQ:FASTQ_ALIGN_BWA:BWA_MEM (SPT5_T15_REP1_T1),COMPLETED,0,-,quay.io/biocontainers/mulled-v2-fe8faa35dbf6dc65a0f7f5d4ea12e31a79f73e40:1bd8542a8a0b42e0981337910954371d0230828e-0,2,21600000,-,6442450944,1,1.78477E+12,1.78477E+12,1.78477E+12,5052,5000,-,193.2,2.2,181403648,587747328,185647104,659255296,86677739,67027623,7201,14120,0,476,1,/home/pranay/chipseq-benchmarks/work/49/0d7d046077627a30aa94f2ea5a71ec,-,-,AMD Ryzen 7 4800H with Radeon Graphics,11038.603,11043.56,127.14,BWA_MEM,0,2124.536617
24,-,2155,NFCORE_CHIPSEQ:CHIPSEQ:FASTQ_ALIGN_BWA:BWA_MEM,SPT5_T15_REP2_T1,NFCORE_CHIPSEQ:CHIPSEQ:FASTQ_ALIGN_BWA:BWA_MEM (SPT5_T15_REP2_T1),COMPLETED,0,-,quay.io/biocontainers/mulled-v2-fe8faa35dbf6dc65a0f7f5d4ea12e31a79f73e40:1bd8542a8a0b42e0981337910954371d0230828e-0,2,21600000,-,6442450944,1,1.78477E+12,1.78477E+12,1.78477E+12,5374,5000,-,191.7,2.2,176828416,587747328,181145600,725831680,85389952,65606497,7188,13828,0,47,0,/home/pranay/chipseq-benchmarks/work/79/af69342014109174fa819910fbadf2,-,-,AMD Ryzen 7 4800H with Radeon Graphics,11043.66,11048.939,138.52,BWA_MEM,0,2113.985733
25,-,2205,NFCORE_CHIPSEQ:CHIPSEQ:FASTQ_ALIGN_BWA:BAM_SORT_STATS_SAMTOOLS:SAMTOOLS_SORT,SPT5_INPUT_REP1_T1,NFCORE_CHIPSEQ:CHIPSEQ:FASTQ_ALIGN_BWA:BAM_SORT_STATS_SAMTOOLS:SAMTOOLS_SORT (SPT5_INPUT_REP1_T1),COMPLETED,0,-,quay.io/biocontainers/samtools:1.20--h50ea8bc_0,2,21600000,-,6442450944,1,1.78477E+12,1.78477E+12,1.78477E+12,1003,0,-,200,0.7,61349888,1865072640,61366272,1865744384,24497017,22824083,623,398,0,97,5,/home/pranay/chipseq-benchmarks/work/75/165074dcd9287494a9884b6ce1094e,-,-,AMD Ryzen 7 4800H with Radeon Graphics,11049.039,11049.948,30.9,SAMTOOLS_SORT,0,214.1339623
26,-,2252,NFCORE_CHIPSEQ:CHIPSEQ:FASTQ_ALIGN_BWA:BAM_SORT_STATS_SAMTOOLS:SAMTOOLS_SORT,SPT5_INPUT_REP2_T1,NFCORE_CHIPSEQ:CHIPSEQ:FASTQ_ALIGN_BWA:BAM_SORT_STATS_SAMTOOLS:SAMTOOLS_SORT (SPT5_INPUT_REP2_T1),COMPLETED,0,-,quay.io/biocontainers/samtools:1.20--h50ea8bc_0,2,21600000,-,6442450944,1,1.78477E+12,1.78477E+12,1.78477E+12,964,0,-,199.2,0.7,62636032,1865072640,62717952,1865744384,24476885,22854183,623,398,0,99,2,/home/pranay/chipseq-benchmarks/work/e5/c46db7db932fd10a0fdd2dd6280fcf,-,-,AMD Ryzen 7 4800H with Radeon Graphics,11050.048,11050.917,29.93,SAMTOOLS_SORT,0,214.1339623
27,-,2298,NFCORE_CHIPSEQ:CHIPSEQ:FASTQ_ALIGN_BWA:BAM_SORT_STATS_SAMTOOLS:SAMTOOLS_SORT,SPT5_T0_REP1_T1,NFCORE_CHIPSEQ:CHIPSEQ:FASTQ_ALIGN_BWA:BAM_SORT_STATS_SAMTOOLS:SAMTOOLS_SORT (SPT5_T0_REP1_T1),COMPLETED,0,-,quay.io/biocontainers/samtools:1.20--h50ea8bc_0,2,21600000,-,6442450944,1,1.78477E+12,1.78477E+12,1.78477E+12,1034,0,-,204.9,0.7,65630208,1865072640,65712128,1865744384,23925507,20573276,615,390,0,108,1,/home/pranay/chipseq-benchmarks/work/35/fbba79a42c47fc80926d96cfac3050,-,-,AMD Ryzen 7 4800H with Radeon Graphics,11051.017,11051.956,30.8,SAMTOOLS_SORT,0,214.1339623
28,-,2344,NFCORE_CHIPSEQ:CHIPSEQ:FASTQ_ALIGN_BWA:BAM_SORT_STATS_SAMTOOLS:SAMTOOLS_SORT,SPT5_T0_REP2_T1,NFCORE_CHIPSEQ:CHIPSEQ:FASTQ_ALIGN_BWA:BAM_SORT_STATS_SAMTOOLS:SAMTOOLS_SORT (SPT5_T0_REP2_T1),COMPLETED,0,-,quay.io/biocontainers/samtools:1.20--h50ea8bc_0,2,21600000,-,6442450944,1,1.78477E+12,1.78477E+12,1.78477E+12,1008,0,-,201,0.8,67334144,1865072640,67334144,1865744384,24324327,20642490,621,395,0,117,2,/home/pranay/chipseq-benchmarks/work/8f/81bde63f79bf2d536443097d222b8d,-,-,AMD Ryzen 7 4800H with Radeon Graphics,11052.056,11052.968,30.46,SAMTOOLS_SORT,0,214.1339623
29,-,2390,NFCORE_CHIPSEQ:CHIPSEQ:FASTQ_ALIGN_BWA:BAM_SORT_STATS_SAMTOOLS:SAMTOOLS_SORT,SPT5_T15_REP1_T1,NFCORE_CHIPSEQ:CHIPSEQ:FASTQ_ALIGN_BWA:BAM_SORT_STATS_SAMTOOLS:SAMTOOLS_SORT (SPT5_T15_REP1_T1),COMPLETED,0,-,quay.io/biocontainers/samtools:1.20--h50ea8bc_0,2,21600000,-,6442450944,1,1.78477E+12,1.78477E+12,1.78477E+12,1039,0,-,201.8,0.7,66277376,1865072640,66277376,1865744384,24702970,21257489,628,402,0,129,0,/home/pranay/chipseq-benchmarks/work/33/245dbcd2160d577f84150ab9db0eb7,-,-,AMD Ryzen 7 4800H with Radeon Graphics,11053.068,11054.011,29.79,SAMTOOLS_SORT,0,214.1339623
30,-,2435,NFCORE_CHIPSEQ:CHIPSEQ:FASTQ_ALIGN_BWA:BAM_SORT_STATS_SAMTOOLS:SAMTOOLS_SORT,SPT5_T15_REP2_T1,NFCORE_CHIPSEQ:CHIPSEQ:FASTQ_ALIGN_BWA:BAM_SORT_STATS_SAMTOOLS:SAMTOOLS_SORT (SPT5_T15_REP2_T1),COMPLETED,0,-,quay.io/biocontainers/samtools:1.20--h50ea8bc_0,2,21600000,-,6442450944,1,1.78477E+12,1.78477E+12,1.78477E+12,1031,0,-,202.6,0.8,69808128,1865072640,69808128,1865744384,24141006,21020031,619,393,0,123,2,/home/pranay/chipseq-benchmarks/work/02/2c4fd4aeb6045514cbf6c968a68714,-,-,AMD Ryzen 7 4800H with Radeon Graphics,11054.111,11055.047,29.53,SAMTOOLS_SORT,0,214.1339623
31,-,2481,NFCORE_CHIPSEQ:CHIPSEQ:FASTQ_ALIGN_BWA:BAM_SORT_STATS_SAMTOOLS:SAMTOOLS_INDEX,SPT5_INPUT_REP1_T1,NFCORE_CHIPSEQ:CHIPSEQ:FASTQ_ALIGN_BWA:BAM_SORT_STATS_SAMTOOLS:SAMTOOLS_INDEX (SPT5_INPUT_REP1_T1),COMPLETED,0,-,quay.io/biocontainers/samtools:1.20--h50ea8bc_0,2,14400000,-,6442450944,1,1.78477E+12,1.78477E+12,1.78477E+12,662,0,-,131,0.1,7544832,162754560,7544832,229998592,10771904,15350,1744,21,0,417,0,/home/pranay/chipseq-benchmarks/work/a4/9d3f15a4801c9e93b3615f858e1c7c,-,-,AMD Ryzen 7 4800H with Radeon Graphics,11055.148,11055.713,30.47,SAMTOOLS_INDEX,0,134.7992813
33,-,2567,NFCORE_CHIPSEQ:CHIPSEQ:FASTQ_ALIGN_BWA:BAM_SORT_STATS_SAMTOOLS:SAMTOOLS_INDEX,SPT5_T0_REP1_T1,NFCORE_CHIPSEQ:CHIPSEQ:FASTQ_ALIGN_BWA:BAM_SORT_STATS_SAMTOOLS:SAMTOOLS_INDEX (SPT5_T0_REP1_T1),COMPLETED,0,-,quay.io/biocontainers/samtools:1.20--h50ea8bc_0,2,14400000,-,6442450944,1,1.78477E+12,1.78477E+12,1.78477E+12,640,0,-,127.2,0.1,7458816,162754560,7458816,229998592,8806849,14982,1572,21,0,394,1,/home/pranay/chipseq-benchmarks/work/1e/7dbd69d394dd02788ae3e777b30702,-,-,AMD Ryzen 7 4800H with Radeon Graphics,11056.444,11056.989,29.15,SAMTOOLS_INDEX,0,133.0382118
34,-,2611,NFCORE_CHIPSEQ:CHIPSEQ:FASTQ_ALIGN_BWA:BAM_SORT_STATS_SAMTOOLS:SAMTOOLS_INDEX,SPT5_T0_REP2_T1,NFCORE_CHIPSEQ:CHIPSEQ:FASTQ_ALIGN_BWA:BAM_SORT_STATS_SAMTOOLS:SAMTOOLS_INDEX (SPT5_T0_REP2_T1),COMPLETED,0,-,quay.io/biocontainers/samtools:1.20--h50ea8bc_0,2,14400000,-,6442450944,1,1.78477E+12,1.78477E+12,1.78477E+12,622,0,-,131.6,0.1,7458816,162754560,7458816,229998592,8676661,16566,1589,21,0,410,0,/home/pranay/chipseq-benchmarks/work/d2/1ef8909371bc3f9aec83bbc6e613dc,-,-,AMD Ryzen 7 4800H with Radeon Graphics,11057.089,11057.615,30.46,SAMTOOLS_INDEX,0,97.2258415
36,-,2697,NFCORE_CHIPSEQ:CHIPSEQ:FASTQ_ALIGN_BWA:BAM_SORT_STATS_SAMTOOLS:SAMTOOLS_INDEX,SPT5_T15_REP2_T1,NFCORE_CHIPSEQ:CHIPSEQ:FASTQ_ALIGN_BWA:BAM_SORT_STATS_SAMTOOLS:SAMTOOLS_INDEX (SPT5_T15_REP2_T1),COMPLETED,0,-,quay.io/biocontainers/samtools:1.20--h50ea8bc_0,2,14400000,-,6442450944,1,1.78477E+12,1.78477E+12,1.78477E+12,642,0,-,128.4,0.1,7360512,162754560,7360512,229998592,9145863,15470,1570,21,0,356,0,/home/pranay/chipseq-benchmarks/work/1a/1d18e2099f77664a84d2e0f883b70b,-,-,AMD Ryzen 7 4800H with Radeon Graphics,11058.323,11058.87,30.71,SAMTOOLS_INDEX,0,133.0577618
42,-,2739,NFCORE_CHIPSEQ:CHIPSEQ:PICARD_MERGESAMFILES,SPT5_T15_REP2,NFCORE_CHIPSEQ:CHIPSEQ:PICARD_MERGESAMFILES (SPT5_T15_REP2),COMPLETED,0,-,quay.io/biocontainers/picard:3.2.0--hdfd78af_0,2,21600000,-,6442450944,1,1.78477E+12,1.78477E+12,1.78477E+12,3461,2000,-,185.9,0,17948672,35602432,17948672,35602432,13246695,908,5184,29,42328064,19,0,/home/pranay/chipseq-benchmarks/work/46/498b2ed073bc4642c262a91c4b8d6e,-,-,AMD Ryzen 7 4800H with Radeon Graphics,11058.971,11062.335,87.19,PICARD_MERGESAMFILES,0,169.7396608
39,-,2795,NFCORE_CHIPSEQ:CHIPSEQ:PICARD_MERGESAMFILES,SPT5_T0_REP1,NFCORE_CHIPSEQ:CHIPSEQ:PICARD_MERGESAMFILES (SPT5_T0_REP1),COMPLETED,0,-,quay.io/biocontainers/picard:3.2.0--hdfd78af_0,2,21600000,-,6442450944,1,1.78477E+12,1.78477E+12,1.78477E+12,2832,1000,-,216.7,0,18665472,35602432,18665472,35602432,13246655,884,5184,29,0,19,0,/home/pranay/chipseq-benchmarks/work/06/c4d9309c2d782712d1cc030968cc1c,-,-,AMD Ryzen 7 4800H with Radeon Graphics,11062.435,11065.172,90.99,PICARD_MERGESAMFILES,0,169.7396608
37,-,2876,NFCORE_CHIPSEQ:CHIPSEQ:PICARD_MERGESAMFILES,SPT5_INPUT_REP1,NFCORE_CHIPSEQ:CHIPSEQ:PICARD_MERGESAMFILES (SPT5_INPUT_REP1),COMPLETED,0,-,quay.io/biocontainers/picard:3.2.0--hdfd78af_0,2,21600000,-,6442450944,1,1.78477E+12,1.78477E+12,1.78477E+12,2740,1000,-,216.7,0,18206720,35602432,18206720,35602432,13246666,884,5183,29,0,18,0,/home/pranay/chipseq-benchmarks/work/23/a1ebfbd283283e0e32ba4ec043fef1,-,-,AMD Ryzen 7 4800H with Radeon Graphics,11065.272,11067.918,89.69,PICARD_MERGESAMFILES,0,169.7396608
41,-,2921,NFCORE_CHIPSEQ:CHIPSEQ:PICARD_MERGESAMFILES,SPT5_T15_REP1,NFCORE_CHIPSEQ:CHIPSEQ:PICARD_MERGESAMFILES (SPT5_T15_REP1),COMPLETED,0,-,quay.io/biocontainers/picard:3.2.0--hdfd78af_0,2,21600000,-,6442450944,1,1.78477E+12,1.78477E+12,1.78477E+12,2796,1000,-,216.3,0,17924096,35602432,17924096,35602432,13246661,884,5184,29,0,18,1,/home/pranay/chipseq-benchmarks/work/b0/23a625fd24faa9a988c3ce4ef3b834,-,-,AMD Ryzen 7 4800H with Radeon Graphics,11068.018,11070.72,89.25,PICARD_MERGESAMFILES,0,169.7396608
38,-,2966,NFCORE_CHIPSEQ:CHIPSEQ:PICARD_MERGESAMFILES,SPT5_INPUT_REP2,NFCORE_CHIPSEQ:CHIPSEQ:PICARD_MERGESAMFILES (SPT5_INPUT_REP2),COMPLETED,0,-,quay.io/biocontainers/picard:3.2.0--hdfd78af_0,2,21600000,-,6442450944,1,1.78477E+12,1.78477E+12,1.78477E+12,2746,1000,-,220.6,0,17448960,35602432,17448960,35602432,13246660,884,5184,29,0,20,2,/home/pranay/chipseq-benchmarks/work/63/64f6230472787c9e22b47e21167a35,-,-,AMD Ryzen 7 4800H with Radeon Graphics,11070.82,11073.47,59.76,PICARD_MERGESAMFILES,0,169.7396608
40,-,3011,NFCORE_CHIPSEQ:CHIPSEQ:PICARD_MERGESAMFILES,SPT5_T0_REP2,NFCORE_CHIPSEQ:CHIPSEQ:PICARD_MERGESAMFILES (SPT5_T0_REP2),COMPLETED,0,-,quay.io/biocontainers/picard:3.2.0--hdfd78af_0,2,21600000,-,6442450944,1,1.78477E+12,1.78477E+12,1.78477E+12,2797,1000,-,217.8,0,18309120,35602432,18309120,35602432,13246656,884,5184,29,0,18,1,/home/pranay/chipseq-benchmarks/work/15/cb7faf3cfe8742124e0c4bf3e9adad,-,-,AMD Ryzen 7 4800H with Radeon Graphics,11073.57,11076.273,90.14,PICARD_MERGESAMFILES,0,169.7396608
45,-,3056,NFCORE_CHIPSEQ:CHIPSEQ:FASTQ_ALIGN_BWA:BAM_SORT_STATS_SAMTOOLS:BAM_STATS_SAMTOOLS:SAMTOOLS_IDXSTATS,SPT5_INPUT_REP1_T1,NFCORE_CHIPSEQ:CHIPSEQ:FASTQ_ALIGN_BWA:BAM_SORT_STATS_SAMTOOLS:BAM_STATS_SAMTOOLS:SAMTOOLS_IDXSTATS (SPT5_INPUT_REP1_T1),COMPLETED,0,-,quay.io/biocontainers/samtools:1.20--h50ea8bc_0,1,14400000,-,6442450944,1,1.78477E+12,1.78477E+12,1.78477E+12,553,0,-,66.7,0,3403776,4497408,3403776,4497408,144890,5295,232,19,0,2,1,/home/pranay/chipseq-benchmarks/work/92/9078f32a0c7df3e47a3aa62abce832,-,-,AMD Ryzen 7 4800H with Radeon Graphics,11076.373,11076.831,28.57,SAMTOOLS_IDXSTATS,0,92.57659442
43,-,3146,NFCORE_CHIPSEQ:CHIPSEQ:FASTQ_ALIGN_BWA:BAM_SORT_STATS_SAMTOOLS:BAM_STATS_SAMTOOLS:SAMTOOLS_FLAGSTAT,SPT5_INPUT_REP1_T1,NFCORE_CHIPSEQ:CHIPSEQ:FASTQ_ALIGN_BWA:BAM_SORT_STATS_SAMTOOLS:BAM_STATS_SAMTOOLS:SAMTOOLS_FLAGSTAT (SPT5_INPUT_REP1_T1),COMPLETED,0,-,quay.io/biocontainers/samtools:1.20--h50ea8bc_0,1,14400000,-,6442450944,1,1.78477E+12,1.78477E+12,1.78477E+12,674,0,-,126.6,0,7278592,162754560,7278592,229998592,10772028,5478,1744,19,0,433,2,/home/pranay/chipseq-benchmarks/work/62/de53bd7e3e9a6a8894393072487539,-,-,AMD Ryzen 7 4800H with Radeon Graphics,11077.589,11078.169,34.43,SAMTOOLS_FLAGSTAT,0,126.7965993
57,-,3191,NFCORE_CHIPSEQ:CHIPSEQ:FASTQ_ALIGN_BWA:BAM_SORT_STATS_SAMTOOLS:BAM_STATS_SAMTOOLS:SAMTOOLS_IDXSTATS,SPT5_T15_REP2_T1,NFCORE_CHIPSEQ:CHIPSEQ:FASTQ_ALIGN_BWA:BAM_SORT_STATS_SAMTOOLS:BAM_STATS_SAMTOOLS:SAMTOOLS_IDXSTATS (SPT5_T15_REP2_T1),COMPLETED,0,-,quay.io/biocontainers/samtools:1.20--h50ea8bc_0,1,14400000,-,6442450944,1,1.78477E+12,1.78477E+12,1.78477E+12,687,0,-,118.5,0,3334144,4497408,3334144,4497408,145009,5307,232,19,0,2,0,/home/pranay/chipseq-benchmarks/work/43/0a6b0aaaacb2bd276c2b372ac5de32,-,-,AMD Ryzen 7 4800H with Radeon Graphics,11078.269,11078.861,34.41,SAMTOOLS_IDXSTATS,0,92.57659442
56,-,3281,NFCORE_CHIPSEQ:CHIPSEQ:FASTQ_ALIGN_BWA:BAM_SORT_STATS_SAMTOOLS:BAM_STATS_SAMTOOLS:SAMTOOLS_IDXSTATS,SPT5_T15_REP1_T1,NFCORE_CHIPSEQ:CHIPSEQ:FASTQ_ALIGN_BWA:BAM_SORT_STATS_SAMTOOLS:BAM_STATS_SAMTOOLS:SAMTOOLS_IDXSTATS (SPT5_T15_REP1_T1),COMPLETED,0,-,quay.io/biocontainers/samtools:1.20--h50ea8bc_0,1,14400000,-,6442450944,1,1.78477E+12,1.78477E+12,1.78477E+12,643,0,-,100,0,3379200,4497408,3379200,4497408,145019,5304,232,19,0,2,0,/home/pranay/chipseq-benchmarks/work/da/f3c37530e1c0716a830013cfc30611,-,-,AMD Ryzen 7 4800H with Radeon Graphics,11079.594,11080.142,30.88,SAMTOOLS_IDXSTATS,0,92.57659442
47,-,3325,NFCORE_CHIPSEQ:CHIPSEQ:FASTQ_ALIGN_BWA:BAM_SORT_STATS_SAMTOOLS:BAM_STATS_SAMTOOLS:SAMTOOLS_IDXSTATS,SPT5_INPUT_REP2_T1,NFCORE_CHIPSEQ:CHIPSEQ:FASTQ_ALIGN_BWA:BAM_SORT_STATS_SAMTOOLS:BAM_STATS_SAMTOOLS:SAMTOOLS_IDXSTATS (SPT5_INPUT_REP2_T1),COMPLETED,0,-,quay.io/biocontainers/samtools:1.20--h50ea8bc_0,1,14400000,-,6442450944,1,1.78477E+12,1.78477E+12,1.78477E+12,664,0,-,110.3,0,3252224,4497408,3252224,4497408,145053,5295,232,19,0,2,0,/home/pranay/chipseq-benchmarks/work/0c/5f5033ced4ffb63017b0266c8b866d,-,-,AMD Ryzen 7 4800H with Radeon Graphics,11080.242,11080.811,32.67,SAMTOOLS_IDXSTATS,0,92.57659442
54,-,3415,NFCORE_CHIPSEQ:CHIPSEQ:FASTQ_ALIGN_BWA:BAM_SORT_STATS_SAMTOOLS:BAM_STATS_SAMTOOLS:SAMTOOLS_FLAGSTAT,SPT5_T0_REP2_T1,NFCORE_CHIPSEQ:CHIPSEQ:FASTQ_ALIGN_BWA:BAM_SORT_STATS_SAMTOOLS:BAM_STATS_SAMTOOLS:SAMTOOLS_FLAGSTAT (SPT5_T0_REP2_T1),COMPLETED,0,-,quay.io/biocontainers/samtools:1.20--h50ea8bc_0,1,14400000,-,6442450944,1,1.78477E+12,1.78477E+12,1.78477E+12,637,0,-,132.4,0.1,7499776,162754560,7499776,229998592,8676774,5481,1589,19,0,400,1,/home/pranay/chipseq-benchmarks/work/09/b6d8e747d7b82dac5805ec933e8cc2,-,-,AMD Ryzen 7 4800H with Radeon Graphics,11081.556,11082.096,29.41,SAMTOOLS_FLAGSTAT,0,79.15257275
53,-,3461,NFCORE_CHIPSEQ:CHIPSEQ:FASTQ_ALIGN_BWA:BAM_SORT_STATS_SAMTOOLS:BAM_STATS_SAMTOOLS:SAMTOOLS_IDXSTATS,SPT5_T0_REP2_T1,NFCORE_CHIPSEQ:CHIPSEQ:FASTQ_ALIGN_BWA:BAM_SORT_STATS_SAMTOOLS:BAM_STATS_SAMTOOLS:SAMTOOLS_IDXSTATS (SPT5_T0_REP2_T1),COMPLETED,0,-,quay.io/biocontainers/samtools:1.20--h50ea8bc_0,1,14400000,-,6442450944,1,1.78477E+12,1.78477E+12,1.78477E+12,602,0,-,94.1,0,3276800,4497408,3276800,4497408,146102,5305,232,19,0,2,1,/home/pranay/chipseq-benchmarks/work/d9/b6feb9222a09b86fe229511d9760bf,-,-,AMD Ryzen 7 4800H with Radeon Graphics,11082.196,11082.703,29.84,SAMTOOLS_IDXSTATS,0,92.57659442
60,-,3549,NFCORE_CHIPSEQ:CHIPSEQ:FASTQ_ALIGN_BWA:BAM_SORT_STATS_SAMTOOLS:BAM_STATS_SAMTOOLS:SAMTOOLS_FLAGSTAT,SPT5_T15_REP2_T1,NFCORE_CHIPSEQ:CHIPSEQ:FASTQ_ALIGN_BWA:BAM_SORT_STATS_SAMTOOLS:BAM_STATS_SAMTOOLS:SAMTOOLS_FLAGSTAT (SPT5_T15_REP2_T1),COMPLETED,0,-,quay.io/biocontainers/samtools:1.20--h50ea8bc_0,1,14400000,-,6442450944,1,1.78477E+12,1.78477E+12,1.78477E+12,656,0,-,140.5,0,7331840,162754560,7331840,229998592,9145978,5480,1570,19,0,376,0,/home/pranay/chipseq-benchmarks/work/eb/52fe7907593b1ebd0b0e0ceebef241,-,-,AMD Ryzen 7 4800H with Radeon Graphics,11083.425,11083.986,30.8,SAMTOOLS_FLAGSTAT,0,125.1477273
52,-,3591,NFCORE_CHIPSEQ:CHIPSEQ:FASTQ_ALIGN_BWA:BAM_SORT_STATS_SAMTOOLS:BAM_STATS_SAMTOOLS:SAMTOOLS_STATS,SPT5_T0_REP2_T1,NFCORE_CHIPSEQ:CHIPSEQ:FASTQ_ALIGN_BWA:BAM_SORT_STATS_SAMTOOLS:BAM_STATS_SAMTOOLS:SAMTOOLS_STATS (SPT5_T0_REP2_T1),COMPLETED,0,-,quay.io/biocontainers/samtools:1.20--h50ea8bc_0,1,14400000,-,6442450944,1,1.78477E+12,1.78477E+12,1.78477E+12,777,0,-,127,0.1,8192000,164294656,8192000,231538688,8677424,73660,1589,35,0,4,0,/home/pranay/chipseq-benchmarks/work/d4/91e5b0d8d0601064988fba39b8e3a2,-,-,AMD Ryzen 7 4800H with Radeon Graphics,11084.086,11084.768,29.41,SAMTOOLS_STATS,0,100.1217296
44,-,3763,NFCORE_CHIPSEQ:CHIPSEQ:FASTQ_ALIGN_BWA:BAM_SORT_STATS_SAMTOOLS:BAM_STATS_SAMTOOLS:SAMTOOLS_STATS,SPT5_INPUT_REP1_T1,NFCORE_CHIPSEQ:CHIPSEQ:FASTQ_ALIGN_BWA:BAM_SORT_STATS_SAMTOOLS:BAM_STATS_SAMTOOLS:SAMTOOLS_STATS (SPT5_INPUT_REP1_T1),COMPLETED,0,-,quay.io/biocontainers/samtools:1.20--h50ea8bc_0,1,14400000,-,6442450944,1,1.78477E+12,1.78477E+12,1.78477E+12,789,0,-,133.7,0.1,8126464,164294656,8126464,231538688,10772679,45015,1744,28,0,3,1,/home/pranay/chipseq-benchmarks/work/78/db874091b70624bc8a8d37e79cb8b9,-,-,AMD Ryzen 7 4800H with Radeon Graphics,11086.43,11087.124,29.12,SAMTOOLS_STATS,0,147.7646282
58,-,3811,NFCORE_CHIPSEQ:CHIPSEQ:FASTQ_ALIGN_BWA:BAM_SORT_STATS_SAMTOOLS:BAM_STATS_SAMTOOLS:SAMTOOLS_STATS,SPT5_T15_REP1_T1,NFCORE_CHIPSEQ:CHIPSEQ:FASTQ_ALIGN_BWA:BAM_SORT_STATS_SAMTOOLS:BAM_STATS_SAMTOOLS:SAMTOOLS_STATS (SPT5_T15_REP1_T1),COMPLETED,0,-,quay.io/biocontainers/samtools:1.20--h50ea8bc_0,1,14400000,-,6442450944,1,1.78477E+12,1.78477E+12,1.78477E+12,814,0,-,124.3,0.1,8085504,164294656,8085504,231538688,9103104,68295,1596,34,0,3,1,/home/pranay/chipseq-benchmarks/work/00/8cb79a41dac3a77dabe4fe744fee28,-,-,AMD Ryzen 7 4800H with Radeon Graphics,11087.224,11087.943,29.07,SAMTOOLS_STATS,0,146.1071092
59,-,3856,NFCORE_CHIPSEQ:CHIPSEQ:FASTQ_ALIGN_BWA:BAM_SORT_STATS_SAMTOOLS:BAM_STATS_SAMTOOLS:SAMTOOLS_STATS,SPT5_T15_REP2_T1,NFCORE_CHIPSEQ:CHIPSEQ:FASTQ_ALIGN_BWA:BAM_SORT_STATS_SAMTOOLS:BAM_STATS_SAMTOOLS:SAMTOOLS_STATS (SPT5_T15_REP2_T1),COMPLETED,0,-,quay.io/biocontainers/samtools:1.20--h50ea8bc_0,1,14400000,-,6442450944,1,1.78477E+12,1.78477E+12,1.78477E+12,823,0,-,123.7,0.1,8130560,164294656,8130560,231538688,9146629,67446,1570,34,0,2,0,/home/pranay/chipseq-benchmarks/work/01/3a3b91048ab6f686fa7d5d5cc85227,-,-,AMD Ryzen 7 4800H with Radeon Graphics,11088.043,11088.769,27.43,SAMTOOLS_STATS,0,146.1071092
61,-,3903,NFCORE_CHIPSEQ:CHIPSEQ:BAM_MARKDUPLICATES_PICARD:PICARD_MARKDUPLICATES,SPT5_T15_REP2,NFCORE_CHIPSEQ:CHIPSEQ:BAM_MARKDUPLICATES_PICARD:PICARD_MARKDUPLICATES (SPT5_T15_REP2),COMPLETED,0,-,quay.io/biocontainers/picard:3.2.0--hdfd78af_0,2,21600000,-,6442450944,1,1.78477E+12,1.78477E+12,1.78477E+12,9787,8000,-,209.7,25.9,2084278272,10316533760,2084278272,10383642624,46520385,10143056,14544,259,12603392,19,2,/home/pranay/chipseq-benchmarks/work/b3/0baa3d9ebd0eb5a056566a62a1b6fc,-,-,AMD Ryzen 7 4800H with Radeon Graphics,11088.869,11098.561,277.98,PICARD_MARKDUPLICATES,0,17269.84326
62,-,3950,NFCORE_CHIPSEQ:CHIPSEQ:BAM_MARKDUPLICATES_PICARD:PICARD_MARKDUPLICATES,SPT5_T0_REP1,NFCORE_CHIPSEQ:CHIPSEQ:BAM_MARKDUPLICATES_PICARD:PICARD_MARKDUPLICATES (SPT5_T0_REP1),COMPLETED,0,-,quay.io/biocontainers/picard:3.2.0--hdfd78af_0,2,21600000,-,6442450944,1,1.78477E+12,1.78477E+12,1.78477E+12,9523,7000,-,227.5,26.7,2150408192,10384691200,2150408192,10384691200,45902899,9791202,14916,255,0,19,1,/home/pranay/chipseq-benchmarks/work/20/f5b048f447ae1db35b3263b121f321,-,-,AMD Ryzen 7 4800H with Radeon Graphics,11098.661,11108.088,316.86,PICARD_MARKDUPLICATES,0,17269.84326
63,-,3998,NFCORE_CHIPSEQ:CHIPSEQ:BAM_MARKDUPLICATES_PICARD:PICARD_MARKDUPLICATES,SPT5_INPUT_REP1,NFCORE_CHIPSEQ:CHIPSEQ:BAM_MARKDUPLICATES_PICARD:PICARD_MARKDUPLICATES (SPT5_INPUT_REP1),COMPLETED,0,-,quay.io/biocontainers/picard:3.2.0--hdfd78af_0,2,21600000,-,6442450944,1,1.78477E+12,1.78477E+12,1.78477E+12,8811,7000,-,223.4,28.4,2280202240,10384691200,2280202240,10384691200,49715673,11714893,14900,267,0,19,1,/home/pranay/chipseq-benchmarks/work/f8/84a47cc09b51c426f153433d7fe651,-,-,AMD Ryzen 7 4800H with Radeon Graphics,11108.188,11116.908,239.61,PICARD_MARKDUPLICATES,0,17269.84326
64,-,4046,NFCORE_CHIPSEQ:CHIPSEQ:BAM_MARKDUPLICATES_PICARD:PICARD_MARKDUPLICATES,SPT5_T15_REP1,NFCORE_CHIPSEQ:CHIPSEQ:BAM_MARKDUPLICATES_PICARD:PICARD_MARKDUPLICATES (SPT5_T15_REP1),COMPLETED,0,-,quay.io/biocontainers/picard:3.2.0--hdfd78af_0,2,21600000,-,6442450944,1,1.78477E+12,1.78477E+12,1.78477E+12,8984,7000,-,222.7,27.6,2222047232,10384691200,2222047232,10384691200,46447636,10121382,14656,253,0,19,1,/home/pranay/chipseq-benchmarks/work/82/118020fede7dea9d3ba5d6573b6f94,-,-,AMD Ryzen 7 4800H with Radeon Graphics,11117.008,11125.902,263.57,PICARD_MARKDUPLICATES,0,17269.84326
65,-,4094,NFCORE_CHIPSEQ:CHIPSEQ:BAM_MARKDUPLICATES_PICARD:PICARD_MARKDUPLICATES,SPT5_INPUT_REP2,NFCORE_CHIPSEQ:CHIPSEQ:BAM_MARKDUPLICATES_PICARD:PICARD_MARKDUPLICATES (SPT5_INPUT_REP2),COMPLETED,0,-,quay.io/biocontainers/picard:3.2.0--hdfd78af_0,2,21600000,-,6442450944,1,1.78477E+12,1.78477E+12,1.78477E+12,8596,7000,-,232.4,25.9,2082131968,10316533760,2082131968,10316533760,49956557,11750912,15051,266,0,16,0,/home/pranay/chipseq-benchmarks/work/90/90de2fcfcb821ad51442960073b01a,-,-,AMD Ryzen 7 4800H with Radeon Graphics,11126.002,11134.506,233.8,PICARD_MARKDUPLICATES,0,17269.84326
66,-,4143,NFCORE_CHIPSEQ:CHIPSEQ:BAM_MARKDUPLICATES_PICARD:PICARD_MARKDUPLICATES,SPT5_T0_REP2,NFCORE_CHIPSEQ:CHIPSEQ:BAM_MARKDUPLICATES_PICARD:PICARD_MARKDUPLICATES (SPT5_T0_REP2),COMPLETED,0,-,quay.io/biocontainers/picard:3.2.0--hdfd78af_0,2,21600000,-,6442450944,1,1.78477E+12,1.78477E+12,1.78477E+12,8243,6000,-,246.2,26.6,2136342528,10316533760,2136342528,10383642624,45502867,9689612,15719,254,0,20,1,/home/pranay/chipseq-benchmarks/work/f9/4018eae56bf68e884c8a398683966b,-,-,AMD Ryzen 7 4800H with Radeon Graphics,11134.606,11142.754,245.68,PICARD_MARKDUPLICATES,0,17269.84326
67,-,4190,NFCORE_CHIPSEQ:CHIPSEQ:BAM_MARKDUPLICATES_PICARD:SAMTOOLS_INDEX,SPT5_T15_REP2,NFCORE_CHIPSEQ:CHIPSEQ:BAM_MARKDUPLICATES_PICARD:SAMTOOLS_INDEX (SPT5_T15_REP2),COMPLETED,0,-,quay.io/biocontainers/samtools:1.20--h50ea8bc_0,2,14400000,-,6442450944,1,1.78477E+12,1.78477E+12,1.78477E+12,698,0,-,136.6,0,7380992,162754560,7380992,229998592,9554948,15723,1673,21,0,354,1,/home/pranay/chipseq-benchmarks/work/2a/14883537d61e14be219661d4e75858,-,-,AMD Ryzen 7 4800H with Radeon Graphics,11142.853,11143.456,28.58,SAMTOOLS_INDEX,0,133.0577618
68,-,4233,NFCORE_CHIPSEQ:CHIPSEQ:BAM_MARKDUPLICATES_PICARD:SAMTOOLS_INDEX,SPT5_T0_REP1,NFCORE_CHIPSEQ:CHIPSEQ:BAM_MARKDUPLICATES_PICARD:SAMTOOLS_INDEX (SPT5_T0_REP1),COMPLETED,0,-,quay.io/biocontainers/samtools:1.20--h50ea8bc_0,2,14400000,-,6442450944,1,1.78477E+12,1.78477E+12,1.78477E+12,678,0,-,133.3,0,7294976,162754560,7294976,229998592,9201380,15083,1673,21,0,406,0,/home/pranay/chipseq-benchmarks/work/ea/b5304b995961d980fa88cdffa5564c,-,-,AMD Ryzen 7 4800H with Radeon Graphics,11143.556,11144.139,35.24,SAMTOOLS_INDEX,0,133.0577618
70,-,4320,NFCORE_CHIPSEQ:CHIPSEQ:BAM_MARKDUPLICATES_PICARD:SAMTOOLS_INDEX,SPT5_T15_REP1,NFCORE_CHIPSEQ:CHIPSEQ:BAM_MARKDUPLICATES_PICARD:SAMTOOLS_INDEX (SPT5_T15_REP1),COMPLETED,0,-,quay.io/biocontainers/samtools:1.20--h50ea8bc_0,2,14400000,-,6442450944,1,1.78477E+12,1.78477E+12,1.78477E+12,622,0,-,127.6,0.1,7282688,162754560,7282688,229998592,9532981,15651,1699,21,0,381,0,/home/pranay/chipseq-benchmarks/work/e4/cdd656797c3fca51859a9b18c713a0,-,-,AMD Ryzen 7 4800H with Radeon Graphics,11144.869,11145.395,29.71,SAMTOOLS_INDEX,0,133.0577618
71,-,4362,NFCORE_CHIPSEQ:CHIPSEQ:BAM_MARKDUPLICATES_PICARD:SAMTOOLS_INDEX,SPT5_INPUT_REP2,NFCORE_CHIPSEQ:CHIPSEQ:BAM_MARKDUPLICATES_PICARD:SAMTOOLS_INDEX (SPT5_INPUT_REP2),COMPLETED,0,-,quay.io/biocontainers/samtools:1.20--h50ea8bc_0,2,14400000,-,6442450944,1,1.78477E+12,1.78477E+12,1.78477E+12,665,0,-,124.4,0,7241728,162754560,7241728,229998592,11159951,15483,1845,21,0,369,1,/home/pranay/chipseq-benchmarks/work/36/97e2c4d8d54d2f9bf4ff47b18ac861,-,-,AMD Ryzen 7 4800H with Radeon Graphics,11145.496,11146.064,32.79,SAMTOOLS_INDEX,0,134.7992813
73,-,4448,NFCORE_CHIPSEQ:CHIPSEQ:BAM_FILTER_BAMTOOLS:BAMTOOLS_FILTER,SPT5_T15_REP2,NFCORE_CHIPSEQ:CHIPSEQ:BAM_FILTER_BAMTOOLS:BAMTOOLS_FILTER (SPT5_T15_REP2),COMPLETED,0,-,quay.io/biocontainers/mulled-v2-0560a8046fc82aa4338588eca29ff18edab2c5aa:5687a7da26983502d0a8a9a6b05ed727c740ddc4-0,2,21600000,-,6442450944,1,1.78477E+12,1.78477E+12,1.78477E+12,1926,1000,-,127.1,0.2,12500992,21286912,12500992,21417984,15867129,12447256,2599,1345,20381696,400,6,/home/pranay/chipseq-benchmarks/work/92/b9b90778811438202c3906682719e5,-,-,AMD Ryzen 7 4800H with Radeon Graphics,11146.858,11148.69,57.15,BAMTOOLS_FILTER,0,237.6159325
74,-,4516,NFCORE_CHIPSEQ:CHIPSEQ:BAM_FILTER_BAMTOOLS:BAMTOOLS_FILTER,SPT5_T0_REP1,NFCORE_CHIPSEQ:CHIPSEQ:BAM_FILTER_BAMTOOLS:BAMTOOLS_FILTER (SPT5_T0_REP1),COMPLETED,0,-,quay.io/biocontainers/mulled-v2-0560a8046fc82aa4338588eca29ff18edab2c5aa:5687a7da26983502d0a8a9a6b05ed727c740ddc4-0,2,21600000,-,6442450944,1,1.78477E+12,1.78477E+12,1.78477E+12,1624,1000,-,133.4,0.2,12660736,21286912,12660736,21417984,14428747,10313776,2443,1115,0,11,5,/home/pranay/chipseq-benchmarks/work/81/4ab76799108b5517fcc4d719c65f84,-,-,AMD Ryzen 7 4800H with Radeon Graphics,11148.79,11150.32,50.83,BAMTOOLS_FILTER,0,139.8488698
75,-,4567,NFCORE_CHIPSEQ:CHIPSEQ:BAM_FILTER_BAMTOOLS:BAMTOOLS_FILTER,SPT5_INPUT_REP1,NFCORE_CHIPSEQ:CHIPSEQ:BAM_FILTER_BAMTOOLS:BAMTOOLS_FILTER (SPT5_INPUT_REP1),COMPLETED,0,-,quay.io/biocontainers/mulled-v2-0560a8046fc82aa4338588eca29ff18edab2c5aa:5687a7da26983502d0a8a9a6b05ed727c740ddc4-0,2,21600000,-,6442450944,1,1.78477E+12,1.78477E+12,1.78477E+12,2231,2000,-,127.5,0.2,12681216,21286912,12746752,21417984,20385121,18387469,3240,2046,0,472,11,/home/pranay/chipseq-benchmarks/work/c2/2db2dc31cc9d1ec17524a819aee88d,-,-,AMD Ryzen 7 4800H with Radeon Graphics,11150.42,11152.556,52.54,BAMTOOLS_FILTER,0,176.574296
76,-,4620,NFCORE_CHIPSEQ:CHIPSEQ:BAM_FILTER_BAMTOOLS:BAMTOOLS_FILTER,SPT5_T15_REP1,NFCORE_CHIPSEQ:CHIPSEQ:BAM_FILTER_BAMTOOLS:BAMTOOLS_FILTER (SPT5_T15_REP1),COMPLETED,0,-,quay.io/biocontainers/mulled-v2-0560a8046fc82aa4338588eca29ff18edab2c5aa:5687a7da26983502d0a8a9a6b05ed727c740ddc4-0,2,21600000,-,6442450944,1,1.78477E+12,1.78477E+12,1.78477E+12,1830,2000,-,128.9,0.2,12701696,21286912,12701696,21417984,15785265,12337341,2621,1339,0,393,5,/home/pranay/chipseq-benchmarks/work/14/7a2a6565b07b4ae964d32bdc7f454c,-,-,AMD Ryzen 7 4800H with Radeon Graphics,11152.656,11154.393,48.24,BAMTOOLS_FILTER,0,236.3208855
77,-,4673,NFCORE_CHIPSEQ:CHIPSEQ:BAM_FILTER_BAMTOOLS:BAMTOOLS_FILTER,SPT5_INPUT_REP2,NFCORE_CHIPSEQ:CHIPSEQ:BAM_FILTER_BAMTOOLS:BAMTOOLS_FILTER (SPT5_INPUT_REP2),COMPLETED,0,-,quay.io/biocontainers/mulled-v2-0560a8046fc82aa4338588eca29ff18edab2c5aa:5687a7da26983502d0a8a9a6b05ed727c740ddc4-0,2,21600000,-,6442450944,1,1.78477E+12,1.78477E+12,1.78477E+12,2292,2000,-,129.9,0.2,12632064,21286912,12632064,21417984,20706248,18957123,3283,2113,0,466,14,/home/pranay/chipseq-benchmarks/work/30/cf751efcd671cc107b02e0090fc1f5,-,-,AMD Ryzen 7 4800H with Radeon Graphics,11154.493,11156.691,53.11,BAMTOOLS_FILTER,0,176.574296
78,-,4725,NFCORE_CHIPSEQ:CHIPSEQ:BAM_FILTER_BAMTOOLS:BAMTOOLS_FILTER,SPT5_T0_REP2,NFCORE_CHIPSEQ:CHIPSEQ:BAM_FILTER_BAMTOOLS:BAMTOOLS_FILTER (SPT5_T0_REP2),COMPLETED,0,-,quay.io/biocontainers/mulled-v2-0560a8046fc82aa4338588eca29ff18edab2c5aa:5687a7da26983502d0a8a9a6b05ed727c740ddc4-0,2,21600000,-,6442450944,1,1.78477E+12,1.78477E+12,1.78477E+12,1494,0,-,131.8,0.2,12382208,21286912,12382208,21417984,13628004,8939955,2347,945,0,10,1,/home/pranay/chipseq-benchmarks/work/6f/cc6e5a763d9b99ff7f71f3a43d89b1,-,-,AMD Ryzen 7 4800H with Radeon Graphics,11156.791,11158.19,48.23,BAMTOOLS_FILTER,0,135.0646393
85,-,4869,NFCORE_CHIPSEQ:CHIPSEQ:BAM_MARKDUPLICATES_PICARD:BAM_STATS_SAMTOOLS:SAMTOOLS_IDXSTATS,SPT5_T0_REP1,NFCORE_CHIPSEQ:CHIPSEQ:BAM_MARKDUPLICATES_PICARD:BAM_STATS_SAMTOOLS:SAMTOOLS_IDXSTATS (SPT5_T0_REP1),COMPLETED,0,-,quay.io/biocontainers/samtools:1.20--h50ea8bc_0,1,14400000,-,6442450944,1,1.78477E+12,1.78477E+12,1.78477E+12,645,0,-,66.7,0,3354624,4497408,3354624,4497408,155865,5275,233,19,0,2,0,/home/pranay/chipseq-benchmarks/work/91/536d2263b521a57090eaf97e4235f6,-,-,AMD Ryzen 7 4800H with Radeon Graphics,11159.6,11160.151,30.06,SAMTOOLS_IDXSTATS,0,92.60374742
80,-,4959,NFCORE_CHIPSEQ:CHIPSEQ:BAM_MARKDUPLICATES_PICARD:BAM_STATS_SAMTOOLS:SAMTOOLS_FLAGSTAT,SPT5_T15_REP2,NFCORE_CHIPSEQ:CHIPSEQ:BAM_MARKDUPLICATES_PICARD:BAM_STATS_SAMTOOLS:SAMTOOLS_FLAGSTAT (SPT5_T15_REP2),COMPLETED,0,-,quay.io/biocontainers/samtools:1.20--h50ea8bc_0,1,14400000,-,6442450944,1,1.78477E+12,1.78477E+12,1.78477E+12,620,0,-,135.9,0,7348224,162754560,7348224,229998592,9555069,5458,1673,19,0,373,0,/home/pranay/chipseq-benchmarks/work/72/dcc0b28aa4cc57fb0d8d24c68f54c1,-,-,AMD Ryzen 7 4800H with Radeon Graphics,11160.881,11161.409,32.56,SAMTOOLS_FLAGSTAT,0,125.1477273
88,-,5005,NFCORE_CHIPSEQ:CHIPSEQ:BAM_MARKDUPLICATES_PICARD:BAM_STATS_SAMTOOLS:SAMTOOLS_IDXSTATS,SPT5_INPUT_REP1,NFCORE_CHIPSEQ:CHIPSEQ:BAM_MARKDUPLICATES_PICARD:BAM_STATS_SAMTOOLS:SAMTOOLS_IDXSTATS (SPT5_INPUT_REP1),COMPLETED,0,-,quay.io/biocontainers/samtools:1.20--h50ea8bc_0,1,14400000,-,6442450944,1,1.78477E+12,1.78477E+12,1.78477E+12,693,0,-,98,0,3227648,4497408,3227648,4497408,156731,5268,233,19,0,2,1,/home/pranay/chipseq-benchmarks/work/2d/28a49073dfea0335de95a2c4450dc8,-,-,AMD Ryzen 7 4800H with Radeon Graphics,11161.509,11162.107,29.96,SAMTOOLS_IDXSTATS,0,92.60374742
92,-,5094,NFCORE_CHIPSEQ:CHIPSEQ:BAM_MARKDUPLICATES_PICARD:BAM_STATS_SAMTOOLS:SAMTOOLS_FLAGSTAT,SPT5_T0_REP2,NFCORE_CHIPSEQ:CHIPSEQ:BAM_MARKDUPLICATES_PICARD:BAM_STATS_SAMTOOLS:SAMTOOLS_FLAGSTAT (SPT5_T0_REP2),COMPLETED,0,-,quay.io/biocontainers/samtools:1.20--h50ea8bc_0,1,14400000,-,6442450944,1,1.78477E+12,1.78477E+12,1.78477E+12,686,0,-,121.5,0.1,7389184,162754560,7389184,229998592,9096110,5462,1691,19,0,376,0,/home/pranay/chipseq-benchmarks/work/a0/101470a7c6c7ee9879bc1a78d69114,-,-,AMD Ryzen 7 4800H with Radeon Graphics,11162.863,11163.453,28.92,SAMTOOLS_FLAGSTAT,0,125.1477273
93,-,5137,NFCORE_CHIPSEQ:CHIPSEQ:BAM_MARKDUPLICATES_PICARD:BAM_STATS_SAMTOOLS:SAMTOOLS_IDXSTATS,SPT5_T15_REP1,NFCORE_CHIPSEQ:CHIPSEQ:BAM_MARKDUPLICATES_PICARD:BAM_STATS_SAMTOOLS:SAMTOOLS_IDXSTATS (SPT5_T15_REP1),COMPLETED,0,-,quay.io/biocontainers/samtools:1.20--h50ea8bc_0,1,14400000,-,6442450944,1,1.78477E+12,1.78477E+12,1.78477E+12,630,0,-,133.3,0,3350528,4497408,3350528,4497408,158203,5277,233,19,0,2,0,/home/pranay/chipseq-benchmarks/work/26/35f0cd47c2807350fda277a6964e4d,-,-,AMD Ryzen 7 4800H with Radeon Graphics,11163.553,11164.088,30.87,SAMTOOLS_IDXSTATS,0,92.60374742
94,-,5226,NFCORE_CHIPSEQ:CHIPSEQ:BAM_MARKDUPLICATES_PICARD:BAM_STATS_SAMTOOLS:SAMTOOLS_IDXSTATS,SPT5_INPUT_REP2,NFCORE_CHIPSEQ:CHIPSEQ:BAM_MARKDUPLICATES_PICARD:BAM_STATS_SAMTOOLS:SAMTOOLS_IDXSTATS (SPT5_INPUT_REP2),COMPLETED,0,-,quay.io/biocontainers/samtools:1.20--h50ea8bc_0,1,14400000,-,6442450944,1,1.78477E+12,1.78477E+12,1.78477E+12,614,0,-,62.7,0,3293184,4497408,3293184,4497408,156644,5267,233,19,0,2,0,/home/pranay/chipseq-benchmarks/work/74/3d1fb0383f0b11e784849b03cb9673,-,-,AMD Ryzen 7 4800H with Radeon Graphics,11164.828,11165.346,29.71,SAMTOOLS_IDXSTATS,0,92.60374742
91,-,5271,NFCORE_CHIPSEQ:CHIPSEQ:BAM_MARKDUPLICATES_PICARD:BAM_STATS_SAMTOOLS:SAMTOOLS_FLAGSTAT,SPT5_INPUT_REP2,NFCORE_CHIPSEQ:CHIPSEQ:BAM_MARKDUPLICATES_PICARD:BAM_STATS_SAMTOOLS:SAMTOOLS_FLAGSTAT (SPT5_INPUT_REP2),COMPLETED,0,-,quay.io/biocontainers/samtools:1.20--h50ea8bc_0,1,14400000,-,6442450944,1,1.78477E+12,1.78477E+12,1.78477E+12,663,0,-,120.2,0.1,7397376,162754560,7397376,229998592,11160071,5453,1845,19,0,376,1,/home/pranay/chipseq-benchmarks/work/03/2488cd66ecdba4fa3a1ecd2b66c3de,-,-,AMD Ryzen 7 4800H with Radeon Graphics,11165.447,11166.014,30,SAMTOOLS_FLAGSTAT,0,126.7965993
79,-,5362,NFCORE_CHIPSEQ:CHIPSEQ:BAM_MARKDUPLICATES_PICARD:BAM_STATS_SAMTOOLS:SAMTOOLS_STATS,SPT5_T15_REP2,NFCORE_CHIPSEQ:CHIPSEQ:BAM_MARKDUPLICATES_PICARD:BAM_STATS_SAMTOOLS:SAMTOOLS_STATS (SPT5_T15_REP2),COMPLETED,0,-,quay.io/biocontainers/samtools:1.20--h50ea8bc_0,1,14400000,-,6442450944,1,1.78477E+12,1.78477E+12,1.78477E+12,880,0,-,127,0.1,8081408,164298752,8081408,231542784,9559174,67428,1674,34,0,1,1,/home/pranay/chipseq-benchmarks/work/cf/28a493153f1b0422f90e053c20c96a,-,-,AMD Ryzen 7 4800H with Radeon Graphics,11166.908,11167.693,29.29,SAMTOOLS_STATS,0,146.1071092
86,-,5411,NFCORE_CHIPSEQ:CHIPSEQ:BAM_MARKDUPLICATES_PICARD:BAM_STATS_SAMTOOLS:SAMTOOLS_STATS,SPT5_T15_REP1,NFCORE_CHIPSEQ:CHIPSEQ:BAM_MARKDUPLICATES_PICARD:BAM_STATS_SAMTOOLS:SAMTOOLS_STATS (SPT5_T15_REP1),COMPLETED,0,-,quay.io/biocontainers/samtools:1.20--h50ea8bc_0,1,14400000,-,6442450944,1,1.78477E+12,1.78477E+12,1.78477E+12,900,0,-,132,0.1,8179712,164298752,8179712,231542784,9537214,68276,1700,34,0,1,2,/home/pranay/chipseq-benchmarks/work/f8/6488e63cdc15c376d7f55b7a4967cd,-,-,AMD Ryzen 7 4800H with Radeon Graphics,11167.794,11168.599,38.94,SAMTOOLS_STATS,0,146.1071092
96,-,5456,NFCORE_CHIPSEQ:CHIPSEQ:BAM_MARKDUPLICATES_PICARD:BAM_STATS_SAMTOOLS:SAMTOOLS_STATS,SPT5_T0_REP2,NFCORE_CHIPSEQ:CHIPSEQ:BAM_MARKDUPLICATES_PICARD:BAM_STATS_SAMTOOLS:SAMTOOLS_STATS (SPT5_T0_REP2),COMPLETED,0,-,quay.io/biocontainers/samtools:1.20--h50ea8bc_0,1,14400000,-,6442450944,1,1.78477E+12,1.78477E+12,1.78477E+12,829,1000,-,129,0.1,8118272,164298752,8118272,231542784,9100221,73643,1692,35,0,1,2,/home/pranay/chipseq-benchmarks/work/2c/05c272a85f8d987f3e00d565ef7511,-,-,AMD Ryzen 7 4800H with Radeon Graphics,11168.699,11169.433,36.48,SAMTOOLS_STATS,0,146.1071092
87,-,5504,NFCORE_CHIPSEQ:CHIPSEQ:BAM_MARKDUPLICATES_PICARD:BAM_STATS_SAMTOOLS:SAMTOOLS_STATS,SPT5_INPUT_REP2,NFCORE_CHIPSEQ:CHIPSEQ:BAM_MARKDUPLICATES_PICARD:BAM_STATS_SAMTOOLS:SAMTOOLS_STATS (SPT5_INPUT_REP2),COMPLETED,0,-,quay.io/biocontainers/samtools:1.20--h50ea8bc_0,1,14400000,-,6442450944,1,1.78477E+12,1.78477E+12,1.78477E+12,806,1000,-,132,0.1,8126464,164298752,8126464,231542784,11164187,44917,1846,28,0,1,0,/home/pranay/chipseq-benchmarks/work/77/71189e0d0fb906f68aeeb260cd674f,-,-,AMD Ryzen 7 4800H with Radeon Graphics,11169.532,11170.243,27.72,SAMTOOLS_STATS,0,147.7646282
82,-,5552,NFCORE_CHIPSEQ:CHIPSEQ:BAM_MARKDUPLICATES_PICARD:BAM_STATS_SAMTOOLS:SAMTOOLS_STATS,SPT5_T0_REP1,NFCORE_CHIPSEQ:CHIPSEQ:BAM_MARKDUPLICATES_PICARD:BAM_STATS_SAMTOOLS:SAMTOOLS_STATS (SPT5_T0_REP1),COMPLETED,0,-,quay.io/biocontainers/samtools:1.20--h50ea8bc_0,1,14400000,-,6442450944,1,1.78477E+12,1.78477E+12,1.78477E+12,830,0,-,126.4,0.1,8085504,164298752,8085504,231542784,9205612,69124,1674,34,0,1,1,/home/pranay/chipseq-benchmarks/work/a8/fcf1d9b9d261b942a69365cf6c5bda,-,-,AMD Ryzen 7 4800H with Radeon Graphics,11170.343,11171.077,28.33,SAMTOOLS_STATS,0,146.1071092
97,-,5597,NFCORE_CHIPSEQ:CHIPSEQ:BAM_FILTER_BAMTOOLS:SAMTOOLS_SORT,SPT5_T15_REP2,NFCORE_CHIPSEQ:CHIPSEQ:BAM_FILTER_BAMTOOLS:SAMTOOLS_SORT (SPT5_T15_REP2),COMPLETED,0,-,quay.io/biocontainers/samtools:1.20--h50ea8bc_0,2,21600000,-,6442450944,1,1.78477E+12,1.78477E+12,1.78477E+12,957,0,-,192.4,0.7,52760576,2016673792,52760576,2082295808,12401189,13162187,440,213,0,79,3,/home/pranay/chipseq-benchmarks/work/9f/3202c0f89244f7f3cbc6fe1768fe6f,-,-,AMD Ryzen 7 4800H with Radeon Graphics,11171.177,11172.038,28.42,SAMTOOLS_SORT,0,136.8543048
99,-,5687,NFCORE_CHIPSEQ:CHIPSEQ:BAM_FILTER_BAMTOOLS:SAMTOOLS_SORT,SPT5_INPUT_REP1,NFCORE_CHIPSEQ:CHIPSEQ:BAM_FILTER_BAMTOOLS:SAMTOOLS_SORT (SPT5_INPUT_REP1),COMPLETED,0,-,quay.io/biocontainers/samtools:1.20--h50ea8bc_0,2,21600000,-,6442450944,1,1.78477E+12,1.78477E+12,1.78477E+12,1198,0,-,182.4,0.8,62832640,1865842688,62832640,1865842688,18385816,18862372,531,305,0,87,1,/home/pranay/chipseq-benchmarks/work/62/f05b76d0e89c3f2ef94431688bf061,-,-,AMD Ryzen 7 4800H with Radeon Graphics,11172.995,11174.096,56.06,SAMTOOLS_SORT,0,176.574296
100,-,5734,NFCORE_CHIPSEQ:CHIPSEQ:BAM_FILTER_BAMTOOLS:SAMTOOLS_SORT,SPT5_T15_REP1,NFCORE_CHIPSEQ:CHIPSEQ:BAM_FILTER_BAMTOOLS:SAMTOOLS_SORT (SPT5_T15_REP1),COMPLETED,0,-,quay.io/biocontainers/samtools:1.20--h50ea8bc_0,2,21600000,-,6442450944,1,1.78477E+12,1.78477E+12,1.78477E+12,1276,1000,-,114.6,0.7,52371456,2016616448,52371456,2016616448,12301137,13164839,438,211,0,100,2,/home/pranay/chipseq-benchmarks/work/04/f9942ed2ad429f9c089e55575ce537,-,-,AMD Ryzen 7 4800H with Radeon Graphics,11174.196,11175.376,26.17,SAMTOOLS_SORT,0,136.8543048
101,-,5778,NFCORE_CHIPSEQ:CHIPSEQ:BAM_FILTER_BAMTOOLS:SAMTOOLS_SORT,SPT5_INPUT_REP2,NFCORE_CHIPSEQ:CHIPSEQ:BAM_FILTER_BAMTOOLS:SAMTOOLS_SORT (SPT5_INPUT_REP2),COMPLETED,0,-,quay.io/biocontainers/samtools:1.20--h50ea8bc_0,2,21600000,-,6442450944,1,1.78477E+12,1.78477E+12,1.78477E+12,1671,1000,-,117.2,0.8,59641856,1865842688,59641856,1865842688,18952719,19441031,540,315,0,86,1,/home/pranay/chipseq-benchmarks/work/7b/2f3dab3a8ae3b30c3cdd676d3e9d3c,-,-,AMD Ryzen 7 4800H with Radeon Graphics,11175.477,11177.051,44.48,SAMTOOLS_SORT,0,176.574296
102,-,5824,NFCORE_CHIPSEQ:CHIPSEQ:BAM_FILTER_BAMTOOLS:SAMTOOLS_SORT,SPT5_T0_REP2,NFCORE_CHIPSEQ:CHIPSEQ:BAM_FILTER_BAMTOOLS:SAMTOOLS_SORT (SPT5_T0_REP2),COMPLETED,0,-,quay.io/biocontainers/samtools:1.20--h50ea8bc_0,2,21600000,-,6442450944,1,1.78477E+12,1.78477E+12,1.78477E+12,1160,0,-,113.1,0.5,40521728,2015772672,40521728,2015772672,8946832,9480229,387,158,0,73,0,/home/pranay/chipseq-benchmarks/work/d6/b0352b29d6bc2e38e8f91bed9f85c2,-,-,AMD Ryzen 7 4800H with Radeon Graphics,11177.152,11178.215,25.03,SAMTOOLS_SORT,0,133.0577618
103,-,5869,NFCORE_CHIPSEQ:CHIPSEQ:BAM_FILTER_BAMTOOLS:BAM_REMOVE_ORPHANS,SPT5_T15_REP2,NFCORE_CHIPSEQ:CHIPSEQ:BAM_FILTER_BAMTOOLS:BAM_REMOVE_ORPHANS (SPT5_T15_REP2),COMPLETED,0,-,quay.io/biocontainers/mulled-v2-57736af1eb98c01010848572c9fec9fff6ffaafd:402e865b8f6af2f3e58c6fc8d57127ff0144b2c7-0,2,21600000,-,6442450944,1,1.78477E+12,1.78477E+12,1.78477E+12,2380,2000,-,61.7,0.3,25972736,1852973056,25972736,1852977152,15230676,14151618,2197,902,30261248,181,0,/home/pranay/chipseq-benchmarks/work/00/48842026c94c211d3c4c47da78dd77,-,-,AMD Ryzen 7 4800H with Radeon Graphics,11178.315,11180.599,48.65,BAM_REMOVE_ORPHANS,0,195.2641852
104,-,5913,NFCORE_CHIPSEQ:CHIPSEQ:BAM_FILTER_BAMTOOLS:BAM_REMOVE_ORPHANS,SPT5_T0_REP1,NFCORE_CHIPSEQ:CHIPSEQ:BAM_FILTER_BAMTOOLS:BAM_REMOVE_ORPHANS (SPT5_T0_REP1),COMPLETED,0,-,quay.io/biocontainers/mulled-v2-57736af1eb98c01010848572c9fec9fff6ffaafd:402e865b8f6af2f3e58c6fc8d57127ff0144b2c7-0,2,21600000,-,6442450944,1,1.78477E+12,1.78477E+12,1.78477E+12,2993,1000,-,61,0.5,40427520,2008023040,40427520,2008027136,12780770,11692559,1889,748,0,27,2,/home/pranay/chipseq-benchmarks/work/b8/ab6b9ddcc5a05daa3dd7dbdd413dd0,-,-,AMD Ryzen 7 4800H with Radeon Graphics,11180.7,11183.596,78.51,BAM_REMOVE_ORPHANS,0,133.3289928
105,-,5962,NFCORE_CHIPSEQ:CHIPSEQ:BAM_FILTER_BAMTOOLS:BAM_REMOVE_ORPHANS,SPT5_INPUT_REP1,NFCORE_CHIPSEQ:CHIPSEQ:BAM_FILTER_BAMTOOLS:BAM_REMOVE_ORPHANS (SPT5_INPUT_REP1),COMPLETED,0,-,quay.io/biocontainers/mulled-v2-57736af1eb98c01010848572c9fec9fff6ffaafd:402e865b8f6af2f3e58c6fc8d57127ff0144b2c7-0,2,21600000,-,6442450944,1,1.78477E+12,1.78477E+12,1.78477E+12,3143,2000,-,71.3,0.8,65478656,2086207488,67448832,2086211584,20657260,19672141,3141,1377,0,642,6,/home/pranay/chipseq-benchmarks/work/ba/46672bb5a9428c925c71c78d288f1c,-,-,AMD Ryzen 7 4800H with Radeon Graphics,11183.696,11186.743,73.87,BAM_REMOVE_ORPHANS,0,176.127431
106,-,6006,NFCORE_CHIPSEQ:CHIPSEQ:BAM_FILTER_BAMTOOLS:BAM_REMOVE_ORPHANS,SPT5_T15_REP1,NFCORE_CHIPSEQ:CHIPSEQ:BAM_FILTER_BAMTOOLS:BAM_REMOVE_ORPHANS (SPT5_T15_REP1),COMPLETED,0,-,quay.io/biocontainers/mulled-v2-57736af1eb98c01010848572c9fec9fff6ffaafd:402e865b8f6af2f3e58c6fc8d57127ff0144b2c7-0,2,21600000,-,6442450944,1,1.78477E+12,1.78477E+12,1.78477E+12,2045,1000,-,80.3,0.4,35479552,1854545920,35479552,1854550016,15341696,14284800,2193,900,0,34,3,/home/pranay/chipseq-benchmarks/work/ba/ef22a4f80d34648b4098f91371007e,-,-,AMD Ryzen 7 4800H with Radeon Graphics,11186.843,11188.793,45.95,BAM_REMOVE_ORPHANS,0,195.2641852
107,-,6050,NFCORE_CHIPSEQ:CHIPSEQ:BAM_FILTER_BAMTOOLS:BAM_REMOVE_ORPHANS,SPT5_INPUT_REP2,NFCORE_CHIPSEQ:CHIPSEQ:BAM_FILTER_BAMTOOLS:BAM_REMOVE_ORPHANS (SPT5_INPUT_REP2),COMPLETED,0,-,quay.io/biocontainers/mulled-v2-57736af1eb98c01010848572c9fec9fff6ffaafd:402e865b8f6af2f3e58c6fc8d57127ff0144b2c7-0,2,21600000,-,6442450944,1,1.78477E+12,1.78477E+12,1.78477E+12,2706,2000,-,81.6,0.5,44007424,1854545920,44007424,1854550016,21250656,20274679,3231,1422,0,51,2,/home/pranay/chipseq-benchmarks/work/2e/b58c21e3115958b1e51a6b0cc98516,-,-,AMD Ryzen 7 4800H with Radeon Graphics,11188.893,11191.504,79.5,BAM_REMOVE_ORPHANS,0,180.0785387
108,-,6094,NFCORE_CHIPSEQ:CHIPSEQ:BAM_FILTER_BAMTOOLS:BAM_REMOVE_ORPHANS,SPT5_T0_REP2,NFCORE_CHIPSEQ:CHIPSEQ:BAM_FILTER_BAMTOOLS:BAM_REMOVE_ORPHANS (SPT5_T0_REP2),COMPLETED,0,-,quay.io/biocontainers/mulled-v2-57736af1eb98c01010848572c9fec9fff6ffaafd:402e865b8f6af2f3e58c6fc8d57127ff0144b2c7-0,2,21600000,-,6442450944,1,1.78477E+12,1.78477E+12,1.78477E+12,1687,1000,-,78.2,0.4,36282368,2007621632,36282368,2007625728,11291618,10186474,1665,636,0,30,1,/home/pranay/chipseq-benchmarks/work/9f/45b9ea3aea6d40b75de00d33118272,-,-,AMD Ryzen 7 4800H with Radeon Graphics,11191.604,11193.197,59.67,BAM_REMOVE_ORPHANS,0,133.6180268
109,-,6139,NFCORE_CHIPSEQ:CHIPSEQ:BAM_FILTER_BAMTOOLS:BAM_SORT_STATS_SAMTOOLS:SAMTOOLS_SORT,SPT5_T15_REP2,NFCORE_CHIPSEQ:CHIPSEQ:BAM_FILTER_BAMTOOLS:BAM_SORT_STATS_SAMTOOLS:SAMTOOLS_SORT (SPT5_T15_REP2),COMPLETED,0,-,quay.io/biocontainers/samtools:1.20--h50ea8bc_0,2,21600000,-,6442450944,1,1.78477E+12,1.78477E+12,1.78477E+12,1282,1000,-,117.5,0.5,49344512,2016124928,51302400,2016796672,14195837,13048753,467,239,0,77,4,/home/pranay/chipseq-benchmarks/work/86/7829f7e1efba4b881aa99c6aeb3559,-,-,AMD Ryzen 7 4800H with Radeon Graphics,11193.298,11194.484,34.04,SAMTOOLS_SORT,0,138.3053242
110,-,6186,NFCORE_CHIPSEQ:CHIPSEQ:BAM_FILTER_BAMTOOLS:BAM_SORT_STATS_SAMTOOLS:SAMTOOLS_SORT,SPT5_T0_REP1,NFCORE_CHIPSEQ:CHIPSEQ:BAM_FILTER_BAMTOOLS:BAM_SORT_STATS_SAMTOOLS:SAMTOOLS_SORT (SPT5_T0_REP1),COMPLETED,0,-,quay.io/biocontainers/samtools:1.20--h50ea8bc_0,2,21600000,-,6442450944,1,1.78477E+12,1.78477E+12,1.78477E+12,1196,1000,-,112.7,0.5,44060672,2016124928,44740608,2081943552,11745654,10787696,429,201,0,93,1,/home/pranay/chipseq-benchmarks/work/42/5ccba6e93ccdde72307fff13ee94ec,-,-,AMD Ryzen 7 4800H with Radeon Graphics,11194.584,11195.686,33.69,SAMTOOLS_SORT,0,134.0553541
111,-,6233,NFCORE_CHIPSEQ:CHIPSEQ:BAM_FILTER_BAMTOOLS:BAM_SORT_STATS_SAMTOOLS:SAMTOOLS_SORT,SPT5_INPUT_REP1,NFCORE_CHIPSEQ:CHIPSEQ:BAM_FILTER_BAMTOOLS:BAM_SORT_STATS_SAMTOOLS:SAMTOOLS_SORT (SPT5_INPUT_REP1),COMPLETED,0,-,quay.io/biocontainers/samtools:1.20--h50ea8bc_0,2,21600000,-,6442450944,1,1.78477E+12,1.78477E+12,1.78477E+12,1626,1000,-,99.9,0.4,41680896,1861931008,41799680,1862602752,19799494,18936502,551,326,0,82,1,/home/pranay/chipseq-benchmarks/work/9d/ffb4c50371a09a557a57efb62a46bb,-,-,AMD Ryzen 7 4800H with Radeon Graphics,11195.786,11197.317,59.55,SAMTOOLS_SORT,0,176.574296
112,-,6282,NFCORE_CHIPSEQ:CHIPSEQ:BAM_FILTER_BAMTOOLS:BAM_SORT_STATS_SAMTOOLS:SAMTOOLS_SORT,SPT5_T15_REP1,NFCORE_CHIPSEQ:CHIPSEQ:BAM_FILTER_BAMTOOLS:BAM_SORT_STATS_SAMTOOLS:SAMTOOLS_SORT (SPT5_T15_REP1),COMPLETED,0,-,quay.io/biocontainers/samtools:1.20--h50ea8bc_0,2,21600000,-,6442450944,1,1.78477E+12,1.78477E+12,1.78477E+12,1470,1000,-,96.8,0.5,50257920,2016124928,51331072,2016796672,14345534,13092522,469,241,0,93,1,/home/pranay/chipseq-benchmarks/work/7f/07496f27f36109deb48a53a39054fa,-,-,AMD Ryzen 7 4800H with Radeon Graphics,11197.418,11198.794,41.63,SAMTOOLS_SORT,0,139.8488698
113,-,6330,NFCORE_CHIPSEQ:CHIPSEQ:BAM_FILTER_BAMTOOLS:BAM_SORT_STATS_SAMTOOLS:SAMTOOLS_SORT,SPT5_INPUT_REP2,NFCORE_CHIPSEQ:CHIPSEQ:BAM_FILTER_BAMTOOLS:BAM_SORT_STATS_SAMTOOLS:SAMTOOLS_SORT (SPT5_INPUT_REP2),COMPLETED,0,-,quay.io/biocontainers/samtools:1.20--h50ea8bc_0,2,21600000,-,6442450944,1,1.78477E+12,1.78477E+12,1.78477E+12,1478,1000,-,116,0.8,67289088,1865076736,67432448,1865748480,20408176,19528746,561,336,0,117,2,/home/pranay/chipseq-benchmarks/work/69/a8b720263c622053fbffb324e55e62,-,-,AMD Ryzen 7 4800H with Radeon Graphics,11198.894,11200.278,57.53,SAMTOOLS_SORT,0,176.574296
114,-,6377,NFCORE_CHIPSEQ:CHIPSEQ:BAM_FILTER_BAMTOOLS:BAM_SORT_STATS_SAMTOOLS:SAMTOOLS_SORT,SPT5_T0_REP2,NFCORE_CHIPSEQ:CHIPSEQ:BAM_FILTER_BAMTOOLS:BAM_SORT_STATS_SAMTOOLS:SAMTOOLS_SORT (SPT5_T0_REP2),COMPLETED,0,-,quay.io/biocontainers/samtools:1.20--h50ea8bc_0,2,21600000,-,6442450944,1,1.78477E+12,1.78477E+12,1.78477E+12,1303,1000,-,110.8,0.4,35684352,2009374720,35684352,2074316800,10234178,9355268,405,177,0,34,1,/home/pranay/chipseq-benchmarks/work/c7/971cc967d69a93b016d00b2f2f16ee,-,-,AMD Ryzen 7 4800H with Radeon Graphics,11200.377,11201.587,34.4,SAMTOOLS_SORT,0,133.6705648
116,-,6428,NFCORE_CHIPSEQ:CHIPSEQ:PHANTOMPEAKQUALTOOLS,SPT5_T15_REP2,NFCORE_CHIPSEQ:CHIPSEQ:PHANTOMPEAKQUALTOOLS (SPT5_T15_REP2),COMPLETED,0,-,community.wave.seqera.io/library/phantompeakqualtools:1.2.2--f8026fe2526a5e18,2,21600000,-,6442450944,1,1.78477E+12,1.78477E+12,1.78477E+12,225665,3601,-,233.8,1.5,121921536,2418679808,121921536,2418679808,76957293,44078135,12418,9616,5603328,59,44,/home/pranay/chipseq-benchmarks/work/16/bd04b2f2f94385c4d341187646464e,-,-,AMD Ryzen 7 4800H with Radeon Graphics,11201.687,11427.257,6003.43,PHANTOMPEAKQUALTOOLS,0,2065.890317
117,-,6555,NFCORE_CHIPSEQ:CHIPSEQ:PICARD_COLLECTMULTIPLEMETRICS,SPT5_T15_REP2,NFCORE_CHIPSEQ:CHIPSEQ:PICARD_COLLECTMULTIPLEMETRICS (SPT5_T15_REP2),COMPLETED,0,-,quay.io/biocontainers/picard:3.2.0--hdfd78af_0,1,14400000,-,6442450944,1,1.78477E+12,1.78477E+12,1.78477E+12,6903,5000,-,344.1,3.9,321171456,11423326208,330244096,11435970560,85097952,866513,15357,460,126976,23,49,/home/pranay/chipseq-benchmarks/work/94/d17ad8cc50090973bddbcaa2aaeee4,-,-,AMD Ryzen 7 4800H with Radeon Graphics,11428.012,11434.82,242.37,PICARD_COLLECTMULTIPLEMETRICS,0,1483.602418
119,-,6600,NFCORE_CHIPSEQ:CHIPSEQ:PHANTOMPEAKQUALTOOLS,SPT5_T0_REP1,NFCORE_CHIPSEQ:CHIPSEQ:PHANTOMPEAKQUALTOOLS (SPT5_T0_REP1),COMPLETED,0,-,community.wave.seqera.io/library/phantompeakqualtools:1.2.2--f8026fe2526a5e18,2,21600000,-,6442450944,1,1.78477E+12,1.78477E+12,1.78477E+12,3903,3209,-,244.7,1.5,119828480,2416656384,119828480,2416656384,68216314,36372959,10630,7972,4722688,40,48,/home/pranay/chipseq-benchmarks/work/cf/2727c2944717bb2594d06cdd72a08f,-,-,AMD Ryzen 7 4800H with Radeon Graphics,11434.92,11438.729,136.49,PHANTOMPEAKQUALTOOLS,0,881.270496
118,-,6644,NFCORE_CHIPSEQ:CHIPSEQ:BAM_FILTER_BAMTOOLS:BAM_SORT_STATS_SAMTOOLS:SAMTOOLS_INDEX,SPT5_T0_REP1,NFCORE_CHIPSEQ:CHIPSEQ:BAM_FILTER_BAMTOOLS:BAM_SORT_STATS_SAMTOOLS:SAMTOOLS_INDEX (SPT5_T0_REP1),COMPLETED,0,-,quay.io/biocontainers/samtools:1.20--h50ea8bc_0,2,14400000,-,6442450944,1,1.78477E+12,1.78477E+12,1.78477E+12,659,0,-,121,0.1,7528448,162754560,7528448,229998592,5110414,15209,948,21,0,448,0,/home/pranay/chipseq-benchmarks/work/d7/7f5f4dce69381ed42756c26ed4c8b2,-,-,AMD Ryzen 7 4800H with Radeon Graphics,11438.829,11439.394,36.33,SAMTOOLS_INDEX,0,109.5891357
120,-,6688,NFCORE_CHIPSEQ:CHIPSEQ:PICARD_COLLECTMULTIPLEMETRICS,SPT5_T0_REP1,NFCORE_CHIPSEQ:CHIPSEQ:PICARD_COLLECTMULTIPLEMETRICS (SPT5_T0_REP1),COMPLETED,0,-,quay.io/biocontainers/picard:3.2.0--hdfd78af_0,1,14400000,-,6442450944,1,1.78477E+12,1.78477E+12,1.78477E+12,6823,4000,-,356.7,3.3,272285696,11015729152,272285696,11082838016,84055322,862357,15201,460,0,17,13,/home/pranay/chipseq-benchmarks/work/7b/af964944353ea7c15c9e8d2f5ab774,-,-,AMD Ryzen 7 4800H with Radeon Graphics,11439.494,11446.224,217.09,PICARD_COLLECTMULTIPLEMETRICS,0,1479.452019
122,-,6777,NFCORE_CHIPSEQ:CHIPSEQ:PHANTOMPEAKQUALTOOLS,SPT5_INPUT_REP1,NFCORE_CHIPSEQ:CHIPSEQ:PHANTOMPEAKQUALTOOLS (SPT5_INPUT_REP1),COMPLETED,0,-,community.wave.seqera.io/library/phantompeakqualtools:1.2.2--f8026fe2526a5e18,2,21600000,-,6442450944,1,1.78477E+12,1.78477E+12,1.78477E+12,5192,4476,-,222.3,1.5,122400768,2419216384,122400768,2419216384,100531648,64562129,17170,13912,0,10877,11,/home/pranay/chipseq-benchmarks/work/c5/570197e1ca3ef577d0af8ee79c6dc5,-,-,AMD Ryzen 7 4800H with Radeon Graphics,11446.992,11452.09,159.66,PHANTOMPEAKQUALTOOLS,0,2421.251067
123,-,6819,NFCORE_CHIPSEQ:CHIPSEQ:PICARD_COLLECTMULTIPLEMETRICS,SPT5_INPUT_REP1,NFCORE_CHIPSEQ:CHIPSEQ:PICARD_COLLECTMULTIPLEMETRICS (SPT5_INPUT_REP1),COMPLETED,0,-,quay.io/biocontainers/picard:3.2.0--hdfd78af_0,1,14400000,-,6442450944,1,1.78477E+12,1.78477E+12,1.78477E+12,7318,6000,-,322.8,4.1,333275136,11353829376,333275136,11359735808,88133474,823671,15829,450,0,23,9,/home/pranay/chipseq-benchmarks/work/c0/2159cf02ec0705ef1cd65835bdd500,-,-,AMD Ryzen 7 4800H with Radeon Graphics,11452.191,11459.413,266.57,PICARD_COLLECTMULTIPLEMETRICS,0,1523.967198
125,-,6911,NFCORE_CHIPSEQ:CHIPSEQ:PHANTOMPEAKQUALTOOLS,SPT5_T15_REP1,NFCORE_CHIPSEQ:CHIPSEQ:PHANTOMPEAKQUALTOOLS (SPT5_T15_REP1),COMPLETED,0,-,community.wave.seqera.io/library/phantompeakqualtools:1.2.2--f8026fe2526a5e18,2,21600000,-,6442450944,1,1.78477E+12,1.78477E+12,1.78477E+12,4200,3539,-,238.8,1.5,120938496,2417971200,120938496,2417971200,76833156,43984983,12402,9601,0,56,5,/home/pranay/chipseq-benchmarks/work/06/df6615f9fcc3060cf12a62f6e4bfe4,-,-,AMD Ryzen 7 4800H with Radeon Graphics,11460.177,11464.281,135.12,PHANTOMPEAKQUALTOOLS,0,2085.426311
126,-,6952,NFCORE_CHIPSEQ:CHIPSEQ:PICARD_COLLECTMULTIPLEMETRICS,SPT5_T15_REP1,NFCORE_CHIPSEQ:CHIPSEQ:PICARD_COLLECTMULTIPLEMETRICS (SPT5_T15_REP1),COMPLETED,0,-,quay.io/biocontainers/picard:3.2.0--hdfd78af_0,1,14400000,-,6442450944,1,1.78477E+12,1.78477E+12,1.78477E+12,6983,6000,-,346.7,4.1,330469376,11430350848,330469376,11497459712,85066164,866061,15353,460,0,24,19,/home/pranay/chipseq-benchmarks/work/ac/18f6a94be3987194bf71d3edab6c45,-,-,AMD Ryzen 7 4800H with Radeon Graphics,11464.381,11471.271,216.19,PICARD_COLLECTMULTIPLEMETRICS,0,1484.789457
128,-,6999,NFCORE_CHIPSEQ:CHIPSEQ:PHANTOMPEAKQUALTOOLS,SPT5_INPUT_REP2,NFCORE_CHIPSEQ:CHIPSEQ:PHANTOMPEAKQUALTOOLS (SPT5_INPUT_REP2),COMPLETED,0,-,community.wave.seqera.io/library/phantompeakqualtools:1.2.2--f8026fe2526a5e18,2,21600000,-,6442450944,1,1.78477E+12,1.78477E+12,1.78477E+12,5377,4629,-,220.9,1.5,123330560,2420322304,123330560,2420322304,102958559,66701167,17668,14367,6639616,9985,18,/home/pranay/chipseq-benchmarks/work/06/1fa8b56a6e4ab609c49a65783a4168,-,-,AMD Ryzen 7 4800H with Radeon Graphics,11471.371,11476.654,186.1,PHANTOMPEAKQUALTOOLS,0,2544.741277
129,-,7088,NFCORE_CHIPSEQ:CHIPSEQ:PICARD_COLLECTMULTIPLEMETRICS,SPT5_INPUT_REP2,NFCORE_CHIPSEQ:CHIPSEQ:PICARD_COLLECTMULTIPLEMETRICS (SPT5_INPUT_REP2),COMPLETED,0,-,quay.io/biocontainers/picard:3.2.0--hdfd78af_0,1,14400000,-,6442450944,1,1.78477E+12,1.78477E+12,1.78477E+12,7354,6000,-,323.4,3.5,289992704,11011940352,289992704,11083931648,88423619,824786,15874,450,0,23,13,/home/pranay/chipseq-benchmarks/work/0b/8da287fec4a7739e0dd706c93bddcc,-,-,AMD Ryzen 7 4800H with Radeon Graphics,11477.402,11484.662,271.45,PICARD_COLLECTMULTIPLEMETRICS,0,1577.334338
131,-,7134,NFCORE_CHIPSEQ:CHIPSEQ:PHANTOMPEAKQUALTOOLS,SPT5_T0_REP2,NFCORE_CHIPSEQ:CHIPSEQ:PHANTOMPEAKQUALTOOLS (SPT5_T0_REP2),COMPLETED,0,-,community.wave.seqera.io/library/phantompeakqualtools:1.2.2--f8026fe2526a5e18,2,21600000,-,6442450944,1,1.78477E+12,1.78477E+12,1.78477E+12,3645,2958,-,255.1,1.4,112754688,2409648128,112754688,2409648128,61912337,30745631,9304,6754,4308992,42,89,/home/pranay/chipseq-benchmarks/work/65/e118ec8054ca3b4a16b6a370c52a62,-,-,AMD Ryzen 7 4800H with Radeon Graphics,11484.762,11488.313,97.07,PHANTOMPEAKQUALTOOLS,0,871.5088675
130,-,7177,NFCORE_CHIPSEQ:CHIPSEQ:BAM_FILTER_BAMTOOLS:BAM_SORT_STATS_SAMTOOLS:SAMTOOLS_INDEX,SPT5_T0_REP2,NFCORE_CHIPSEQ:CHIPSEQ:BAM_FILTER_BAMTOOLS:BAM_SORT_STATS_SAMTOOLS:SAMTOOLS_INDEX (SPT5_T0_REP2),COMPLETED,0,-,quay.io/biocontainers/samtools:1.20--h50ea8bc_0,2,14400000,-,6442450944,1,1.78477E+12,1.78477E+12,1.78477E+12,633,0,-,103.7,0.1,7331840,162754560,7331840,229998592,4433734,16626,836,21,0,381,1,/home/pranay/chipseq-benchmarks/work/6c/a1e71e6cc7b923fa7d14a6f7f939cb,-,-,AMD Ryzen 7 4800H with Radeon Graphics,11488.413,11488.951,29.54,SAMTOOLS_INDEX,0,113.0013188
132,-,7220,NFCORE_CHIPSEQ:CHIPSEQ:PICARD_COLLECTMULTIPLEMETRICS,SPT5_T0_REP2,NFCORE_CHIPSEQ:CHIPSEQ:PICARD_COLLECTMULTIPLEMETRICS (SPT5_T0_REP2),COMPLETED,0,-,quay.io/biocontainers/picard:3.2.0--hdfd78af_0,1,14400000,-,6442450944,1,1.78477E+12,1.78477E+12,1.78477E+12,6996,5000,-,337.1,3.7,303898624,11358433280,306688000,11365240832,83388086,870240,15090,461,0,23,11,/home/pranay/chipseq-benchmarks/work/16/574459ea20bf69a174542431f0018e,-,-,AMD Ryzen 7 4800H with Radeon Graphics,11489.051,11495.952,239.53,PICARD_COLLECTMULTIPLEMETRICS,0,1465.574023
133,-,7281,NFCORE_CHIPSEQ:CHIPSEQ:MULTIQC_CUSTOM_PHANTOMPEAKQUALTOOLS,SPT5_T15_REP2,NFCORE_CHIPSEQ:CHIPSEQ:MULTIQC_CUSTOM_PHANTOMPEAKQUALTOOLS (SPT5_T15_REP2),COMPLETED,0,-,community.wave.seqera.io/library/r-base:4.3.3--14bb33ac537aea22,1,14400000,-,6442450944,1,1.78477E+12,1.78477E+12,1.78477E+12,75774,262,-,507.8,0.2,16769024,2241224704,16769024,2241224704,6316014,12908,701,41,237568,12,1,/home/pranay/chipseq-benchmarks/work/1d/b97606924b24740b0b9e43fdd76768,-,-,AMD Ryzen 7 4800H with Radeon Graphics,11496.051,11571.732,2450.52,MULTIQC_CUSTOM_PHANTOMPEAKQUALTOOLS,0,77.9485085
136,-,7398,NFCORE_CHIPSEQ:CHIPSEQ:BAM_PEAKS_CALL_QC_ANNOTATE_MACS3_HOMER:MACS3_CALLPEAK,SPT5_T0_REP1,NFCORE_CHIPSEQ:CHIPSEQ:BAM_PEAKS_CALL_QC_ANNOTATE_MACS3_HOMER:MACS3_CALLPEAK (SPT5_T0_REP1),COMPLETED,0,-,quay.io/biocontainers/macs3:3.0.1--py311h0152c62_3,2,21600000,-,6442450944,1,1.78477E+12,1.78477E+12,1.78477E+12,55563,2000,-,167.7,1.1,93396992,2286075904,93396992,2286075904,40340210,15212319,4644,182,4259840,16,6,/home/pranay/chipseq-benchmarks/work/01/3d695c8a42b8d96a82f480ee2773b5,-,-,AMD Ryzen 7 4800H with Radeon Graphics,11572.919,11628.386,1189.88,MACS3_CALLPEAK,0,512.4909113
135,-,7456,NFCORE_CHIPSEQ:CHIPSEQ:DEEPTOOLS_PLOTFINGERPRINT,SPT5_T0_REP1,NFCORE_CHIPSEQ:CHIPSEQ:DEEPTOOLS_PLOTFINGERPRINT (SPT5_T0_REP1),COMPLETED,0,-,quay.io/biocontainers/deeptools:3.5.5--pyhdfd78af_0,2,21600000,-,6442450944,1,1.78477E+12,1.78477E+12,1.78477E+12,74827,16000,-,116.3,11.6,934461440,3334238208,1254518784,3654250496,74372033,76099,10149,70,1900544,20,64,/home/pranay/chipseq-benchmarks/work/38/59dd283aabd9fa615a5a8a6d3c9acf,-,-,AMD Ryzen 7 4800H with Radeon Graphics,11628.486,11703.22,2211.62,DEEPTOOLS_PLOTFINGERPRINT,0,1772.725013
137,-,7523,NFCORE_CHIPSEQ:CHIPSEQ:MULTIQC_CUSTOM_PHANTOMPEAKQUALTOOLS,SPT5_INPUT_REP1,NFCORE_CHIPSEQ:CHIPSEQ:MULTIQC_CUSTOM_PHANTOMPEAKQUALTOOLS (SPT5_INPUT_REP1),COMPLETED,0,-,community.wave.seqera.io/library/r-base:4.3.3--14bb33ac537aea22,1,14400000,-,6442450944,1,1.78477E+12,1.78477E+12,1.78477E+12,1001,234,-,597.4,0.2,21958656,2244947968,21958656,2244947968,6315594,12923,701,41,49152,12,0,/home/pranay/chipseq-benchmarks/work/16/c3e43e72ab0aa0800254931d9745b6,-,-,AMD Ryzen 7 4800H with Radeon Graphics,11703.32,11704.227,27.41,MULTIQC_CUSTOM_PHANTOMPEAKQUALTOOLS,0,77.9485085
139,-,7576,NFCORE_CHIPSEQ:CHIPSEQ:BAM_PEAKS_CALL_QC_ANNOTATE_MACS3_HOMER:MACS3_CALLPEAK,SPT5_T15_REP1,NFCORE_CHIPSEQ:CHIPSEQ:BAM_PEAKS_CALL_QC_ANNOTATE_MACS3_HOMER:MACS3_CALLPEAK (SPT5_T15_REP1),COMPLETED,0,-,quay.io/biocontainers/macs3:3.0.1--py311h0152c62_3,2,21600000,-,6442450944,1,1.78477E+12,1.78477E+12,1.78477E+12,2519,2000,-,170.2,1.1,93032448,2286084096,93032448,2286084096,41849377,15690724,4889,179,8265728,11,7,/home/pranay/chipseq-benchmarks/work/78/86d506215b49fc00cf9e810120f725,-,-,AMD Ryzen 7 4800H with Radeon Graphics,11704.328,11706.751,80.46,MACS3_CALLPEAK,0,513.622722
138,-,7621,NFCORE_CHIPSEQ:CHIPSEQ:DEEPTOOLS_PLOTFINGERPRINT,SPT5_T15_REP1,NFCORE_CHIPSEQ:CHIPSEQ:DEEPTOOLS_PLOTFINGERPRINT (SPT5_T15_REP1),COMPLETED,0,-,quay.io/biocontainers/deeptools:3.5.5--pyhdfd78af_0,2,21600000,-,6442450944,1,1.78477E+12,1.78477E+12,1.78477E+12,15249,14000,-,117.6,12.7,1022337024,3491983360,1255288832,3654283264,74520342,76125,10173,70,20480,17,66,/home/pranay/chipseq-benchmarks/work/5e/ee9137a2d0edf1ae8cdb3fcef88d21,-,-,AMD Ryzen 7 4800H with Radeon Graphics,11706.851,11722.004,334.17,DEEPTOOLS_PLOTFINGERPRINT,0,1758.818067
140,-,7673,NFCORE_CHIPSEQ:CHIPSEQ:MULTIQC_CUSTOM_PHANTOMPEAKQUALTOOLS,SPT5_T15_REP1,NFCORE_CHIPSEQ:CHIPSEQ:MULTIQC_CUSTOM_PHANTOMPEAKQUALTOOLS (SPT5_T15_REP1),COMPLETED,0,-,community.wave.seqera.io/library/r-base:4.3.3--14bb33ac537aea22,1,14400000,-,6442450944,1,1.78477E+12,1.78477E+12,1.78477E+12,1160,271,-,543.9,0.1,13864960,1955704832,13864960,1955704832,6315910,12906,701,41,12288,12,3,/home/pranay/chipseq-benchmarks/work/6e/05c7c7dd20fb6b064597a2d1caa9c7,-,-,AMD Ryzen 7 4800H with Radeon Graphics,11722.105,11723.17,27.39,MULTIQC_CUSTOM_PHANTOMPEAKQUALTOOLS,0,77.9485085
141,-,7724,NFCORE_CHIPSEQ:CHIPSEQ:MULTIQC_CUSTOM_PHANTOMPEAKQUALTOOLS,SPT5_INPUT_REP2,NFCORE_CHIPSEQ:CHIPSEQ:MULTIQC_CUSTOM_PHANTOMPEAKQUALTOOLS (SPT5_INPUT_REP2),COMPLETED,0,-,community.wave.seqera.io/library/r-base:4.3.3--14bb33ac537aea22,1,14400000,-,6442450944,1,1.78477E+12,1.78477E+12,1.78477E+12,1054,238,-,617.5,0.2,17989632,2241638400,17989632,2241638400,6315578,12923,701,41,12288,12,4,/home/pranay/chipseq-benchmarks/work/22/a95abf220dc8bb84c068e7e1a449c1,-,-,AMD Ryzen 7 4800H with Radeon Graphics,11723.27,11724.229,27.53,MULTIQC_CUSTOM_PHANTOMPEAKQUALTOOLS,0,77.9485085
143,-,7775,NFCORE_CHIPSEQ:CHIPSEQ:BAM_PEAKS_CALL_QC_ANNOTATE_MACS3_HOMER:MACS3_CALLPEAK,SPT5_T15_REP2,NFCORE_CHIPSEQ:CHIPSEQ:BAM_PEAKS_CALL_QC_ANNOTATE_MACS3_HOMER:MACS3_CALLPEAK (SPT5_T15_REP2),COMPLETED,0,-,quay.io/biocontainers/macs3:3.0.1--py311h0152c62_3,2,21600000,-,6442450944,1,1.78477E+12,1.78477E+12,1.78477E+12,2681,2000,-,164.7,1.1,92667904,2286215168,92667904,2286215168,42723135,16296625,4965,186,4374528,9,6,/home/pranay/chipseq-benchmarks/work/d0/62e74e2fa1a7b570bd19dc6e6bd524,-,-,AMD Ryzen 7 4800H with Radeon Graphics,11724.329,11726.914,78.98,MACS3_CALLPEAK,0,520.4638385
142,-,7821,NFCORE_CHIPSEQ:CHIPSEQ:DEEPTOOLS_PLOTFINGERPRINT,SPT5_T15_REP2,NFCORE_CHIPSEQ:CHIPSEQ:DEEPTOOLS_PLOTFINGERPRINT (SPT5_T15_REP2),COMPLETED,0,-,quay.io/biocontainers/deeptools:3.5.5--pyhdfd78af_0,2,21600000,-,6442450944,1,1.78477E+12,1.78477E+12,1.78477E+12,14995,14000,-,117.8,13,1043431424,3501903872,1254502400,3654205440,74571121,76248,10179,70,24576,18,66,/home/pranay/chipseq-benchmarks/work/cd/8b2bff4f6045fd4a419951c2c7bb1c,-,-,AMD Ryzen 7 4800H with Radeon Graphics,11727.014,11741.913,347.3,DEEPTOOLS_PLOTFINGERPRINT,0,1736.577617
144,-,7873,NFCORE_CHIPSEQ:CHIPSEQ:MULTIQC_CUSTOM_PHANTOMPEAKQUALTOOLS,SPT5_T0_REP2,NFCORE_CHIPSEQ:CHIPSEQ:MULTIQC_CUSTOM_PHANTOMPEAKQUALTOOLS (SPT5_T0_REP2),COMPLETED,0,-,community.wave.seqera.io/library/r-base:4.3.3--14bb33ac537aea22,1,14400000,-,6442450944,1,1.78477E+12,1.78477E+12,1.78477E+12,1275,216,-,705.8,0.3,23961600,2246774784,23961600,2246774784,6315957,12885,701,41,12288,12,2,/home/pranay/chipseq-benchmarks/work/f6/c2efc4f2b5fa5f89c539811a5fe8a3,-,-,AMD Ryzen 7 4800H with Radeon Graphics,11742.012,11743.192,25.61,MULTIQC_CUSTOM_PHANTOMPEAKQUALTOOLS,0,77.9485085
145,-,7926,NFCORE_CHIPSEQ:CHIPSEQ:BAM_PEAKS_CALL_QC_ANNOTATE_MACS3_HOMER:MACS3_CALLPEAK,SPT5_T0_REP2,NFCORE_CHIPSEQ:CHIPSEQ:BAM_PEAKS_CALL_QC_ANNOTATE_MACS3_HOMER:MACS3_CALLPEAK (SPT5_T0_REP2),COMPLETED,0,-,quay.io/biocontainers/macs3:3.0.1--py311h0152c62_3,2,21600000,-,6442450944,1,1.78477E+12,1.78477E+12,1.78477E+12,3235,3000,-,143.8,1.1,91684864,2286067712,91684864,2286067712,40033360,15233209,4548,174,2056192,14,12,/home/pranay/chipseq-benchmarks/work/82/565a0ccb70d77c65b7acb88e9bfc3e,-,-,AMD Ryzen 7 4800H with Radeon Graphics,11743.293,11746.432,77.38,MACS3_CALLPEAK,0,512.5395793
146,-,7972,NFCORE_CHIPSEQ:CHIPSEQ:DEEPTOOLS_PLOTFINGERPRINT,SPT5_T0_REP2,NFCORE_CHIPSEQ:CHIPSEQ:DEEPTOOLS_PLOTFINGERPRINT (SPT5_T0_REP2),COMPLETED,0,-,quay.io/biocontainers/deeptools:3.5.5--pyhdfd78af_0,2,21600000,-,6442450944,1,1.78477E+12,1.78477E+12,1.78477E+12,14901,13000,-,119.1,11.7,944906240,3344265216,1254612992,3654279168,74509990,76055,10157,70,12288,22,76,/home/pranay/chipseq-benchmarks/work/fd/a0b533cd5bfd9ba82c40b27ae27c4d,-,-,AMD Ryzen 7 4800H with Radeon Graphics,11746.533,11761.338,335.07,DEEPTOOLS_PLOTFINGERPRINT,0,1758.818067
147,-,8024,NFCORE_CHIPSEQ:CHIPSEQ:BAM_FILTER_BAMTOOLS:BAM_SORT_STATS_SAMTOOLS:BAM_STATS_SAMTOOLS:SAMTOOLS_FLAGSTAT,SPT5_T15_REP2,NFCORE_CHIPSEQ:CHIPSEQ:BAM_FILTER_BAMTOOLS:BAM_SORT_STATS_SAMTOOLS:BAM_STATS_SAMTOOLS:SAMTOOLS_FLAGSTAT (SPT5_T15_REP2),COMPLETED,0,-,quay.io/biocontainers/samtools:1.20--h50ea8bc_0,1,14400000,-,6442450944,1,1.78477E+12,1.78477E+12,1.78477E+12,934,0,-,101.3,0.1,7405568,162754560,7405568,229998592,6146514,5490,1101,19,4149248,378,1,/home/pranay/chipseq-benchmarks/work/62/2ee3415af139769a3a08562902e244,-,-,AMD Ryzen 7 4800H with Radeon Graphics,11761.438,11762.276,21.19,SAMTOOLS_FLAGSTAT,0,86.13832
150,-,8072,NFCORE_CHIPSEQ:CHIPSEQ:BAM_FILTER_BAMTOOLS:BAM_SORT_STATS_SAMTOOLS:BAM_STATS_SAMTOOLS:SAMTOOLS_IDXSTATS,SPT5_T0_REP1,NFCORE_CHIPSEQ:CHIPSEQ:BAM_FILTER_BAMTOOLS:BAM_SORT_STATS_SAMTOOLS:BAM_STATS_SAMTOOLS:SAMTOOLS_IDXSTATS (SPT5_T0_REP1),COMPLETED,0,-,quay.io/biocontainers/samtools:1.20--h50ea8bc_0,1,14400000,-,6442450944,1,1.78477E+12,1.78477E+12,1.78477E+12,1044,0,-,110.3,0,3407872,4497408,3407872,4497408,144810,5298,232,19,0,2,1,/home/pranay/chipseq-benchmarks/work/a8/db66eab19ddfb97fc97fc08986acdf,-,-,AMD Ryzen 7 4800H with Radeon Graphics,11762.377,11763.325,23.11,SAMTOOLS_IDXSTATS,0,92.57659442
161,-,8117,NFCORE_CHIPSEQ:CHIPSEQ:BAM_FILTER_BAMTOOLS:BAM_SORT_STATS_SAMTOOLS:BAM_STATS_SAMTOOLS:SAMTOOLS_IDXSTATS,SPT5_T15_REP1,NFCORE_CHIPSEQ:CHIPSEQ:BAM_FILTER_BAMTOOLS:BAM_SORT_STATS_SAMTOOLS:BAM_STATS_SAMTOOLS:SAMTOOLS_IDXSTATS (SPT5_T15_REP1),COMPLETED,0,-,quay.io/biocontainers/samtools:1.20--h50ea8bc_0,1,14400000,-,6442450944,1,1.78477E+12,1.78477E+12,1.78477E+12,1017,0,-,94.1,0,3342336,4497408,3342336,4497408,145431,5298,232,19,12288,1,0,/home/pranay/chipseq-benchmarks/work/9e/f97625f95f0c875c2c40a1e22b8765,-,-,AMD Ryzen 7 4800H with Radeon Graphics,11763.425,11764.348,25.54,SAMTOOLS_IDXSTATS,0,92.57659442
152,-,8162,NFCORE_CHIPSEQ:CHIPSEQ:BAM_FILTER_BAMTOOLS:BAM_SORT_STATS_SAMTOOLS:BAM_STATS_SAMTOOLS:SAMTOOLS_FLAGSTAT,SPT5_T0_REP1,NFCORE_CHIPSEQ:CHIPSEQ:BAM_FILTER_BAMTOOLS:BAM_SORT_STATS_SAMTOOLS:BAM_STATS_SAMTOOLS:SAMTOOLS_FLAGSTAT (SPT5_T0_REP1),COMPLETED,0,-,quay.io/biocontainers/samtools:1.20--h50ea8bc_0,1,14400000,-,6442450944,1,1.78477E+12,1.78477E+12,1.78477E+12,977,1000,-,141.6,0,7385088,162754560,7385088,229998592,5110545,5490,948,19,778240,447,1,/home/pranay/chipseq-benchmarks/work/f0/d23dafe8b6a54efdcc5f2c799a926c,-,-,AMD Ryzen 7 4800H with Radeon Graphics,11764.448,11765.339,25.07,SAMTOOLS_FLAGSTAT,0,94.295136
151,-,8209,NFCORE_CHIPSEQ:CHIPSEQ:BAM_FILTER_BAMTOOLS:BAM_SORT_STATS_SAMTOOLS:BAM_STATS_SAMTOOLS:SAMTOOLS_IDXSTATS,SPT5_INPUT_REP1,NFCORE_CHIPSEQ:CHIPSEQ:BAM_FILTER_BAMTOOLS:BAM_SORT_STATS_SAMTOOLS:BAM_STATS_SAMTOOLS:SAMTOOLS_IDXSTATS (SPT5_INPUT_REP1),COMPLETED,0,-,quay.io/biocontainers/samtools:1.20--h50ea8bc_0,1,14400000,-,6442450944,1,1.78477E+12,1.78477E+12,1.78477E+12,913,0,-,112.3,0,3260416,4497408,3260416,4497408,145004,5304,232,19,4096,2,0,/home/pranay/chipseq-benchmarks/work/d0/09a27ff5d923357d393e69a50313cc,-,-,AMD Ryzen 7 4800H with Radeon Graphics,11765.439,11766.257,24.17,SAMTOOLS_IDXSTATS,0,92.57659442
154,-,8255,NFCORE_CHIPSEQ:CHIPSEQ:BAM_FILTER_BAMTOOLS:BAM_SORT_STATS_SAMTOOLS:BAM_STATS_SAMTOOLS:SAMTOOLS_FLAGSTAT,SPT5_T15_REP1,NFCORE_CHIPSEQ:CHIPSEQ:BAM_FILTER_BAMTOOLS:BAM_SORT_STATS_SAMTOOLS:BAM_STATS_SAMTOOLS:SAMTOOLS_FLAGSTAT (SPT5_T15_REP1),COMPLETED,0,-,quay.io/biocontainers/samtools:1.20--h50ea8bc_0,1,14400000,-,6442450944,1,1.78477E+12,1.78477E+12,1.78477E+12,964,0,-,120.3,0,7319552,162754560,7319552,229998592,6115441,5490,1100,19,380928,367,1,/home/pranay/chipseq-benchmarks/work/e9/d06e2a9446bb6c10e369bb075880e2,-,-,AMD Ryzen 7 4800H with Radeon Graphics,11766.357,11767.225,23.33,SAMTOOLS_FLAGSTAT,0,86.13832
156,-,8301,NFCORE_CHIPSEQ:CHIPSEQ:BAM_FILTER_BAMTOOLS:BAM_SORT_STATS_SAMTOOLS:BAM_STATS_SAMTOOLS:SAMTOOLS_FLAGSTAT,SPT5_INPUT_REP2,NFCORE_CHIPSEQ:CHIPSEQ:BAM_FILTER_BAMTOOLS:BAM_SORT_STATS_SAMTOOLS:BAM_STATS_SAMTOOLS:SAMTOOLS_FLAGSTAT (SPT5_INPUT_REP2),COMPLETED,0,-,quay.io/biocontainers/samtools:1.20--h50ea8bc_0,1,14400000,-,6442450944,1,1.78477E+12,1.78477E+12,1.78477E+12,953,0,-,120.8,0.1,7438336,162754560,7438336,229998592,9520345,5490,1625,19,0,382,0,/home/pranay/chipseq-benchmarks/work/23/7b8db5d05dcf471d47a9f55aebdfc2,-,-,AMD Ryzen 7 4800H with Radeon Graphics,11767.326,11768.184,28.95,SAMTOOLS_FLAGSTAT,0,125.1477273
153,-,8347,NFCORE_CHIPSEQ:CHIPSEQ:BAM_FILTER_BAMTOOLS:BAM_SORT_STATS_SAMTOOLS:BAM_STATS_SAMTOOLS:SAMTOOLS_FLAGSTAT,SPT5_INPUT_REP1,NFCORE_CHIPSEQ:CHIPSEQ:BAM_FILTER_BAMTOOLS:BAM_SORT_STATS_SAMTOOLS:BAM_STATS_SAMTOOLS:SAMTOOLS_FLAGSTAT (SPT5_INPUT_REP1),COMPLETED,0,-,quay.io/biocontainers/samtools:1.20--h50ea8bc_0,1,14400000,-,6442450944,1,1.78477E+12,1.78477E+12,1.78477E+12,1151,1000,-,58.9,0.1,7442432,162754560,7442432,229998592,9232439,5489,1580,19,585728,77,0,/home/pranay/chipseq-benchmarks/work/e2/55ccdc23144fe4044fc9d858f8c2f8,-,-,AMD Ryzen 7 4800H with Radeon Graphics,11768.284,11769.341,31.92,SAMTOOLS_FLAGSTAT,0,125.1477273
158,-,8393,NFCORE_CHIPSEQ:CHIPSEQ:BAM_FILTER_BAMTOOLS:BAM_SORT_STATS_SAMTOOLS:BAM_STATS_SAMTOOLS:SAMTOOLS_FLAGSTAT,SPT5_T0_REP2,NFCORE_CHIPSEQ:CHIPSEQ:BAM_FILTER_BAMTOOLS:BAM_SORT_STATS_SAMTOOLS:BAM_STATS_SAMTOOLS:SAMTOOLS_FLAGSTAT (SPT5_T0_REP2),COMPLETED,0,-,quay.io/biocontainers/samtools:1.20--h50ea8bc_0,1,14400000,-,6442450944,1,1.78477E+12,1.78477E+12,1.78477E+12,1019,1000,-,89.5,0.1,7442432,162754560,7442432,229998592,4433856,5481,836,19,102400,31,0,/home/pranay/chipseq-benchmarks/work/bf/f42e2b55b307086cd008c4b36715eb,-,-,AMD Ryzen 7 4800H with Radeon Graphics,11769.441,11770.364,27.64,SAMTOOLS_FLAGSTAT,0,102.2379973
148,-,8439,NFCORE_CHIPSEQ:CHIPSEQ:BAM_FILTER_BAMTOOLS:BAM_SORT_STATS_SAMTOOLS:BAM_STATS_SAMTOOLS:SAMTOOLS_IDXSTATS,SPT5_T15_REP2,NFCORE_CHIPSEQ:CHIPSEQ:BAM_FILTER_BAMTOOLS:BAM_SORT_STATS_SAMTOOLS:BAM_STATS_SAMTOOLS:SAMTOOLS_IDXSTATS (SPT5_T15_REP2),COMPLETED,0,-,quay.io/biocontainers/samtools:1.20--h50ea8bc_0,1,14400000,-,6442450944,1,1.78477E+12,1.78477E+12,1.78477E+12,1155,1000,-,88.9,0,3293184,4497408,3293184,4497408,145403,5298,232,19,0,2,0,/home/pranay/chipseq-benchmarks/work/76/9bfa56e3d9bb0751eb785fb4cd5baf,-,-,AMD Ryzen 7 4800H with Radeon Graphics,11770.464,11771.524,22.66,SAMTOOLS_IDXSTATS,0,92.57659442
163,-,8484,NFCORE_CHIPSEQ:CHIPSEQ:BAM_FILTER_BAMTOOLS:BAM_SORT_STATS_SAMTOOLS:BAM_STATS_SAMTOOLS:SAMTOOLS_IDXSTATS,SPT5_INPUT_REP2,NFCORE_CHIPSEQ:CHIPSEQ:BAM_FILTER_BAMTOOLS:BAM_SORT_STATS_SAMTOOLS:BAM_STATS_SAMTOOLS:SAMTOOLS_IDXSTATS (SPT5_INPUT_REP2),COMPLETED,0,-,quay.io/biocontainers/samtools:1.20--h50ea8bc_0,1,14400000,-,6442450944,1,1.78477E+12,1.78477E+12,1.78477E+12,1050,0,-,90.6,0,3379200,4497408,3379200,4497408,145152,5303,232,19,0,2,0,/home/pranay/chipseq-benchmarks/work/0f/84f3901ab82880b8cd53416e3a8fc1,-,-,AMD Ryzen 7 4800H with Radeon Graphics,11771.624,11772.578,20.79,SAMTOOLS_IDXSTATS,0,92.57659442
164,-,8530,NFCORE_CHIPSEQ:CHIPSEQ:BAM_FILTER_BAMTOOLS:BAM_SORT_STATS_SAMTOOLS:BAM_STATS_SAMTOOLS:SAMTOOLS_IDXSTATS,SPT5_T0_REP2,NFCORE_CHIPSEQ:CHIPSEQ:BAM_FILTER_BAMTOOLS:BAM_SORT_STATS_SAMTOOLS:BAM_STATS_SAMTOOLS:SAMTOOLS_IDXSTATS (SPT5_T0_REP2),COMPLETED,0,-,quay.io/biocontainers/samtools:1.20--h50ea8bc_0,1,14400000,-,6442450944,1,1.78477E+12,1.78477E+12,1.78477E+12,961,0,-,84.2,0,3371008,4497408,3371008,4497408,146225,5296,232,19,0,2,1,/home/pranay/chipseq-benchmarks/work/88/08ca7c313c9461ca9eb760f78f22c3,-,-,AMD Ryzen 7 4800H with Radeon Graphics,11772.678,11773.543,21.79,SAMTOOLS_IDXSTATS,0,92.57659442
162,-,8576,NFCORE_CHIPSEQ:CHIPSEQ:BAM_FILTER_BAMTOOLS:BAM_SORT_STATS_SAMTOOLS:BAM_STATS_SAMTOOLS:SAMTOOLS_STATS,SPT5_T0_REP2,NFCORE_CHIPSEQ:CHIPSEQ:BAM_FILTER_BAMTOOLS:BAM_SORT_STATS_SAMTOOLS:BAM_STATS_SAMTOOLS:SAMTOOLS_STATS (SPT5_T0_REP2),COMPLETED,0,-,quay.io/biocontainers/samtools:1.20--h50ea8bc_0,1,14400000,-,6442450944,1,1.78477E+12,1.78477E+12,1.78477E+12,1215,0,-,114.8,0.1,8142848,164298752,8142848,231391232,4435365,66853,836,34,0,3,3,/home/pranay/chipseq-benchmarks/work/d7/06777c081a15b001104decdb05ed57,-,-,AMD Ryzen 7 4800H with Radeon Graphics,11773.643,11774.763,46.33,SAMTOOLS_STATS,0,122.9696071
159,-,8623,NFCORE_CHIPSEQ:CHIPSEQ:BAM_FILTER_BAMTOOLS:BAM_SORT_STATS_SAMTOOLS:BAM_STATS_SAMTOOLS:SAMTOOLS_STATS,SPT5_T15_REP1,NFCORE_CHIPSEQ:CHIPSEQ:BAM_FILTER_BAMTOOLS:BAM_SORT_STATS_SAMTOOLS:BAM_STATS_SAMTOOLS:SAMTOOLS_STATS (SPT5_T15_REP1),COMPLETED,0,-,quay.io/biocontainers/samtools:1.20--h50ea8bc_0,1,14400000,-,6442450944,1,1.78477E+12,1.78477E+12,1.78477E+12,1046,0,-,125.1,0.1,8261632,164298752,8261632,231542784,6116941,63037,1100,33,0,2,1,/home/pranay/chipseq-benchmarks/work/7b/3a031a0721db7fbbd418ad8a7abee5,-,-,AMD Ryzen 7 4800H with Radeon Graphics,11774.862,11775.813,22.72,SAMTOOLS_STATS,0,107.0134991
155,-,8672,NFCORE_CHIPSEQ:CHIPSEQ:BAM_FILTER_BAMTOOLS:BAM_SORT_STATS_SAMTOOLS:BAM_STATS_SAMTOOLS:SAMTOOLS_STATS,SPT5_T0_REP1,NFCORE_CHIPSEQ:CHIPSEQ:BAM_FILTER_BAMTOOLS:BAM_SORT_STATS_SAMTOOLS:BAM_STATS_SAMTOOLS:SAMTOOLS_STATS (SPT5_T0_REP1),COMPLETED,0,-,quay.io/biocontainers/samtools:1.20--h50ea8bc_0,1,14400000,-,6442450944,1,1.78477E+12,1.78477E+12,1.78477E+12,1051,0,-,123.1,0.1,8261632,164298752,8261632,164433920,5112051,62713,948,33,0,3,1,/home/pranay/chipseq-benchmarks/work/19/fad8e4197f0882f2ddf21e0555825a,-,-,AMD Ryzen 7 4800H with Radeon Graphics,11775.912,11776.869,23.51,SAMTOOLS_STATS,0,115.1703151
160,-,8718,NFCORE_CHIPSEQ:CHIPSEQ:BAM_FILTER_BAMTOOLS:BAM_SORT_STATS_SAMTOOLS:BAM_STATS_SAMTOOLS:SAMTOOLS_STATS,SPT5_INPUT_REP2,NFCORE_CHIPSEQ:CHIPSEQ:BAM_FILTER_BAMTOOLS:BAM_SORT_STATS_SAMTOOLS:BAM_STATS_SAMTOOLS:SAMTOOLS_STATS (SPT5_INPUT_REP2),COMPLETED,0,-,quay.io/biocontainers/samtools:1.20--h50ea8bc_0,1,14400000,-,6442450944,1,1.78477E+12,1.78477E+12,1.78477E+12,1152,0,-,137,0.1,7917568,164298752,7917568,231542784,9521850,44350,1625,28,0,2,3,/home/pranay/chipseq-benchmarks/work/6c/54b3ed3f610a5ee8ce98517108b3de,-,-,AMD Ryzen 7 4800H with Radeon Graphics,11776.969,11778.025,24.54,SAMTOOLS_STATS,0,146.1071092
157,-,8766,NFCORE_CHIPSEQ:CHIPSEQ:BAM_FILTER_BAMTOOLS:BAM_SORT_STATS_SAMTOOLS:BAM_STATS_SAMTOOLS:SAMTOOLS_STATS,SPT5_INPUT_REP1,NFCORE_CHIPSEQ:CHIPSEQ:BAM_FILTER_BAMTOOLS:BAM_SORT_STATS_SAMTOOLS:BAM_STATS_SAMTOOLS:SAMTOOLS_STATS (SPT5_INPUT_REP1),COMPLETED,0,-,quay.io/biocontainers/samtools:1.20--h50ea8bc_0,1,14400000,-,6442450944,1,1.78477E+12,1.78477E+12,1.78477E+12,1193,0,-,131.1,0.1,7958528,164298752,7958528,231542784,9233952,44279,1580,28,0,5,0,/home/pranay/chipseq-benchmarks/work/c3/f97c6dd01aefe02b9cd0d57fe10b71,-,-,AMD Ryzen 7 4800H with Radeon Graphics,11778.125,11779.222,22.8,SAMTOOLS_STATS,0,146.1071092
149,-,8814,NFCORE_CHIPSEQ:CHIPSEQ:BAM_FILTER_BAMTOOLS:BAM_SORT_STATS_SAMTOOLS:BAM_STATS_SAMTOOLS:SAMTOOLS_STATS,SPT5_T15_REP2,NFCORE_CHIPSEQ:CHIPSEQ:BAM_FILTER_BAMTOOLS:BAM_SORT_STATS_SAMTOOLS:BAM_STATS_SAMTOOLS:SAMTOOLS_STATS (SPT5_T15_REP2),COMPLETED,0,-,quay.io/biocontainers/samtools:1.20--h50ea8bc_0,1,14400000,-,6442450944,1,1.78477E+12,1.78477E+12,1.78477E+12,1149,1000,-,120.3,0.1,8282112,164298752,8282112,231542784,6148023,63769,1101,33,0,2,1,/home/pranay/chipseq-benchmarks/work/da/b1b519d3913d17a971942829183efb,-,-,AMD Ryzen 7 4800H with Radeon Graphics,11779.322,11780.377,24.97,SAMTOOLS_STATS,0,107.0134991
166,-,8862,NFCORE_CHIPSEQ:CHIPSEQ:BAM_PEAKS_CALL_QC_ANNOTATE_MACS3_HOMER:FRIP_SCORE,SPT5_T0_REP1,NFCORE_CHIPSEQ:CHIPSEQ:BAM_PEAKS_CALL_QC_ANNOTATE_MACS3_HOMER:FRIP_SCORE (SPT5_T0_REP1),COMPLETED,0,-,quay.io/biocontainers/mulled-v2-8186960447c5cb2faa697666dc1e6d919ad23f3e:3127fcae6b6bdaf8181e21a26ae61231030a9fcb-0,2,21600000,-,6442450944,1,1.78477E+12,1.78477E+12,1.78477E+12,1993,1000,-,106.7,0.1,18808832,32972800,18808832,32980992,17706205,7526289,19134,1043,35737600,126,2,/home/pranay/chipseq-benchmarks/work/c7/474587fef9702473100b2a32ba773a,-,-,AMD Ryzen 7 4800H with Radeon Graphics,11780.477,11782.375,41.37,FRIP_SCORE,0,176.574296
165,-,8908,NFCORE_CHIPSEQ:CHIPSEQ:BAM_PEAKS_CALL_QC_ANNOTATE_MACS3_HOMER:HOMER_ANNOTATEPEAKS,SPT5_T0_REP1,NFCORE_CHIPSEQ:CHIPSEQ:BAM_PEAKS_CALL_QC_ANNOTATE_MACS3_HOMER:HOMER_ANNOTATEPEAKS (SPT5_T0_REP1),COMPLETED,0,-,quay.io/biocontainers/homer:4.11--pl526hc9558a2_3,2,21600000,-,6442450944,1,1.78477E+12,1.78477E+12,1.78477E+12,5669,4000,-,98.3,4.2,336285696,460308480,336285696,460312576,57962424,6198242,8560,1258,16728064,90,3,/home/pranay/chipseq-benchmarks/work/5e/801393507cc423fe683d0765460d6f,-,-,AMD Ryzen 7 4800H with Radeon Graphics,11782.475,11788.049,143.27,HOMER_ANNOTATEPEAKS,0,897.1772215
168,-,8955,NFCORE_CHIPSEQ:CHIPSEQ:BAM_PEAKS_CALL_QC_ANNOTATE_MACS3_HOMER:FRIP_SCORE,SPT5_T15_REP1,NFCORE_CHIPSEQ:CHIPSEQ:BAM_PEAKS_CALL_QC_ANNOTATE_MACS3_HOMER:FRIP_SCORE (SPT5_T15_REP1),COMPLETED,0,-,quay.io/biocontainers/mulled-v2-8186960447c5cb2faa697666dc1e6d919ad23f3e:3127fcae6b6bdaf8181e21a26ae61231030a9fcb-0,2,21600000,-,6442450944,1,1.78477E+12,1.78477E+12,1.78477E+12,1362,1000,-,118.6,0.1,18853888,32837632,18853888,32845824,21107148,8924397,22607,1232,57344,153,3,/home/pranay/chipseq-benchmarks/work/c9/c7adb18ad7d82580a92fdffa071496,-,-,AMD Ryzen 7 4800H with Radeon Graphics,11788.15,11789.416,23.27,FRIP_SCORE,0,176.574296
167,-,9000,NFCORE_CHIPSEQ:CHIPSEQ:BAM_PEAKS_CALL_QC_ANNOTATE_MACS3_HOMER:HOMER_ANNOTATEPEAKS,SPT5_T15_REP1,NFCORE_CHIPSEQ:CHIPSEQ:BAM_PEAKS_CALL_QC_ANNOTATE_MACS3_HOMER:HOMER_ANNOTATEPEAKS (SPT5_T15_REP1),COMPLETED,0,-,quay.io/biocontainers/homer:4.11--pl526hc9558a2_3,2,21600000,-,6442450944,1,1.78477E+12,1.78477E+12,1.78477E+12,6438,4000,-,97.8,5.3,429060096,475328512,429060096,475332608,57908344,6151189,8554,1250,0,40,7,/home/pranay/chipseq-benchmarks/work/54/effa6f58790b0a4cd6b9b41fe447e4,-,-,AMD Ryzen 7 4800H with Radeon Graphics,11789.516,11795.859,144.83,HOMER_ANNOTATEPEAKS,0,897.0418885
170,-,9047,NFCORE_CHIPSEQ:CHIPSEQ:BAM_PEAKS_CALL_QC_ANNOTATE_MACS3_HOMER:FRIP_SCORE,SPT5_T15_REP2,NFCORE_CHIPSEQ:CHIPSEQ:BAM_PEAKS_CALL_QC_ANNOTATE_MACS3_HOMER:FRIP_SCORE (SPT5_T15_REP2),COMPLETED,0,-,quay.io/biocontainers/mulled-v2-8186960447c5cb2faa697666dc1e6d919ad23f3e:3127fcae6b6bdaf8181e21a26ae61231030a9fcb-0,2,21600000,-,6442450944,1,1.78477E+12,1.78477E+12,1.78477E+12,1404,0,-,119.7,0.1,18857984,32972800,18857984,32980992,21354940,9095840,22999,1255,69632,160,2,/home/pranay/chipseq-benchmarks/work/b7/0a0490df09cc7a632abcdcfa437e52,-,-,AMD Ryzen 7 4800H with Radeon Graphics,11795.959,11797.267,23.16,FRIP_SCORE,0,180.5254037
169,-,9093,NFCORE_CHIPSEQ:CHIPSEQ:BAM_PEAKS_CALL_QC_ANNOTATE_MACS3_HOMER:HOMER_ANNOTATEPEAKS,SPT5_T15_REP2,NFCORE_CHIPSEQ:CHIPSEQ:BAM_PEAKS_CALL_QC_ANNOTATE_MACS3_HOMER:HOMER_ANNOTATEPEAKS (SPT5_T15_REP2),COMPLETED,0,-,quay.io/biocontainers/homer:4.11--pl526hc9558a2_3,2,21600000,-,6442450944,1,1.78477E+12,1.78477E+12,1.78477E+12,5717,4000,-,99.4,5.5,441069568,485158912,441069568,485163008,58023790,6247959,8571,1264,0,34,6,/home/pranay/chipseq-benchmarks/work/76/8ce4e557cec3085533eef848c17c9e,-,-,AMD Ryzen 7 4800H with Radeon Graphics,11797.368,11802.989,128.93,HOMER_ANNOTATEPEAKS,0,897.1772215
172,-,9141,NFCORE_CHIPSEQ:CHIPSEQ:BAM_PEAKS_CALL_QC_ANNOTATE_MACS3_HOMER:FRIP_SCORE,SPT5_T0_REP2,NFCORE_CHIPSEQ:CHIPSEQ:BAM_PEAKS_CALL_QC_ANNOTATE_MACS3_HOMER:FRIP_SCORE (SPT5_T0_REP2),COMPLETED,0,-,quay.io/biocontainers/mulled-v2-8186960447c5cb2faa697666dc1e6d919ad23f3e:3127fcae6b6bdaf8181e21a26ae61231030a9fcb-0,2,21600000,-,6442450944,1,1.78477E+12,1.78477E+12,1.78477E+12,1411,1000,-,115.1,0.1,18874368,32837632,18874368,32845824,15097557,6288327,16011,875,45056,157,2,/home/pranay/chipseq-benchmarks/work/b6/13f1cff4726c8b0a962a242687dea5,-,-,AMD Ryzen 7 4800H with Radeon Graphics,11803.089,11804.404,23.33,FRIP_SCORE,0,197.7167662
173,-,9187,NFCORE_CHIPSEQ:CHIPSEQ:BAM_PEAKS_CALL_QC_ANNOTATE_MACS3_HOMER:PLOT_MACS3_QC,-,NFCORE_CHIPSEQ:CHIPSEQ:BAM_PEAKS_CALL_QC_ANNOTATE_MACS3_HOMER:PLOT_MACS3_QC,COMPLETED,0,-,quay.io/biocontainers/mulled-v2-ad9dd5f398966bf899ae05f8e7c54d0fb10cdfa7:05678da05b8e5a7a5130e90a9f9a6c585b965afa-0,2,21600000,-,6442450944,1,1.78477E+12,1.78477E+12,1.78477E+12,4831,2000,-,381.7,1.7,135376896,2567684096,135376896,2567688192,14650767,434218,1801,129,89604096,587,43,/home/pranay/chipseq-benchmarks/work/fa/678ff41aabfae3f83c2faccee996df,-,-,AMD Ryzen 7 4800H with Radeon Graphics,11804.504,11809.239,107.11,PLOT_MACS3_QC,0,145.08034
174,-,9239,NFCORE_CHIPSEQ:CHIPSEQ:BED_CONSENSUS_QUANTIFY_QC_BEDTOOLS_FEATURECOUNTS_DESEQ2:MACS3_CONSENSUS,SPT5,NFCORE_CHIPSEQ:CHIPSEQ:BED_CONSENSUS_QUANTIFY_QC_BEDTOOLS_FEATURECOUNTS_DESEQ2:MACS3_CONSENSUS (SPT5),COMPLETED,0,-,quay.io/biocontainers/mulled-v2-2f48cc59b03027e31ead6d383fe1b8057785dd24:5d182f583f4696f4c4d9f3be93052811b383341f-0,1,21600000,-,6442450944,1,1.78477E+12,1.78477E+12,1.78477E+12,3394,2000,-,117.9,1.5,125001728,2318176256,125001728,2318180352,13208819,852693,2431,3112,119533568,488,11,/home/pranay/chipseq-benchmarks/work/f7/306d72006c0681598b8a2d457d9755,-,-,AMD Ryzen 7 4800H with Radeon Graphics,11809.339,11812.636,59.43,MACS3_CONSENSUS,0,125.3042468
171,-,9288,NFCORE_CHIPSEQ:CHIPSEQ:BAM_PEAKS_CALL_QC_ANNOTATE_MACS3_HOMER:HOMER_ANNOTATEPEAKS,SPT5_T0_REP2,NFCORE_CHIPSEQ:CHIPSEQ:BAM_PEAKS_CALL_QC_ANNOTATE_MACS3_HOMER:HOMER_ANNOTATEPEAKS (SPT5_T0_REP2),COMPLETED,0,-,quay.io/biocontainers/homer:4.11--pl526hc9558a2_3,2,21600000,-,6442450944,1,1.78477E+12,1.78477E+12,1.78477E+12,5978,4000,-,99.6,5,400519168,458956800,400519168,458969088,57821489,6078780,8542,1240,0,34,5,/home/pranay/chipseq-benchmarks/work/1a/96b10105047152979c784a4d7f4037,-,-,AMD Ryzen 7 4800H with Radeon Graphics,11812.736,11818.619,124,HOMER_ANNOTATEPEAKS,0,897.0418885
175,-,9337,NFCORE_CHIPSEQ:CHIPSEQ:BAM_BEDGRAPH_BIGWIG_BEDTOOLS_UCSC:BEDTOOLS_GENOMECOV,SPT5_T15_REP2,NFCORE_CHIPSEQ:CHIPSEQ:BAM_BEDGRAPH_BIGWIG_BEDTOOLS_UCSC:BEDTOOLS_GENOMECOV (SPT5_T15_REP2),COMPLETED,0,-,quay.io/biocontainers/bedtools:2.30.0--hc088bd4_0,2,21600000,-,6442450944,1,1.78477E+12,1.78477E+12,1.78477E+12,2508,0,-,111.7,0,5148672,23248896,5148672,23248896,8473771,4793260,33224,95781,26599424,42,0,/home/pranay/chipseq-benchmarks/work/f4/0b946b5fa2d0ba9f2bd3a326f6003a,-,-,AMD Ryzen 7 4800H with Radeon Graphics,11818.72,11821.132,49.46,BEDTOOLS_GENOMECOV,0,4278.597912
176,-,9382,NFCORE_CHIPSEQ:CHIPSEQ:BAM_BEDGRAPH_BIGWIG_BEDTOOLS_UCSC:BEDTOOLS_GENOMECOV,SPT5_T0_REP1,NFCORE_CHIPSEQ:CHIPSEQ:BAM_BEDGRAPH_BIGWIG_BEDTOOLS_UCSC:BEDTOOLS_GENOMECOV (SPT5_T0_REP1),COMPLETED,0,-,quay.io/biocontainers/bedtools:2.30.0--hc088bd4_0,2,21600000,-,6442450944,1,1.78477E+12,1.78477E+12,1.78477E+12,2522,1000,-,115.5,0.1,16343040,39677952,16343040,39677952,6984866,3887396,23647,77846,0,888,0,/home/pranay/chipseq-benchmarks/work/78/efd2f2757fe5e88334712f499debb0,-,-,AMD Ryzen 7 4800H with Radeon Graphics,11821.232,11823.66,34.88,BEDTOOLS_GENOMECOV,0,4277.789699
177,-,9430,NFCORE_CHIPSEQ:CHIPSEQ:BAM_BEDGRAPH_BIGWIG_BEDTOOLS_UCSC:BEDTOOLS_GENOMECOV,SPT5_T15_REP1,NFCORE_CHIPSEQ:CHIPSEQ:BAM_BEDGRAPH_BIGWIG_BEDTOOLS_UCSC:BEDTOOLS_GENOMECOV (SPT5_T15_REP1),COMPLETED,0,-,quay.io/biocontainers/bedtools:2.30.0--hc088bd4_0,2,21600000,-,6442450944,1,1.78477E+12,1.78477E+12,1.78477E+12,2545,0,-,112.9,0.1,16265216,39677952,16265216,39677952,8423656,4755174,29096,94705,0,858,1,/home/pranay/chipseq-benchmarks/work/78/c6baa8ab5a7ed037539c364ae0761a,-,-,AMD Ryzen 7 4800H with Radeon Graphics,11823.76,11826.208,47.32,BEDTOOLS_GENOMECOV,0,4278.597912
178,-,9476,NFCORE_CHIPSEQ:CHIPSEQ:BAM_BEDGRAPH_BIGWIG_BEDTOOLS_UCSC:BEDTOOLS_GENOMECOV,SPT5_INPUT_REP2,NFCORE_CHIPSEQ:CHIPSEQ:BAM_BEDGRAPH_BIGWIG_BEDTOOLS_UCSC:BEDTOOLS_GENOMECOV (SPT5_INPUT_REP2),COMPLETED,0,-,quay.io/biocontainers/bedtools:2.30.0--hc088bd4_0,2,21600000,-,6442450944,1,1.78477E+12,1.78477E+12,1.78477E+12,2965,0,-,114.6,0.1,16621568,39833600,16621568,39833600,13031098,7160220,43444,144594,0,1156,2,/home/pranay/chipseq-benchmarks/work/1e/cd51c408df907337733945b4865767,-,-,AMD Ryzen 7 4800H with Radeon Graphics,11826.308,11829.177,70.15,BEDTOOLS_GENOMECOV,0,4290.342456
179,-,9522,NFCORE_CHIPSEQ:CHIPSEQ:BAM_BEDGRAPH_BIGWIG_BEDTOOLS_UCSC:BEDTOOLS_GENOMECOV,SPT5_INPUT_REP1,NFCORE_CHIPSEQ:CHIPSEQ:BAM_BEDGRAPH_BIGWIG_BEDTOOLS_UCSC:BEDTOOLS_GENOMECOV (SPT5_INPUT_REP1),COMPLETED,0,-,quay.io/biocontainers/bedtools:2.30.0--hc088bd4_0,2,21600000,-,6442450944,1,1.78477E+12,1.78477E+12,1.78477E+12,2875,1000,-,115.4,0.1,16334848,39673856,16334848,39673856,12650913,6975652,41494,138752,0,699,0,/home/pranay/chipseq-benchmarks/work/23/763e238e1df23934e3c2ab212107bb,-,-,AMD Ryzen 7 4800H with Radeon Graphics,11829.277,11832.054,50.97,BEDTOOLS_GENOMECOV,0,4290.342456
180,-,9568,NFCORE_CHIPSEQ:CHIPSEQ:BAM_BEDGRAPH_BIGWIG_BEDTOOLS_UCSC:BEDTOOLS_GENOMECOV,SPT5_T0_REP2,NFCORE_CHIPSEQ:CHIPSEQ:BAM_BEDGRAPH_BIGWIG_BEDTOOLS_UCSC:BEDTOOLS_GENOMECOV (SPT5_T0_REP2),COMPLETED,0,-,quay.io/biocontainers/bedtools:2.30.0--hc088bd4_0,2,21600000,-,6442450944,1,1.78477E+12,1.78477E+12,1.78477E+12,2537,1000,-,112.5,0.1,16375808,39673856,16375808,39673856,5951119,3173287,19840,63578,0,991,3,/home/pranay/chipseq-benchmarks/work/03/395800c14af62192e1e0d789153d9b,-,-,AMD Ryzen 7 4800H with Radeon Graphics,11832.154,11834.594,32.8,BEDTOOLS_GENOMECOV,0,4282.031475
181,-,9615,NFCORE_CHIPSEQ:CHIPSEQ:BAM_PEAKS_CALL_QC_ANNOTATE_MACS3_HOMER:MULTIQC_CUSTOM_PEAKS,SPT5_T0_REP1,NFCORE_CHIPSEQ:CHIPSEQ:BAM_PEAKS_CALL_QC_ANNOTATE_MACS3_HOMER:MULTIQC_CUSTOM_PEAKS (SPT5_T0_REP1),COMPLETED,0,-,quay.io/nf-core/ubuntu:20.04,1,14400000,-,6442450944,1,1.78477E+12,1.78477E+12,1.78477E+12,1236,16,-,92.3,0,0,0,0,0,235288,63982,328,24,1183744,0,0,/home/pranay/chipseq-benchmarks/work/03/c7cbff0dcdb73816a8721bd9b176a6,-,-,AMD Ryzen 7 4800H with Radeon Graphics,11834.694,11835.834,17.78,MULTIQC_CUSTOM_PEAKS,0,365.5019185
182,-,9665,NFCORE_CHIPSEQ:CHIPSEQ:BAM_PEAKS_CALL_QC_ANNOTATE_MACS3_HOMER:MULTIQC_CUSTOM_PEAKS,SPT5_T15_REP1,NFCORE_CHIPSEQ:CHIPSEQ:BAM_PEAKS_CALL_QC_ANNOTATE_MACS3_HOMER:MULTIQC_CUSTOM_PEAKS (SPT5_T15_REP1),COMPLETED,0,-,quay.io/nf-core/ubuntu:20.04,1,14400000,-,6442450944,1,1.78477E+12,1.78477E+12,1.78477E+12,616,16,-,117.1,0,3084288,4087808,3084288,4096000,221362,57009,328,24,0,4,0,/home/pranay/chipseq-benchmarks/work/62/20b49045cdafd01264b0ad8225e2c5,-,-,AMD Ryzen 7 4800H with Radeon Graphics,11835.934,11836.453,23.17,MULTIQC_CUSTOM_PEAKS,0,366.396217
183,-,9715,NFCORE_CHIPSEQ:CHIPSEQ:BAM_PEAKS_CALL_QC_ANNOTATE_MACS3_HOMER:MULTIQC_CUSTOM_PEAKS,SPT5_T15_REP2,NFCORE_CHIPSEQ:CHIPSEQ:BAM_PEAKS_CALL_QC_ANNOTATE_MACS3_HOMER:MULTIQC_CUSTOM_PEAKS (SPT5_T15_REP2),COMPLETED,0,-,quay.io/nf-core/ubuntu:20.04,1,14400000,-,6442450944,1,1.78477E+12,1.78477E+12,1.78477E+12,649,17,-,111.6,0,3162112,4087808,3162112,4096000,249755,71207,329,24,0,4,0,/home/pranay/chipseq-benchmarks/work/c6/b2b02e066f73cd7989b927c72ae1da,-,-,AMD Ryzen 7 4800H with Radeon Graphics,11836.553,11837.106,27.81,MULTIQC_CUSTOM_PEAKS,0,365.5019185
186,-,9814,NFCORE_CHIPSEQ:CHIPSEQ:BED_CONSENSUS_QUANTIFY_QC_BEDTOOLS_FEATURECOUNTS_DESEQ2:SUBREAD_FEATURECOUNTS,SPT5,NFCORE_CHIPSEQ:CHIPSEQ:BED_CONSENSUS_QUANTIFY_QC_BEDTOOLS_FEATURECOUNTS_DESEQ2:SUBREAD_FEATURECOUNTS (SPT5),COMPLETED,0,-,quay.io/biocontainers/subread:2.0.1--hed695b0_0,2,21600000,-,6442450944,1,1.78477E+12,1.78477E+12,1.78477E+12,2102,0,-,96.6,0.1,14434304,220950528,14434304,288063488,21787035,76182,3316,109,2744320,7,1,/home/pranay/chipseq-benchmarks/work/1f/e6aeb176c93058370d5b414b5f3cf1,-,-,AMD Ryzen 7 4800H with Radeon Graphics,11837.821,11839.826,46.43,SUBREAD_FEATURECOUNTS,0,180.5254037
185,-,9864,NFCORE_CHIPSEQ:CHIPSEQ:BED_CONSENSUS_QUANTIFY_QC_BEDTOOLS_FEATURECOUNTS_DESEQ2:HOMER_ANNOTATEPEAKS,SPT5,NFCORE_CHIPSEQ:CHIPSEQ:BED_CONSENSUS_QUANTIFY_QC_BEDTOOLS_FEATURECOUNTS_DESEQ2:HOMER_ANNOTATEPEAKS (SPT5),COMPLETED,0,-,quay.io/biocontainers/homer:4.11--pl526hc9558a2_3,2,21600000,-,6442450944,1,1.78477E+12,1.78477E+12,1.78477E+12,5892,4000,-,99.4,4.4,357294080,461086720,357294080,461090816,58088350,6367920,8581,1286,0,32,5,/home/pranay/chipseq-benchmarks/work/5d/9117931de6fcf0a93310f10cd54431,-,-,AMD Ryzen 7 4800H with Radeon Graphics,11839.926,11845.722,121.15,HOMER_ANNOTATEPEAKS,0,897.1772215
187,-,9913,NFCORE_CHIPSEQ:CHIPSEQ:BAM_PEAKS_CALL_QC_ANNOTATE_MACS3_HOMER:PLOT_HOMER_ANNOTATEPEAKS,-,NFCORE_CHIPSEQ:CHIPSEQ:BAM_PEAKS_CALL_QC_ANNOTATE_MACS3_HOMER:PLOT_HOMER_ANNOTATEPEAKS,COMPLETED,0,-,quay.io/biocontainers/mulled-v2-ad9dd5f398966bf899ae05f8e7c54d0fb10cdfa7:05678da05b8e5a7a5130e90a9f9a6c585b965afa-0,2,21600000,-,6442450944,1,1.78477E+12,1.78477E+12,1.78477E+12,3194,1000,-,265,1.6,129163264,2335223808,129163264,2335232000,14930484,163355,1905,82,180224,19,19,/home/pranay/chipseq-benchmarks/work/f7/2ed535f56f09a72ab7bfcec2691ed9,-,-,AMD Ryzen 7 4800H with Radeon Graphics,11845.822,11848.92,64.1,PLOT_HOMER_ANNOTATEPEAKS,0,166.469605
188,-,9965,NFCORE_CHIPSEQ:CHIPSEQ:BAM_BEDGRAPH_BIGWIG_BEDTOOLS_UCSC:UCSC_BEDGRAPHTOBIGWIG,SPT5_T15_REP2,NFCORE_CHIPSEQ:CHIPSEQ:BAM_BEDGRAPH_BIGWIG_BEDTOOLS_UCSC:UCSC_BEDGRAPHTOBIGWIG (SPT5_T15_REP2),COMPLETED,0,-,quay.io/biocontainers/ucsc-bedgraphtobigwig:445--h954228d_0,1,14400000,-,6442450944,1,1.78477E+12,1.78477E+12,1.78477E+12,750,0,-,80.5,0,3846144,17436672,3846144,17440768,7248592,750657,270,169,22884352,9,0,/home/pranay/chipseq-benchmarks/work/5e/2b21fd520c05783343fdb749a975c5,-,-,AMD Ryzen 7 4800H with Radeon Graphics,11849.02,11849.674,16.25,UCSC_BEDGRAPHTOBIGWIG,0,70.41434725
189,-,10011,NFCORE_CHIPSEQ:CHIPSEQ:BAM_BEDGRAPH_BIGWIG_BEDTOOLS_UCSC:UCSC_BEDGRAPHTOBIGWIG,SPT5_T0_REP1,NFCORE_CHIPSEQ:CHIPSEQ:BAM_BEDGRAPH_BIGWIG_BEDTOOLS_UCSC:UCSC_BEDGRAPHTOBIGWIG (SPT5_T0_REP1),COMPLETED,0,-,quay.io/biocontainers/ucsc-bedgraphtobigwig:445--h954228d_0,1,14400000,-,6442450944,1,1.78477E+12,1.78477E+12,1.78477E+12,662,0,-,91.7,0.1,10428416,25681920,10428416,25751552,5889782,655726,249,148,0,1,0,/home/pranay/chipseq-benchmarks/work/8f/3266f89b12c588800343b5aa4b0168,-,-,AMD Ryzen 7 4800H with Radeon Graphics,11849.774,11850.341,28.5,UCSC_BEDGRAPHTOBIGWIG,0,86.467581
192,-,10145,NFCORE_CHIPSEQ:CHIPSEQ:BAM_BEDGRAPH_BIGWIG_BEDTOOLS_UCSC:UCSC_BEDGRAPHTOBIGWIG,SPT5_INPUT_REP1,NFCORE_CHIPSEQ:CHIPSEQ:BAM_BEDGRAPH_BIGWIG_BEDTOOLS_UCSC:UCSC_BEDGRAPHTOBIGWIG (SPT5_INPUT_REP1),COMPLETED,0,-,quay.io/biocontainers/ucsc-bedgraphtobigwig:445--h954228d_0,1,14400000,-,6442450944,1,1.78477E+12,1.78477E+12,1.78477E+12,781,0,-,97.4,0.1,10510336,25485312,10567680,25751552,10522173,964206,321,216,0,1,2,/home/pranay/chipseq-benchmarks/work/65/d4e61af1ba5470be1cba7dcccb4655,-,-,AMD Ryzen 7 4800H with Radeon Graphics,11851.938,11852.624,27.86,UCSC_BEDGRAPHTOBIGWIG,0,125.6261798
193,-,10190,NFCORE_CHIPSEQ:CHIPSEQ:BAM_BEDGRAPH_BIGWIG_BEDTOOLS_UCSC:UCSC_BEDGRAPHTOBIGWIG,SPT5_T0_REP2,NFCORE_CHIPSEQ:CHIPSEQ:BAM_BEDGRAPH_BIGWIG_BEDTOOLS_UCSC:UCSC_BEDGRAPHTOBIGWIG (SPT5_T0_REP2),COMPLETED,0,-,quay.io/biocontainers/ucsc-bedgraphtobigwig:445--h954228d_0,1,14400000,-,6442450944,1,1.78477E+12,1.78477E+12,1.78477E+12,664,1000,-,103.5,0.1,10559488,25681920,10559488,25751552,4818622,552691,234,128,0,1,1,/home/pranay/chipseq-benchmarks/work/4a/0316664bd1403b9747f145c690895b,-,-,AMD Ryzen 7 4800H with Radeon Graphics,11852.724,11853.293,26.77,UCSC_BEDGRAPHTOBIGWIG,0,113.9305035
194,-,10233,NFCORE_CHIPSEQ:CHIPSEQ:BED_CONSENSUS_QUANTIFY_QC_BEDTOOLS_FEATURECOUNTS_DESEQ2:DESEQ2_QC,SPT5,NFCORE_CHIPSEQ:CHIPSEQ:BED_CONSENSUS_QUANTIFY_QC_BEDTOOLS_FEATURECOUNTS_DESEQ2:DESEQ2_QC (SPT5),COMPLETED,0,-,quay.io/biocontainers/mulled-v2-8849acf39a43cdd6c839a369a74c0adc823e2f91:ab110436faf952a33575c64dd74615a84011450b-0,2,21600000,-,6442450944,1,1.78477E+12,1.78477E+12,1.78477E+12,15654,14000,-,116.1,8.9,720195584,2938712064,720195584,2938720256,71789813,150623,5658,289,114368512,929,29,/home/pranay/chipseq-benchmarks/work/4c/4066ce6e56d3feb091e47440f73639,-,-,AMD Ryzen 7 4800H with Radeon Graphics,11853.394,11868.952,331.42,DESEQ2_QC,0,1775.186612
195,-,10282,NFCORE_CHIPSEQ:CHIPSEQ:BED_CONSENSUS_QUANTIFY_QC_BEDTOOLS_FEATURECOUNTS_DESEQ2:ANNOTATE_BOOLEAN_PEAKS,SPT5,NFCORE_CHIPSEQ:CHIPSEQ:BED_CONSENSUS_QUANTIFY_QC_BEDTOOLS_FEATURECOUNTS_DESEQ2:ANNOTATE_BOOLEAN_PEAKS (SPT5),COMPLETED,0,-,docker.io/library/ubuntu:20.04,2,14400000,-,6442450944,1,1.78477E+12,1.78477E+12,1.78477E+12,7256,23,-,87.3,0,3198976,4087808,3198976,4096000,1364478,1198527,618,313,225280,3,0,/home/pranay/chipseq-benchmarks/work/99/15e50c5f154d749e54933e2cc1c286,-,-,AMD Ryzen 7 4800H with Radeon Graphics,11869.053,11876.212,201.68,ANNOTATE_BOOLEAN_PEAKS,0,98.20687845
196,-,10336,NFCORE_CHIPSEQ:CHIPSEQ:DEEPTOOLS_COMPUTEMATRIX,SPT5_T15_REP2,NFCORE_CHIPSEQ:CHIPSEQ:DEEPTOOLS_COMPUTEMATRIX (SPT5_T15_REP2),COMPLETED,0,-,quay.io/biocontainers/deeptools:3.5.5--pyhdfd78af_0,2,21600000,-,6442450944,1,1.78477E+12,1.78477E+12,1.78477E+12,81896,81000,-,187.9,2.7,219602944,6729035776,246870016,6761504768,244055807,61751668,47698,7101,466944,512,241,/home/pranay/chipseq-benchmarks/work/a6/de35a318c757dd3c43a392d44429ac,-,-,AMD Ryzen 7 4800H with Radeon Graphics,11876.312,11958.112,2526.09,DEEPTOOLS_COMPUTEMATRIX,0,901.70659
197,-,10387,NFCORE_CHIPSEQ:CHIPSEQ:DEEPTOOLS_COMPUTEMATRIX,SPT5_T0_REP1,NFCORE_CHIPSEQ:CHIPSEQ:DEEPTOOLS_COMPUTEMATRIX (SPT5_T0_REP1),COMPLETED,0,-,quay.io/biocontainers/deeptools:3.5.5--pyhdfd78af_0,2,21600000,-,6442450944,1,1.78477E+12,1.78477E+12,1.78477E+12,85084,84000,-,188.8,2.5,213037056,6722306048,241504256,6762446848,245774323,59947203,48121,6805,655360,516,267,/home/pranay/chipseq-benchmarks/work/d2/1efc23424340061a0bc2ff58af79ed,-,-,AMD Ryzen 7 4800H with Radeon Graphics,11958.212,12043.201,2524.2,DEEPTOOLS_COMPUTEMATRIX,0,885.6404385
198,-,10433,NFCORE_CHIPSEQ:CHIPSEQ:DEEPTOOLS_COMPUTEMATRIX,SPT5_T15_REP1,NFCORE_CHIPSEQ:CHIPSEQ:DEEPTOOLS_COMPUTEMATRIX (SPT5_T15_REP1),COMPLETED,0,-,quay.io/biocontainers/deeptools:3.5.5--pyhdfd78af_0,2,21600000,-,6442450944,1,1.78477E+12,1.78477E+12,1.78477E+12,81809,81000,-,189.6,2.6,213467136,6723158016,242937856,6759251968,242961557,62029471,47434,7116,737280,502,249,/home/pranay/chipseq-benchmarks/work/35/abeb7f0965552f96172af998e4ab9f,-,-,AMD Ryzen 7 4800H with Radeon Graphics,12043.301,12125.014,2415.51,DEEPTOOLS_COMPUTEMATRIX,0,889.0557255
199,-,10480,NFCORE_CHIPSEQ:CHIPSEQ:DEEPTOOLS_COMPUTEMATRIX,SPT5_INPUT_REP2,NFCORE_CHIPSEQ:CHIPSEQ:DEEPTOOLS_COMPUTEMATRIX (SPT5_INPUT_REP2),COMPLETED,0,-,quay.io/biocontainers/deeptools:3.5.5--pyhdfd78af_0,2,21600000,-,6442450944,1,1.78477E+12,1.78477E+12,1.78477E+12,81217,80000,-,193.2,2.5,212664320,6722719744,240627712,6761828352,242813119,65810822,47399,7192,970752,469,242,/home/pranay/chipseq-benchmarks/work/b0/456527841843cd2c1ab713c95bc520,-,-,AMD Ryzen 7 4800H with Radeon Graphics,12125.114,12206.237,2522.83,DEEPTOOLS_COMPUTEMATRIX,0,889.0557255
200,-,10527,NFCORE_CHIPSEQ:CHIPSEQ:DEEPTOOLS_COMPUTEMATRIX,SPT5_INPUT_REP1,NFCORE_CHIPSEQ:CHIPSEQ:DEEPTOOLS_COMPUTEMATRIX (SPT5_INPUT_REP1),COMPLETED,0,-,quay.io/biocontainers/deeptools:3.5.5--pyhdfd78af_0,2,21600000,-,6442450944,1,1.78477E+12,1.78477E+12,1.78477E+12,83081,83000,-,189,2.5,213008384,6722703360,242405376,6760521728,245256702,65409420,47995,7191,921600,464,248,/home/pranay/chipseq-benchmarks/work/8d/5f308f4fa66d60166bbbe78bcb05b6,-,-,AMD Ryzen 7 4800H with Radeon Graphics,12206.338,12289.322,2503.92,DEEPTOOLS_COMPUTEMATRIX,0,902.7682535
201,-,10575,NFCORE_CHIPSEQ:CHIPSEQ:DEEPTOOLS_COMPUTEMATRIX,SPT5_T0_REP2,NFCORE_CHIPSEQ:CHIPSEQ:DEEPTOOLS_COMPUTEMATRIX (SPT5_T0_REP2),COMPLETED,0,-,quay.io/biocontainers/deeptools:3.5.5--pyhdfd78af_0,2,21600000,-,6442450944,1,1.78477E+12,1.78477E+12,1.78477E+12,84637,84000,-,187.1,2.6,215969792,6727372800,243613696,6761160704,246585373,59625020,48318,6666,552960,485,278,/home/pranay/chipseq-benchmarks/work/65/028fd468c85a90dc23adb098164cbe,-,-,AMD Ryzen 7 4800H with Radeon Graphics,12289.422,12373.964,2633.46,DEEPTOOLS_COMPUTEMATRIX,0,961.7354305
202,-,10621,NFCORE_CHIPSEQ:CHIPSEQ:IGV,-,NFCORE_CHIPSEQ:CHIPSEQ:IGV,COMPLETED,0,-,quay.io/biocontainers/python:3.8.3,1,14400000,-,6442450944,1,1.78477E+12,1.78477E+12,1.78477E+12,1868,0,-,79.2,0,2854912,11583488,2854912,11587584,709999,8789,365,34,8646656,1,0,/home/pranay/chipseq-benchmarks/work/dd/441415ae9d32109901052884cb9098,-,-,AMD Ryzen 7 4800H with Radeon Graphics,12374.064,12375.84,59.17,IGV,0,191.1959283
203,-,10702,NFCORE_CHIPSEQ:CHIPSEQ:DEEPTOOLS_PLOTPROFILE,SPT5_T15_REP2,NFCORE_CHIPSEQ:CHIPSEQ:DEEPTOOLS_PLOTPROFILE (SPT5_T15_REP2),COMPLETED,0,-,quay.io/biocontainers/deeptools:3.5.5--pyhdfd78af_0,2,14400000,-,6442450944,1,1.78477E+12,1.78477E+12,1.78477E+12,5119,4000,-,156.6,1.6,135528448,2539102208,214626304,2618540032,47659786,82470,6844,40,0,9,27,/home/pranay/chipseq-benchmarks/work/31/9473465b8c9187d66e135231c8462a,-,-,AMD Ryzen 7 4800H with Radeon Graphics,12375.94,12380.964,142.03,DEEPTOOLS_PLOTPROFILE,0,1127.310369
204,-,10746,NFCORE_CHIPSEQ:CHIPSEQ:DEEPTOOLS_PLOTHEATMAP,SPT5_T15_REP2,NFCORE_CHIPSEQ:CHIPSEQ:DEEPTOOLS_PLOTHEATMAP (SPT5_T15_REP2),COMPLETED,0,-,quay.io/biocontainers/deeptools:3.5.5--pyhdfd78af_0,2,14400000,-,6442450944,1,1.78477E+12,1.78477E+12,1.78477E+12,9621,9000,-,128.6,3.9,315957248,2718937088,332693504,2735616000,50695660,2163565,7567,104,0,8,46,/home/pranay/chipseq-benchmarks/work/80/25424d0e58f350a8edc9c4cdf9cf3a,-,-,AMD Ryzen 7 4800H with Radeon Graphics,12381.064,12390.59,285.04,DEEPTOOLS_PLOTHEATMAP,0,5951.491968
206,-,10790,NFCORE_CHIPSEQ:CHIPSEQ:DEEPTOOLS_PLOTPROFILE,SPT5_T0_REP1,NFCORE_CHIPSEQ:CHIPSEQ:DEEPTOOLS_PLOTPROFILE (SPT5_T0_REP1),COMPLETED,0,-,quay.io/biocontainers/deeptools:3.5.5--pyhdfd78af_0,2,14400000,-,6442450944,1,1.78477E+12,1.78477E+12,1.78477E+12,4538,4000,-,167.1,1.9,158343168,2443341824,158343168,2443341824,47349597,82748,6774,40,4096,9,19,/home/pranay/chipseq-benchmarks/work/19/c2931d695d27ff141efdd3950ba31b,-,-,AMD Ryzen 7 4800H with Radeon Graphics,12390.691,12395.133,125.46,DEEPTOOLS_PLOTPROFILE,0,1127.310369
205,-,10835,NFCORE_CHIPSEQ:CHIPSEQ:DEEPTOOLS_PLOTHEATMAP,SPT5_T0_REP1,NFCORE_CHIPSEQ:CHIPSEQ:DEEPTOOLS_PLOTHEATMAP (SPT5_T0_REP1),COMPLETED,0,-,quay.io/biocontainers/deeptools:3.5.5--pyhdfd78af_0,2,14400000,-,6442450944,1,1.78477E+12,1.78477E+12,1.78477E+12,9625,9000,-,128.1,3.6,295645184,2699108352,332103680,2735673344,50364990,1925731,7492,98,0,12,44,/home/pranay/chipseq-benchmarks/work/17/44f5b6a19542d04c8d04943df371da,-,-,AMD Ryzen 7 4800H with Radeon Graphics,12395.233,12404.763,264.99,DEEPTOOLS_PLOTHEATMAP,0,5951.491968
207,-,10877,NFCORE_CHIPSEQ:CHIPSEQ:DEEPTOOLS_PLOTPROFILE,SPT5_T15_REP1,NFCORE_CHIPSEQ:CHIPSEQ:DEEPTOOLS_PLOTPROFILE (SPT5_T15_REP1),COMPLETED,0,-,quay.io/biocontainers/deeptools:3.5.5--pyhdfd78af_0,2,14400000,-,6442450944,1,1.78477E+12,1.78477E+12,1.78477E+12,4803,4000,-,162,1.4,112455680,2383351808,112455680,2391347200,47673453,82567,6852,40,4096,5,25,/home/pranay/chipseq-benchmarks/work/e1/752265892626ede5df1b27e9646ee1,-,-,AMD Ryzen 7 4800H with Radeon Graphics,12404.863,12409.572,127.36,DEEPTOOLS_PLOTPROFILE,0,1127.310369
208,-,10921,NFCORE_CHIPSEQ:CHIPSEQ:DEEPTOOLS_PLOTHEATMAP,SPT5_T15_REP1,NFCORE_CHIPSEQ:CHIPSEQ:DEEPTOOLS_PLOTHEATMAP (SPT5_T15_REP1),COMPLETED,0,-,quay.io/biocontainers/deeptools:3.5.5--pyhdfd78af_0,2,14400000,-,6442450944,1,1.78477E+12,1.78477E+12,1.78477E+12,9878,10000,-,128.5,3.6,292651008,2695888896,332165120,2735587328,51024714,2147472,7652,105,0,5,38,/home/pranay/chipseq-benchmarks/work/56/c9c71114fb9ec5726cd66d9d3ebd13,-,-,AMD Ryzen 7 4800H with Radeon Graphics,12409.673,12419.455,212.5,DEEPTOOLS_PLOTHEATMAP,0,5951.491968
210,-,10965,NFCORE_CHIPSEQ:CHIPSEQ:DEEPTOOLS_PLOTHEATMAP,SPT5_INPUT_REP2,NFCORE_CHIPSEQ:CHIPSEQ:DEEPTOOLS_PLOTHEATMAP (SPT5_INPUT_REP2),COMPLETED,0,-,quay.io/biocontainers/deeptools:3.5.5--pyhdfd78af_0,2,14400000,-,6442450944,1,1.78477E+12,1.78477E+12,1.78477E+12,10847,11000,-,125.2,4.1,332419072,2735091712,332419072,2735091712,50605997,2752947,7538,113,28672,8,27,/home/pranay/chipseq-benchmarks/work/9d/04b2062b35c0e1fda66907e66e821f,-,-,AMD Ryzen 7 4800H with Radeon Graphics,12419.554,12430.306,286.27,DEEPTOOLS_PLOTHEATMAP,0,5951.491968
209,-,11009,NFCORE_CHIPSEQ:CHIPSEQ:DEEPTOOLS_PLOTPROFILE,SPT5_INPUT_REP2,NFCORE_CHIPSEQ:CHIPSEQ:DEEPTOOLS_PLOTPROFILE (SPT5_INPUT_REP2),COMPLETED,0,-,quay.io/biocontainers/deeptools:3.5.5--pyhdfd78af_0,2,14400000,-,6442450944,1,1.78477E+12,1.78477E+12,1.78477E+12,4819,4000,-,161.2,1.4,113659904,2384105472,113659904,2391166976,48651461,83491,7079,40,0,6,24,/home/pranay/chipseq-benchmarks/work/0f/706bb48bd6c3acc960a34b56cb7e59,-,-,AMD Ryzen 7 4800H with Radeon Graphics,12430.407,12435.131,125.68,DEEPTOOLS_PLOTPROFILE,0,1127.310369
212,-,11053,NFCORE_CHIPSEQ:CHIPSEQ:DEEPTOOLS_PLOTPROFILE,SPT5_INPUT_REP1,NFCORE_CHIPSEQ:CHIPSEQ:DEEPTOOLS_PLOTPROFILE (SPT5_INPUT_REP1),COMPLETED,0,-,quay.io/biocontainers/deeptools:3.5.5--pyhdfd78af_0,2,14400000,-,6442450944,1,1.78477E+12,1.78477E+12,1.78477E+12,4867,4000,-,158.3,1.4,112283648,2382942208,112283648,2391392256,47946281,83033,6905,40,4096,6,25,/home/pranay/chipseq-benchmarks/work/ff/3bcb3153402f094d6314560f7f4c0e,-,-,AMD Ryzen 7 4800H with Radeon Graphics,12435.229,12440.004,123.77,DEEPTOOLS_PLOTPROFILE,0,1127.310369
211,-,11096,NFCORE_CHIPSEQ:CHIPSEQ:DEEPTOOLS_PLOTHEATMAP,SPT5_INPUT_REP1,NFCORE_CHIPSEQ:CHIPSEQ:DEEPTOOLS_PLOTHEATMAP (SPT5_INPUT_REP1),COMPLETED,0,-,quay.io/biocontainers/deeptools:3.5.5--pyhdfd78af_0,2,14400000,-,6442450944,1,1.78477E+12,1.78477E+12,1.78477E+12,9845,9000,-,128.4,3.6,292417536,2695630848,331837440,2735280128,50646280,2742679,7546,115,0,7,33,/home/pranay/chipseq-benchmarks/work/58/a7ecadea630d8e3db0e6e6889a8a1d,-,-,AMD Ryzen 7 4800H with Radeon Graphics,12440.104,12449.854,238.81,DEEPTOOLS_PLOTHEATMAP,0,5951.491968
214,-,11140,NFCORE_CHIPSEQ:CHIPSEQ:DEEPTOOLS_PLOTHEATMAP,SPT5_T0_REP2,NFCORE_CHIPSEQ:CHIPSEQ:DEEPTOOLS_PLOTHEATMAP (SPT5_T0_REP2),COMPLETED,0,-,quay.io/biocontainers/deeptools:3.5.5--pyhdfd78af_0,2,14400000,-,6442450944,1,1.78477E+12,1.78477E+12,1.78477E+12,10001,9000,-,127,4.1,332234752,2735644672,332234752,2735644672,50557239,1689421,7547,92,4096,6,55,/home/pranay/chipseq-benchmarks/work/90/011912519fb2c4f8961268a33445ae,-,-,AMD Ryzen 7 4800H with Radeon Graphics,12449.954,12459.859,254.76,DEEPTOOLS_PLOTHEATMAP,0,5951.491968
213,-,11184,NFCORE_CHIPSEQ:CHIPSEQ:DEEPTOOLS_PLOTPROFILE,SPT5_T0_REP2,NFCORE_CHIPSEQ:CHIPSEQ:DEEPTOOLS_PLOTPROFILE (SPT5_T0_REP2),COMPLETED,0,-,quay.io/biocontainers/deeptools:3.5.5--pyhdfd78af_0,2,14400000,-,6442450944,1,1.78477E+12,1.78477E+12,1.78477E+12,4393,4000,-,169,2.1,173113344,2443411456,173113344,2443411456,47214170,82981,6749,40,0,7,34,/home/pranay/chipseq-benchmarks/work/e2/39a875a8bad415a2dbe589a140f648,-,-,AMD Ryzen 7 4800H with Radeon Graphics,12459.959,12464.258,105.27,DEEPTOOLS_PLOTPROFILE,0,1127.310369
215,-,11227,NFCORE_CHIPSEQ:CHIPSEQ:MULTIQC,-,NFCORE_CHIPSEQ:CHIPSEQ:MULTIQC,COMPLETED,0,-,quay.io/biocontainers/multiqc:1.23--pyhdfd78af_0,2,21600000,-,6442450944,1,1.78477E+12,1.78477E+12,1.78477E+12,166679,64252,-,119.6,7.8,634699776,8467509248,813961216,12623921152,187727213,159377641,31623,10145,3170304,8187,139,/home/pranay/chipseq-benchmarks/work/95/646984e55e33edac41e9c7881a77d2,-,-,AMD Ryzen 7 4800H with Radeon Graphics,12464.359,12630.99,4121.82,MULTIQC,0,2872.68686
