task_id,hostname,native_id,process,tag,name,status,exit,module,container,cpus,time,disk,memory,attempt,submit,start,complete,duration,runtime_s,queue,%cpu,%mem,rss,vmem,peak_mem,peak_vmem,rchar,wchar,syscr,syscw,read_bytes,write_bytes,vol_ctxt,inv_ctxt,workdir,scratch,error_action,cpu_model,start_sec,complete_sec,task_type,energy_j,source_dataset,source_workflow,cores,ram,node,predicted_energy_j,predicted_runtime_s,predicted_peak_mem
5,-,12250,NFCORE_ATACSEQ:ATACSEQ:INPUT_CHECK:SAMPLESHEET_CHECK,samplesheet_test.csv,NFCORE_ATACSEQ:ATACSEQ:INPUT_CHECK:SAMPLESHEET_CHECK (samplesheet_test.csv),COMPLETED,0,-,quay.io/biocontainers/python:3.8.3,1,14400000,-,6442450944,1,1785251967133,1785251967209,1785251969088,1955,0,-,68.8,0.0,6594560,31383552,6594560,31387648,683710,1841,242,17,12173312,12288,22,0,/home/pranay/nextflow_benchmarks/work/e8/71051d402e21c21df0bd72ea500b55,-,-,AMD Ryzen 7 4800H with Radeon Graphics,58767.209,58769.088,SAMPLESHEET_CHECK,49.69,ryzen_7_laptop,atacseq,8.0,16.0,ryzen_7,118.54122100000012,967.5,2883768.32
2,-,12300,NFCORE_ATACSEQ:ATACSEQ:PREPARE_GENOME:CUSTOM_GETCHROMSIZES,genome.fa,NFCORE_ATACSEQ:ATACSEQ:PREPARE_GENOME:CUSTOM_GETCHROMSIZES (genome.fa),COMPLETED,0,-,quay.io/biocontainers/samtools:1.16.1--h6899075_1,1,14400000,-,6442450944,1,1785251969097,1785251969189,1785251969914,817,0,-,69.9,0.0,6500352,12566528,6500352,12570624,12468692,5520,420,20,10280960,16384,22,0,/home/pranay/nextflow_benchmarks/work/7b/d27cd56584694aa0367aa39a6fd5e1,-,-,AMD Ryzen 7 4800H with Radeon Graphics,58769.189,58769.914,CUSTOM_GETCHROMSIZES,31.95,ryzen_7_laptop,atacseq,8.0,16.0,ryzen_7,146.40386974999998,996.045,3535741.6106666666
1,-,12350,NFCORE_ATACSEQ:ATACSEQ:PREPARE_GENOME:KHMER_UNIQUEKMERS,genome.fa,NFCORE_ATACSEQ:ATACSEQ:PREPARE_GENOME:KHMER_UNIQUEKMERS (genome.fa),COMPLETED,0,-,quay.io/biocontainers/khmer:3.0.0a3--py37haa7609a_2,2,14400000,-,6442450944,1,1785251969922,1785251970065,1785251971659,1737,1000,-,335.9,0.1,10403840,16601088,10403840,16605184,16907732,3469,2465,23,46379008,16384,20,0,/home/pranay/nextflow_benchmarks/work/e2/3f5f55602c55b3c3adc3d42797663d,-,-,AMD Ryzen 7 4800H with Radeon Graphics,58770.065,58771.659,KHMER_UNIQUEKMERS,33.27,ryzen_7_laptop,atacseq,8.0,16.0,ryzen_7,201.6190917499999,1544.455,3694571.52
4,-,12432,NFCORE_ATACSEQ:ATACSEQ:PREPARE_GENOME:BWA_INDEX,genome.fa,NFCORE_ATACSEQ:ATACSEQ:PREPARE_GENOME:BWA_INDEX (genome.fa),COMPLETED,0,-,quay.io/biocontainers/bwa:0.7.17--hed695b0_7,1,14400000,-,6442450944,1,1785251971670,1785251971758,1785251979406,7736,6000,-,98.1,1.6,133017600,151535616,133017600,151539712,49080299,33436125,1677,73,1740800,33476608,36,32,/home/pranay/nextflow_benchmarks/work/ab/63c8cbf46b0969b5ea1b1724cc5a38,-,-,AMD Ryzen 7 4800H with Radeon Graphics,58771.758,58779.406,BWA_INDEX,133.65,ryzen_7_laptop,atacseq,8.0,16.0,ryzen_7,547.0937992499995,2724.565,14315732.992
3,-,12491,NFCORE_ATACSEQ:ATACSEQ:PREPARE_GENOME:GTF2BED,genes.gtf,NFCORE_ATACSEQ:ATACSEQ:PREPARE_GENOME:GTF2BED (genes.gtf),COMPLETED,0,-,quay.io/biocontainers/perl:5.26.2,2,14400000,-,6442450944,1,1785251979412,1785251979507,1785251981367,1955,1000,-,93.5,0.1,8798208,29605888,8798208,29609984,12234475,401934,1646,66,2912256,409600,24,0,/home/pranay/nextflow_benchmarks/work/55/082418164003baba20d5f05bdb015a,-,-,AMD Ryzen 7 4800H with Radeon Graphics,58779.507,58781.367,GTF2BED,49.19,ryzen_7_laptop,atacseq,8.0,16.0,ryzen_7,160.29460650000001,978.545,1643138825.5573335
8,-,12538,NFCORE_ATACSEQ:ATACSEQ:PREPARE_GENOME:GET_AUTOSOMES,genome.fa.fai,NFCORE_ATACSEQ:ATACSEQ:PREPARE_GENOME:GET_AUTOSOMES (genome.fa.fai),COMPLETED,0,-,quay.io/biocontainers/python:3.8.3,1,14400000,-,6442450944,1,1785251981376,1785251981468,1785251983013,1637,0,-,97.0,0.1,12779520,36003840,12779520,36007936,664159,399,238,17,0,12288,1,0,/home/pranay/nextflow_benchmarks/work/c1/ff97324933b24f4166b19317335f47,-,-,AMD Ryzen 7 4800H with Radeon Graphics,58781.468,58783.013,GET_AUTOSOMES,51.6,ryzen_7_laptop,atacseq,8.0,16.0,ryzen_7,124.28487058333334,957.5,2973880.32
9,-,12582,NFCORE_ATACSEQ:ATACSEQ:PREPARE_GENOME:GENOME_BLACKLIST_REGIONS,genome.fa.sizes,NFCORE_ATACSEQ:ATACSEQ:PREPARE_GENOME:GENOME_BLACKLIST_REGIONS (genome.fa.sizes),COMPLETED,0,-,quay.io/biocontainers/bedtools:2.30.0--hc088bd4_0,1,14400000,-,6442450944,1,1785251983019,1785251983113,1785251984645,1626,0,-,61.5,0.0,6049792,34750464,6049792,34754560,43820,808,145,49,26599424,12288,5,0,/home/pranay/nextflow_benchmarks/work/4e/c769f77cf73e8c0bfbeec523b73d09,-,-,AMD Ryzen 7 4800H with Radeon Graphics,58783.113,58784.645,GENOME_BLACKLIST_REGIONS,25.94,ryzen_7_laptop,atacseq,8.0,16.0,ryzen_7,130.02768400000028,835.0,3028424.508952381
6,-,12626,NFCORE_ATACSEQ:ATACSEQ:FASTQ_FASTQC_UMITOOLS_TRIMGALORE:TRIMGALORE,OSMOTIC_STRESS_T0_PE_REP1_T1,NFCORE_ATACSEQ:ATACSEQ:FASTQ_FASTQC_UMITOOLS_TRIMGALORE:TRIMGALORE (OSMOTIC_STRESS_T0_PE_REP1_T1),COMPLETED,0,-,quay.io/biocontainers/trim-galore:0.6.7--hdfd78af_0,2,21600000,-,6442450944,1,1785251984652,1785251984745,1785251997716,13064,12000,-,157.8,2.9,235622400,3548999680,235622400,3581169664,259690509,207799424,51976,37300,135790592,24817664,5473,7,/home/pranay/nextflow_benchmarks/work/26/0e96c2c3ebf9f8890954d57bccdad6,-,-,AMD Ryzen 7 4800H with Radeon Graphics,58784.745,58797.716,TRIMGALORE,316.83,ryzen_7_laptop,atacseq,8.0,16.0,ryzen_7,853.5660547833334,2940.0,7642757.12
7,-,12671,NFCORE_ATACSEQ:ATACSEQ:FASTQ_FASTQC_UMITOOLS_TRIMGALORE:FASTQC,OSMOTIC_STRESS_T0_PE_REP1_T1,NFCORE_ATACSEQ:ATACSEQ:FASTQ_FASTQC_UMITOOLS_TRIMGALORE:FASTQC (OSMOTIC_STRESS_T0_PE_REP1_T1),COMPLETED,0,-,quay.io/biocontainers/fastqc:0.11.9--0,2,21600000,-,6442450944,1,1785251997721,1785251997816,1785252003026,5305,3000,-,259.3,5.6,451727360,4097818624,451727360,4160737280,32566285,4200059,30507,12538,117174272,4579328,66,1,/home/pranay/nextflow_benchmarks/work/e1/30552def1b44ab10efc11fde8c25c8,-,-,AMD Ryzen 7 4800H with Radeon Graphics,58797.816,58803.026,FASTQC,156.04999999999998,ryzen_7_laptop,atacseq,8.0,16.0,ryzen_7,5222.672744749986,28285.335,1137825986.56
13,-,12728,NFCORE_ATACSEQ:ATACSEQ:FASTQ_FASTQC_UMITOOLS_TRIMGALORE:FASTQC,OSMOTIC_STRESS_T100_SE_REP1_T1,NFCORE_ATACSEQ:ATACSEQ:FASTQ_FASTQC_UMITOOLS_TRIMGALORE:FASTQC (OSMOTIC_STRESS_T100_SE_REP1_T1),COMPLETED,0,-,quay.io/biocontainers/fastqc:0.11.9--0,2,21600000,-,6442450944,1,1785252003032,1785252003126,1785252007207,4175,2000,-,238.2,2.7,217214976,3825176576,217694208,3826638848,26071817,2078153,17295,6281,4096,2297856,4,0,/home/pranay/nextflow_benchmarks/work/66/d193d350f58a974b828e89b19de423,-,-,AMD Ryzen 7 4800H with Radeon Graphics,58803.126,58807.207,FASTQC,101.95,ryzen_7_laptop,atacseq,8.0,16.0,ryzen_7,5205.386833749986,28272.5,1137825986.56
12,-,12776,NFCORE_ATACSEQ:ATACSEQ:FASTQ_FASTQC_UMITOOLS_TRIMGALORE:TRIMGALORE,OSMOTIC_STRESS_T100_SE_REP1_T1,NFCORE_ATACSEQ:ATACSEQ:FASTQ_FASTQC_UMITOOLS_TRIMGALORE:TRIMGALORE (OSMOTIC_STRESS_T100_SE_REP1_T1),COMPLETED,0,-,quay.io/biocontainers/trim-galore:0.6.7--hdfd78af_0,2,21600000,-,6442450944,1,1785252007212,1785252007307,1785252013257,6045,5000,-,162.4,3.5,290009088,3553116160,290009088,3616034816,101164497,69415705,24589,15279,4096,7360512,1242,5,/home/pranay/nextflow_benchmarks/work/cb/93c3b5909d527d58d2ec64f8341cc5,-,-,AMD Ryzen 7 4800H with Radeon Graphics,58807.307,58813.257,TRIMGALORE,149.61,ryzen_7_laptop,atacseq,8.0,16.0,ryzen_7,2270.5036630000013,10933.9675,8856002.56
11,-,12820,NFCORE_ATACSEQ:ATACSEQ:FASTQ_FASTQC_UMITOOLS_TRIMGALORE:FASTQC,OSMOTIC_STRESS_T0_PE_REP2_T1,NFCORE_ATACSEQ:ATACSEQ:FASTQ_FASTQC_UMITOOLS_TRIMGALORE:FASTQC (OSMOTIC_STRESS_T0_PE_REP2_T1),COMPLETED,0,-,quay.io/biocontainers/fastqc:0.11.9--0,2,21600000,-,6442450944,1,1785252013263,1785252013357,1785252018424,5161,4000,-,257.8,4.6,369807360,3893334016,374128640,3897671680,32425471,4172598,30393,12551,24576,4575232,4,0,/home/pranay/nextflow_benchmarks/work/b0/b687380f457c40a835152f706ba59b,-,-,AMD Ryzen 7 4800H with Radeon Graphics,58813.357,58818.424,FASTQC,166.84,ryzen_7_laptop,atacseq,8.0,16.0,ryzen_7,5208.726268249985,28277.5,1137825986.56
15,-,12866,NFCORE_ATACSEQ:ATACSEQ:FASTQ_FASTQC_UMITOOLS_TRIMGALORE:FASTQC,OSMOTIC_STRESS_T100_SE_REP2_T1,NFCORE_ATACSEQ:ATACSEQ:FASTQ_FASTQC_UMITOOLS_TRIMGALORE:FASTQC (OSMOTIC_STRESS_T100_SE_REP2_T1),COMPLETED,0,-,quay.io/biocontainers/fastqc:0.11.9--0,2,21600000,-,6442450944,1,1785252018430,1785252018524,1785252022507,4077,3000,-,232.2,3.2,262967296,3829534720,262967296,3829538816,26048108,2070876,17252,6227,0,2306048,3,0,/home/pranay/nextflow_benchmarks/work/5f/694a6a1655baf73463f6ae04e78113,-,-,AMD Ryzen 7 4800H with Radeon Graphics,58818.524,58822.507,FASTQC,101.27,ryzen_7_laptop,atacseq,8.0,16.0,ryzen_7,5205.386833749986,28272.5,1137825986.56
14,-,12909,NFCORE_ATACSEQ:ATACSEQ:FASTQ_FASTQC_UMITOOLS_TRIMGALORE:TRIMGALORE,OSMOTIC_STRESS_T100_SE_REP2_T1,NFCORE_ATACSEQ:ATACSEQ:FASTQ_FASTQC_UMITOOLS_TRIMGALORE:TRIMGALORE (OSMOTIC_STRESS_T100_SE_REP2_T1),COMPLETED,0,-,quay.io/biocontainers/trim-galore:0.6.7--hdfd78af_0,2,21600000,-,6442450944,1,1785252022512,1785252022607,1785252027521,5009,5000,-,179.4,2.2,180039680,3545047040,180211712,3547246592,101575735,69876582,24626,15441,0,7364608,1249,5,/home/pranay/nextflow_benchmarks/work/20/9cca138d53a4736f59051e9c5e8827,-,-,AMD Ryzen 7 4800H with Radeon Graphics,58822.607,58827.521,TRIMGALORE,130.22,ryzen_7_laptop,atacseq,8.0,16.0,ryzen_7,2430.6303471666656,10813.9675,8856002.56
10,-,12955,NFCORE_ATACSEQ:ATACSEQ:FASTQ_FASTQC_UMITOOLS_TRIMGALORE:TRIMGALORE,OSMOTIC_STRESS_T0_PE_REP2_T1,NFCORE_ATACSEQ:ATACSEQ:FASTQ_FASTQC_UMITOOLS_TRIMGALORE:TRIMGALORE (OSMOTIC_STRESS_T0_PE_REP2_T1),COMPLETED,0,-,quay.io/biocontainers/trim-galore:0.6.7--hdfd78af_0,2,21600000,-,6442450944,1,1785252027526,1785252027621,1785252039101,11575,11000,-,183.6,3.6,296361984,3553210368,296361984,3616129024,261531398,209631220,52848,37630,0,24981504,5971,10,/home/pranay/nextflow_benchmarks/work/a1/6d33d3a3d27f97817042dcf60ff39b,-,-,AMD Ryzen 7 4800H with Radeon Graphics,58827.621,58839.101,TRIMGALORE,279.35,ryzen_7_laptop,atacseq,8.0,16.0,ryzen_7,864.4057712833335,3052.5,7636510.72
18,-,13001,NFCORE_ATACSEQ:ATACSEQ:FASTQ_FASTQC_UMITOOLS_TRIMGALORE:FASTQC,OSMOTIC_STRESS_T150_SE_REP1_T2,NFCORE_ATACSEQ:ATACSEQ:FASTQ_FASTQC_UMITOOLS_TRIMGALORE:FASTQC (OSMOTIC_STRESS_T150_SE_REP1_T2),COMPLETED,0,-,quay.io/biocontainers/fastqc:0.11.9--0,2,21600000,-,6442450944,1,1785252039109,1785252039202,1785252043220,4111,2000,-,238.8,2.6,213069824,3825172480,213114880,3826634752,26157395,2092672,17461,6318,0,2314240,4,1,/home/pranay/nextflow_benchmarks/work/7b/eb822b2fc0649a71e4a0b7183a40a9,-,-,AMD Ryzen 7 4800H with Radeon Graphics,58839.202,58843.22,FASTQC,113.32,ryzen_7_laptop,atacseq,8.0,16.0,ryzen_7,5205.386833749986,28272.5,1137825986.56
19,-,13044,NFCORE_ATACSEQ:ATACSEQ:FASTQ_FASTQC_UMITOOLS_TRIMGALORE:TRIMGALORE,OSMOTIC_STRESS_T150_SE_REP1_T2,NFCORE_ATACSEQ:ATACSEQ:FASTQ_FASTQC_UMITOOLS_TRIMGALORE:TRIMGALORE (OSMOTIC_STRESS_T150_SE_REP1_T2),COMPLETED,0,-,quay.io/biocontainers/trim-galore:0.6.7--hdfd78af_0,2,21600000,-,6442450944,1,1785252043225,1785252043319,1785252048287,5062,5000,-,192.9,2.2,185651200,3542917120,185651200,3542921216,101947084,70047022,24883,15372,0,7487488,1290,6,/home/pranay/nextflow_benchmarks/work/02/ff98bfa778aebfc45481d7c56c39f6,-,-,AMD Ryzen 7 4800H with Radeon Graphics,58843.319,58848.287,TRIMGALORE,134.59,ryzen_7_laptop,atacseq,8.0,16.0,ryzen_7,2430.6303471666656,10813.9675,8856002.56
16,-,13089,NFCORE_ATACSEQ:ATACSEQ:FASTQ_FASTQC_UMITOOLS_TRIMGALORE:TRIMGALORE,OSMOTIC_STRESS_T150_SE_REP1_T1,NFCORE_ATACSEQ:ATACSEQ:FASTQ_FASTQC_UMITOOLS_TRIMGALORE:TRIMGALORE (OSMOTIC_STRESS_T150_SE_REP1_T1),COMPLETED,0,-,quay.io/biocontainers/trim-galore:0.6.7--hdfd78af_0,2,21600000,-,6442450944,1,1785252048293,1785252048387,1785252053420,5127,5000,-,194.3,2.1,174223360,3406594048,174223360,3471609856,103120581,71158812,25172,15611,0,7589888,1314,5,/home/pranay/nextflow_benchmarks/work/4d/7687ce47154b900803de09b2fe72af,-,-,AMD Ryzen 7 4800H with Radeon Graphics,58848.387,58853.42,TRIMGALORE,137.23,ryzen_7_laptop,atacseq,8.0,16.0,ryzen_7,2430.6303471666656,10813.9675,8856002.56
17,-,13134,NFCORE_ATACSEQ:ATACSEQ:FASTQ_FASTQC_UMITOOLS_TRIMGALORE:FASTQC,OSMOTIC_STRESS_T150_SE_REP1_T1,NFCORE_ATACSEQ:ATACSEQ:FASTQ_FASTQC_UMITOOLS_TRIMGALORE:FASTQC (OSMOTIC_STRESS_T150_SE_REP1_T1),COMPLETED,0,-,quay.io/biocontainers/fastqc:0.11.9--0,2,21600000,-,6442450944,1,1785252053425,1785252053521,1785252057441,4016,3000,-,230.5,2.8,224505856,3825172480,224505856,3826667520,26196975,2069158,17515,6239,0,2301952,4,0,/home/pranay/nextflow_benchmarks/work/4b/7cedf5ff7e41bad35d03ecc7eebf69,-,-,AMD Ryzen 7 4800H with Radeon Graphics,58853.521,58857.441,FASTQC,96.82,ryzen_7_laptop,atacseq,8.0,16.0,ryzen_7,5205.386833749986,28272.5,1137825986.56
20,-,13177,NFCORE_ATACSEQ:ATACSEQ:FASTQ_FASTQC_UMITOOLS_TRIMGALORE:TRIMGALORE,OSMOTIC_STRESS_T15_PE_REP1_T1,NFCORE_ATACSEQ:ATACSEQ:FASTQ_FASTQC_UMITOOLS_TRIMGALORE:TRIMGALORE (OSMOTIC_STRESS_T15_PE_REP1_T1),COMPLETED,0,-,quay.io/biocontainers/trim-galore:0.6.7--hdfd78af_0,2,21600000,-,6442450944,1,1785252057446,1785252057541,1785252068338,10892,11000,-,195.8,2.3,186949632,3406786560,186949632,3406790656,266954854,214730569,53331,38240,0,25726976,5587,7,/home/pranay/nextflow_benchmarks/work/33/fae97b30f0b0a29d19018cf17b70c3,-,-,AMD Ryzen 7 4800H with Radeon Graphics,58857.541,58868.338,TRIMGALORE,261.81,ryzen_7_laptop,atacseq,8.0,16.0,ryzen_7,917.6286812249997,3437.5,7630366.72
21,-,13221,NFCORE_ATACSEQ:ATACSEQ:FASTQ_FASTQC_UMITOOLS_TRIMGALORE:FASTQC,OSMOTIC_STRESS_T15_PE_REP1_T1,NFCORE_ATACSEQ:ATACSEQ:FASTQ_FASTQC_UMITOOLS_TRIMGALORE:FASTQC (OSMOTIC_STRESS_T15_PE_REP1_T1),COMPLETED,0,-,quay.io/biocontainers/fastqc:0.11.9--0,2,21600000,-,6442450944,1,1785252068343,1785252068439,1785252073592,5249,4000,-,261.8,5.8,466280448,3825172480,466280448,3830362112,32632195,4175342,30793,12540,0,4562944,4,1,/home/pranay/nextflow_benchmarks/work/63/9f47941afc9d8651119589c2f69da7,-,-,AMD Ryzen 7 4800H with Radeon Graphics,58868.439,58873.592,FASTQC,142.06,ryzen_7_laptop,atacseq,8.0,16.0,ryzen_7,5222.672744749986,28285.335,1137825986.56
23,-,13265,NFCORE_ATACSEQ:ATACSEQ:FASTQ_FASTQC_UMITOOLS_TRIMGALORE:FASTQC,OSMOTIC_STRESS_T15_PE_REP1_T2,NFCORE_ATACSEQ:ATACSEQ:FASTQ_FASTQC_UMITOOLS_TRIMGALORE:FASTQC (OSMOTIC_STRESS_T15_PE_REP1_T2),COMPLETED,0,-,quay.io/biocontainers/fastqc:0.11.9--0,2,21600000,-,6442450944,1,1785252073598,1785252073692,1785252079461,5863,3000,-,262.2,5.2,419778560,4097822720,421478400,4100751360,32613694,4201250,30779,12585,0,4562944,4,1,/home/pranay/nextflow_benchmarks/work/69/863b03a3cdfc6511b87e5c35f0748a,-,-,AMD Ryzen 7 4800H with Radeon Graphics,58873.692,58879.461,FASTQC,141.0,ryzen_7_laptop,atacseq,8.0,16.0,ryzen_7,5222.672744749986,28285.335,1137825986.56
22,-,13309,NFCORE_ATACSEQ:ATACSEQ:FASTQ_FASTQC_UMITOOLS_TRIMGALORE:TRIMGALORE,OSMOTIC_STRESS_T15_PE_REP1_T2,NFCORE_ATACSEQ:ATACSEQ:FASTQ_FASTQC_UMITOOLS_TRIMGALORE:TRIMGALORE (OSMOTIC_STRESS_T15_PE_REP1_T2),COMPLETED,0,-,quay.io/biocontainers/trim-galore:0.6.7--hdfd78af_0,2,21600000,-,6442450944,1,1785252079465,1785252079561,1785252091538,12073,11000,-,178.9,3.0,247263232,3549003776,247263232,3581165568,262544813,210358509,53168,37655,0,25427968,5822,7,/home/pranay/nextflow_benchmarks/work/55/ba1b31a378d6e67d0d6f7285f7b2ae,-,-,AMD Ryzen 7 4800H with Radeon Graphics,58879.561,58891.538,TRIMGALORE,299.49,ryzen_7_laptop,atacseq,8.0,16.0,ryzen_7,862.0895605333336,3057.5,7637166.08
24,-,13356,NFCORE_ATACSEQ:ATACSEQ:PREPARE_GENOME:TSS_EXTRACT,-,NFCORE_ATACSEQ:ATACSEQ:PREPARE_GENOME:TSS_EXTRACT,COMPLETED,0,-,quay.io/nf-core/ubuntu:20.04,1,14400000,-,6442450944,1,1785252091544,1785252091638,1785252092427,883,30,-,45.3,0.0,3117056,4087808,3117056,4096000,900273,612240,378,73,1134592,221184,3,0,/home/pranay/nextflow_benchmarks/work/74/5c6441269fa9dc95440bbf553a708a,-,-,AMD Ryzen 7 4800H with Radeon Graphics,58891.638,58892.427,TSS_EXTRACT,31.76,ryzen_7_laptop,atacseq,8.0,16.0,ryzen_7,1656.9005837499967,2040.96,3003248.64
25,-,13399,NFCORE_ATACSEQ:ATACSEQ:FASTQ_ALIGN_BWA:BWA_MEM,OSMOTIC_STRESS_T0_PE_REP1_T1,NFCORE_ATACSEQ:ATACSEQ:FASTQ_ALIGN_BWA:BWA_MEM (OSMOTIC_STRESS_T0_PE_REP1_T1),COMPLETED,0,-,quay.io/biocontainers/mulled-v2-fe8faa35dbf6dc65a0f7f5d4ea12e31a79f73e40:219b6c272b25e7e642ae3ff0bf0c5c81a5135ab4-0,2,21600000,-,6442450944,1,1785252092433,1785252092528,1785252101680,9247,8000,-,124.5,2.2,176746496,546349056,180809728,618254336,86093183,66566659,8086,14111,11505664,11923456,468,1,/home/pranay/nextflow_benchmarks/work/c3/4c61a0dd40f0704064fdb44eed5008,-,-,AMD Ryzen 7 4800H with Radeon Graphics,58892.528,58901.68,BWA_MEM,171.54999999999998,ryzen_7_laptop,atacseq,8.0,16.0,ryzen_7,2011.9939965000015,7008.3425,8786411.52
26,-,13447,NFCORE_ATACSEQ:ATACSEQ:FASTQ_ALIGN_BWA:BWA_MEM,OSMOTIC_STRESS_T100_SE_REP1_T1,NFCORE_ATACSEQ:ATACSEQ:FASTQ_ALIGN_BWA:BWA_MEM (OSMOTIC_STRESS_T100_SE_REP1_T1),COMPLETED,0,-,quay.io/biocontainers/mulled-v2-fe8faa35dbf6dc65a0f7f5d4ea12e31a79f73e40:219b6c272b25e7e642ae3ff0bf0c5c81a5135ab4-0,2,21600000,-,6442450944,1,1785252101685,1785252101781,1785252108367,6682,5000,-,100.6,1.3,108134400,305438720,108134400,305442816,52348910,32001467,3991,6733,0,6078464,306,4,/home/pranay/nextflow_benchmarks/work/fc/58d9d6a250815ae9843f013f37cd21,-,-,AMD Ryzen 7 4800H with Radeon Graphics,58901.781,58908.367,BWA_MEM,116.8,ryzen_7_laptop,atacseq,8.0,16.0,ryzen_7,757.9397602499998,2111.55,6660331.52
27,-,13493,NFCORE_ATACSEQ:ATACSEQ:FASTQ_ALIGN_BWA:BWA_MEM,OSMOTIC_STRESS_T100_SE_REP2_T1,NFCORE_ATACSEQ:ATACSEQ:FASTQ_ALIGN_BWA:BWA_MEM (OSMOTIC_STRESS_T100_SE_REP2_T1),COMPLETED,0,-,quay.io/biocontainers/mulled-v2-fe8faa35dbf6dc65a0f7f5d4ea12e31a79f73e40:219b6c272b25e7e642ae3ff0bf0c5c81a5135ab4-0,2,21600000,-,6442450944,1,1785252108372,1785252108467,1785252113941,5569,3000,-,132.6,1.4,115068928,540057600,116649984,542461952,52688339,32314859,4033,6821,0,6049792,302,1,/home/pranay/nextflow_benchmarks/work/8c/2715de650ac29374c1ce92873b8002,-,-,AMD Ryzen 7 4800H with Radeon Graphics,58908.467,58913.941,BWA_MEM,107.64,ryzen_7_laptop,atacseq,8.0,16.0,ryzen_7,750.5706337500001,2061.55,6660331.52
28,-,13538,NFCORE_ATACSEQ:ATACSEQ:FASTQ_ALIGN_BWA:BWA_MEM,OSMOTIC_STRESS_T0_PE_REP2_T1,NFCORE_ATACSEQ:ATACSEQ:FASTQ_ALIGN_BWA:BWA_MEM (OSMOTIC_STRESS_T0_PE_REP2_T1),COMPLETED,0,-,quay.io/biocontainers/mulled-v2-fe8faa35dbf6dc65a0f7f5d4ea12e31a79f73e40:219b6c272b25e7e642ae3ff0bf0c5c81a5135ab4-0,2,21600000,-,6442450944,1,1785252113945,1785252114041,1785252124210,10265,8000,-,121.7,2.2,177725440,546349056,182263808,551669760,86773257,67384923,8095,14269,0,12128256,592,4,/home/pranay/nextflow_benchmarks/work/e3/74308258f70aa300d22f9d08796401,-,-,AMD Ryzen 7 4800H with Radeon Graphics,58914.041,58924.21,BWA_MEM,180.86,ryzen_7_laptop,atacseq,8.0,16.0,ryzen_7,2011.9939965000015,7008.3425,8786411.52
29,-,13585,NFCORE_ATACSEQ:ATACSEQ:FASTQ_ALIGN_BWA:BWA_MEM,OSMOTIC_STRESS_T150_SE_REP1_T2,NFCORE_ATACSEQ:ATACSEQ:FASTQ_ALIGN_BWA:BWA_MEM (OSMOTIC_STRESS_T150_SE_REP1_T2),COMPLETED,0,-,quay.io/biocontainers/mulled-v2-fe8faa35dbf6dc65a0f7f5d4ea12e31a79f73e40:219b6c272b25e7e642ae3ff0bf0c5c81a5135ab4-0,2,21600000,-,6442450944,1,1785252124214,1785252124310,1785252130066,5852,3000,-,120.2,0.9,78557184,305438720,78557184,372551680,52399785,31909113,4187,6715,0,6049792,297,3,/home/pranay/nextflow_benchmarks/work/f4/f211276f88ef276bf0c626cfe5e8da,-,-,AMD Ryzen 7 4800H with Radeon Graphics,58924.31,58930.066,BWA_MEM,107.5,ryzen_7_laptop,atacseq,8.0,16.0,ryzen_7,773.3983115000003,2091.55,6660331.52
30,-,13629,NFCORE_ATACSEQ:ATACSEQ:FASTQ_ALIGN_BWA:BWA_MEM,OSMOTIC_STRESS_T150_SE_REP1_T1,NFCORE_ATACSEQ:ATACSEQ:FASTQ_ALIGN_BWA:BWA_MEM (OSMOTIC_STRESS_T150_SE_REP1_T1),COMPLETED,0,-,quay.io/biocontainers/mulled-v2-fe8faa35dbf6dc65a0f7f5d4ea12e31a79f73e40:219b6c272b25e7e642ae3ff0bf0c5c81a5135ab4-0,2,21600000,-,6442450944,1,1785252130070,1785252130166,1785252136084,6014,3000,-,133.9,1.4,117264384,540057600,118988800,609570816,53057222,32491546,4213,6859,0,6074368,295,0,/home/pranay/nextflow_benchmarks/work/9a/2e549d8a052fc283a42c01a6bc5312,-,-,AMD Ryzen 7 4800H with Radeon Graphics,58930.166,58936.084,BWA_MEM,115.87,ryzen_7_laptop,atacseq,8.0,16.0,ryzen_7,743.5071597499998,2055.0916666666667,6660331.52
31,-,13673,NFCORE_ATACSEQ:ATACSEQ:FASTQ_ALIGN_BWA:BWA_MEM,OSMOTIC_STRESS_T15_PE_REP1_T1,NFCORE_ATACSEQ:ATACSEQ:FASTQ_ALIGN_BWA:BWA_MEM (OSMOTIC_STRESS_T15_PE_REP1_T1),COMPLETED,0,-,quay.io/biocontainers/mulled-v2-fe8faa35dbf6dc65a0f7f5d4ea12e31a79f73e40:219b6c272b25e7e642ae3ff0bf0c5c81a5135ab4-0,2,21600000,-,6442450944,1,1785252136088,1785252136184,1785252144677,8589,7000,-,135.4,2.2,182013952,546349056,186413056,551673856,87694928,68131780,8587,14408,0,12324864,561,1,/home/pranay/nextflow_benchmarks/work/ed/cbf0f4ba1f87267690610ef3c37c2b,-,-,AMD Ryzen 7 4800H with Radeon Graphics,58936.184,58944.677,BWA_MEM,166.62,ryzen_7_laptop,atacseq,8.0,16.0,ryzen_7,2011.9939965000015,7265.8425,8786411.52
32,-,13722,NFCORE_ATACSEQ:ATACSEQ:FASTQ_ALIGN_BWA:BWA_MEM,OSMOTIC_STRESS_T15_PE_REP1_T2,NFCORE_ATACSEQ:ATACSEQ:FASTQ_ALIGN_BWA:BWA_MEM (OSMOTIC_STRESS_T15_PE_REP1_T2),COMPLETED,0,-,quay.io/biocontainers/mulled-v2-fe8faa35dbf6dc65a0f7f5d4ea12e31a79f73e40:219b6c272b25e7e642ae3ff0bf0c5c81a5135ab4-0,2,21600000,-,6442450944,1,1785252144681,1785252144777,1785252153392,8711,6000,-,136.9,2.2,177836032,546349056,182099968,551669760,86404144,66701167,8133,14116,0,12038144,589,0,/home/pranay/nextflow_benchmarks/work/d2/8d07cfa8c3a499b026156d1a89ff3c,-,-,AMD Ryzen 7 4800H with Radeon Graphics,58944.777,58953.392,BWA_MEM,153.7,ryzen_7_laptop,atacseq,8.0,16.0,ryzen_7,2011.9939965000015,7008.3425,8786411.52
33,-,13770,NFCORE_ATACSEQ:ATACSEQ:FASTQ_ALIGN_BWA:BAM_SORT_STATS_SAMTOOLS:SAMTOOLS_SORT,OSMOTIC_STRESS_T0_PE_REP1_T1,NFCORE_ATACSEQ:ATACSEQ:FASTQ_ALIGN_BWA:BAM_SORT_STATS_SAMTOOLS:SAMTOOLS_SORT (OSMOTIC_STRESS_T0_PE_REP1_T1),COMPLETED,0,-,quay.io/biocontainers/samtools:1.17--h00cdaf9_0,2,21600000,-,6442450944,1,1785252153395,1785252153492,1785252156819,3424,2000,-,44.4,0.9,74055680,2015109120,74665984,2080514048,12016118,8711896,227,24,10199040,8720384,523,3,/home/pranay/nextflow_benchmarks/work/a6/cb3e66e644bef2b684392ed00baed9,-,-,AMD Ryzen 7 4800H with Radeon Graphics,58953.492,58956.819,SAMTOOLS_SORT,69.54,ryzen_7_laptop,atacseq,8.0,16.0,ryzen_7,160.29460650000001,978.545,1322391746.56
34,-,13813,NFCORE_ATACSEQ:ATACSEQ:FASTQ_ALIGN_BWA:BAM_SORT_STATS_SAMTOOLS:SAMTOOLS_SORT,OSMOTIC_STRESS_T100_SE_REP1_T1,NFCORE_ATACSEQ:ATACSEQ:FASTQ_ALIGN_BWA:BAM_SORT_STATS_SAMTOOLS:SAMTOOLS_SORT (OSMOTIC_STRESS_T100_SE_REP1_T1),COMPLETED,0,-,quay.io/biocontainers/samtools:1.17--h00cdaf9_0,2,21600000,-,6442450944,1,1785252156823,1785252156919,1785252158991,2168,1000,-,50.0,0.5,39514112,1873641472,39514112,1873645568,6176358,4271015,224,22,0,4276224,38,0,/home/pranay/nextflow_benchmarks/work/2d/edc112eff408bcd4c7146c6564f89b,-,-,AMD Ryzen 7 4800H with Radeon Graphics,58956.919,58958.991,SAMTOOLS_SORT,45.33,ryzen_7_laptop,atacseq,8.0,16.0,ryzen_7,104.66018625000002,1063.9583333333335,1322391746.56
35,-,13855,NFCORE_ATACSEQ:ATACSEQ:FASTQ_ALIGN_BWA:BAM_SORT_STATS_SAMTOOLS:SAMTOOLS_SORT,OSMOTIC_STRESS_T100_SE_REP2_T1,NFCORE_ATACSEQ:ATACSEQ:FASTQ_ALIGN_BWA:BAM_SORT_STATS_SAMTOOLS:SAMTOOLS_SORT (OSMOTIC_STRESS_T100_SE_REP2_T1),COMPLETED,0,-,quay.io/biocontainers/samtools:1.17--h00cdaf9_0,2,21600000,-,6442450944,1,1785252158994,1785252159091,1785252161148,2154,1000,-,44.9,0.5,40030208,2007859200,41828352,2010263552,6148056,4090773,224,21,0,4096000,21,0,/home/pranay/nextflow_benchmarks/work/7a/037153488773ca8cf523394889b5cb,-,-,AMD Ryzen 7 4800H with Radeon Graphics,58959.091,58961.148,SAMTOOLS_SORT,42.85,ryzen_7_laptop,atacseq,8.0,16.0,ryzen_7,104.66018625000002,1063.9583333333335,1322391746.56
36,-,13898,NFCORE_ATACSEQ:ATACSEQ:FASTQ_ALIGN_BWA:BAM_SORT_STATS_SAMTOOLS:SAMTOOLS_SORT,OSMOTIC_STRESS_T0_PE_REP2_T1,NFCORE_ATACSEQ:ATACSEQ:FASTQ_ALIGN_BWA:BAM_SORT_STATS_SAMTOOLS:SAMTOOLS_SORT (OSMOTIC_STRESS_T0_PE_REP2_T1),COMPLETED,0,-,quay.io/biocontainers/samtools:1.17--h00cdaf9_0,2,21600000,-,6442450944,1,1785252161151,1785252161248,1785252162791,1640,0,-,190.3,0.5,42958848,1856856064,42958848,1856860160,12222630,8584381,227,24,0,8593408,20,0,/home/pranay/nextflow_benchmarks/work/79/8ec4b703f88a74786a4ab152b86b81,-,-,AMD Ryzen 7 4800H with Radeon Graphics,58961.248,58962.791,SAMTOOLS_SORT,58.510000000000005,ryzen_7_laptop,atacseq,8.0,16.0,ryzen_7,160.29460650000001,978.545,1322391746.56
37,-,13939,NFCORE_ATACSEQ:ATACSEQ:FASTQ_ALIGN_BWA:BAM_SORT_STATS_SAMTOOLS:SAMTOOLS_SORT,OSMOTIC_STRESS_T150_SE_REP1_T2,NFCORE_ATACSEQ:ATACSEQ:FASTQ_ALIGN_BWA:BAM_SORT_STATS_SAMTOOLS:SAMTOOLS_SORT (OSMOTIC_STRESS_T150_SE_REP1_T2),COMPLETED,0,-,quay.io/biocontainers/samtools:1.17--h00cdaf9_0,2,21600000,-,6442450944,1,1785252162797,1785252162891,1785252163681,884,0,-,186.5,0.4,39247872,1856856064,39247872,1856860160,6149412,4409312,224,22,0,4415488,25,1,/home/pranay/nextflow_benchmarks/work/8a/165581504ba60adbd0434edf1e57ba,-,-,AMD Ryzen 7 4800H with Radeon Graphics,58962.891,58963.681,SAMTOOLS_SORT,,ryzen_7_laptop,atacseq,8.0,16.0,ryzen_7,104.66018625000002,1063.9583333333335,1322391746.56
38,-,13982,NFCORE_ATACSEQ:ATACSEQ:FASTQ_ALIGN_BWA:BAM_SORT_STATS_SAMTOOLS:SAMTOOLS_SORT,OSMOTIC_STRESS_T150_SE_REP1_T1,NFCORE_ATACSEQ:ATACSEQ:FASTQ_ALIGN_BWA:BAM_SORT_STATS_SAMTOOLS:SAMTOOLS_SORT (OSMOTIC_STRESS_T150_SE_REP1_T1),COMPLETED,0,-,quay.io/biocontainers/samtools:1.17--h00cdaf9_0,2,21600000,-,6442450944,1,1785252163684,1785252163781,1785252164487,803,0,-,181.8,0.5,39997440,2007859200,39997440,2007863296,6173394,4328860,224,22,0,4333568,31,1,/home/pranay/nextflow_benchmarks/work/29/86089bb5434fce1c4239b7cfa9a5ef,-,-,AMD Ryzen 7 4800H with Radeon Graphics,58963.781,58964.487,SAMTOOLS_SORT,,ryzen_7_laptop,atacseq,8.0,16.0,ryzen_7,104.66018625000002,1063.9583333333335,1322391746.56
39,-,14022,NFCORE_ATACSEQ:ATACSEQ:FASTQ_ALIGN_BWA:BAM_SORT_STATS_SAMTOOLS:SAMTOOLS_SORT,OSMOTIC_STRESS_T15_PE_REP1_T1,NFCORE_ATACSEQ:ATACSEQ:FASTQ_ALIGN_BWA:BAM_SORT_STATS_SAMTOOLS:SAMTOOLS_SORT (OSMOTIC_STRESS_T15_PE_REP1_T1),COMPLETED,0,-,quay.io/biocontainers/samtools:1.17--h00cdaf9_0,2,21600000,-,6442450944,1,1785252164491,1785252164587,1785252165542,1051,1000,-,192.4,0.5,40898560,1856856064,40898560,1856860160,12418600,9012954,227,24,0,9023488,26,2,/home/pranay/nextflow_benchmarks/work/e0/0d97e00f0258e2026de79c95d47b47,-,-,AMD Ryzen 7 4800H with Radeon Graphics,58964.587,58965.542,SAMTOOLS_SORT,31.36,ryzen_7_laptop,atacseq,8.0,16.0,ryzen_7,160.8731735,978.545,1322391746.56
40,-,14067,NFCORE_ATACSEQ:ATACSEQ:FASTQ_ALIGN_BWA:BAM_SORT_STATS_SAMTOOLS:SAMTOOLS_SORT,OSMOTIC_STRESS_T15_PE_REP1_T2,NFCORE_ATACSEQ:ATACSEQ:FASTQ_ALIGN_BWA:BAM_SORT_STATS_SAMTOOLS:SAMTOOLS_SORT (OSMOTIC_STRESS_T15_PE_REP1_T2),COMPLETED,0,-,quay.io/biocontainers/samtools:1.17--h00cdaf9_0,2,21600000,-,6442450944,1,1785252165547,1785252165642,1785252166649,1102,1000,-,193.0,0.5,40640512,1856856064,40640512,1856860160,12131132,9056855,227,25,0,9064448,20,1,/home/pranay/nextflow_benchmarks/work/ed/782ca6ac2fc43e50d26af78a2470d6,-,-,AMD Ryzen 7 4800H with Radeon Graphics,58965.642,58966.649,SAMTOOLS_SORT,30.51,ryzen_7_laptop,atacseq,8.0,16.0,ryzen_7,160.29460650000001,978.545,1322391746.56
41,-,14109,NFCORE_ATACSEQ:ATACSEQ:FASTQ_ALIGN_BWA:BAM_SORT_STATS_SAMTOOLS:SAMTOOLS_INDEX,OSMOTIC_STRESS_T0_PE_REP1_T1,NFCORE_ATACSEQ:ATACSEQ:FASTQ_ALIGN_BWA:BAM_SORT_STATS_SAMTOOLS:SAMTOOLS_INDEX (OSMOTIC_STRESS_T0_PE_REP1_T1),COMPLETED,0,-,quay.io/biocontainers/samtools:1.17--h00cdaf9_0,2,14400000,-,6442450944,1,1785252166653,1785252166749,1785252167342,689,0,-,119.8,0.0,7204864,164429824,7204864,231677952,8814827,15063,1618,21,0,20480,427,0,/home/pranay/nextflow_benchmarks/work/d6/4f1dac9094135592f8a3e294da253b,-,-,AMD Ryzen 7 4800H with Radeon Graphics,58966.749,58967.342,SAMTOOLS_INDEX,,ryzen_7_laptop,atacseq,8.0,16.0,ryzen_7,158.54686750000002,1022.0833333333335,17482772.48
42,-,14153,NFCORE_ATACSEQ:ATACSEQ:FASTQ_ALIGN_BWA:BAM_SORT_STATS_SAMTOOLS:SAMTOOLS_INDEX,OSMOTIC_STRESS_T100_SE_REP1_T1,NFCORE_ATACSEQ:ATACSEQ:FASTQ_ALIGN_BWA:BAM_SORT_STATS_SAMTOOLS:SAMTOOLS_INDEX (OSMOTIC_STRESS_T100_SE_REP1_T1),COMPLETED,0,-,quay.io/biocontainers/samtools:1.17--h00cdaf9_0,2,14400000,-,6442450944,1,1785252167346,1785252167442,1785252168016,670,0,-,113.4,0.1,7524352,164429824,7524352,231677952,4373968,18246,906,22,0,24576,464,0,/home/pranay/nextflow_benchmarks/work/a2/d183b4cb580fdbeeac4332f3ee2b95,-,-,AMD Ryzen 7 4800H with Radeon Graphics,58967.442,58968.016,SAMTOOLS_INDEX,31.43,ryzen_7_laptop,atacseq,8.0,16.0,ryzen_7,103.05327550000004,980.0,17483581.44
43,-,14194,NFCORE_ATACSEQ:ATACSEQ:FASTQ_ALIGN_BWA:BAM_SORT_STATS_SAMTOOLS:SAMTOOLS_INDEX,OSMOTIC_STRESS_T100_SE_REP2_T1,NFCORE_ATACSEQ:ATACSEQ:FASTQ_ALIGN_BWA:BAM_SORT_STATS_SAMTOOLS:SAMTOOLS_INDEX (OSMOTIC_STRESS_T100_SE_REP2_T1),COMPLETED,0,-,quay.io/biocontainers/samtools:1.17--h00cdaf9_0,2,14400000,-,6442450944,1,1785252168020,1785252168116,1785252168642,622,0,-,99.2,0.0,7294976,164429824,7294976,231677952,4193725,19093,916,22,0,24576,431,1,/home/pranay/nextflow_benchmarks/work/53/7812b3da27857ccee4f4d88a3e61b2,-,-,AMD Ryzen 7 4800H with Radeon Graphics,58968.116,58968.642,SAMTOOLS_INDEX,,ryzen_7_laptop,atacseq,8.0,16.0,ryzen_7,102.71421600000004,947.5,17483151.36
44,-,14238,NFCORE_ATACSEQ:ATACSEQ:FASTQ_ALIGN_BWA:BAM_SORT_STATS_SAMTOOLS:SAMTOOLS_INDEX,OSMOTIC_STRESS_T0_PE_REP2_T1,NFCORE_ATACSEQ:ATACSEQ:FASTQ_ALIGN_BWA:BAM_SORT_STATS_SAMTOOLS:SAMTOOLS_INDEX (OSMOTIC_STRESS_T0_PE_REP2_T1),COMPLETED,0,-,quay.io/biocontainers/samtools:1.17--h00cdaf9_0,2,14400000,-,6442450944,1,1785252168646,1785252168742,1785252169304,658,1000,-,127.4,0.0,7180288,164429824,7180288,231677952,8687326,16583,1636,21,0,20480,436,0,/home/pranay/nextflow_benchmarks/work/ec/c65779ba38302f51ae4b0437f561e6,-,-,AMD Ryzen 7 4800H with Radeon Graphics,58968.742,58969.304,SAMTOOLS_INDEX,,ryzen_7_laptop,atacseq,8.0,16.0,ryzen_7,114.36886249999998,973.9583333333335,17483601.92
45,-,14279,NFCORE_ATACSEQ:ATACSEQ:FASTQ_ALIGN_BWA:BAM_SORT_STATS_SAMTOOLS:SAMTOOLS_INDEX,OSMOTIC_STRESS_T150_SE_REP1_T2,NFCORE_ATACSEQ:ATACSEQ:FASTQ_ALIGN_BWA:BAM_SORT_STATS_SAMTOOLS:SAMTOOLS_INDEX (OSMOTIC_STRESS_T150_SE_REP1_T2),COMPLETED,0,-,quay.io/biocontainers/samtools:1.17--h00cdaf9_0,2,14400000,-,6442450944,1,1785252169308,1785252169404,1785252169958,650,0,-,110.8,0.0,7319552,164429824,7319552,231677952,4512265,16670,904,21,0,20480,471,0,/home/pranay/nextflow_benchmarks/work/47/0df49cbd2c180d3f8c4db5e3e92121,-,-,AMD Ryzen 7 4800H with Radeon Graphics,58969.404,58969.958,SAMTOOLS_INDEX,30.49,ryzen_7_laptop,atacseq,8.0,16.0,ryzen_7,111.26301674999999,980.0,17511403.52
46,-,14322,NFCORE_ATACSEQ:ATACSEQ:FASTQ_ALIGN_BWA:BAM_SORT_STATS_SAMTOOLS:SAMTOOLS_INDEX,OSMOTIC_STRESS_T150_SE_REP1_T1,NFCORE_ATACSEQ:ATACSEQ:FASTQ_ALIGN_BWA:BAM_SORT_STATS_SAMTOOLS:SAMTOOLS_INDEX (OSMOTIC_STRESS_T150_SE_REP1_T1),COMPLETED,0,-,quay.io/biocontainers/samtools:1.17--h00cdaf9_0,2,14400000,-,6442450944,1,1785252169962,1785252170058,1785252170615,653,0,-,103.2,0.1,7548928,164429824,7548928,231677952,4431808,16646,917,21,0,20480,435,0,/home/pranay/nextflow_benchmarks/work/d0/0fea5deabebadb0b20629af00a61ee,-,-,AMD Ryzen 7 4800H with Radeon Graphics,58970.058,58970.615,SAMTOOLS_INDEX,,ryzen_7_laptop,atacseq,8.0,16.0,ryzen_7,106.50128274999999,980.0,17491466.24
47,-,14363,NFCORE_ATACSEQ:ATACSEQ:FASTQ_ALIGN_BWA:BAM_SORT_STATS_SAMTOOLS:SAMTOOLS_INDEX,OSMOTIC_STRESS_T15_PE_REP1_T1,NFCORE_ATACSEQ:ATACSEQ:FASTQ_ALIGN_BWA:BAM_SORT_STATS_SAMTOOLS:SAMTOOLS_INDEX (OSMOTIC_STRESS_T15_PE_REP1_T1),COMPLETED,0,-,quay.io/biocontainers/samtools:1.17--h00cdaf9_0,2,14400000,-,6442450944,1,1785252170618,1785252170715,1785252171316,698,1000,-,121.2,0.0,7204864,164429824,7204864,231677952,9115902,15583,1644,21,0,20480,417,1,/home/pranay/nextflow_benchmarks/work/2c/0f51f24e4ecdcba2f9ba3c86d135e8,-,-,AMD Ryzen 7 4800H with Radeon Graphics,58970.715,58971.316,SAMTOOLS_INDEX,29.54,ryzen_7_laptop,atacseq,8.0,16.0,ryzen_7,158.50160400000001,1022.0833333333335,17482772.48
48,-,14406,NFCORE_ATACSEQ:ATACSEQ:FASTQ_ALIGN_BWA:BAM_SORT_STATS_SAMTOOLS:SAMTOOLS_INDEX,OSMOTIC_STRESS_T15_PE_REP1_T2,NFCORE_ATACSEQ:ATACSEQ:FASTQ_ALIGN_BWA:BAM_SORT_STATS_SAMTOOLS:SAMTOOLS_INDEX (OSMOTIC_STRESS_T15_PE_REP1_T2),COMPLETED,0,-,quay.io/biocontainers/samtools:1.17--h00cdaf9_0,2,14400000,-,6442450944,1,1785252171321,1785252171416,1785252172009,688,0,-,121.9,0.1,7389184,164429824,7389184,231677952,9159802,15711,1618,21,0,20480,383,0,/home/pranay/nextflow_benchmarks/work/44/13768a138474253539b4059f252aee,-,-,AMD Ryzen 7 4800H with Radeon Graphics,58971.416,58972.009,SAMTOOLS_INDEX,29.43,ryzen_7_laptop,atacseq,8.0,16.0,ryzen_7,158.50160400000001,1022.0833333333335,17482772.48
53,-,14448,NFCORE_ATACSEQ:ATACSEQ:PICARD_MERGESAMFILES_LIBRARY,OSMOTIC_STRESS_T150_SE_REP1,NFCORE_ATACSEQ:ATACSEQ:PICARD_MERGESAMFILES_LIBRARY (OSMOTIC_STRESS_T150_SE_REP1),COMPLETED,0,-,quay.io/biocontainers/picard:3.0.0--hdfd78af_1,2,21600000,-,6442450944,1,1785252172014,1785252172110,1785252177641,5627,3000,-,261.3,3.3,275238912,9319776256,277905408,9325436928,26699760,9579661,10455,320,52248576,9646080,19,1,/home/pranay/nextflow_benchmarks/work/33/70b6569644613761409be4b8292ab4,-,-,AMD Ryzen 7 4800H with Radeon Graphics,58972.11,58977.641,PICARD_MERGESAMFILES_LIBRARY,138.68,ryzen_7_laptop,atacseq,8.0,16.0,ryzen_7,235.60974350000004,1514.475,3573504.0
52,-,14515,NFCORE_ATACSEQ:ATACSEQ:PICARD_MERGESAMFILES_LIBRARY,OSMOTIC_STRESS_T0_PE_REP2,NFCORE_ATACSEQ:ATACSEQ:PICARD_MERGESAMFILES_LIBRARY (OSMOTIC_STRESS_T0_PE_REP2),COMPLETED,0,-,quay.io/biocontainers/picard:3.0.0--hdfd78af_1,2,21600000,-,6442450944,1,1785252177646,1785252177741,1785252180199,2553,0,-,194.0,0.0,19685376,43556864,19685376,43565056,8339181,7469,4389,38,0,40960,18,1,/home/pranay/nextflow_benchmarks/work/bc/863e1a8fe41b31421de2d99fb32523,-,-,AMD Ryzen 7 4800H with Radeon Graphics,58977.741,58980.199,PICARD_MERGESAMFILES_LIBRARY,89.94,ryzen_7_laptop,atacseq,8.0,16.0,ryzen_7,126.00810374999992,834.7916666666665,3896115.2
49,-,14559,NFCORE_ATACSEQ:ATACSEQ:PICARD_MERGESAMFILES_LIBRARY,OSMOTIC_STRESS_T0_PE_REP1,NFCORE_ATACSEQ:ATACSEQ:PICARD_MERGESAMFILES_LIBRARY (OSMOTIC_STRESS_T0_PE_REP1),COMPLETED,0,-,quay.io/biocontainers/picard:3.0.0--hdfd78af_1,2,21600000,-,6442450944,1,1785252180203,1785252180299,1785252182773,2570,1000,-,192.9,0.0,19488768,43556864,19488768,43565056,8339187,7469,4389,38,0,40960,18,1,/home/pranay/nextflow_benchmarks/work/a5/c86914ec13acaaebb6558fba4af180,-,-,AMD Ryzen 7 4800H with Radeon Graphics,58980.299,58982.773,PICARD_MERGESAMFILES_LIBRARY,59.120000000000005,ryzen_7_laptop,atacseq,8.0,16.0,ryzen_7,126.00810374999992,834.7916666666665,3896115.2
51,-,14603,NFCORE_ATACSEQ:ATACSEQ:PICARD_MERGESAMFILES_LIBRARY,OSMOTIC_STRESS_T100_SE_REP2,NFCORE_ATACSEQ:ATACSEQ:PICARD_MERGESAMFILES_LIBRARY (OSMOTIC_STRESS_T100_SE_REP2),COMPLETED,0,-,quay.io/biocontainers/picard:3.0.0--hdfd78af_1,2,21600000,-,6442450944,1,1785252182780,1785252182874,1785252185380,2600,1000,-,191.5,0.0,20029440,43556864,20029440,43565056,8339190,7469,4389,38,0,40960,18,0,/home/pranay/nextflow_benchmarks/work/65/6c0668c4406f754539636e6d37f386,-,-,AMD Ryzen 7 4800H with Radeon Graphics,58982.874,58985.38,PICARD_MERGESAMFILES_LIBRARY,62.22,ryzen_7_laptop,atacseq,8.0,16.0,ryzen_7,126.00810374999992,834.7916666666665,3896115.2
50,-,14646,NFCORE_ATACSEQ:ATACSEQ:PICARD_MERGESAMFILES_LIBRARY,OSMOTIC_STRESS_T100_SE_REP1,NFCORE_ATACSEQ:ATACSEQ:PICARD_MERGESAMFILES_LIBRARY (OSMOTIC_STRESS_T100_SE_REP1),COMPLETED,0,-,quay.io/biocontainers/picard:3.0.0--hdfd78af_1,2,21600000,-,6442450944,1,1785252185385,1785252185480,1785252187909,2524,1000,-,191.4,0.0,19853312,43556864,19853312,43565056,8339186,7469,4389,38,0,40960,18,0,/home/pranay/nextflow_benchmarks/work/fa/43c2575093d662b5fb28e7ef7d4e4e,-,-,AMD Ryzen 7 4800H with Radeon Graphics,58985.48,58987.909,PICARD_MERGESAMFILES_LIBRARY,85.24,ryzen_7_laptop,atacseq,8.0,16.0,ryzen_7,126.00810374999992,834.7916666666665,3896115.2
54,-,14690,NFCORE_ATACSEQ:ATACSEQ:PICARD_MERGESAMFILES_LIBRARY,OSMOTIC_STRESS_T15_PE_REP1,NFCORE_ATACSEQ:ATACSEQ:PICARD_MERGESAMFILES_LIBRARY (OSMOTIC_STRESS_T15_PE_REP1),COMPLETED,0,-,quay.io/biocontainers/picard:3.0.0--hdfd78af_1,2,21600000,-,6442450944,1,1785252187914,1785252188009,1785252193743,5829,4000,-,245.1,3.4,277680128,9325232128,277680128,9326956544,36031399,18881065,11895,394,0,18948096,19,1,/home/pranay/nextflow_benchmarks/work/dc/9cccad57b2c6b556ad5d1efc95184d,-,-,AMD Ryzen 7 4800H with Radeon Graphics,58988.009,58993.743,PICARD_MERGESAMFILES_LIBRARY,112.49,ryzen_7_laptop,atacseq,8.0,16.0,ryzen_7,460.25765774999985,2178.3633333333332,6957649.92
59,-,14736,NFCORE_ATACSEQ:ATACSEQ:FASTQ_ALIGN_BWA:BAM_SORT_STATS_SAMTOOLS:BAM_STATS_SAMTOOLS:SAMTOOLS_IDXSTATS,OSMOTIC_STRESS_T100_SE_REP1_T1,NFCORE_ATACSEQ:ATACSEQ:FASTQ_ALIGN_BWA:BAM_SORT_STATS_SAMTOOLS:BAM_STATS_SAMTOOLS:SAMTOOLS_IDXSTATS (OSMOTIC_STRESS_T100_SE_REP1_T1),COMPLETED,0,-,quay.io/biocontainers/samtools:1.17--h00cdaf9_0,1,14400000,-,6442450944,1,1785252193747,1785252193843,1785252194396,649,0,-,56.1,0.0,3387392,5648384,3387392,5652480,126092,5278,224,19,0,12288,2,0,/home/pranay/nextflow_benchmarks/work/63/d8ef3346b4ea5ace96d797c57e311d,-,-,AMD Ryzen 7 4800H with Radeon Graphics,58993.843,58994.396,SAMTOOLS_IDXSTATS,,ryzen_7_laptop,atacseq,8.0,16.0,ryzen_7,103.33711599999991,877.5,3173652.48
70,-,14782,NFCORE_ATACSEQ:ATACSEQ:FASTQ_ALIGN_BWA:BAM_SORT_STATS_SAMTOOLS:BAM_STATS_SAMTOOLS:SAMTOOLS_IDXSTATS,OSMOTIC_STRESS_T150_SE_REP1_T1,NFCORE_ATACSEQ:ATACSEQ:FASTQ_ALIGN_BWA:BAM_SORT_STATS_SAMTOOLS:BAM_STATS_SAMTOOLS:SAMTOOLS_IDXSTATS (OSMOTIC_STRESS_T150_SE_REP1_T1),COMPLETED,0,-,quay.io/biocontainers/samtools:1.17--h00cdaf9_0,1,14400000,-,6442450944,1,1785252194399,1785252194496,1785252195032,633,0,-,96.0,0.0,3289088,5648384,3289088,5652480,124497,5278,224,19,0,12288,2,0,/home/pranay/nextflow_benchmarks/work/41/a550674f24cfcafc1908f4247a096a,-,-,AMD Ryzen 7 4800H with Radeon Graphics,58994.496,58995.032,SAMTOOLS_IDXSTATS,31.86,ryzen_7_laptop,atacseq,8.0,16.0,ryzen_7,103.33711599999991,877.5,3173652.48
65,-,14825,NFCORE_ATACSEQ:ATACSEQ:FASTQ_ALIGN_BWA:BAM_SORT_STATS_SAMTOOLS:BAM_STATS_SAMTOOLS:SAMTOOLS_FLAGSTAT,OSMOTIC_STRESS_T100_SE_REP2_T1,NFCORE_ATACSEQ:ATACSEQ:FASTQ_ALIGN_BWA:BAM_SORT_STATS_SAMTOOLS:BAM_STATS_SAMTOOLS:SAMTOOLS_FLAGSTAT (OSMOTIC_STRESS_T100_SE_REP2_T1),COMPLETED,0,-,quay.io/biocontainers/samtools:1.17--h00cdaf9_0,1,14400000,-,6442450944,1,1785252195036,1785252195132,1785252195715,679,0,-,105.8,0.0,7413760,164429824,7413760,231677952,4193857,5435,916,19,0,12288,462,0,/home/pranay/nextflow_benchmarks/work/4e/e58f48755e802b19038883531acddf,-,-,AMD Ryzen 7 4800H with Radeon Graphics,58995.132,58995.715,SAMTOOLS_FLAGSTAT,,ryzen_7_laptop,atacseq,8.0,16.0,ryzen_7,88.11943350000018,912.5,3063992.32
55,-,14869,NFCORE_ATACSEQ:ATACSEQ:FASTQ_ALIGN_BWA:BAM_SORT_STATS_SAMTOOLS:BAM_STATS_SAMTOOLS:SAMTOOLS_IDXSTATS,OSMOTIC_STRESS_T0_PE_REP1_T1,NFCORE_ATACSEQ:ATACSEQ:FASTQ_ALIGN_BWA:BAM_SORT_STATS_SAMTOOLS:BAM_STATS_SAMTOOLS:SAMTOOLS_IDXSTATS (OSMOTIC_STRESS_T0_PE_REP1_T1),COMPLETED,0,-,quay.io/biocontainers/samtools:1.17--h00cdaf9_0,1,14400000,-,6442450944,1,1785252195719,1785252195816,1785252196371,652,0,-,88.9,0.0,3280896,5648384,3280896,5652480,122904,5295,224,19,0,12288,2,0,/home/pranay/nextflow_benchmarks/work/11/4266cd5e11df1415c72b166fa8f440,-,-,AMD Ryzen 7 4800H with Radeon Graphics,58995.816,58996.371,SAMTOOLS_IDXSTATS,29.88,ryzen_7_laptop,atacseq,8.0,16.0,ryzen_7,103.33711599999991,877.5,3173652.48
66,-,14912,NFCORE_ATACSEQ:ATACSEQ:FASTQ_ALIGN_BWA:BAM_SORT_STATS_SAMTOOLS:BAM_STATS_SAMTOOLS:SAMTOOLS_IDXSTATS,OSMOTIC_STRESS_T150_SE_REP1_T2,NFCORE_ATACSEQ:ATACSEQ:FASTQ_ALIGN_BWA:BAM_SORT_STATS_SAMTOOLS:BAM_STATS_SAMTOOLS:SAMTOOLS_IDXSTATS (OSMOTIC_STRESS_T150_SE_REP1_T2),COMPLETED,0,-,quay.io/biocontainers/samtools:1.17--h00cdaf9_0,1,14400000,-,6442450944,1,1785252196374,1785252196471,1785252196995,621,0,-,67.6,0.0,3289088,5648384,3289088,5652480,124516,5278,224,19,0,12288,2,0,/home/pranay/nextflow_benchmarks/work/a3/8e397ec6043843b09c415598fe2d7b,-,-,AMD Ryzen 7 4800H with Radeon Graphics,58996.471,58996.995,SAMTOOLS_IDXSTATS,29.32,ryzen_7_laptop,atacseq,8.0,16.0,ryzen_7,103.33711599999991,877.5,3173652.48
63,-,14958,NFCORE_ATACSEQ:ATACSEQ:FASTQ_ALIGN_BWA:BAM_SORT_STATS_SAMTOOLS:BAM_STATS_SAMTOOLS:SAMTOOLS_IDXSTATS,OSMOTIC_STRESS_T0_PE_REP2_T1,NFCORE_ATACSEQ:ATACSEQ:FASTQ_ALIGN_BWA:BAM_SORT_STATS_SAMTOOLS:BAM_STATS_SAMTOOLS:SAMTOOLS_IDXSTATS (OSMOTIC_STRESS_T0_PE_REP2_T1),COMPLETED,0,-,quay.io/biocontainers/samtools:1.17--h00cdaf9_0,1,14400000,-,6442450944,1,1785252196999,1785252197095,1785252197740,741,0,-,82.8,0.0,3317760,5648384,3317760,5652480,124429,5298,224,19,0,12288,2,0,/home/pranay/nextflow_benchmarks/work/43/0e83dd390b4f61d635c098391a7c9f,-,-,AMD Ryzen 7 4800H with Radeon Graphics,58997.095,58997.74,SAMTOOLS_IDXSTATS,,ryzen_7_laptop,atacseq,8.0,16.0,ryzen_7,103.33711599999991,877.5,3173652.48
76,-,15001,NFCORE_ATACSEQ:ATACSEQ:FASTQ_ALIGN_BWA:BAM_SORT_STATS_SAMTOOLS:BAM_STATS_SAMTOOLS:SAMTOOLS_FLAGSTAT,OSMOTIC_STRESS_T150_SE_REP1_T1,NFCORE_ATACSEQ:ATACSEQ:FASTQ_ALIGN_BWA:BAM_SORT_STATS_SAMTOOLS:BAM_STATS_SAMTOOLS:SAMTOOLS_FLAGSTAT (OSMOTIC_STRESS_T150_SE_REP1_T1),COMPLETED,0,-,quay.io/biocontainers/samtools:1.17--h00cdaf9_0,1,14400000,-,6442450944,1,1785252197744,1785252197841,1785252198431,687,0,-,109.9,0.0,7319552,164429824,7319552,231677952,4431948,5435,917,19,0,12288,449,0,/home/pranay/nextflow_benchmarks/work/43/491908b3e310126ed65462d9ca92fa,-,-,AMD Ryzen 7 4800H with Radeon Graphics,58997.841,58998.431,SAMTOOLS_FLAGSTAT,29.39,ryzen_7_laptop,atacseq,8.0,16.0,ryzen_7,87.92309375000018,942.5,3069081.6
57,-,15046,NFCORE_ATACSEQ:ATACSEQ:FASTQ_ALIGN_BWA:BAM_SORT_STATS_SAMTOOLS:BAM_STATS_SAMTOOLS:SAMTOOLS_FLAGSTAT,OSMOTIC_STRESS_T0_PE_REP1_T1,NFCORE_ATACSEQ:ATACSEQ:FASTQ_ALIGN_BWA:BAM_SORT_STATS_SAMTOOLS:BAM_STATS_SAMTOOLS:SAMTOOLS_FLAGSTAT (OSMOTIC_STRESS_T0_PE_REP1_T1),COMPLETED,0,-,quay.io/biocontainers/samtools:1.17--h00cdaf9_0,1,14400000,-,6442450944,1,1785252198436,1785252198531,1785252199128,692,0,-,122.5,0.0,7278592,164429824,7278592,231677952,8814960,5472,1618,19,0,12288,418,2,/home/pranay/nextflow_benchmarks/work/1d/c364d4a6f5bc438dde118905b49c65,-,-,AMD Ryzen 7 4800H with Radeon Graphics,58998.531,58999.128,SAMTOOLS_FLAGSTAT,29.49,ryzen_7_laptop,atacseq,8.0,16.0,ryzen_7,143.49967700000002,1037.0833333333335,4032600.746666666
60,-,15089,NFCORE_ATACSEQ:ATACSEQ:FASTQ_ALIGN_BWA:BAM_SORT_STATS_SAMTOOLS:BAM_STATS_SAMTOOLS:SAMTOOLS_FLAGSTAT,OSMOTIC_STRESS_T100_SE_REP1_T1,NFCORE_ATACSEQ:ATACSEQ:FASTQ_ALIGN_BWA:BAM_SORT_STATS_SAMTOOLS:BAM_STATS_SAMTOOLS:SAMTOOLS_FLAGSTAT (OSMOTIC_STRESS_T100_SE_REP1_T1),COMPLETED,0,-,quay.io/biocontainers/samtools:1.17--h00cdaf9_0,1,14400000,-,6442450944,1,1785252199132,1785252199229,1785252199775,643,0,-,117.1,0.1,7360512,164429824,7360512,231677952,4374103,5435,906,19,0,12288,474,1,/home/pranay/nextflow_benchmarks/work/42/2b3d0d2dcc2187cd46c02f1f0d68b2,-,-,AMD Ryzen 7 4800H with Radeon Graphics,58999.229,58999.775,SAMTOOLS_FLAGSTAT,,ryzen_7_laptop,atacseq,8.0,16.0,ryzen_7,88.45849300000016,942.5,3065333.76
73,-,15134,NFCORE_ATACSEQ:ATACSEQ:FASTQ_ALIGN_BWA:BAM_SORT_STATS_SAMTOOLS:BAM_STATS_SAMTOOLS:SAMTOOLS_FLAGSTAT,OSMOTIC_STRESS_T150_SE_REP1_T2,NFCORE_ATACSEQ:ATACSEQ:FASTQ_ALIGN_BWA:BAM_SORT_STATS_SAMTOOLS:BAM_STATS_SAMTOOLS:SAMTOOLS_FLAGSTAT (OSMOTIC_STRESS_T150_SE_REP1_T2),COMPLETED,0,-,quay.io/biocontainers/samtools:1.17--h00cdaf9_0,1,14400000,-,6442450944,1,1785252199780,1785252199875,1785252200465,685,0,-,128.0,0.1,7319552,164429824,7319552,231677952,4512401,5436,904,19,0,12288,424,0,/home/pranay/nextflow_benchmarks/work/a8/02c721c6d48091a22c8827e415f767,-,-,AMD Ryzen 7 4800H with Radeon Graphics,58999.875,59000.465,SAMTOOLS_FLAGSTAT,,ryzen_7_laptop,atacseq,8.0,16.0,ryzen_7,94.2056942500001,942.5,3098245.12
72,-,15177,NFCORE_ATACSEQ:ATACSEQ:FASTQ_ALIGN_BWA:BAM_SORT_STATS_SAMTOOLS:BAM_STATS_SAMTOOLS:SAMTOOLS_FLAGSTAT,OSMOTIC_STRESS_T0_PE_REP2_T1,NFCORE_ATACSEQ:ATACSEQ:FASTQ_ALIGN_BWA:BAM_SORT_STATS_SAMTOOLS:BAM_STATS_SAMTOOLS:SAMTOOLS_FLAGSTAT (OSMOTIC_STRESS_T0_PE_REP2_T1),COMPLETED,0,-,quay.io/biocontainers/samtools:1.17--h00cdaf9_0,1,14400000,-,6442450944,1,1785252200469,1785252200564,1785252201188,719,0,-,125.7,0.0,7401472,164429824,7401472,231677952,8687453,5474,1636,19,0,12288,433,0,/home/pranay/nextflow_benchmarks/work/95/1323f30beb57c238449c68202861b1,-,-,AMD Ryzen 7 4800H with Radeon Graphics,59000.564,59001.188,SAMTOOLS_FLAGSTAT,28.93,ryzen_7_laptop,atacseq,8.0,16.0,ryzen_7,90.89637025000002,991.4583333333335,4032430.08
77,-,15222,NFCORE_ATACSEQ:ATACSEQ:FASTQ_ALIGN_BWA:BAM_SORT_STATS_SAMTOOLS:BAM_STATS_SAMTOOLS:SAMTOOLS_FLAGSTAT,OSMOTIC_STRESS_T15_PE_REP1_T1,NFCORE_ATACSEQ:ATACSEQ:FASTQ_ALIGN_BWA:BAM_SORT_STATS_SAMTOOLS:BAM_STATS_SAMTOOLS:SAMTOOLS_FLAGSTAT (OSMOTIC_STRESS_T15_PE_REP1_T1),COMPLETED,0,-,quay.io/biocontainers/samtools:1.17--h00cdaf9_0,1,14400000,-,6442450944,1,1785252201193,1785252201288,1785252201894,701,0,-,123.7,0.1,7368704,164429824,7368704,231677952,9116037,5472,1644,19,0,12288,413,2,/home/pranay/nextflow_benchmarks/work/56/e7e34af47fe48dad6aa51f8d6b85e5,-,-,AMD Ryzen 7 4800H with Radeon Graphics,59001.288,59001.894,SAMTOOLS_FLAGSTAT,28.85,ryzen_7_laptop,atacseq,8.0,16.0,ryzen_7,143.45441350000002,1037.0833333333335,4032600.746666666
71,-,15265,NFCORE_ATACSEQ:ATACSEQ:FASTQ_ALIGN_BWA:BAM_SORT_STATS_SAMTOOLS:BAM_STATS_SAMTOOLS:SAMTOOLS_IDXSTATS,OSMOTIC_STRESS_T15_PE_REP1_T1,NFCORE_ATACSEQ:ATACSEQ:FASTQ_ALIGN_BWA:BAM_SORT_STATS_SAMTOOLS:BAM_STATS_SAMTOOLS:SAMTOOLS_IDXSTATS (OSMOTIC_STRESS_T15_PE_REP1_T1),COMPLETED,0,-,quay.io/biocontainers/samtools:1.17--h00cdaf9_0,1,14400000,-,6442450944,1,1785252201899,1785252201995,1785252202584,685,0,-,81.4,0.0,3432448,5648384,3432448,5652480,123428,5296,224,19,0,12288,2,0,/home/pranay/nextflow_benchmarks/work/5d/5f7ddb8a2c5adb2051a84cf6f40079,-,-,AMD Ryzen 7 4800H with Radeon Graphics,59001.995,59002.584,SAMTOOLS_IDXSTATS,,ryzen_7_laptop,atacseq,8.0,16.0,ryzen_7,103.33711599999991,877.5,3173652.48
78,-,15310,NFCORE_ATACSEQ:ATACSEQ:FASTQ_ALIGN_BWA:BAM_SORT_STATS_SAMTOOLS:BAM_STATS_SAMTOOLS:SAMTOOLS_FLAGSTAT,OSMOTIC_STRESS_T15_PE_REP1_T2,NFCORE_ATACSEQ:ATACSEQ:FASTQ_ALIGN_BWA:BAM_SORT_STATS_SAMTOOLS:BAM_STATS_SAMTOOLS:SAMTOOLS_FLAGSTAT (OSMOTIC_STRESS_T15_PE_REP1_T2),COMPLETED,0,-,quay.io/biocontainers/samtools:1.17--h00cdaf9_0,1,14400000,-,6442450944,1,1785252202589,1785252202684,1785252203317,728,1000,-,122.5,0.1,7430144,164429824,7430144,231677952,9159938,5472,1618,19,0,12288,435,1,/home/pranay/nextflow_benchmarks/work/e9/52d3710a8ca271a4cee6086572f8a7,-,-,AMD Ryzen 7 4800H with Radeon Graphics,59002.684,59003.317,SAMTOOLS_FLAGSTAT,,ryzen_7_laptop,atacseq,8.0,16.0,ryzen_7,143.45441350000002,1037.0833333333335,4032600.746666666
75,-,15353,NFCORE_ATACSEQ:ATACSEQ:FASTQ_ALIGN_BWA:BAM_SORT_STATS_SAMTOOLS:BAM_STATS_SAMTOOLS:SAMTOOLS_IDXSTATS,OSMOTIC_STRESS_T15_PE_REP1_T2,NFCORE_ATACSEQ:ATACSEQ:FASTQ_ALIGN_BWA:BAM_SORT_STATS_SAMTOOLS:BAM_STATS_SAMTOOLS:SAMTOOLS_IDXSTATS (OSMOTIC_STRESS_T15_PE_REP1_T2),COMPLETED,0,-,quay.io/biocontainers/samtools:1.17--h00cdaf9_0,1,14400000,-,6442450944,1,1785252203322,1785252203417,1785252203959,637,0,-,58.2,0.0,3391488,5648384,3391488,5652480,123557,5299,224,19,0,12288,2,1,/home/pranay/nextflow_benchmarks/work/a7/779d8135b6eff48ddd2a0b2a8d8f4c,-,-,AMD Ryzen 7 4800H with Radeon Graphics,59003.417,59003.959,SAMTOOLS_IDXSTATS,29.12,ryzen_7_laptop,atacseq,8.0,16.0,ryzen_7,103.33711599999991,877.5,3173652.48
62,-,15399,NFCORE_ATACSEQ:ATACSEQ:FASTQ_ALIGN_BWA:BAM_SORT_STATS_SAMTOOLS:BAM_STATS_SAMTOOLS:SAMTOOLS_IDXSTATS,OSMOTIC_STRESS_T100_SE_REP2_T1,NFCORE_ATACSEQ:ATACSEQ:FASTQ_ALIGN_BWA:BAM_SORT_STATS_SAMTOOLS:BAM_STATS_SAMTOOLS:SAMTOOLS_IDXSTATS (OSMOTIC_STRESS_T100_SE_REP2_T1),COMPLETED,0,-,quay.io/biocontainers/samtools:1.17--h00cdaf9_0,1,14400000,-,6442450944,1,1785252203963,1785252204060,1785252204630,667,0,-,82.8,0.0,3325952,5648384,3325952,5652480,126942,5277,224,19,0,12288,2,0,/home/pranay/nextflow_benchmarks/work/af/46e81243896ed2d42b80cca760acaf,-,-,AMD Ryzen 7 4800H with Radeon Graphics,59004.06,59004.63,SAMTOOLS_IDXSTATS,,ryzen_7_laptop,atacseq,8.0,16.0,ryzen_7,103.33711599999991,877.5,3173652.48
61,-,15442,NFCORE_ATACSEQ:ATACSEQ:FASTQ_ALIGN_BWA:BAM_SORT_STATS_SAMTOOLS:BAM_STATS_SAMTOOLS:SAMTOOLS_STATS,OSMOTIC_STRESS_T100_SE_REP2_T1,NFCORE_ATACSEQ:ATACSEQ:FASTQ_ALIGN_BWA:BAM_SORT_STATS_SAMTOOLS:BAM_STATS_SAMTOOLS:SAMTOOLS_STATS (OSMOTIC_STRESS_T100_SE_REP2_T1),COMPLETED,0,-,quay.io/biocontainers/samtools:1.17--h00cdaf9_0,1,14400000,-,6442450944,1,1785252204634,1785252204730,1785252205364,730,1000,-,115.7,0.1,7864320,165969920,7864320,233218048,4194486,40431,916,27,0,45056,5,0,/home/pranay/nextflow_benchmarks/work/8c/a1387f0ec936cc0eb0ce2fd2d76e75,-,-,AMD Ryzen 7 4800H with Radeon Graphics,59004.73,59005.364,SAMTOOLS_STATS,30.02,ryzen_7_laptop,atacseq,8.0,16.0,ryzen_7,116.48601643333333,2007.5,3063992.32
58,-,15489,NFCORE_ATACSEQ:ATACSEQ:FASTQ_ALIGN_BWA:BAM_SORT_STATS_SAMTOOLS:BAM_STATS_SAMTOOLS:SAMTOOLS_STATS,OSMOTIC_STRESS_T100_SE_REP1_T1,NFCORE_ATACSEQ:ATACSEQ:FASTQ_ALIGN_BWA:BAM_SORT_STATS_SAMTOOLS:BAM_STATS_SAMTOOLS:SAMTOOLS_STATS (OSMOTIC_STRESS_T100_SE_REP1_T1),COMPLETED,0,-,quay.io/biocontainers/samtools:1.17--h00cdaf9_0,1,14400000,-,6442450944,1,1785252205367,1785252205464,1785252206133,766,0,-,127.3,0.1,8007680,165969920,8007680,233218048,4374728,38574,906,27,0,45056,3,0,/home/pranay/nextflow_benchmarks/work/af/96ae0afa45e13d09d3b3d65ad69755,-,-,AMD Ryzen 7 4800H with Radeon Graphics,59005.464,59006.133,SAMTOOLS_STATS,29.68,ryzen_7_laptop,atacseq,8.0,16.0,ryzen_7,116.48601643333333,2035.0,3065333.76
67,-,15536,NFCORE_ATACSEQ:ATACSEQ:FASTQ_ALIGN_BWA:BAM_SORT_STATS_SAMTOOLS:BAM_STATS_SAMTOOLS:SAMTOOLS_STATS,OSMOTIC_STRESS_T150_SE_REP1_T2,NFCORE_ATACSEQ:ATACSEQ:FASTQ_ALIGN_BWA:BAM_SORT_STATS_SAMTOOLS:BAM_STATS_SAMTOOLS:SAMTOOLS_STATS (OSMOTIC_STRESS_T150_SE_REP1_T2),COMPLETED,0,-,quay.io/biocontainers/samtools:1.17--h00cdaf9_0,1,14400000,-,6442450944,1,1785252206137,1785252206233,1785252206912,775,0,-,122.1,0.1,8081408,165969920,8081408,233218048,4513024,37624,904,26,0,40960,6,2,/home/pranay/nextflow_benchmarks/work/ed/428d70303df48b31e5182d389f2ca6,-,-,AMD Ryzen 7 4800H with Radeon Graphics,59006.233,59006.912,SAMTOOLS_STATS,28.68,ryzen_7_laptop,atacseq,8.0,16.0,ryzen_7,121.56609268333332,2035.0,3098245.12
74,-,15582,NFCORE_ATACSEQ:ATACSEQ:FASTQ_ALIGN_BWA:BAM_SORT_STATS_SAMTOOLS:BAM_STATS_SAMTOOLS:SAMTOOLS_STATS,OSMOTIC_STRESS_T15_PE_REP1_T2,NFCORE_ATACSEQ:ATACSEQ:FASTQ_ALIGN_BWA:BAM_SORT_STATS_SAMTOOLS:BAM_STATS_SAMTOOLS:SAMTOOLS_STATS (OSMOTIC_STRESS_T15_PE_REP1_T2),COMPLETED,0,-,quay.io/biocontainers/samtools:1.17--h00cdaf9_0,1,14400000,-,6442450944,1,1785252206916,1785252207011,1785252207767,851,0,-,128.1,0.1,8105984,165969920,8105984,233218048,9160566,67451,1618,34,0,73728,4,0,/home/pranay/nextflow_benchmarks/work/a0/e9d8df07a8f8c1e6523ea588847e6c,-,-,AMD Ryzen 7 4800H with Radeon Graphics,59007.011,59007.767,SAMTOOLS_STATS,,ryzen_7_laptop,atacseq,8.0,16.0,ryzen_7,172.5373484333334,2131.8749999999995,4216050.346666667
68,-,15627,NFCORE_ATACSEQ:ATACSEQ:FASTQ_ALIGN_BWA:BAM_SORT_STATS_SAMTOOLS:BAM_STATS_SAMTOOLS:SAMTOOLS_STATS,OSMOTIC_STRESS_T150_SE_REP1_T1,NFCORE_ATACSEQ:ATACSEQ:FASTQ_ALIGN_BWA:BAM_SORT_STATS_SAMTOOLS:BAM_STATS_SAMTOOLS:SAMTOOLS_STATS (OSMOTIC_STRESS_T150_SE_REP1_T1),COMPLETED,0,-,quay.io/biocontainers/samtools:1.17--h00cdaf9_0,1,14400000,-,6442450944,1,1785252207771,1785252207867,1785252208541,770,0,-,118.3,0.1,7663616,165969920,7663616,233218048,4432567,38415,917,27,0,45056,2,0,/home/pranay/nextflow_benchmarks/work/3a/8a0c227ddea999feb4a32d0fb1f259,-,-,AMD Ryzen 7 4800H with Radeon Graphics,59007.867,59008.541,SAMTOOLS_STATS,29.73,ryzen_7_laptop,atacseq,8.0,16.0,ryzen_7,115.95061718333332,2035.0,3069081.6
64,-,15674,NFCORE_ATACSEQ:ATACSEQ:FASTQ_ALIGN_BWA:BAM_SORT_STATS_SAMTOOLS:BAM_STATS_SAMTOOLS:SAMTOOLS_STATS,OSMOTIC_STRESS_T0_PE_REP2_T1,NFCORE_ATACSEQ:ATACSEQ:FASTQ_ALIGN_BWA:BAM_SORT_STATS_SAMTOOLS:BAM_STATS_SAMTOOLS:SAMTOOLS_STATS (OSMOTIC_STRESS_T0_PE_REP2_T1),COMPLETED,0,-,quay.io/biocontainers/samtools:1.17--h00cdaf9_0,1,14400000,-,6442450944,1,1785252208545,1785252208641,1785252209380,835,1000,-,130.7,0.1,8114176,165969920,8114176,233066496,8688089,73665,1636,35,0,77824,4,0,/home/pranay/nextflow_benchmarks/work/83/c3f30845ff59ea6756bbfc80635c30,-,-,AMD Ryzen 7 4800H with Radeon Graphics,59008.641,59009.38,SAMTOOLS_STATS,29.65,ryzen_7_laptop,atacseq,8.0,16.0,ryzen_7,119.97930518333334,2091.2499999999995,4215879.68
56,-,15719,NFCORE_ATACSEQ:ATACSEQ:FASTQ_ALIGN_BWA:BAM_SORT_STATS_SAMTOOLS:BAM_STATS_SAMTOOLS:SAMTOOLS_STATS,OSMOTIC_STRESS_T0_PE_REP1_T1,NFCORE_ATACSEQ:ATACSEQ:FASTQ_ALIGN_BWA:BAM_SORT_STATS_SAMTOOLS:BAM_STATS_SAMTOOLS:SAMTOOLS_STATS (OSMOTIC_STRESS_T0_PE_REP1_T1),COMPLETED,0,-,quay.io/biocontainers/samtools:1.17--h00cdaf9_0,1,14400000,-,6442450944,1,1785252209384,1785252209480,1785252210219,835,0,-,133.7,0.1,8159232,165969920,8159232,233218048,8815585,69147,1618,34,0,73728,2,0,/home/pranay/nextflow_benchmarks/work/7f/9fd864861a61c97d1478feb7ef99fb,-,-,AMD Ryzen 7 4800H with Radeon Graphics,59009.48,59010.219,SAMTOOLS_STATS,29.34,ryzen_7_laptop,atacseq,8.0,16.0,ryzen_7,172.5826119333334,2131.8749999999995,4216050.346666667
69,-,15767,NFCORE_ATACSEQ:ATACSEQ:FASTQ_ALIGN_BWA:BAM_SORT_STATS_SAMTOOLS:BAM_STATS_SAMTOOLS:SAMTOOLS_STATS,OSMOTIC_STRESS_T15_PE_REP1_T1,NFCORE_ATACSEQ:ATACSEQ:FASTQ_ALIGN_BWA:BAM_SORT_STATS_SAMTOOLS:BAM_STATS_SAMTOOLS:SAMTOOLS_STATS (OSMOTIC_STRESS_T15_PE_REP1_T1),COMPLETED,0,-,quay.io/biocontainers/samtools:1.17--h00cdaf9_0,1,14400000,-,6442450944,1,1785252210224,1785252210319,1785252211065,841,0,-,130.2,0.1,8097792,165969920,8097792,233066496,9116665,68300,1644,34,0,73728,5,1,/home/pranay/nextflow_benchmarks/work/62/d64d83078131bda8af65f9d2185aeb,-,-,AMD Ryzen 7 4800H with Radeon Graphics,59010.319,59011.065,SAMTOOLS_STATS,29.18,ryzen_7_laptop,atacseq,8.0,16.0,ryzen_7,172.5373484333334,2131.8749999999995,4216050.346666667
79,-,15812,NFCORE_ATACSEQ:ATACSEQ:MERGED_LIBRARY_MARKDUPLICATES_PICARD:PICARD_MARKDUPLICATES,OSMOTIC_STRESS_T150_SE_REP1,NFCORE_ATACSEQ:ATACSEQ:MERGED_LIBRARY_MARKDUPLICATES_PICARD:PICARD_MARKDUPLICATES (OSMOTIC_STRESS_T150_SE_REP1),COMPLETED,0,-,quay.io/biocontainers/picard:3.0.0--hdfd78af_1,2,21600000,-,6442450944,1,1785252211070,1785252211165,1785252219714,8644,7000,-,223.0,28.9,2321707008,10546712576,2321707008,10613829632,35397767,9770440,11815,339,0,9834496,20,1,/home/pranay/nextflow_benchmarks/work/af/63dbb236b542a6054388841b0af31d,-,-,AMD Ryzen 7 4800H with Radeon Graphics,59011.165,59019.714,PICARD_MARKDUPLICATES,190.69,ryzen_7_laptop,atacseq,8.0,16.0,ryzen_7,18421.44826549998,176637.835,17458070784.0
80,-,15859,NFCORE_ATACSEQ:ATACSEQ:MERGED_LIBRARY_MARKDUPLICATES_PICARD:PICARD_MARKDUPLICATES,OSMOTIC_STRESS_T0_PE_REP2,NFCORE_ATACSEQ:ATACSEQ:MERGED_LIBRARY_MARKDUPLICATES_PICARD:PICARD_MARKDUPLICATES (OSMOTIC_STRESS_T0_PE_REP2),COMPLETED,0,-,quay.io/biocontainers/picard:3.0.0--hdfd78af_1,2,21600000,-,6442450944,1,1785252219721,1785252219815,1785252229081,9360,7000,-,219.5,27.9,2242834432,10614874112,2242834432,10614882304,34851829,9706088,15236,351,0,9805824,12,0,/home/pranay/nextflow_benchmarks/work/9b/c21a945a64092002ffe12f0a668860,-,-,AMD Ryzen 7 4800H with Radeon Graphics,59019.815,59029.081,PICARD_MARKDUPLICATES,269.92,ryzen_7_laptop,atacseq,8.0,16.0,ryzen_7,18421.44826549998,176637.835,17458070784.0
81,-,15906,NFCORE_ATACSEQ:ATACSEQ:MERGED_LIBRARY_MARKDUPLICATES_PICARD:PICARD_MARKDUPLICATES,OSMOTIC_STRESS_T0_PE_REP1,NFCORE_ATACSEQ:ATACSEQ:MERGED_LIBRARY_MARKDUPLICATES_PICARD:PICARD_MARKDUPLICATES (OSMOTIC_STRESS_T0_PE_REP1),COMPLETED,0,-,quay.io/biocontainers/picard:3.0.0--hdfd78af_1,2,21600000,-,6442450944,1,1785252229086,1785252229181,1785252237740,8654,7000,-,239.3,29.9,2404204544,10546712576,2404204544,10546720768,35240742,9805546,13428,349,0,9908224,11,1,/home/pranay/nextflow_benchmarks/work/8a/867d6473f3d3626617c654a7eee8f7,-,-,AMD Ryzen 7 4800H with Radeon Graphics,59029.181,59037.74,PICARD_MARKDUPLICATES,224.46,ryzen_7_laptop,atacseq,8.0,16.0,ryzen_7,18421.44826549998,176637.835,17458070784.0
82,-,15953,NFCORE_ATACSEQ:ATACSEQ:MERGED_LIBRARY_MARKDUPLICATES_PICARD:PICARD_MARKDUPLICATES,OSMOTIC_STRESS_T100_SE_REP2,NFCORE_ATACSEQ:ATACSEQ:MERGED_LIBRARY_MARKDUPLICATES_PICARD:PICARD_MARKDUPLICATES (OSMOTIC_STRESS_T100_SE_REP2),COMPLETED,0,-,quay.io/biocontainers/picard:3.0.0--hdfd78af_1,2,21600000,-,6442450944,1,1785252237745,1785252237841,1785252245096,7351,5000,-,239.9,24.7,1987108864,10478551040,1987108864,10478559232,26016603,5038162,10489,303,0,5103616,11,0,/home/pranay/nextflow_benchmarks/work/9f/09251713b3b589981728021786fa12,-,-,AMD Ryzen 7 4800H with Radeon Graphics,59037.841,59045.096,PICARD_MARKDUPLICATES,232.53,ryzen_7_laptop,atacseq,8.0,16.0,ryzen_7,18421.44826549998,176655.24,17458070784.0
83,-,16001,NFCORE_ATACSEQ:ATACSEQ:MERGED_LIBRARY_MARKDUPLICATES_PICARD:PICARD_MARKDUPLICATES,OSMOTIC_STRESS_T100_SE_REP1,NFCORE_ATACSEQ:ATACSEQ:MERGED_LIBRARY_MARKDUPLICATES_PICARD:PICARD_MARKDUPLICATES (OSMOTIC_STRESS_T100_SE_REP1),COMPLETED,0,-,quay.io/biocontainers/picard:3.0.0--hdfd78af_1,2,21600000,-,6442450944,1,1785252245102,1785252245196,1785252252174,7072,5000,-,252.7,24.8,1995554816,10546712576,1995554816,10613829632,26457228,5213700,10487,304,0,5279744,19,0,/home/pranay/nextflow_benchmarks/work/dc/265166f40830506e1c172a315c1a5a,-,-,AMD Ryzen 7 4800H with Radeon Graphics,59045.196,59052.174,PICARD_MARKDUPLICATES,197.40000000000003,ryzen_7_laptop,atacseq,8.0,16.0,ryzen_7,18421.44826549998,176655.24,17458070784.0
84,-,16048,NFCORE_ATACSEQ:ATACSEQ:MERGED_LIBRARY_MARKDUPLICATES_PICARD:PICARD_MARKDUPLICATES,OSMOTIC_STRESS_T15_PE_REP1,NFCORE_ATACSEQ:ATACSEQ:MERGED_LIBRARY_MARKDUPLICATES_PICARD:PICARD_MARKDUPLICATES (OSMOTIC_STRESS_T15_PE_REP1),COMPLETED,0,-,quay.io/biocontainers/picard:3.0.0--hdfd78af_1,2,21600000,-,6442450944,1,1785252252179,1785252252275,1785252262325,10146,9000,-,211.2,30.1,2420424704,10683043840,2420424704,10750160896,53688453,19136751,16199,429,0,19251200,19,1,/home/pranay/nextflow_benchmarks/work/2e/2b40cce1194b449fe8cf988e0c10f4,-,-,AMD Ryzen 7 4800H with Radeon Graphics,59052.275,59062.325,PICARD_MARKDUPLICATES,265.48,ryzen_7_laptop,atacseq,8.0,16.0,ryzen_7,18421.44826549998,176652.835,17458070784.0
85,-,16095,NFCORE_ATACSEQ:ATACSEQ:MERGED_LIBRARY_MARKDUPLICATES_PICARD:SAMTOOLS_INDEX,OSMOTIC_STRESS_T150_SE_REP1,NFCORE_ATACSEQ:ATACSEQ:MERGED_LIBRARY_MARKDUPLICATES_PICARD:SAMTOOLS_INDEX (OSMOTIC_STRESS_T150_SE_REP1),COMPLETED,0,-,quay.io/biocontainers/samtools:1.17--h00cdaf9_0,2,14400000,-,6442450944,1,1785252262330,1785252262426,1785252263028,698,0,-,128.0,0.0,7233536,164429824,7233536,231677952,9163067,14977,1701,21,0,20480,381,0,/home/pranay/nextflow_benchmarks/work/03/80b3076eaa26043d377cf6517318c7,-,-,AMD Ryzen 7 4800H with Radeon Graphics,59062.426,59063.028,SAMTOOLS_INDEX,,ryzen_7_laptop,atacseq,8.0,16.0,ryzen_7,158.50160400000001,1022.0833333333335,17482772.48
86,-,16137,NFCORE_ATACSEQ:ATACSEQ:MERGED_LIBRARY_MARKDUPLICATES_PICARD:SAMTOOLS_INDEX,OSMOTIC_STRESS_T0_PE_REP2,NFCORE_ATACSEQ:ATACSEQ:MERGED_LIBRARY_MARKDUPLICATES_PICARD:SAMTOOLS_INDEX (OSMOTIC_STRESS_T0_PE_REP2),COMPLETED,0,-,quay.io/biocontainers/samtools:1.17--h00cdaf9_0,2,14400000,-,6442450944,1,1785252263032,1785252263132,1785252263772,740,0,-,119.4,0.1,7454720,164429824,7454720,231677952,9091032,16617,1737,21,0,20480,437,0,/home/pranay/nextflow_benchmarks/work/d2/8019f10045226d2520a6b209c0bcbc,-,-,AMD Ryzen 7 4800H with Radeon Graphics,59063.132,59063.772,SAMTOOLS_INDEX,29.53,ryzen_7_laptop,atacseq,8.0,16.0,ryzen_7,158.50160400000001,1022.0833333333335,17482772.48
87,-,16177,NFCORE_ATACSEQ:ATACSEQ:MERGED_LIBRARY_MARKDUPLICATES_PICARD:SAMTOOLS_INDEX,OSMOTIC_STRESS_T0_PE_REP1,NFCORE_ATACSEQ:ATACSEQ:MERGED_LIBRARY_MARKDUPLICATES_PICARD:SAMTOOLS_INDEX (OSMOTIC_STRESS_T0_PE_REP1),COMPLETED,0,-,quay.io/biocontainers/samtools:1.17--h00cdaf9_0,2,14400000,-,6442450944,1,1785252263776,1785252263872,1785252264501,725,0,-,130.6,0.1,7491584,164429824,7491584,231677952,9193602,15209,1721,21,0,20480,460,1,/home/pranay/nextflow_benchmarks/work/7c/2f76b0d309f988fdc097463f7aad76,-,-,AMD Ryzen 7 4800H with Radeon Graphics,59063.872,59064.501,SAMTOOLS_INDEX,34.92,ryzen_7_laptop,atacseq,8.0,16.0,ryzen_7,158.50160400000001,1022.0833333333335,17482772.48
88,-,16220,NFCORE_ATACSEQ:ATACSEQ:MERGED_LIBRARY_MARKDUPLICATES_PICARD:SAMTOOLS_INDEX,OSMOTIC_STRESS_T100_SE_REP2,NFCORE_ATACSEQ:ATACSEQ:MERGED_LIBRARY_MARKDUPLICATES_PICARD:SAMTOOLS_INDEX (OSMOTIC_STRESS_T100_SE_REP2),COMPLETED,0,-,quay.io/biocontainers/samtools:1.17--h00cdaf9_0,2,14400000,-,6442450944,1,1785252264506,1785252264601,1785252265140,634,0,-,127.0,0.1,7368704,164429824,7368704,231677952,4430856,19089,967,22,0,24576,457,0,/home/pranay/nextflow_benchmarks/work/81/c42bdbbfc782f0d257c7c263972fa7,-,-,AMD Ryzen 7 4800H with Radeon Graphics,59064.601,59065.14,SAMTOOLS_INDEX,31.7,ryzen_7_laptop,atacseq,8.0,16.0,ryzen_7,106.50128274999999,980.0,17491466.24
89,-,16261,NFCORE_ATACSEQ:ATACSEQ:MERGED_LIBRARY_MARKDUPLICATES_PICARD:SAMTOOLS_INDEX,OSMOTIC_STRESS_T100_SE_REP1,NFCORE_ATACSEQ:ATACSEQ:MERGED_LIBRARY_MARKDUPLICATES_PICARD:SAMTOOLS_INDEX (OSMOTIC_STRESS_T100_SE_REP1),COMPLETED,0,-,quay.io/biocontainers/samtools:1.17--h00cdaf9_0,2,14400000,-,6442450944,1,1785252265144,1785252265245,1785252265867,723,0,-,82.1,0.0,7258112,164429824,7258112,231677952,4606395,18240,957,22,0,24576,488,1,/home/pranay/nextflow_benchmarks/work/4d/2971430671e4c525ba7d31d6a1fcaa,-,-,AMD Ryzen 7 4800H with Radeon Graphics,59065.245,59065.867,SAMTOOLS_INDEX,,ryzen_7_laptop,atacseq,8.0,16.0,ryzen_7,111.26301674999999,980.0,17495879.68
90,-,16304,NFCORE_ATACSEQ:ATACSEQ:MERGED_LIBRARY_MARKDUPLICATES_PICARD:SAMTOOLS_INDEX,OSMOTIC_STRESS_T15_PE_REP1,NFCORE_ATACSEQ:ATACSEQ:MERGED_LIBRARY_MARKDUPLICATES_PICARD:SAMTOOLS_INDEX (OSMOTIC_STRESS_T15_PE_REP1),COMPLETED,0,-,quay.io/biocontainers/samtools:1.17--h00cdaf9_0,2,14400000,-,6442450944,1,1785252265871,1785252265968,1785252266655,784,0,-,130.5,0.1,7417856,164429824,7417856,231677952,18526426,15121,3243,21,0,20480,409,0,/home/pranay/nextflow_benchmarks/work/bc/ba146134670862e437dfbe30adc257,-,-,AMD Ryzen 7 4800H with Radeon Graphics,59065.968,59066.655,SAMTOOLS_INDEX,31.61,ryzen_7_laptop,atacseq,8.0,16.0,ryzen_7,187.88290524999994,1544.455,17571037.866666667
91,-,16345,NFCORE_ATACSEQ:ATACSEQ:MERGED_LIBRARY_FILTER_BAM:BAMTOOLS_FILTER,OSMOTIC_STRESS_T150_SE_REP1,NFCORE_ATACSEQ:ATACSEQ:MERGED_LIBRARY_FILTER_BAM:BAMTOOLS_FILTER (OSMOTIC_STRESS_T150_SE_REP1),COMPLETED,0,-,quay.io/biocontainers/mulled-v2-0560a8046fc82aa4338588eca29ff18edab2c5aa:5687a7da26983502d0a8a9a6b05ed727c740ddc4-0,2,21600000,-,6442450944,1,1785252266658,1785252266756,1785252268688,2030,1000,-,126.1,0.2,12685312,21291008,12685312,21422080,14891603,11220450,2584,1267,20504576,5517312,388,9,/home/pranay/nextflow_benchmarks/work/ca/f6fc5d9e4338adc1a1ff7db605c32c,-,-,AMD Ryzen 7 4800H with Radeon Graphics,59066.756,59068.688,BAMTOOLS_FILTER,58.93,ryzen_7_laptop,atacseq,8.0,16.0,ryzen_7,191.92415299999985,1264.195,3563089.92
92,-,16412,NFCORE_ATACSEQ:ATACSEQ:MERGED_LIBRARY_FILTER_BAM:BAMTOOLS_FILTER,OSMOTIC_STRESS_T0_PE_REP2,NFCORE_ATACSEQ:ATACSEQ:MERGED_LIBRARY_FILTER_BAM:BAMTOOLS_FILTER (OSMOTIC_STRESS_T0_PE_REP2),COMPLETED,0,-,quay.io/biocontainers/mulled-v2-0560a8046fc82aa4338588eca29ff18edab2c5aa:5687a7da26983502d0a8a9a6b05ed727c740ddc4-0,2,21600000,-,6442450944,1,1785252268693,1785252268788,1785252270288,1595,1000,-,133.5,0.2,12279808,21147648,12349440,21417984,13574022,8635039,2413,947,0,4177920,10,1,/home/pranay/nextflow_benchmarks/work/ff/ee544858d11b29c39f1537e989a175,-,-,AMD Ryzen 7 4800H with Radeon Graphics,59068.788,59070.288,BAMTOOLS_FILTER,57.91,ryzen_7_laptop,atacseq,8.0,16.0,ryzen_7,155.56269074999997,978.1878571428571,3560702.6346666664
93,-,16464,NFCORE_ATACSEQ:ATACSEQ:MERGED_LIBRARY_FILTER_BAM:BAMTOOLS_FILTER,OSMOTIC_STRESS_T0_PE_REP1,NFCORE_ATACSEQ:ATACSEQ:MERGED_LIBRARY_FILTER_BAM:BAMTOOLS_FILTER (OSMOTIC_STRESS_T0_PE_REP1),COMPLETED,0,-,quay.io/biocontainers/mulled-v2-0560a8046fc82aa4338588eca29ff18edab2c5aa:5687a7da26983502d0a8a9a6b05ed727c740ddc4-0,2,21600000,-,6442450944,1,1785252270292,1785252270388,1785252272017,1725,1000,-,128.8,0.2,12611584,21282816,12611584,21417984,14377170,10037096,2512,1126,0,4882432,12,0,/home/pranay/nextflow_benchmarks/work/40/b49462a0cb0a34eff6166a03bc40f1,-,-,AMD Ryzen 7 4800H with Radeon Graphics,59070.388,59072.017,BAMTOOLS_FILTER,28.68,ryzen_7_laptop,atacseq,8.0,16.0,ryzen_7,197.76286074999993,1267.775,3563939.84
94,-,16515,NFCORE_ATACSEQ:ATACSEQ:MERGED_LIBRARY_FILTER_BAM:BAMTOOLS_FILTER,OSMOTIC_STRESS_T100_SE_REP2,NFCORE_ATACSEQ:ATACSEQ:MERGED_LIBRARY_FILTER_BAM:BAMTOOLS_FILTER (OSMOTIC_STRESS_T100_SE_REP2),COMPLETED,0,-,quay.io/biocontainers/mulled-v2-0560a8046fc82aa4338588eca29ff18edab2c5aa:5687a7da26983502d0a8a9a6b05ed727c740ddc4-0,2,21600000,-,6442450944,1,1785252272021,1785252272117,1785252273109,1088,0,-,128.2,0.2,12431360,21147648,12431360,21417984,6480595,3973650,1292,438,0,1949696,11,1,/home/pranay/nextflow_benchmarks/work/0c/ed0fbbfe9f15dafbf15f3e22e6cbbc,-,-,AMD Ryzen 7 4800H with Radeon Graphics,59072.117,59073.109,BAMTOOLS_FILTER,28.3,ryzen_7_laptop,atacseq,8.0,16.0,ryzen_7,95.31002175000002,1063.9583333333335,4490526.72
95,-,16566,NFCORE_ATACSEQ:ATACSEQ:MERGED_LIBRARY_FILTER_BAM:BAMTOOLS_FILTER,OSMOTIC_STRESS_T100_SE_REP1,NFCORE_ATACSEQ:ATACSEQ:MERGED_LIBRARY_FILTER_BAM:BAMTOOLS_FILTER (OSMOTIC_STRESS_T100_SE_REP1),COMPLETED,0,-,quay.io/biocontainers/mulled-v2-0560a8046fc82aa4338588eca29ff18edab2c5aa:5687a7da26983502d0a8a9a6b05ed727c740ddc4-0,2,21600000,-,6442450944,1,1785252273113,1785252273209,1785252274307,1194,1000,-,126.7,0.2,12419072,21282816,12419072,21417984,7085707,4825759,1341,530,0,2371584,12,1,/home/pranay/nextflow_benchmarks/work/cc/aa0b8a4c7e7d8d1970aceb0d79ef93,-,-,AMD Ryzen 7 4800H with Radeon Graphics,59073.209,59074.307,BAMTOOLS_FILTER,30.82,ryzen_7_laptop,atacseq,8.0,16.0,ryzen_7,95.31002175000002,1061.4583333333335,4251904.0
110,-,16618,NFCORE_ATACSEQ:ATACSEQ:MERGED_LIBRARY_MARKDUPLICATES_PICARD:BAM_STATS_SAMTOOLS:SAMTOOLS_IDXSTATS,OSMOTIC_STRESS_T15_PE_REP1,NFCORE_ATACSEQ:ATACSEQ:MERGED_LIBRARY_MARKDUPLICATES_PICARD:BAM_STATS_SAMTOOLS:SAMTOOLS_IDXSTATS (OSMOTIC_STRESS_T15_PE_REP1),COMPLETED,0,-,quay.io/biocontainers/samtools:1.17--h00cdaf9_0,1,14400000,-,6442450944,1,1785252274311,1785252274407,1785252274983,672,0,-,110.3,0.0,3358720,5648384,3358720,5652480,134211,5304,225,19,0,12288,2,0,/home/pranay/nextflow_benchmarks/work/63/7149100aafe0fab89b66cfa386a4ae,-,-,AMD Ryzen 7 4800H with Radeon Graphics,59074.407,59074.983,SAMTOOLS_IDXSTATS,,ryzen_7_laptop,atacseq,8.0,16.0,ryzen_7,103.33711599999991,877.5,3173652.48
96,-,16664,NFCORE_ATACSEQ:ATACSEQ:MERGED_LIBRARY_FILTER_BAM:BAMTOOLS_FILTER,OSMOTIC_STRESS_T15_PE_REP1,NFCORE_ATACSEQ:ATACSEQ:MERGED_LIBRARY_FILTER_BAM:BAMTOOLS_FILTER (OSMOTIC_STRESS_T15_PE_REP1),COMPLETED,0,-,quay.io/biocontainers/mulled-v2-0560a8046fc82aa4338588eca29ff18edab2c5aa:5687a7da26983502d0a8a9a6b05ed727c740ddc4-0,2,21600000,-,6442450944,1,1785252274987,1785252275083,1785252278339,3352,3000,-,129.4,0.2,12582912,21299200,12582912,21430272,30649882,23580537,5122,2722,0,11485184,749,6,/home/pranay/nextflow_benchmarks/work/6f/aa279f5cf322831b4f53e9b30d415c,-,-,AMD Ryzen 7 4800H with Radeon Graphics,59075.083,59078.339,BAMTOOLS_FILTER,110.82,ryzen_7_laptop,atacseq,8.0,16.0,ryzen_7,257.3000327499997,1500.09,3598940.16
104,-,16712,NFCORE_ATACSEQ:ATACSEQ:MERGED_LIBRARY_MARKDUPLICATES_PICARD:BAM_STATS_SAMTOOLS:SAMTOOLS_IDXSTATS,OSMOTIC_STRESS_T0_PE_REP1,NFCORE_ATACSEQ:ATACSEQ:MERGED_LIBRARY_MARKDUPLICATES_PICARD:BAM_STATS_SAMTOOLS:SAMTOOLS_IDXSTATS (OSMOTIC_STRESS_T0_PE_REP1),COMPLETED,0,-,quay.io/biocontainers/samtools:1.17--h00cdaf9_0,1,14400000,-,6442450944,1,1785252278344,1785252278439,1785252278989,645,0,-,87.3,0.0,3399680,5648384,3399680,5652480,133689,5289,225,19,0,12288,2,0,/home/pranay/nextflow_benchmarks/work/a0/da4287f351f1a36a0379c3841bc736,-,-,AMD Ryzen 7 4800H with Radeon Graphics,59078.439,59078.989,SAMTOOLS_IDXSTATS,,ryzen_7_laptop,atacseq,8.0,16.0,ryzen_7,103.33711599999991,877.5,3173652.48
98,-,16757,NFCORE_ATACSEQ:ATACSEQ:MERGED_LIBRARY_MARKDUPLICATES_PICARD:BAM_STATS_SAMTOOLS:SAMTOOLS_FLAGSTAT,OSMOTIC_STRESS_T150_SE_REP1,NFCORE_ATACSEQ:ATACSEQ:MERGED_LIBRARY_MARKDUPLICATES_PICARD:BAM_STATS_SAMTOOLS:SAMTOOLS_FLAGSTAT (OSMOTIC_STRESS_T150_SE_REP1),COMPLETED,0,-,quay.io/biocontainers/samtools:1.17--h00cdaf9_0,1,14400000,-,6442450944,1,1785252278993,1785252279090,1785252279687,694,0,-,117.9,0.1,7315456,164429824,7315456,231677952,9163201,5442,1701,19,0,12288,429,0,/home/pranay/nextflow_benchmarks/work/e9/b10ef622804c0a6d361d252edc7d76,-,-,AMD Ryzen 7 4800H with Radeon Graphics,59079.09,59079.687,SAMTOOLS_FLAGSTAT,31.84,ryzen_7_laptop,atacseq,8.0,16.0,ryzen_7,143.45441350000002,1037.0833333333335,4032600.746666666
103,-,16800,NFCORE_ATACSEQ:ATACSEQ:MERGED_LIBRARY_MARKDUPLICATES_PICARD:BAM_STATS_SAMTOOLS:SAMTOOLS_FLAGSTAT,OSMOTIC_STRESS_T0_PE_REP1,NFCORE_ATACSEQ:ATACSEQ:MERGED_LIBRARY_MARKDUPLICATES_PICARD:BAM_STATS_SAMTOOLS:SAMTOOLS_FLAGSTAT (OSMOTIC_STRESS_T0_PE_REP1),COMPLETED,0,-,quay.io/biocontainers/samtools:1.17--h00cdaf9_0,1,14400000,-,6442450944,1,1785252279690,1785252279787,1785252280395,705,0,-,118.8,0.1,7520256,164429824,7520256,231677952,9193734,5472,1721,19,0,12288,445,1,/home/pranay/nextflow_benchmarks/work/b0/125d79de360e18a30aa17100114ecf,-,-,AMD Ryzen 7 4800H with Radeon Graphics,59079.787,59080.395,SAMTOOLS_FLAGSTAT,31.59,ryzen_7_laptop,atacseq,8.0,16.0,ryzen_7,143.45441350000002,1037.0833333333335,4032600.746666666
106,-,16845,NFCORE_ATACSEQ:ATACSEQ:MERGED_LIBRARY_MARKDUPLICATES_PICARD:BAM_STATS_SAMTOOLS:SAMTOOLS_IDXSTATS,OSMOTIC_STRESS_T100_SE_REP2,NFCORE_ATACSEQ:ATACSEQ:MERGED_LIBRARY_MARKDUPLICATES_PICARD:BAM_STATS_SAMTOOLS:SAMTOOLS_IDXSTATS (OSMOTIC_STRESS_T100_SE_REP2),COMPLETED,0,-,quay.io/biocontainers/samtools:1.17--h00cdaf9_0,1,14400000,-,6442450944,1,1785252280399,1785252280496,1785252281040,641,0,-,85.7,0.0,3354624,5648384,3354624,5652480,138630,5271,225,19,0,12288,2,0,/home/pranay/nextflow_benchmarks/work/4f/286fe9bb660e7073cef8b86d3fc2db,-,-,AMD Ryzen 7 4800H with Radeon Graphics,59080.496,59081.04,SAMTOOLS_IDXSTATS,,ryzen_7_laptop,atacseq,8.0,16.0,ryzen_7,103.33711599999991,877.5,3173652.48
114,-,16888,NFCORE_ATACSEQ:ATACSEQ:MERGED_LIBRARY_MARKDUPLICATES_PICARD:BAM_STATS_SAMTOOLS:SAMTOOLS_FLAGSTAT,OSMOTIC_STRESS_T15_PE_REP1,NFCORE_ATACSEQ:ATACSEQ:MERGED_LIBRARY_MARKDUPLICATES_PICARD:BAM_STATS_SAMTOOLS:SAMTOOLS_FLAGSTAT (OSMOTIC_STRESS_T15_PE_REP1),COMPLETED,0,-,quay.io/biocontainers/samtools:1.17--h00cdaf9_0,1,14400000,-,6442450944,1,1785252281045,1785252281140,1785252281877,832,0,-,131.5,0.1,7393280,164429824,7393280,231677952,18526565,5476,3243,19,0,12288,452,1,/home/pranay/nextflow_benchmarks/work/55/81cd01299981f0dbab6bc76c6acf0e,-,-,AMD Ryzen 7 4800H with Radeon Graphics,59081.14,59081.877,SAMTOOLS_FLAGSTAT,29.67,ryzen_7_laptop,atacseq,8.0,16.0,ryzen_7,183.7448239999999,1558.25,3589563.733333334
97,-,16933,NFCORE_ATACSEQ:ATACSEQ:MERGED_LIBRARY_MARKDUPLICATES_PICARD:BAM_STATS_SAMTOOLS:SAMTOOLS_IDXSTATS,OSMOTIC_STRESS_T150_SE_REP1,NFCORE_ATACSEQ:ATACSEQ:MERGED_LIBRARY_MARKDUPLICATES_PICARD:BAM_STATS_SAMTOOLS:SAMTOOLS_IDXSTATS (OSMOTIC_STRESS_T150_SE_REP1),COMPLETED,0,-,quay.io/biocontainers/samtools:1.17--h00cdaf9_0,1,14400000,-,6442450944,1,1785252281880,1785252281977,1785252282606,726,0,-,80.0,0.0,3411968,5648384,3411968,5652480,134738,5277,225,19,0,12288,2,0,/home/pranay/nextflow_benchmarks/work/58/872accdea44f733894d12074d33d23,-,-,AMD Ryzen 7 4800H with Radeon Graphics,59081.977,59082.606,SAMTOOLS_IDXSTATS,29.04,ryzen_7_laptop,atacseq,8.0,16.0,ryzen_7,103.33711599999991,877.5,3173652.48
105,-,16978,NFCORE_ATACSEQ:ATACSEQ:MERGED_LIBRARY_MARKDUPLICATES_PICARD:BAM_STATS_SAMTOOLS:SAMTOOLS_FLAGSTAT,OSMOTIC_STRESS_T100_SE_REP2,NFCORE_ATACSEQ:ATACSEQ:MERGED_LIBRARY_MARKDUPLICATES_PICARD:BAM_STATS_SAMTOOLS:SAMTOOLS_FLAGSTAT (OSMOTIC_STRESS_T100_SE_REP2),COMPLETED,0,-,quay.io/biocontainers/samtools:1.17--h00cdaf9_0,1,14400000,-,6442450944,1,1785252282610,1785252282707,1785252283311,701,1000,-,111.1,0.0,7327744,164429824,7327744,231677952,4430991,5438,967,19,0,12288,527,0,/home/pranay/nextflow_benchmarks/work/ff/76424539d2ceb608995cb4c515b22f,-,-,AMD Ryzen 7 4800H with Radeon Graphics,59082.707,59083.311,SAMTOOLS_FLAGSTAT,28.56,ryzen_7_laptop,atacseq,8.0,16.0,ryzen_7,87.92309375000018,942.5,3069081.6
109,-,17021,NFCORE_ATACSEQ:ATACSEQ:MERGED_LIBRARY_MARKDUPLICATES_PICARD:BAM_STATS_SAMTOOLS:SAMTOOLS_IDXSTATS,OSMOTIC_STRESS_T100_SE_REP1,NFCORE_ATACSEQ:ATACSEQ:MERGED_LIBRARY_MARKDUPLICATES_PICARD:BAM_STATS_SAMTOOLS:SAMTOOLS_IDXSTATS (OSMOTIC_STRESS_T100_SE_REP1),COMPLETED,0,-,quay.io/biocontainers/samtools:1.17--h00cdaf9_0,1,14400000,-,6442450944,1,1785252283314,1785252283411,1785252283988,674,0,-,77.4,0.0,3461120,5648384,3461120,5652480,137724,5272,225,19,0,12288,2,0,/home/pranay/nextflow_benchmarks/work/5d/7018476caeeb9cd0c26abe943fd40e,-,-,AMD Ryzen 7 4800H with Radeon Graphics,59083.411,59083.988,SAMTOOLS_IDXSTATS,,ryzen_7_laptop,atacseq,8.0,16.0,ryzen_7,103.33711599999991,877.5,3173652.48
111,-,17067,NFCORE_ATACSEQ:ATACSEQ:MERGED_LIBRARY_MARKDUPLICATES_PICARD:BAM_STATS_SAMTOOLS:SAMTOOLS_FLAGSTAT,OSMOTIC_STRESS_T100_SE_REP1,NFCORE_ATACSEQ:ATACSEQ:MERGED_LIBRARY_MARKDUPLICATES_PICARD:BAM_STATS_SAMTOOLS:SAMTOOLS_FLAGSTAT (OSMOTIC_STRESS_T100_SE_REP1),COMPLETED,0,-,quay.io/biocontainers/samtools:1.17--h00cdaf9_0,1,14400000,-,6442450944,1,1785252283993,1785252284088,1785252284655,662,0,-,125.0,0.1,7315456,164429824,7315456,231677952,4606525,5438,957,19,0,12288,464,0,/home/pranay/nextflow_benchmarks/work/51/2419d12e1b0817b8425714e2142a70,-,-,AMD Ryzen 7 4800H with Radeon Graphics,59084.088,59084.655,SAMTOOLS_FLAGSTAT,30.17,ryzen_7_laptop,atacseq,8.0,16.0,ryzen_7,94.2082237500001,942.5,3078338.56
100,-,17111,NFCORE_ATACSEQ:ATACSEQ:MERGED_LIBRARY_MARKDUPLICATES_PICARD:BAM_STATS_SAMTOOLS:SAMTOOLS_FLAGSTAT,OSMOTIC_STRESS_T0_PE_REP2,NFCORE_ATACSEQ:ATACSEQ:MERGED_LIBRARY_MARKDUPLICATES_PICARD:BAM_STATS_SAMTOOLS:SAMTOOLS_FLAGSTAT (OSMOTIC_STRESS_T0_PE_REP2),COMPLETED,0,-,quay.io/biocontainers/samtools:1.17--h00cdaf9_0,1,14400000,-,6442450944,1,1785252284660,1785252284755,1785252285354,694,0,-,137.6,0.1,7442432,164429824,7442432,231677952,9091164,5476,1737,19,0,12288,464,0,/home/pranay/nextflow_benchmarks/work/c7/0c2029dd3d0bad939b11551c90249b,-,-,AMD Ryzen 7 4800H with Radeon Graphics,59084.755,59085.354,SAMTOOLS_FLAGSTAT,29.36,ryzen_7_laptop,atacseq,8.0,16.0,ryzen_7,143.45441350000002,1037.0833333333335,4032600.746666666
101,-,17158,NFCORE_ATACSEQ:ATACSEQ:MERGED_LIBRARY_MARKDUPLICATES_PICARD:BAM_STATS_SAMTOOLS:SAMTOOLS_IDXSTATS,OSMOTIC_STRESS_T0_PE_REP2,NFCORE_ATACSEQ:ATACSEQ:MERGED_LIBRARY_MARKDUPLICATES_PICARD:BAM_STATS_SAMTOOLS:SAMTOOLS_IDXSTATS (OSMOTIC_STRESS_T0_PE_REP2),COMPLETED,0,-,quay.io/biocontainers/samtools:1.17--h00cdaf9_0,1,14400000,-,6442450944,1,1785252285358,1785252285454,1785252286044,686,0,-,91.4,0.0,3440640,5648384,3440640,5652480,135680,5292,225,19,0,12288,2,0,/home/pranay/nextflow_benchmarks/work/f0/5bbfe9826fd88021d102d00239a389,-,-,AMD Ryzen 7 4800H with Radeon Graphics,59085.454,59086.044,SAMTOOLS_IDXSTATS,,ryzen_7_laptop,atacseq,8.0,16.0,ryzen_7,103.33711599999991,877.5,3173652.48
108,-,17201,NFCORE_ATACSEQ:ATACSEQ:MERGED_LIBRARY_MARKDUPLICATES_PICARD:BAM_STATS_SAMTOOLS:SAMTOOLS_STATS,OSMOTIC_STRESS_T100_SE_REP2,NFCORE_ATACSEQ:ATACSEQ:MERGED_LIBRARY_MARKDUPLICATES_PICARD:BAM_STATS_SAMTOOLS:SAMTOOLS_STATS (OSMOTIC_STRESS_T100_SE_REP2),COMPLETED,0,-,quay.io/biocontainers/samtools:1.17--h00cdaf9_0,1,14400000,-,6442450944,1,1785252286048,1785252286145,1785252286789,741,0,-,124.9,0.1,7888896,165974016,7888896,233070592,4435095,40434,968,27,0,45056,2,0,/home/pranay/nextflow_benchmarks/work/a7/520ae269ae8ca08f1c89662101a537,-,-,AMD Ryzen 7 4800H with Radeon Graphics,59086.145,59086.789,SAMTOOLS_STATS,29.75,ryzen_7_laptop,atacseq,8.0,16.0,ryzen_7,115.95061718333332,2035.0,3069081.6
107,-,17248,NFCORE_ATACSEQ:ATACSEQ:MERGED_LIBRARY_MARKDUPLICATES_PICARD:BAM_STATS_SAMTOOLS:SAMTOOLS_STATS,OSMOTIC_STRESS_T0_PE_REP1,NFCORE_ATACSEQ:ATACSEQ:MERGED_LIBRARY_MARKDUPLICATES_PICARD:BAM_STATS_SAMTOOLS:SAMTOOLS_STATS (OSMOTIC_STRESS_T0_PE_REP1),COMPLETED,0,-,quay.io/biocontainers/samtools:1.17--h00cdaf9_0,1,14400000,-,6442450944,1,1785252286793,1785252286889,1785252287660,867,0,-,126.3,0.1,8187904,165974016,8187904,233070592,9197844,69151,1722,34,0,73728,3,0,/home/pranay/nextflow_benchmarks/work/2d/23c361730a70ad0321dfc70b37f0f0,-,-,AMD Ryzen 7 4800H with Radeon Graphics,59086.889,59087.66,SAMTOOLS_STATS,29.23,ryzen_7_laptop,atacseq,8.0,16.0,ryzen_7,172.5373484333334,2131.8749999999995,4216050.346666667
99,-,17294,NFCORE_ATACSEQ:ATACSEQ:MERGED_LIBRARY_MARKDUPLICATES_PICARD:BAM_STATS_SAMTOOLS:SAMTOOLS_STATS,OSMOTIC_STRESS_T150_SE_REP1,NFCORE_ATACSEQ:ATACSEQ:MERGED_LIBRARY_MARKDUPLICATES_PICARD:BAM_STATS_SAMTOOLS:SAMTOOLS_STATS (OSMOTIC_STRESS_T150_SE_REP1),COMPLETED,0,-,quay.io/biocontainers/samtools:1.17--h00cdaf9_0,1,14400000,-,6442450944,1,1785252287665,1785252287761,1785252288559,894,0,-,128.3,0.1,7979008,165974016,7979008,233222144,9167311,43767,1702,28,0,49152,2,1,/home/pranay/nextflow_benchmarks/work/f4/1562bd00bd263354f47a70c606764c,-,-,AMD Ryzen 7 4800H with Radeon Graphics,59087.761,59088.559,SAMTOOLS_STATS,29.08,ryzen_7_laptop,atacseq,8.0,16.0,ryzen_7,172.5373484333334,2131.8749999999995,4216050.346666667
102,-,17343,NFCORE_ATACSEQ:ATACSEQ:MERGED_LIBRARY_MARKDUPLICATES_PICARD:BAM_STATS_SAMTOOLS:SAMTOOLS_STATS,OSMOTIC_STRESS_T0_PE_REP2,NFCORE_ATACSEQ:ATACSEQ:MERGED_LIBRARY_MARKDUPLICATES_PICARD:BAM_STATS_SAMTOOLS:SAMTOOLS_STATS (OSMOTIC_STRESS_T0_PE_REP2),COMPLETED,0,-,quay.io/biocontainers/samtools:1.17--h00cdaf9_0,1,14400000,-,6442450944,1,1785252288563,1785252288659,1785252289443,880,1000,-,129.3,0.1,8134656,165974016,8134656,233070592,9095274,73670,1738,35,0,77824,2,0,/home/pranay/nextflow_benchmarks/work/59/daef560c451fb8426c6d4d46c929dc,-,-,AMD Ryzen 7 4800H with Radeon Graphics,59088.659,59089.443,SAMTOOLS_STATS,29.66,ryzen_7_laptop,atacseq,8.0,16.0,ryzen_7,172.5373484333334,2131.8749999999995,4216050.346666667
113,-,17390,NFCORE_ATACSEQ:ATACSEQ:MERGED_LIBRARY_MARKDUPLICATES_PICARD:BAM_STATS_SAMTOOLS:SAMTOOLS_STATS,OSMOTIC_STRESS_T15_PE_REP1,NFCORE_ATACSEQ:ATACSEQ:MERGED_LIBRARY_MARKDUPLICATES_PICARD:BAM_STATS_SAMTOOLS:SAMTOOLS_STATS (OSMOTIC_STRESS_T15_PE_REP1),COMPLETED,0,-,quay.io/biocontainers/samtools:1.17--h00cdaf9_0,1,14400000,-,6442450944,1,1785252289447,1785252289543,1785252290544,1097,1000,-,129.6,0.1,8110080,165974016,8110080,233222144,18530675,77429,3244,36,0,81920,5,1,/home/pranay/nextflow_benchmarks/work/ae/41bc78a7af1801065b269db7f8b3a8,-,-,AMD Ryzen 7 4800H with Radeon Graphics,59089.543,59090.544,SAMTOOLS_STATS,28.98,ryzen_7_laptop,atacseq,8.0,16.0,ryzen_7,210.37875518333334,2560.51,3718536.5333333337
112,-,17435,NFCORE_ATACSEQ:ATACSEQ:MERGED_LIBRARY_MARKDUPLICATES_PICARD:BAM_STATS_SAMTOOLS:SAMTOOLS_STATS,OSMOTIC_STRESS_T100_SE_REP1,NFCORE_ATACSEQ:ATACSEQ:MERGED_LIBRARY_MARKDUPLICATES_PICARD:BAM_STATS_SAMTOOLS:SAMTOOLS_STATS (OSMOTIC_STRESS_T100_SE_REP1),COMPLETED,0,-,quay.io/biocontainers/samtools:1.17--h00cdaf9_0,1,14400000,-,6442450944,1,1785252290548,1785252290644,1785252291335,787,1000,-,124.0,0.1,7929856,165974016,7929856,233070592,4610640,38579,958,27,0,45056,2,0,/home/pranay/nextflow_benchmarks/work/3d/f85f8fd69346a9167544ebcfa9a6d0,-,-,AMD Ryzen 7 4800H with Radeon Graphics,59090.644,59091.335,SAMTOOLS_STATS,29.09,ryzen_7_laptop,atacseq,8.0,16.0,ryzen_7,121.56862218333332,2035.0,3078338.56
115,-,17482,NFCORE_ATACSEQ:ATACSEQ:MERGED_LIBRARY_FILTER_BAM:SAMTOOLS_INDEX,OSMOTIC_STRESS_T150_SE_REP1,NFCORE_ATACSEQ:ATACSEQ:MERGED_LIBRARY_FILTER_BAM:SAMTOOLS_INDEX (OSMOTIC_STRESS_T150_SE_REP1),COMPLETED,0,-,quay.io/biocontainers/samtools:1.17--h00cdaf9_0,2,14400000,-,6442450944,1,1785252291338,1785252291435,1785252292026,688,0,-,108.8,0.0,7397376,164429824,7397376,231677952,5612959,14539,1041,21,0,20480,453,1,/home/pranay/nextflow_benchmarks/work/d9/b62ce6525046756b3e928bee16ec0e,-,-,AMD Ryzen 7 4800H with Radeon Graphics,59091.435,59092.026,SAMTOOLS_INDEX,,ryzen_7_laptop,atacseq,8.0,16.0,ryzen_7,106.79276974999998,975.0,17485629.44
116,-,17523,NFCORE_ATACSEQ:ATACSEQ:MERGED_LIBRARY_PICARD_COLLECTMULTIPLEMETRICS,OSMOTIC_STRESS_T150_SE_REP1,NFCORE_ATACSEQ:ATACSEQ:MERGED_LIBRARY_PICARD_COLLECTMULTIPLEMETRICS (OSMOTIC_STRESS_T150_SE_REP1),COMPLETED,0,-,quay.io/biocontainers/picard:3.0.0--hdfd78af_1,1,14400000,-,6442450944,1,1785252292030,1785252292126,1785252297795,5765,4000,-,413.3,4.5,370606080,11717124096,370606080,11797135360,66614872,778969,12175,494,131072,876544,29,1,/home/pranay/nextflow_benchmarks/work/83/d7fadca990b57ec227a1fd83a38161,-,-,AMD Ryzen 7 4800H with Radeon Graphics,59092.126,59097.795,MERGED_LIBRARY_PICARD_COLLECTMULTIPLEMETRICS,175.99,ryzen_7_laptop,atacseq,8.0,16.0,ryzen_7,886.6999902500002,5824.8875,465006477.312
117,-,17572,NFCORE_ATACSEQ:ATACSEQ:MERGED_LIBRARY_FILTER_BAM:SAMTOOLS_SORT,OSMOTIC_STRESS_T0_PE_REP2,NFCORE_ATACSEQ:ATACSEQ:MERGED_LIBRARY_FILTER_BAM:SAMTOOLS_SORT (OSMOTIC_STRESS_T0_PE_REP2),COMPLETED,0,-,quay.io/biocontainers/samtools:1.17--h00cdaf9_0,2,21600000,-,6442450944,1,1785252297798,1785252297895,1785252298683,885,0,-,175.6,0.4,37867520,2009841664,37867520,2075963392,4277447,4803334,223,22,0,4808704,15,3,/home/pranay/nextflow_benchmarks/work/cf/eeae1985dc97b880397407f1b3cac4,-,-,AMD Ryzen 7 4800H with Radeon Graphics,59097.895,59098.683,SAMTOOLS_SORT,27.78,ryzen_7_laptop,atacseq,8.0,16.0,ryzen_7,103.05327550000004,980.0,1322391746.56
118,-,17614,NFCORE_ATACSEQ:ATACSEQ:MERGED_LIBRARY_FILTER_BAM:SAMTOOLS_SORT,OSMOTIC_STRESS_T0_PE_REP1,NFCORE_ATACSEQ:ATACSEQ:MERGED_LIBRARY_FILTER_BAM:SAMTOOLS_SORT (OSMOTIC_STRESS_T0_PE_REP1),COMPLETED,0,-,quay.io/biocontainers/samtools:1.17--h00cdaf9_0,2,21600000,-,6442450944,1,1785252298687,1785252298783,1785252299629,942,0,-,178.4,0.5,41000960,1865248768,41000960,1921609728,4978930,5577300,224,22,0,5582848,19,3,/home/pranay/nextflow_benchmarks/work/5e/4edc3886c976baf7ee767f61b39b92,-,-,AMD Ryzen 7 4800H with Radeon Graphics,59098.783,59099.629,SAMTOOLS_SORT,31.25,ryzen_7_laptop,atacseq,8.0,16.0,ryzen_7,112.69229499999994,990.0,1322391746.56
119,-,17657,NFCORE_ATACSEQ:ATACSEQ:MERGED_LIBRARY_FILTER_BAM:SAMTOOLS_INDEX,OSMOTIC_STRESS_T100_SE_REP2,NFCORE_ATACSEQ:ATACSEQ:MERGED_LIBRARY_FILTER_BAM:SAMTOOLS_INDEX (OSMOTIC_STRESS_T100_SE_REP2),COMPLETED,0,-,quay.io/biocontainers/samtools:1.17--h00cdaf9_0,2,14400000,-,6442450944,1,1785252299633,1785252299729,1785252300340,707,0,-,99.0,0.0,3264512,5648384,3264512,5652480,2044946,19225,491,22,0,24576,1,0,/home/pranay/nextflow_benchmarks/work/c4/1eed19d58f013b7a866c49042ec84e,-,-,AMD Ryzen 7 4800H with Radeon Graphics,59099.729,59100.34,SAMTOOLS_INDEX,28.5,ryzen_7_laptop,atacseq,8.0,16.0,ryzen_7,84.45728408333326,815.145,17475901.44
120,-,17700,NFCORE_ATACSEQ:ATACSEQ:MERGED_LIBRARY_PICARD_COLLECTMULTIPLEMETRICS,OSMOTIC_STRESS_T100_SE_REP2,NFCORE_ATACSEQ:ATACSEQ:MERGED_LIBRARY_PICARD_COLLECTMULTIPLEMETRICS (OSMOTIC_STRESS_T100_SE_REP2),COMPLETED,0,-,quay.io/biocontainers/picard:3.0.0--hdfd78af_1,1,14400000,-,6442450944,1,1785252300343,1785252300441,1785252305699,5356,4000,-,434.6,3.7,301158400,9523351552,302518272,9526927360,63045336,778586,11625,494,0,876544,18,0,/home/pranay/nextflow_benchmarks/work/fa/878c311939f0a25f9262ad8ec083d3,-,-,AMD Ryzen 7 4800H with Radeon Graphics,59100.441,59105.699,MERGED_LIBRARY_PICARD_COLLECTMULTIPLEMETRICS,145.79,ryzen_7_laptop,atacseq,8.0,16.0,ryzen_7,874.1937325000002,5824.8875,465006477.312
121,-,17746,NFCORE_ATACSEQ:ATACSEQ:MERGED_LIBRARY_FILTER_BAM:SAMTOOLS_INDEX,OSMOTIC_STRESS_T100_SE_REP1,NFCORE_ATACSEQ:ATACSEQ:MERGED_LIBRARY_FILTER_BAM:SAMTOOLS_INDEX (OSMOTIC_STRESS_T100_SE_REP1),COMPLETED,0,-,quay.io/biocontainers/samtools:1.17--h00cdaf9_0,2,14400000,-,6442450944,1,1785252305704,1785252305799,1785252306344,640,0,-,98.0,0.0,3399680,5648384,3399680,5652480,2467484,18345,553,22,0,24576,1,0,/home/pranay/nextflow_benchmarks/work/90/1d2064718750f55b0dc39635f38692,-,-,AMD Ryzen 7 4800H with Radeon Graphics,59105.799,59106.344,SAMTOOLS_INDEX,29.0,ryzen_7_laptop,atacseq,8.0,16.0,ryzen_7,86.85466400000007,982.5,17482516.48
122,-,17790,NFCORE_ATACSEQ:ATACSEQ:MERGED_LIBRARY_PICARD_COLLECTMULTIPLEMETRICS,OSMOTIC_STRESS_T100_SE_REP1,NFCORE_ATACSEQ:ATACSEQ:MERGED_LIBRARY_PICARD_COLLECTMULTIPLEMETRICS (OSMOTIC_STRESS_T100_SE_REP1),COMPLETED,0,-,quay.io/biocontainers/picard:3.0.0--hdfd78af_1,1,14400000,-,6442450944,1,1785252306348,1785252306444,1785252311803,5455,4000,-,431.7,3.5,283455488,9523351552,290324480,9590468608,63476368,778845,11688,494,0,876544,18,2,/home/pranay/nextflow_benchmarks/work/ed/665780151dc08bd51c56d797843b5b,-,-,AMD Ryzen 7 4800H with Radeon Graphics,59106.444,59111.803,MERGED_LIBRARY_PICARD_COLLECTMULTIPLEMETRICS,146.78,ryzen_7_laptop,atacseq,8.0,16.0,ryzen_7,874.1937325000002,5824.8875,465006477.312
123,-,17836,NFCORE_ATACSEQ:ATACSEQ:MERGED_LIBRARY_FILTER_BAM:SAMTOOLS_SORT,OSMOTIC_STRESS_T15_PE_REP1,NFCORE_ATACSEQ:ATACSEQ:MERGED_LIBRARY_FILTER_BAM:SAMTOOLS_SORT (OSMOTIC_STRESS_T15_PE_REP1),COMPLETED,0,-,quay.io/biocontainers/samtools:1.17--h00cdaf9_0,2,21600000,-,6442450944,1,1785252311807,1785252311903,1785252313203,1396,0,-,193.5,0.4,35934208,1856856064,35934208,1856860160,11582487,13795794,227,26,0,13803520,13,1,/home/pranay/nextflow_benchmarks/work/7e/28a84d6db84b35d643e9831a0e821b,-,-,AMD Ryzen 7 4800H with Radeon Graphics,59111.903,59113.203,SAMTOOLS_SORT,31.9,ryzen_7_laptop,atacseq,8.0,16.0,ryzen_7,160.511846,978.545,1322391746.56
124,-,17878,NFCORE_ATACSEQ:ATACSEQ:MERGED_LIBRARY_FILTER_BAM:BAM_STATS_SAMTOOLS:SAMTOOLS_FLAGSTAT,OSMOTIC_STRESS_T150_SE_REP1,NFCORE_ATACSEQ:ATACSEQ:MERGED_LIBRARY_FILTER_BAM:BAM_STATS_SAMTOOLS:SAMTOOLS_FLAGSTAT (OSMOTIC_STRESS_T150_SE_REP1),COMPLETED,0,-,quay.io/biocontainers/samtools:1.17--h00cdaf9_0,1,14400000,-,6442450944,1,1785252313207,1785252313303,1785252313872,665,0,-,112.1,0.1,7450624,164429824,7450624,231677952,5613088,5414,1041,19,0,12288,472,1,/home/pranay/nextflow_benchmarks/work/c7/824b9743b297efebf92b2fa6a10e79,-,-,AMD Ryzen 7 4800H with Radeon Graphics,59113.303,59113.872,SAMTOOLS_FLAGSTAT,29.77,ryzen_7_laptop,atacseq,8.0,16.0,ryzen_7,86.2486425000001,940.0,3065374.72
127,-,17923,NFCORE_ATACSEQ:ATACSEQ:MERGED_LIBRARY_FILTER_BAM:BAM_STATS_SAMTOOLS:SAMTOOLS_IDXSTATS,OSMOTIC_STRESS_T150_SE_REP1,NFCORE_ATACSEQ:ATACSEQ:MERGED_LIBRARY_FILTER_BAM:BAM_STATS_SAMTOOLS:SAMTOOLS_IDXSTATS (OSMOTIC_STRESS_T150_SE_REP1),COMPLETED,0,-,quay.io/biocontainers/samtools:1.17--h00cdaf9_0,1,14400000,-,6442450944,1,1785252313877,1785252313973,1785252314581,704,0,-,106.7,0.0,3358720,5648384,3358720,5652480,133343,5248,225,19,0,12288,2,0,/home/pranay/nextflow_benchmarks/work/de/ecbcc342b68e2098237ff4a392c6ab,-,-,AMD Ryzen 7 4800H with Radeon Graphics,59113.973,59114.581,SAMTOOLS_IDXSTATS,29.3,ryzen_7_laptop,atacseq,8.0,16.0,ryzen_7,103.33711599999991,877.5,3173652.48
128,-,17966,NFCORE_ATACSEQ:ATACSEQ:MERGED_LIBRARY_CALL_ANNOTATE_PEAKS:MACS2_CALLPEAK,OSMOTIC_STRESS_T150_SE_REP1,NFCORE_ATACSEQ:ATACSEQ:MERGED_LIBRARY_CALL_ANNOTATE_PEAKS:MACS2_CALLPEAK (OSMOTIC_STRESS_T150_SE_REP1),COMPLETED,0,-,quay.io/biocontainers/macs2:2.2.7.1--py38h4a8c8d9_3,2,21600000,-,6442450944,1,1785252314584,1785252314681,1785252316995,2411,1000,-,170.9,0.1,10715136,15839232,10715136,15843328,16952184,6838494,2261,194,67518464,6893568,28,0,/home/pranay/nextflow_benchmarks/work/ac/aad8a05b93862bb93645a7a5eaa172,-,-,AMD Ryzen 7 4800H with Radeon Graphics,59114.681,59116.995,MACS2_CALLPEAK,55.93,ryzen_7_laptop,atacseq,8.0,16.0,ryzen_7,201.6190917499999,1544.455,121971189.76
126,-,18010,NFCORE_ATACSEQ:ATACSEQ:MERGED_LIBRARY_DEEPTOOLS_PLOTFINGERPRINT,OSMOTIC_STRESS_T150_SE_REP1,NFCORE_ATACSEQ:ATACSEQ:MERGED_LIBRARY_DEEPTOOLS_PLOTFINGERPRINT (OSMOTIC_STRESS_T150_SE_REP1),COMPLETED,0,-,quay.io/biocontainers/deeptools:3.5.1--py_0,2,21600000,-,6442450944,1,1785252316999,1785252317095,1785252326185,9186,7000,-,94.0,12.2,982896640,1502904320,1062203392,1582911488,42504108,419515,6153,95,143458304,401408,1214,25,/home/pranay/nextflow_benchmarks/work/e4/113bd16a202057110e64e9ba301a3d,-,-,AMD Ryzen 7 4800H with Radeon Graphics,59117.095,59126.185,MERGED_LIBRARY_DEEPTOOLS_PLOTFINGERPRINT,198.86,ryzen_7_laptop,atacseq,8.0,16.0,ryzen_7,454.2107644999998,2284.5475,6665574.4
125,-,18060,NFCORE_ATACSEQ:ATACSEQ:MERGED_LIBRARY_FILTER_BAM:BAM_STATS_SAMTOOLS:SAMTOOLS_STATS,OSMOTIC_STRESS_T150_SE_REP1,NFCORE_ATACSEQ:ATACSEQ:MERGED_LIBRARY_FILTER_BAM:BAM_STATS_SAMTOOLS:SAMTOOLS_STATS (OSMOTIC_STRESS_T150_SE_REP1),COMPLETED,0,-,quay.io/biocontainers/samtools:1.17--h00cdaf9_0,1,14400000,-,6442450944,1,1785252326192,1785252326285,1785252327022,830,0,-,123.8,0.1,7925760,165974016,7925760,233070592,5617203,33975,1042,26,0,40960,3,1,/home/pranay/nextflow_benchmarks/work/5f/8157355d5290950bb7fba7ca9208e5,-,-,AMD Ryzen 7 4800H with Radeon Graphics,59126.285,59127.022,SAMTOOLS_STATS,17.75,ryzen_7_laptop,atacseq,8.0,16.0,ryzen_7,115.1084004333333,2027.5,3065374.72
129,-,18107,NFCORE_ATACSEQ:ATACSEQ:MERGED_LIBRARY_FILTER_BAM:BAM_REMOVE_ORPHANS,OSMOTIC_STRESS_T0_PE_REP2,NFCORE_ATACSEQ:ATACSEQ:MERGED_LIBRARY_FILTER_BAM:BAM_REMOVE_ORPHANS (OSMOTIC_STRESS_T0_PE_REP2),COMPLETED,0,-,quay.io/biocontainers/mulled-v2-57736af1eb98c01010848572c9fec9fff6ffaafd:402e865b8f6af2f3e58c6fc8d57127ff0144b2c7-0,2,21600000,-,6442450944,1,1785252327026,1785252327122,1785252328175,1149,0,-,78.0,0.1,9621504,15630336,9621504,15634432,5865796,4718987,1026,322,30388224,4726784,26,0,/home/pranay/nextflow_benchmarks/work/c3/87b61459cd70e2c1c5e5852e414582,-,-,AMD Ryzen 7 4800H with Radeon Graphics,59127.122,59128.175,BAM_REMOVE_ORPHANS,33.29,ryzen_7_laptop,atacseq,8.0,16.0,ryzen_7,104.20975725000002,1063.9583333333335,4490526.72
130,-,18148,NFCORE_ATACSEQ:ATACSEQ:MERGED_LIBRARY_FILTER_BAM:BAM_REMOVE_ORPHANS,OSMOTIC_STRESS_T0_PE_REP1,NFCORE_ATACSEQ:ATACSEQ:MERGED_LIBRARY_FILTER_BAM:BAM_REMOVE_ORPHANS (OSMOTIC_STRESS_T0_PE_REP1),COMPLETED,0,-,quay.io/biocontainers/mulled-v2-57736af1eb98c01010848572c9fec9fff6ffaafd:402e865b8f6af2f3e58c6fc8d57127ff0144b2c7-0,2,21600000,-,6442450944,1,1785252328179,1785252328275,1785252329217,1038,0,-,94.5,0.2,15900672,27377664,15900672,27381760,6639737,5522568,1146,382,0,5529600,1,1,/home/pranay/nextflow_benchmarks/work/a7/969b86b126adc0074902e0204ec331,-,-,AMD Ryzen 7 4800H with Radeon Graphics,59128.275,59129.217,BAM_REMOVE_ORPHANS,28.92,ryzen_7_laptop,atacseq,8.0,16.0,ryzen_7,95.31002175000002,1061.4583333333335,4251176.96
131,-,18190,NFCORE_ATACSEQ:ATACSEQ:MERGED_LIBRARY_FILTER_BAM:BAM_STATS_SAMTOOLS:SAMTOOLS_FLAGSTAT,OSMOTIC_STRESS_T100_SE_REP2,NFCORE_ATACSEQ:ATACSEQ:MERGED_LIBRARY_FILTER_BAM:BAM_STATS_SAMTOOLS:SAMTOOLS_FLAGSTAT (OSMOTIC_STRESS_T100_SE_REP2),COMPLETED,0,-,quay.io/biocontainers/samtools:1.17--h00cdaf9_0,1,14400000,-,6442450944,1,1785252329221,1785252329317,1785252329869,648,0,-,96.4,0.0,3399680,5648384,3399680,5652480,2045088,5409,491,19,0,12288,1,0,/home/pranay/nextflow_benchmarks/work/ff/c12d01f6a6b2def7dfb20dd9a85a67,-,-,AMD Ryzen 7 4800H with Radeon Graphics,59129.317,59129.869,SAMTOOLS_FLAGSTAT,33.16,ryzen_7_laptop,atacseq,8.0,16.0,ryzen_7,77.87537258333316,852.645,3024117.76
134,-,18235,NFCORE_ATACSEQ:ATACSEQ:MERGED_LIBRARY_FILTER_BAM:BAM_STATS_SAMTOOLS:SAMTOOLS_IDXSTATS,OSMOTIC_STRESS_T100_SE_REP2,NFCORE_ATACSEQ:ATACSEQ:MERGED_LIBRARY_FILTER_BAM:BAM_STATS_SAMTOOLS:SAMTOOLS_IDXSTATS (OSMOTIC_STRESS_T100_SE_REP2),COMPLETED,0,-,quay.io/biocontainers/samtools:1.17--h00cdaf9_0,1,14400000,-,6442450944,1,1785252329873,1785252329970,1785252330507,634,0,-,94.1,0.0,3416064,5648384,3416064,5652480,138332,5243,225,19,0,12288,2,1,/home/pranay/nextflow_benchmarks/work/d2/cc95868c36d6fd84d05780bf8a1731,-,-,AMD Ryzen 7 4800H with Radeon Graphics,59129.97,59130.507,SAMTOOLS_IDXSTATS,30.29,ryzen_7_laptop,atacseq,8.0,16.0,ryzen_7,103.33711599999991,877.5,3173652.48
135,-,18278,NFCORE_ATACSEQ:ATACSEQ:MERGED_LIBRARY_CALL_ANNOTATE_PEAKS:MACS2_CALLPEAK,OSMOTIC_STRESS_T100_SE_REP2,NFCORE_ATACSEQ:ATACSEQ:MERGED_LIBRARY_CALL_ANNOTATE_PEAKS:MACS2_CALLPEAK (OSMOTIC_STRESS_T100_SE_REP2),COMPLETED,0,-,quay.io/biocontainers/macs2:2.2.7.1--py38h4a8c8d9_3,2,21600000,-,6442450944,1,1785252330512,1785252330608,1785252332130,1618,0,-,200.0,0.1,14598144,19296256,14598144,19300352,9182891,2366862,1393,101,0,2412544,1,0,/home/pranay/nextflow_benchmarks/work/cf/a69c2270c7777450c5365f897a284e,-,-,AMD Ryzen 7 4800H with Radeon Graphics,59130.608,59132.13,MACS2_CALLPEAK,30.5,ryzen_7_laptop,atacseq,8.0,16.0,ryzen_7,158.50160400000001,1022.0833333333335,122195476.48
133,-,18321,NFCORE_ATACSEQ:ATACSEQ:MERGED_LIBRARY_DEEPTOOLS_PLOTFINGERPRINT,OSMOTIC_STRESS_T100_SE_REP2,NFCORE_ATACSEQ:ATACSEQ:MERGED_LIBRARY_DEEPTOOLS_PLOTFINGERPRINT (OSMOTIC_STRESS_T100_SE_REP2),COMPLETED,0,-,quay.io/biocontainers/deeptools:3.5.1--py_0,2,21600000,-,6442450944,1,1785252332133,1785252332229,1785252340398,8265,7000,-,100.6,12.0,966979584,1489797120,1062801408,1582911488,43299901,450409,6318,125,0,401408,52,23,/home/pranay/nextflow_benchmarks/work/a0/d5b2d94f3b3b8626760a0e3ce6bce8,-,-,AMD Ryzen 7 4800H with Radeon Graphics,59132.229,59140.398,MERGED_LIBRARY_DEEPTOOLS_PLOTFINGERPRINT,188.28,ryzen_7_laptop,atacseq,8.0,16.0,ryzen_7,470.85936475,2286.62,6662481.92
132,-,18367,NFCORE_ATACSEQ:ATACSEQ:MERGED_LIBRARY_FILTER_BAM:BAM_STATS_SAMTOOLS:SAMTOOLS_STATS,OSMOTIC_STRESS_T100_SE_REP2,NFCORE_ATACSEQ:ATACSEQ:MERGED_LIBRARY_FILTER_BAM:BAM_STATS_SAMTOOLS:SAMTOOLS_STATS (OSMOTIC_STRESS_T100_SE_REP2),COMPLETED,0,-,quay.io/biocontainers/samtools:1.17--h00cdaf9_0,1,14400000,-,6442450944,1,1785252340403,1785252340498,1785252341116,713,0,-,109.3,0.1,7888896,165974016,7888896,233222144,2049199,32648,492,25,0,36864,3,2,/home/pranay/nextflow_benchmarks/work/53/5c60074130bfe39eba850695e5a5b5,-,-,AMD Ryzen 7 4800H with Radeon Graphics,59140.498,59141.116,SAMTOOLS_STATS,,ryzen_7_laptop,atacseq,8.0,16.0,ryzen_7,107.43969151666658,1962.645,3024117.76
137,-,18414,NFCORE_ATACSEQ:ATACSEQ:MERGED_LIBRARY_FILTER_BAM:BAM_STATS_SAMTOOLS:SAMTOOLS_IDXSTATS,OSMOTIC_STRESS_T100_SE_REP1,NFCORE_ATACSEQ:ATACSEQ:MERGED_LIBRARY_FILTER_BAM:BAM_STATS_SAMTOOLS:SAMTOOLS_IDXSTATS (OSMOTIC_STRESS_T100_SE_REP1),COMPLETED,0,-,quay.io/biocontainers/samtools:1.17--h00cdaf9_0,1,14400000,-,6442450944,1,1785252341121,1785252341216,1785252341834,713,0,-,97.0,0.0,3317760,5648384,3317760,5652480,137555,5244,225,19,0,12288,2,0,/home/pranay/nextflow_benchmarks/work/33/cc0e435fa212ee6751c0617e2cc5dc,-,-,AMD Ryzen 7 4800H with Radeon Graphics,59141.216,59141.834,SAMTOOLS_IDXSTATS,33.96,ryzen_7_laptop,atacseq,8.0,16.0,ryzen_7,103.33711599999991,877.5,3173652.48
136,-,18457,NFCORE_ATACSEQ:ATACSEQ:MERGED_LIBRARY_FILTER_BAM:BAM_STATS_SAMTOOLS:SAMTOOLS_FLAGSTAT,OSMOTIC_STRESS_T100_SE_REP1,NFCORE_ATACSEQ:ATACSEQ:MERGED_LIBRARY_FILTER_BAM:BAM_STATS_SAMTOOLS:SAMTOOLS_FLAGSTAT (OSMOTIC_STRESS_T100_SE_REP1),COMPLETED,0,-,quay.io/biocontainers/samtools:1.17--h00cdaf9_0,1,14400000,-,6442450944,1,1785252341838,1785252341934,1785252342514,676,0,-,101.1,0.0,3330048,5648384,3330048,5652480,2467620,5410,553,19,0,12288,1,0,/home/pranay/nextflow_benchmarks/work/9d/49a6ad75a43b0c673992af847e3bf4,-,-,AMD Ryzen 7 4800H with Radeon Graphics,59141.934,59142.514,SAMTOOLS_FLAGSTAT,37.71,ryzen_7_laptop,atacseq,8.0,16.0,ryzen_7,74.36437525000018,942.5,3133552.64
138,-,18502,NFCORE_ATACSEQ:ATACSEQ:MERGED_LIBRARY_DEEPTOOLS_PLOTFINGERPRINT,OSMOTIC_STRESS_T100_SE_REP1,NFCORE_ATACSEQ:ATACSEQ:MERGED_LIBRARY_DEEPTOOLS_PLOTFINGERPRINT (OSMOTIC_STRESS_T100_SE_REP1),COMPLETED,0,-,quay.io/biocontainers/deeptools:3.5.1--py_0,2,21600000,-,6442450944,1,1785252342518,1785252342614,1785252350665,8147,7000,-,100.8,12.2,983117824,1502900224,1062608896,1582907392,42821522,457183,6256,125,0,401408,47,23,/home/pranay/nextflow_benchmarks/work/2f/6f41e996fa0f874259b3ad5cf01f90,-,-,AMD Ryzen 7 4800H with Radeon Graphics,59142.614,59150.665,MERGED_LIBRARY_DEEPTOOLS_PLOTFINGERPRINT,173.57,ryzen_7_laptop,atacseq,8.0,16.0,ryzen_7,469.00208425,2286.62,6664591.36
140,-,18545,NFCORE_ATACSEQ:ATACSEQ:MERGED_LIBRARY_CALL_ANNOTATE_PEAKS:MACS2_CALLPEAK,OSMOTIC_STRESS_T100_SE_REP1,NFCORE_ATACSEQ:ATACSEQ:MERGED_LIBRARY_CALL_ANNOTATE_PEAKS:MACS2_CALLPEAK (OSMOTIC_STRESS_T100_SE_REP1),COMPLETED,0,-,quay.io/biocontainers/macs2:2.2.7.1--py38h4a8c8d9_3,2,21600000,-,6442450944,1,1785252350669,1785252350765,1785252352363,1694,1000,-,193.0,0.1,14897152,19296256,14897152,19300352,10227932,3073938,1496,127,0,3129344,1,3,/home/pranay/nextflow_benchmarks/work/35/de319010d152d0dc873f58bd279e64,-,-,AMD Ryzen 7 4800H with Radeon Graphics,59150.765,59152.363,MACS2_CALLPEAK,31.73,ryzen_7_laptop,atacseq,8.0,16.0,ryzen_7,157.73194400000003,992.7083333333335,122195476.48
139,-,18588,NFCORE_ATACSEQ:ATACSEQ:MERGED_LIBRARY_FILTER_BAM:BAM_STATS_SAMTOOLS:SAMTOOLS_STATS,OSMOTIC_STRESS_T100_SE_REP1,NFCORE_ATACSEQ:ATACSEQ:MERGED_LIBRARY_FILTER_BAM:BAM_STATS_SAMTOOLS:SAMTOOLS_STATS (OSMOTIC_STRESS_T100_SE_REP1),COMPLETED,0,-,quay.io/biocontainers/samtools:1.17--h00cdaf9_0,1,14400000,-,6442450944,1,1785252352367,1785252352464,1785252353103,736,0,-,114.9,0.1,8155136,165974016,8155136,233222144,2471731,32462,554,25,0,36864,1,0,/home/pranay/nextflow_benchmarks/work/3a/4f2dddb6dc9d87999894387e129808,-,-,AMD Ryzen 7 4800H with Radeon Graphics,59152.464,59153.103,SAMTOOLS_STATS,28.38,ryzen_7_laptop,atacseq,8.0,16.0,ryzen_7,104.14633918333337,2055.0,3135631.36
141,-,18637,NFCORE_ATACSEQ:ATACSEQ:MERGED_LIBRARY_FILTER_BAM:BAM_REMOVE_ORPHANS,OSMOTIC_STRESS_T15_PE_REP1,NFCORE_ATACSEQ:ATACSEQ:MERGED_LIBRARY_FILTER_BAM:BAM_REMOVE_ORPHANS (OSMOTIC_STRESS_T15_PE_REP1),COMPLETED,0,-,quay.io/biocontainers/mulled-v2-57736af1eb98c01010848572c9fec9fff6ffaafd:402e865b8f6af2f3e58c6fc8d57127ff0144b2c7-0,2,21600000,-,6442450944,1,1785252353106,1785252353203,1785252354650,1544,1000,-,94.8,0.2,16805888,28065792,16805888,28069888,14858232,13699953,2206,906,0,13709312,1,0,/home/pranay/nextflow_benchmarks/work/1d/4b6c4d8bc7fa9911fe64af8e97e192,-,-,AMD Ryzen 7 4800H with Radeon Graphics,59153.203,59154.65,BAM_REMOVE_ORPHANS,60.7,ryzen_7_laptop,atacseq,8.0,16.0,ryzen_7,195.27934599999992,1264.195,3563089.92
142,-,18678,NFCORE_ATACSEQ:ATACSEQ:MERGED_LIBRARY_BAM_TO_BIGWIG:BEDTOOLS_GENOMECOV,OSMOTIC_STRESS_T150_SE_REP1,NFCORE_ATACSEQ:ATACSEQ:MERGED_LIBRARY_BAM_TO_BIGWIG:BEDTOOLS_GENOMECOV (OSMOTIC_STRESS_T150_SE_REP1),COMPLETED,0,-,quay.io/biocontainers/bedtools:2.30.0--hc088bd4_0,2,21600000,-,6442450944,1,1785252354654,1785252354750,1785252357076,2422,0,-,100.4,0.1,14249984,34447360,14249984,34447360,10522128,9894161,1606,197032,0,9908224,3,0,/home/pranay/nextflow_benchmarks/work/be/792b1ec9afe1769a14cfe4ad3bb625,-,-,AMD Ryzen 7 4800H with Radeon Graphics,59154.75,59157.076,BEDTOOLS_GENOMECOV,50.98,ryzen_7_laptop,atacseq,8.0,16.0,ryzen_7,2877.167740491664,23598.75,2276745021.44
145,-,18722,NFCORE_ATACSEQ:ATACSEQ:MERGED_LIBRARY_CALL_ANNOTATE_PEAKS:FRIP_SCORE,OSMOTIC_STRESS_T150_SE_REP1,NFCORE_ATACSEQ:ATACSEQ:MERGED_LIBRARY_CALL_ANNOTATE_PEAKS:FRIP_SCORE (OSMOTIC_STRESS_T150_SE_REP1),COMPLETED,0,-,quay.io/biocontainers/mulled-v2-8186960447c5cb2faa697666dc1e6d919ad23f3e:3127fcae6b6bdaf8181e21a26ae61231030a9fcb-0,2,21600000,-,6442450944,1,1785252357080,1785252357177,1785252358133,1053,0,-,105.7,0.1,19623936,33505280,19623936,33521664,19522139,8206161,21128,1135,35880960,16384,118,2,/home/pranay/nextflow_benchmarks/work/45/d81649584bde3b4346986d465aee32,-,-,AMD Ryzen 7 4800H with Radeon Graphics,59157.177,59158.133,FRIP_SCORE,22.14,ryzen_7_laptop,atacseq,8.0,16.0,ryzen_7,187.88290524999994,1544.455,3571855.36
144,-,18767,NFCORE_ATACSEQ:ATACSEQ:MERGED_LIBRARY_ATAQV_ATAQV,OSMOTIC_STRESS_T150_SE_REP1,NFCORE_ATACSEQ:ATACSEQ:MERGED_LIBRARY_ATAQV_ATAQV (OSMOTIC_STRESS_T150_SE_REP1),COMPLETED,0,-,quay.io/biocontainers/ataqv:1.3.1--py310ha155cf9_1,2,21600000,-,6442450944,1,1785252358137,1785252358234,1785252359712,1575,946,-,130.3,0.0,4521984,13996032,4521984,14000128,189894645,351262,29392,406,27549696,352256,25,0,/home/pranay/nextflow_benchmarks/work/14/5c3600f487143d029317ba9a9b8fa9,-,-,AMD Ryzen 7 4800H with Radeon Graphics,59158.234,59159.712,MERGED_LIBRARY_ATAQV_ATAQV,59.19,ryzen_7_laptop,atacseq,8.0,16.0,ryzen_7,1040.8721216666684,2827.5,20458311.68
143,-,18818,NFCORE_ATACSEQ:ATACSEQ:MERGED_LIBRARY_CALL_ANNOTATE_PEAKS:HOMER_ANNOTATEPEAKS,OSMOTIC_STRESS_T150_SE_REP1,NFCORE_ATACSEQ:ATACSEQ:MERGED_LIBRARY_CALL_ANNOTATE_PEAKS:HOMER_ANNOTATEPEAKS (OSMOTIC_STRESS_T150_SE_REP1),COMPLETED,0,-,quay.io/biocontainers/homer:4.11--pl526hc9558a2_3,2,21600000,-,6442450944,1,1785252359716,1785252359813,1785252365177,5461,3000,-,98.4,4.1,331030528,376750080,331030528,376754176,58716135,6752167,8668,1342,15904768,6782976,83,6,/home/pranay/nextflow_benchmarks/work/19/950906fab479af70ea3827bb41c4c1,-,-,AMD Ryzen 7 4800H with Radeon Graphics,59159.813,59165.177,HOMER_ANNOTATEPEAKS,112.58,ryzen_7_laptop,atacseq,8.0,16.0,ryzen_7,920.1115732499993,34031.8025,830876672.0
146,-,18865,NFCORE_ATACSEQ:ATACSEQ:MERGED_LIBRARY_FILTER_BAM:BAM_SORT_STATS_SAMTOOLS:SAMTOOLS_SORT,OSMOTIC_STRESS_T0_PE_REP2,NFCORE_ATACSEQ:ATACSEQ:MERGED_LIBRARY_FILTER_BAM:BAM_SORT_STATS_SAMTOOLS:SAMTOOLS_SORT (OSMOTIC_STRESS_T0_PE_REP2),COMPLETED,0,-,quay.io/biocontainers/samtools:1.17--h00cdaf9_0,2,21600000,-,6442450944,1,1785252365181,1785252365277,1785252365985,804,0,-,169.9,0.4,35794944,2011049984,37052416,2011054080,4822187,4042265,224,21,0,4046848,24,1,/home/pranay/nextflow_benchmarks/work/06/11fb9101a421ebf8cf44fb95d19714,-,-,AMD Ryzen 7 4800H with Radeon Graphics,59165.277,59165.985,SAMTOOLS_SORT,20.5,ryzen_7_laptop,atacseq,8.0,16.0,ryzen_7,110.13466774999999,975.0,1322391746.56
147,-,18908,NFCORE_ATACSEQ:ATACSEQ:MERGED_LIBRARY_FILTER_BAM:BAM_SORT_STATS_SAMTOOLS:SAMTOOLS_SORT,OSMOTIC_STRESS_T0_PE_REP1,NFCORE_ATACSEQ:ATACSEQ:MERGED_LIBRARY_FILTER_BAM:BAM_SORT_STATS_SAMTOOLS:SAMTOOLS_SORT (OSMOTIC_STRESS_T0_PE_REP1),COMPLETED,0,-,quay.io/biocontainers/samtools:1.17--h00cdaf9_0,2,21600000,-,6442450944,1,1785252365989,1785252366085,1785252366849,860,0,-,177.8,0.5,40656896,1873641472,40656896,1873645568,5625782,4753399,224,22,0,4759552,23,0,/home/pranay/nextflow_benchmarks/work/19/c71aad4b2bf3874b015f36e1a96bbb,-,-,AMD Ryzen 7 4800H with Radeon Graphics,59166.085,59166.849,SAMTOOLS_SORT,32.08,ryzen_7_laptop,atacseq,8.0,16.0,ryzen_7,106.79276974999998,975.0,1322391746.56
148,-,18950,NFCORE_ATACSEQ:ATACSEQ:MERGED_LIBRARY_BAM_TO_BIGWIG:BEDTOOLS_GENOMECOV,OSMOTIC_STRESS_T100_SE_REP2,NFCORE_ATACSEQ:ATACSEQ:MERGED_LIBRARY_BAM_TO_BIGWIG:BEDTOOLS_GENOMECOV (OSMOTIC_STRESS_T100_SE_REP2),COMPLETED,0,-,quay.io/biocontainers/bedtools:2.30.0--hc088bd4_0,2,21600000,-,6442450944,1,1785252366854,1785252366949,1785252368722,1868,0,-,96.5,0.1,10371072,30507008,14266368,34447360,3535563,3057053,639,61172,0,3076096,3,0,/home/pranay/nextflow_benchmarks/work/a3/68c6b34e19d5c6c089446e6963c2f1,-,-,AMD Ryzen 7 4800H with Radeon Graphics,59166.949,59168.722,BEDTOOLS_GENOMECOV,46.52,ryzen_7_laptop,atacseq,8.0,16.0,ryzen_7,2823.533794491666,23467.5,2276745021.44
151,-,18996,NFCORE_ATACSEQ:ATACSEQ:MERGED_LIBRARY_CALL_ANNOTATE_PEAKS:FRIP_SCORE,OSMOTIC_STRESS_T100_SE_REP2,NFCORE_ATACSEQ:ATACSEQ:MERGED_LIBRARY_CALL_ANNOTATE_PEAKS:FRIP_SCORE (OSMOTIC_STRESS_T100_SE_REP2),COMPLETED,0,-,quay.io/biocontainers/mulled-v2-8186960447c5cb2faa697666dc1e6d919ad23f3e:3127fcae6b6bdaf8181e21a26ae61231030a9fcb-0,2,21600000,-,6442450944,1,1785252368726,1785252368822,1785252369485,759,0,-,113.9,0.1,18800640,32837632,18800640,32845824,6818723,2715154,7199,392,0,16384,157,2,/home/pranay/nextflow_benchmarks/work/6a/d828dc1cca452902e17671910062f9,-,-,AMD Ryzen 7 4800H with Radeon Graphics,59168.822,59169.485,FRIP_SCORE,,ryzen_7_laptop,atacseq,8.0,16.0,ryzen_7,95.31002175000002,1061.4583333333335,4251904.0
150,-,19041,NFCORE_ATACSEQ:ATACSEQ:MERGED_LIBRARY_ATAQV_ATAQV,OSMOTIC_STRESS_T100_SE_REP2,NFCORE_ATACSEQ:ATACSEQ:MERGED_LIBRARY_ATAQV_ATAQV (OSMOTIC_STRESS_T100_SE_REP2),COMPLETED,0,-,quay.io/biocontainers/ataqv:1.3.1--py310ha155cf9_1,2,21600000,-,6442450944,1,1785252369489,1785252369585,1785252370780,1291,696,-,126.5,0.1,10588160,17055744,10588160,17059840,148534070,262435,22067,384,0,262144,1,1,/home/pranay/nextflow_benchmarks/work/6e/6e4e5de3ccedfa009c616b1a95c380,-,-,AMD Ryzen 7 4800H with Radeon Graphics,59169.585,59170.78,MERGED_LIBRARY_ATAQV_ATAQV,29.24,ryzen_7_laptop,atacseq,8.0,16.0,ryzen_7,1055.4672569583358,4145.0,20538777.6
149,-,19091,NFCORE_ATACSEQ:ATACSEQ:MERGED_LIBRARY_CALL_ANNOTATE_PEAKS:HOMER_ANNOTATEPEAKS,OSMOTIC_STRESS_T100_SE_REP2,NFCORE_ATACSEQ:ATACSEQ:MERGED_LIBRARY_CALL_ANNOTATE_PEAKS:HOMER_ANNOTATEPEAKS (OSMOTIC_STRESS_T100_SE_REP2),COMPLETED,0,-,quay.io/biocontainers/homer:4.11--pl526hc9558a2_3,2,21600000,-,6442450944,1,1785252370784,1785252370879,1785252376119,5335,3000,-,99.4,5.5,439156736,483553280,439156736,483557376,58037374,6222838,8570,1260,0,6254592,35,8,/home/pranay/nextflow_benchmarks/work/0e/74efad12fdc6d22a921301e675e218,-,-,AMD Ryzen 7 4800H with Radeon Graphics,59170.879,59176.119,HOMER_ANNOTATEPEAKS,116.31,ryzen_7_laptop,atacseq,8.0,16.0,ryzen_7,920.1115732499993,34031.8025,830876672.0
152,-,19139,NFCORE_ATACSEQ:ATACSEQ:MERGED_LIBRARY_BAM_TO_BIGWIG:BEDTOOLS_GENOMECOV,OSMOTIC_STRESS_T100_SE_REP1,NFCORE_ATACSEQ:ATACSEQ:MERGED_LIBRARY_BAM_TO_BIGWIG:BEDTOOLS_GENOMECOV (OSMOTIC_STRESS_T100_SE_REP1),COMPLETED,0,-,quay.io/biocontainers/bedtools:2.30.0--hc088bd4_0,2,21600000,-,6442450944,1,1785252376124,1785252376219,1785252378121,1997,0,-,102.4,0.1,14241792,34447360,14241792,34447360,4379771,3900394,753,77861,0,3919872,3,1,/home/pranay/nextflow_benchmarks/work/9b/7dd6add3f145e89db8ca982869e4be,-,-,AMD Ryzen 7 4800H with Radeon Graphics,59176.219,59178.121,BEDTOOLS_GENOMECOV,41.58,ryzen_7_laptop,atacseq,8.0,16.0,ryzen_7,2836.4673394916667,23615.0,2276745021.44
155,-,19185,NFCORE_ATACSEQ:ATACSEQ:MERGED_LIBRARY_CALL_ANNOTATE_PEAKS:FRIP_SCORE,OSMOTIC_STRESS_T100_SE_REP1,NFCORE_ATACSEQ:ATACSEQ:MERGED_LIBRARY_CALL_ANNOTATE_PEAKS:FRIP_SCORE (OSMOTIC_STRESS_T100_SE_REP1),COMPLETED,0,-,quay.io/biocontainers/mulled-v2-8186960447c5cb2faa697666dc1e6d919ad23f3e:3127fcae6b6bdaf8181e21a26ae61231030a9fcb-0,2,21600000,-,6442450944,1,1785252378125,1785252378221,1785252378930,805,0,-,115.7,0.1,18857984,32972800,18857984,32980992,8330779,3357890,8854,479,0,16384,155,3,/home/pranay/nextflow_benchmarks/work/15/e7ababb2f40a494c7f9a7cedaaabc7,-,-,AMD Ryzen 7 4800H with Radeon Graphics,59178.221,59178.93,FRIP_SCORE,22.15,ryzen_7_laptop,atacseq,8.0,16.0,ryzen_7,114.36886249999998,973.9583333333335,3902965.76
154,-,19229,NFCORE_ATACSEQ:ATACSEQ:MERGED_LIBRARY_ATAQV_ATAQV,OSMOTIC_STRESS_T100_SE_REP1,NFCORE_ATACSEQ:ATACSEQ:MERGED_LIBRARY_ATAQV_ATAQV (OSMOTIC_STRESS_T100_SE_REP1),COMPLETED,0,-,quay.io/biocontainers/ataqv:1.3.1--py310ha155cf9_1,2,21600000,-,6442450944,1,1785252378934,1785252379030,1785252380207,1273,677,-,129.8,0.1,10739712,17051648,10739712,17055744,149304734,290744,21958,391,0,290816,1,1,/home/pranay/nextflow_benchmarks/work/cf/73607e255c72d3f8069a3085452afc,-,-,AMD Ryzen 7 4800H with Radeon Graphics,59179.03,59180.207,MERGED_LIBRARY_ATAQV_ATAQV,31.96,ryzen_7_laptop,atacseq,8.0,16.0,ryzen_7,1055.4672569583358,4145.0,20538777.6
153,-,19280,NFCORE_ATACSEQ:ATACSEQ:MERGED_LIBRARY_CALL_ANNOTATE_PEAKS:HOMER_ANNOTATEPEAKS,OSMOTIC_STRESS_T100_SE_REP1,NFCORE_ATACSEQ:ATACSEQ:MERGED_LIBRARY_CALL_ANNOTATE_PEAKS:HOMER_ANNOTATEPEAKS (OSMOTIC_STRESS_T100_SE_REP1),COMPLETED,0,-,quay.io/biocontainers/homer:4.11--pl526hc9558a2_3,2,21600000,-,6442450944,1,1785252380211,1785252380307,1785252385506,5295,4000,-,99.3,5.5,440414208,485031936,440414208,485036032,58253031,6391430,8606,1289,0,6430720,34,3,/home/pranay/nextflow_benchmarks/work/89/a8aa3c6f4f6193b61e7b90fc4d23f1,-,-,AMD Ryzen 7 4800H with Radeon Graphics,59180.307,59185.506,HOMER_ANNOTATEPEAKS,113.41,ryzen_7_laptop,atacseq,8.0,16.0,ryzen_7,920.1115732499993,34031.8025,830876672.0
156,-,19329,NFCORE_ATACSEQ:ATACSEQ:MERGED_LIBRARY_FILTER_BAM:BAM_SORT_STATS_SAMTOOLS:SAMTOOLS_SORT,OSMOTIC_STRESS_T15_PE_REP1,NFCORE_ATACSEQ:ATACSEQ:MERGED_LIBRARY_FILTER_BAM:BAM_SORT_STATS_SAMTOOLS:SAMTOOLS_SORT (OSMOTIC_STRESS_T15_PE_REP1),COMPLETED,0,-,quay.io/biocontainers/samtools:1.17--h00cdaf9_0,2,21600000,-,6442450944,1,1785252385509,1785252385607,1785252386655,1146,1000,-,199.8,0.5,43016192,1856860160,43016192,1856864256,13803168,11180215,228,26,0,11190272,33,1,/home/pranay/nextflow_benchmarks/work/96/5d386e4bfc5dfa5e685d184bdad0c4,-,-,AMD Ryzen 7 4800H with Radeon Graphics,59185.607,59186.655,SAMTOOLS_SORT,14.1,ryzen_7_laptop,atacseq,8.0,16.0,ryzen_7,155.56269074999997,978.1878571428571,1322391746.56
157,-,19372,NFCORE_ATACSEQ:ATACSEQ:MERGED_LIBRARY_BAM_TO_BIGWIG:UCSC_BEDGRAPHTOBIGWIG,OSMOTIC_STRESS_T150_SE_REP1,NFCORE_ATACSEQ:ATACSEQ:MERGED_LIBRARY_BAM_TO_BIGWIG:UCSC_BEDGRAPHTOBIGWIG (OSMOTIC_STRESS_T150_SE_REP1),COMPLETED,0,-,quay.io/biocontainers/ucsc-bedgraphtobigwig:445--h954228d_0,1,14400000,-,6442450944,1,1785252386659,1785252386756,1785252387559,900,0,-,80.5,0.0,4055040,17436672,4055040,17440768,14901014,1303144,386,286,22884352,1310720,8,0,/home/pranay/nextflow_benchmarks/work/87/c571597550332c36f99024554eedff,-,-,AMD Ryzen 7 4800H with Radeon Graphics,59186.756,59187.559,UCSC_BEDGRAPHTOBIGWIG,,ryzen_7_laptop,atacseq,8.0,16.0,ryzen_7,181.56655699999988,1279.195,23497932.8
158,-,19418,NFCORE_ATACSEQ:ATACSEQ:MERGED_LIBRARY_CALL_ANNOTATE_PEAKS:MULTIQC_CUSTOM_PEAKS,OSMOTIC_STRESS_T150_SE_REP1,NFCORE_ATACSEQ:ATACSEQ:MERGED_LIBRARY_CALL_ANNOTATE_PEAKS:MULTIQC_CUSTOM_PEAKS (OSMOTIC_STRESS_T150_SE_REP1),COMPLETED,0,-,quay.io/nf-core/ubuntu:20.04,1,14400000,-,6442450944,1,1785252387563,1785252387660,1785252388205,642,17,-,100.0,0.0,3043328,4087808,3043328,4096000,396482,143962,333,25,49152,16384,4,0,/home/pranay/nextflow_benchmarks/work/e7/cb74dd4137d1c45a337f7118b39fe1,-,-,AMD Ryzen 7 4800H with Radeon Graphics,59187.66,59188.205,MULTIQC_CUSTOM_PEAKS,,ryzen_7_laptop,atacseq,8.0,16.0,ryzen_7,288.6794130000003,37.085,2969569.28
159,-,19467,NFCORE_ATACSEQ:ATACSEQ:MERGED_LIBRARY_FILTER_BAM:BAM_SORT_STATS_SAMTOOLS:SAMTOOLS_INDEX,OSMOTIC_STRESS_T0_PE_REP2,NFCORE_ATACSEQ:ATACSEQ:MERGED_LIBRARY_FILTER_BAM:BAM_SORT_STATS_SAMTOOLS:SAMTOOLS_INDEX (OSMOTIC_STRESS_T0_PE_REP2),COMPLETED,0,-,quay.io/biocontainers/samtools:1.17--h00cdaf9_0,2,14400000,-,6442450944,1,1785252388209,1785252388305,1785252388881,672,0,-,120.0,0.1,7520256,164429824,7520256,231677952,4144447,16611,817,21,0,20480,407,0,/home/pranay/nextflow_benchmarks/work/ef/638c4beda91340a71984a86712b1b2,-,-,AMD Ryzen 7 4800H with Radeon Graphics,59188.305,59188.881,SAMTOOLS_INDEX,31.61,ryzen_7_laptop,atacseq,8.0,16.0,ryzen_7,102.71421600000004,947.5,17482946.56
160,-,19507,NFCORE_ATACSEQ:ATACSEQ:MERGED_LIBRARY_PICARD_COLLECTMULTIPLEMETRICS,OSMOTIC_STRESS_T0_PE_REP2,NFCORE_ATACSEQ:ATACSEQ:MERGED_LIBRARY_PICARD_COLLECTMULTIPLEMETRICS (OSMOTIC_STRESS_T0_PE_REP2),COMPLETED,0,-,quay.io/biocontainers/picard:3.0.0--hdfd78af_1,1,14400000,-,6442450944,1,1785252388884,1785252388981,1785252394713,5829,4000,-,426.2,4.4,362229760,11789975552,362229760,11857100800,71407339,867346,12411,558,0,962560,18,24,/home/pranay/nextflow_benchmarks/work/64/a449a505d5e725fa8fb0a340f9aa26,-,-,AMD Ryzen 7 4800H with Radeon Graphics,59188.981,59194.713,MERGED_LIBRARY_PICARD_COLLECTMULTIPLEMETRICS,186.25,ryzen_7_laptop,atacseq,8.0,16.0,ryzen_7,1188.0832307500016,6280.13,465006477.312
161,-,19554,NFCORE_ATACSEQ:ATACSEQ:MERGED_LIBRARY_FILTER_BAM:BAM_SORT_STATS_SAMTOOLS:SAMTOOLS_INDEX,OSMOTIC_STRESS_T0_PE_REP1,NFCORE_ATACSEQ:ATACSEQ:MERGED_LIBRARY_FILTER_BAM:BAM_SORT_STATS_SAMTOOLS:SAMTOOLS_INDEX (OSMOTIC_STRESS_T0_PE_REP1),COMPLETED,0,-,quay.io/biocontainers/samtools:1.17--h00cdaf9_0,2,14400000,-,6442450944,1,1785252394716,1785252394814,1785252395372,656,0,-,126.0,0.1,7524352,164429824,7524352,231677952,4855583,15076,938,21,0,20480,414,0,/home/pranay/nextflow_benchmarks/work/53/61139f029cbb45fb2940102bf7c9a6,-,-,AMD Ryzen 7 4800H with Radeon Graphics,59194.814,59195.372,SAMTOOLS_INDEX,,ryzen_7_laptop,atacseq,8.0,16.0,ryzen_7,110.13466774999999,985.0,17486919.68
162,-,19597,NFCORE_ATACSEQ:ATACSEQ:MERGED_LIBRARY_PICARD_COLLECTMULTIPLEMETRICS,OSMOTIC_STRESS_T0_PE_REP1,NFCORE_ATACSEQ:ATACSEQ:MERGED_LIBRARY_PICARD_COLLECTMULTIPLEMETRICS (OSMOTIC_STRESS_T0_PE_REP1),COMPLETED,0,-,quay.io/biocontainers/picard:3.0.0--hdfd78af_1,1,14400000,-,6442450944,1,1785252395375,1785252395472,1785252401395,6020,4000,-,423.9,4.7,378851328,11718266880,378851328,11794952192,72117438,859305,12532,557,0,958464,23,25,/home/pranay/nextflow_benchmarks/work/96/89103ca7878871d717adf12d019071,-,-,AMD Ryzen 7 4800H with Radeon Graphics,59195.472,59201.395,MERGED_LIBRARY_PICARD_COLLECTMULTIPLEMETRICS,177.49,ryzen_7_laptop,atacseq,8.0,16.0,ryzen_7,1198.1449970000024,6285.13,465006477.312
163,-,19642,NFCORE_ATACSEQ:ATACSEQ:MERGED_LIBRARY_BAM_TO_BIGWIG:UCSC_BEDGRAPHTOBIGWIG,OSMOTIC_STRESS_T100_SE_REP2,NFCORE_ATACSEQ:ATACSEQ:MERGED_LIBRARY_BAM_TO_BIGWIG:UCSC_BEDGRAPHTOBIGWIG (OSMOTIC_STRESS_T100_SE_REP2),COMPLETED,0,-,quay.io/biocontainers/ucsc-bedgraphtobigwig:445--h954228d_0,1,14400000,-,6442450944,1,1785252401400,1785252401495,1785252402166,766,0,-,90.7,0.1,10395648,25681920,10395648,25751552,4645343,527652,230,125,0,536576,1,4,/home/pranay/nextflow_benchmarks/work/5b/fb48833361421f674bf97089220599,-,-,AMD Ryzen 7 4800H with Radeon Graphics,59201.495,59202.166,UCSC_BEDGRAPHTOBIGWIG,28.8,ryzen_7_laptop,atacseq,8.0,16.0,ryzen_7,94.2082237500001,942.5,23501025.28
164,-,19687,NFCORE_ATACSEQ:ATACSEQ:MERGED_LIBRARY_CALL_ANNOTATE_PEAKS:MULTIQC_CUSTOM_PEAKS,OSMOTIC_STRESS_T100_SE_REP2,NFCORE_ATACSEQ:ATACSEQ:MERGED_LIBRARY_CALL_ANNOTATE_PEAKS:MULTIQC_CUSTOM_PEAKS (OSMOTIC_STRESS_T100_SE_REP2),COMPLETED,0,-,quay.io/nf-core/ubuntu:20.04,1,14400000,-,6442450944,1,1785252402169,1785252402265,1785252402852,683,16,-,69.6,0.0,3006464,4087808,3006464,4096000,243715,67573,327,24,0,16384,5,0,/home/pranay/nextflow_benchmarks/work/aa/31dcd6902e84e94a010a90ae6fa57e,-,-,AMD Ryzen 7 4800H with Radeon Graphics,59202.265,59202.852,MULTIQC_CUSTOM_PEAKS,30.06,ryzen_7_laptop,atacseq,8.0,16.0,ryzen_7,288.6794130000003,96.5675,3049881.6
165,-,19734,NFCORE_ATACSEQ:ATACSEQ:MERGED_LIBRARY_BAM_TO_BIGWIG:UCSC_BEDGRAPHTOBIGWIG,OSMOTIC_STRESS_T100_SE_REP1,NFCORE_ATACSEQ:ATACSEQ:MERGED_LIBRARY_BAM_TO_BIGWIG:UCSC_BEDGRAPHTOBIGWIG (OSMOTIC_STRESS_T100_SE_REP1),COMPLETED,0,-,quay.io/biocontainers/ucsc-bedgraphtobigwig:445--h954228d_0,1,14400000,-,6442450944,1,1785252402856,1785252402952,1785252403539,683,0,-,89.8,0.1,10399744,25681920,10399744,25751552,5910349,628339,248,146,0,638976,1,2,/home/pranay/nextflow_benchmarks/work/06/cd7e5ce9c56fb66fc44d31147ac1cd,-,-,AMD Ryzen 7 4800H with Radeon Graphics,59202.952,59203.539,UCSC_BEDGRAPHTOBIGWIG,,ryzen_7_laptop,atacseq,8.0,16.0,ryzen_7,83.78109700000012,1076.4583333333335,23495987.2
166,-,19779,NFCORE_ATACSEQ:ATACSEQ:MERGED_LIBRARY_CALL_ANNOTATE_PEAKS:MULTIQC_CUSTOM_PEAKS,OSMOTIC_STRESS_T100_SE_REP1,NFCORE_ATACSEQ:ATACSEQ:MERGED_LIBRARY_CALL_ANNOTATE_PEAKS:MULTIQC_CUSTOM_PEAKS (OSMOTIC_STRESS_T100_SE_REP1),COMPLETED,0,-,quay.io/nf-core/ubuntu:20.04,1,14400000,-,6442450944,1,1785252403543,1785252403640,1785252404288,745,15,-,104.3,0.0,3104768,4087808,3104768,4096000,292199,91816,329,24,0,16384,4,0,/home/pranay/nextflow_benchmarks/work/3f/42e95198d457eb3606643a2c7e32c4,-,-,AMD Ryzen 7 4800H with Radeon Graphics,59203.64,59204.288,MULTIQC_CUSTOM_PEAKS,30.23,ryzen_7_laptop,atacseq,8.0,16.0,ryzen_7,288.6794130000003,59.2125,2940579.84
167,-,19826,NFCORE_ATACSEQ:ATACSEQ:MERGED_LIBRARY_FILTER_BAM:BAM_SORT_STATS_SAMTOOLS:SAMTOOLS_INDEX,OSMOTIC_STRESS_T15_PE_REP1,NFCORE_ATACSEQ:ATACSEQ:MERGED_LIBRARY_FILTER_BAM:BAM_SORT_STATS_SAMTOOLS:SAMTOOLS_INDEX (OSMOTIC_STRESS_T15_PE_REP1),COMPLETED,0,-,quay.io/biocontainers/samtools:1.17--h00cdaf9_0,2,14400000,-,6442450944,1,1785252404292,1785252404387,1785252405036,744,0,-,127.7,0.0,7360512,164429824,7360512,231677952,11282304,15156,1986,21,0,20480,431,1,/home/pranay/nextflow_benchmarks/work/43/04792aafd97b3d3550a8cfd958f5f7,-,-,AMD Ryzen 7 4800H with Radeon Graphics,59204.387,59205.036,SAMTOOLS_INDEX,29.34,ryzen_7_laptop,atacseq,8.0,16.0,ryzen_7,162.7073065,994.1283333333334,17482854.4
169,-,19870,NFCORE_ATACSEQ:ATACSEQ:PICARD_MERGESAMFILES_REPLICATE,OSMOTIC_STRESS_T100_SE,NFCORE_ATACSEQ:ATACSEQ:PICARD_MERGESAMFILES_REPLICATE (OSMOTIC_STRESS_T100_SE),COMPLETED,0,-,quay.io/biocontainers/picard:3.0.0--hdfd78af_1,2,21600000,-,6442450944,1,1785252405039,1785252405136,1785252409376,4337,3000,-,321.6,2.9,240713728,9254961152,240713728,9318727680,22275771,5046612,9681,282,0,5111808,20,1,/home/pranay/nextflow_benchmarks/work/20/3ec8ad258d4c193cdd2ea88868f1a7,-,-,AMD Ryzen 7 4800H with Radeon Graphics,59205.136,59209.376,PICARD_MERGESAMFILES_REPLICATE,114.27,ryzen_7_laptop,atacseq,8.0,16.0,ryzen_7,259.51475424999995,11369.935,286459019.94666666
170,-,19923,NFCORE_ATACSEQ:ATACSEQ:PICARD_MERGESAMFILES_REPLICATE,OSMOTIC_STRESS_T0_PE,NFCORE_ATACSEQ:ATACSEQ:PICARD_MERGESAMFILES_REPLICATE (OSMOTIC_STRESS_T0_PE),COMPLETED,0,-,quay.io/biocontainers/picard:3.0.0--hdfd78af_1,2,21600000,-,6442450944,1,1785252409380,1785252409477,1785252414424,5044,3000,-,278.8,3.0,249708544,9327063040,249917440,9390100480,26757814,9554006,10391,319,0,9617408,12,0,/home/pranay/nextflow_benchmarks/work/6b/761b95a53fd1ba8c60a0e81f6d604c,-,-,AMD Ryzen 7 4800H with Radeon Graphics,59209.477,59214.424,PICARD_MERGESAMFILES_REPLICATE,140.48,ryzen_7_laptop,atacseq,8.0,16.0,ryzen_7,299.92008625,11374.475,286460023.46666664
168,-,19968,NFCORE_ATACSEQ:ATACSEQ:MERGED_LIBRARY_PICARD_COLLECTMULTIPLEMETRICS,OSMOTIC_STRESS_T15_PE_REP1,NFCORE_ATACSEQ:ATACSEQ:MERGED_LIBRARY_PICARD_COLLECTMULTIPLEMETRICS (OSMOTIC_STRESS_T15_PE_REP1),COMPLETED,0,-,quay.io/biocontainers/picard:3.0.0--hdfd78af_1,1,14400000,-,6442450944,1,1785252414427,1785252414524,1785252421204,6777,4000,-,392.6,4.3,355610624,9523351552,355610624,9590468608,78544702,867297,13579,558,0,962560,19,0,/home/pranay/nextflow_benchmarks/work/18/506cf748fd6fbc06da7196725ff41f,-,-,AMD Ryzen 7 4800H with Radeon Graphics,59214.524,59221.204,MERGED_LIBRARY_PICARD_COLLECTMULTIPLEMETRICS,203.92,ryzen_7_laptop,atacseq,8.0,16.0,ryzen_7,1322.5822670000023,5994.92,465024141.312
171,-,20016,NFCORE_ATACSEQ:ATACSEQ:MERGED_LIBRARY_BIGWIG_PLOT_DEEPTOOLS:DEEPTOOLS_COMPUTEMATRIX_REFERENCE_POINT,OSMOTIC_STRESS_T150_SE_REP1,NFCORE_ATACSEQ:ATACSEQ:MERGED_LIBRARY_BIGWIG_PLOT_DEEPTOOLS:DEEPTOOLS_COMPUTEMATRIX_REFERENCE_POINT (OSMOTIC_STRESS_T150_SE_REP1),COMPLETED,0,-,quay.io/biocontainers/deeptools:3.5.1--py_0,2,21600000,-,6442450944,1,1785252421209,1785252421305,1785252483184,61975,60000,-,189.9,2.2,175349760,589942784,203288576,620392448,229792997,56133572,46863,7020,434176,21524480,351,211,/home/pranay/nextflow_benchmarks/work/79/4165cbd564d1e1d30beb2de40dd617,-,-,AMD Ryzen 7 4800H with Radeon Graphics,59221.305,59283.184,DEEPTOOLS_COMPUTEMATRIX_REFERENCE_POINT,1786.72,ryzen_7_laptop,atacseq,8.0,16.0,ryzen_7,956.637348333334,2890.0,7658137.6
172,-,20063,NFCORE_ATACSEQ:ATACSEQ:MERGED_LIBRARY_BIGWIG_PLOT_DEEPTOOLS:DEEPTOOLS_COMPUTEMATRIX_SCALE_REGIONS,OSMOTIC_STRESS_T150_SE_REP1,NFCORE_ATACSEQ:ATACSEQ:MERGED_LIBRARY_BIGWIG_PLOT_DEEPTOOLS:DEEPTOOLS_COMPUTEMATRIX_SCALE_REGIONS (OSMOTIC_STRESS_T150_SE_REP1),COMPLETED,0,-,quay.io/biocontainers/deeptools:3.5.1--py_0,2,21600000,-,6442450944,1,1785252483194,1785252483283,1785252564059,80865,79000,-,191.1,2.2,189259776,593879040,217653248,632369152,236474185,65872038,47153,7133,0,25608192,425,315,/home/pranay/nextflow_benchmarks/work/67/67dda6cdb81fd3be16806970b8b6b1,-,-,AMD Ryzen 7 4800H with Radeon Graphics,59283.283,59364.059,DEEPTOOLS_COMPUTEMATRIX_SCALE_REGIONS,2317.71,ryzen_7_laptop,atacseq,8.0,16.0,ryzen_7,898.597536083335,2797.5,7649474.56
173,-,20116,NFCORE_ATACSEQ:ATACSEQ:MERGED_LIBRARY_DEEPTOOLS_PLOTFINGERPRINT,OSMOTIC_STRESS_T0_PE_REP2,NFCORE_ATACSEQ:ATACSEQ:MERGED_LIBRARY_DEEPTOOLS_PLOTFINGERPRINT (OSMOTIC_STRESS_T0_PE_REP2),COMPLETED,0,-,quay.io/biocontainers/deeptools:3.5.1--py_0,2,21600000,-,6442450944,1,1785252564069,1785252564159,1785252572516,8447,7000,-,100.3,11.2,898076672,1417834496,1062629376,1582891008,41371668,393666,5846,67,0,401408,16,23,/home/pranay/nextflow_benchmarks/work/fc/361d53ce21d8edbf11558a89a4f63d,-,-,AMD Ryzen 7 4800H with Radeon Graphics,59364.159,59372.516,MERGED_LIBRARY_DEEPTOOLS_PLOTFINGERPRINT,189.56,ryzen_7_laptop,atacseq,8.0,16.0,ryzen_7,453.0674842499999,2194.3683333333333,6688450.56
174,-,20164,NFCORE_ATACSEQ:ATACSEQ:MERGED_LIBRARY_CALL_ANNOTATE_PEAKS:MACS2_CALLPEAK,OSMOTIC_STRESS_T0_PE_REP2,NFCORE_ATACSEQ:ATACSEQ:MERGED_LIBRARY_CALL_ANNOTATE_PEAKS:MACS2_CALLPEAK (OSMOTIC_STRESS_T0_PE_REP2),COMPLETED,0,-,quay.io/biocontainers/macs2:2.2.7.1--py38h4a8c8d9_3,2,21600000,-,6442450944,1,1785252572523,1785252572616,1785252574374,1851,1000,-,199.4,0.1,14839808,19296256,14839808,19300352,11899159,3198805,1847,119,0,3248128,1,1,/home/pranay/nextflow_benchmarks/work/ad/87db59af4a036dfec1c2dc6a0638a8,-,-,AMD Ryzen 7 4800H with Radeon Graphics,59372.616,59374.374,MACS2_CALLPEAK,29.25,ryzen_7_laptop,atacseq,8.0,16.0,ryzen_7,160.29460650000001,978.545,121969459.2
176,-,20207,NFCORE_ATACSEQ:ATACSEQ:MERGED_LIBRARY_CALL_ANNOTATE_PEAKS:MACS2_CALLPEAK,OSMOTIC_STRESS_T0_PE_REP1,NFCORE_ATACSEQ:ATACSEQ:MERGED_LIBRARY_CALL_ANNOTATE_PEAKS:MACS2_CALLPEAK (OSMOTIC_STRESS_T0_PE_REP1),COMPLETED,0,-,quay.io/biocontainers/macs2:2.2.7.1--py38h4a8c8d9_3,2,21600000,-,6442450944,1,1785252574378,1785252574474,1785252576242,1864,1000,-,202.1,0.1,14970880,19296256,14970880,19300352,13459032,4124069,2020,152,0,4177920,1,1,/home/pranay/nextflow_benchmarks/work/da/3fc67b28c1860bfc76f143a835a5e9,-,-,AMD Ryzen 7 4800H with Radeon Graphics,59374.474,59376.242,MACS2_CALLPEAK,29.26,ryzen_7_laptop,atacseq,8.0,16.0,ryzen_7,155.54795274999995,978.1878571428571,121969459.2
175,-,20252,NFCORE_ATACSEQ:ATACSEQ:MERGED_LIBRARY_DEEPTOOLS_PLOTFINGERPRINT,OSMOTIC_STRESS_T0_PE_REP1,NFCORE_ATACSEQ:ATACSEQ:MERGED_LIBRARY_DEEPTOOLS_PLOTFINGERPRINT (OSMOTIC_STRESS_T0_PE_REP1),COMPLETED,0,-,quay.io/biocontainers/deeptools:3.5.1--py_0,2,21600000,-,6442450944,1,1785252576246,1785252576342,1785252584412,8166,7000,-,100.3,12.2,983048192,1502883840,1062252544,1582891008,43481488,393773,6194,67,0,401408,22,27,/home/pranay/nextflow_benchmarks/work/dc/9a06d8d8ce4541b66117f1a67eb3ce,-,-,AMD Ryzen 7 4800H with Radeon Graphics,59376.342,59384.412,MERGED_LIBRARY_DEEPTOOLS_PLOTFINGERPRINT,194.16,ryzen_7_laptop,atacseq,8.0,16.0,ryzen_7,475.41180875000003,2276.62,6662481.92
178,-,20299,NFCORE_ATACSEQ:ATACSEQ:MERGED_LIBRARY_BIGWIG_PLOT_DEEPTOOLS:DEEPTOOLS_COMPUTEMATRIX_REFERENCE_POINT,OSMOTIC_STRESS_T100_SE_REP2,NFCORE_ATACSEQ:ATACSEQ:MERGED_LIBRARY_BIGWIG_PLOT_DEEPTOOLS:DEEPTOOLS_COMPUTEMATRIX_REFERENCE_POINT (OSMOTIC_STRESS_T100_SE_REP2),COMPLETED,0,-,quay.io/biocontainers/deeptools:3.5.1--py_0,2,21600000,-,6442450944,1,1785252584419,1785252584512,1785252644967,60548,59000,-,191.0,2.1,173993984,589930496,205053952,624607232,229725365,50091920,46848,5214,0,15482880,281,220,/home/pranay/nextflow_benchmarks/work/a6/c043c3da48e9cd2979b8c5f97c1c09,-,-,AMD Ryzen 7 4800H with Radeon Graphics,59384.512,59444.967,DEEPTOOLS_COMPUTEMATRIX_REFERENCE_POINT,1710.28,ryzen_7_laptop,atacseq,8.0,16.0,ryzen_7,956.637348333334,2890.0,7658137.6
177,-,20348,NFCORE_ATACSEQ:ATACSEQ:MERGED_LIBRARY_BIGWIG_PLOT_DEEPTOOLS:DEEPTOOLS_COMPUTEMATRIX_SCALE_REGIONS,OSMOTIC_STRESS_T100_SE_REP2,NFCORE_ATACSEQ:ATACSEQ:MERGED_LIBRARY_BIGWIG_PLOT_DEEPTOOLS:DEEPTOOLS_COMPUTEMATRIX_SCALE_REGIONS (OSMOTIC_STRESS_T100_SE_REP2),COMPLETED,0,-,quay.io/biocontainers/deeptools:3.5.1--py_0,2,21600000,-,6442450944,1,1785252644974,1785252645066,1785252713657,68683,67000,-,190.6,2.5,198914048,604954624,225890304,636379136,235908366,58667234,47014,6547,0,18399232,414,244,/home/pranay/nextflow_benchmarks/work/17/de592f8a2baa2e586cf4771e3e49bf,-,-,AMD Ryzen 7 4800H with Radeon Graphics,59445.066,59513.657,DEEPTOOLS_COMPUTEMATRIX_SCALE_REGIONS,1889.75,ryzen_7_laptop,atacseq,8.0,16.0,ryzen_7,930.2646478333342,2782.5,7647447.04
180,-,20400,NFCORE_ATACSEQ:ATACSEQ:MERGED_LIBRARY_BIGWIG_PLOT_DEEPTOOLS:DEEPTOOLS_COMPUTEMATRIX_REFERENCE_POINT,OSMOTIC_STRESS_T100_SE_REP1,NFCORE_ATACSEQ:ATACSEQ:MERGED_LIBRARY_BIGWIG_PLOT_DEEPTOOLS:DEEPTOOLS_COMPUTEMATRIX_REFERENCE_POINT (OSMOTIC_STRESS_T100_SE_REP1),COMPLETED,0,-,quay.io/biocontainers/deeptools:3.5.1--py_0,2,21600000,-,6442450944,1,1785252713666,1785252713758,1785252774449,60783,59000,-,189.8,2.1,174592000,591798272,207486976,625192960,228522403,51005974,46554,5702,0,16396288,312,217,/home/pranay/nextflow_benchmarks/work/cb/0f56cd23fd386d1b835a74a6b0f41e,-,-,AMD Ryzen 7 4800H with Radeon Graphics,59513.758,59574.449,DEEPTOOLS_COMPUTEMATRIX_REFERENCE_POINT,1662.9200000000003,ryzen_7_laptop,atacseq,8.0,16.0,ryzen_7,950.4664498333342,2885.0,7659427.84
179,-,20453,NFCORE_ATACSEQ:ATACSEQ:MERGED_LIBRARY_BIGWIG_PLOT_DEEPTOOLS:DEEPTOOLS_COMPUTEMATRIX_SCALE_REGIONS,OSMOTIC_STRESS_T100_SE_REP1,NFCORE_ATACSEQ:ATACSEQ:MERGED_LIBRARY_BIGWIG_PLOT_DEEPTOOLS:DEEPTOOLS_COMPUTEMATRIX_SCALE_REGIONS (OSMOTIC_STRESS_T100_SE_REP1),COMPLETED,0,-,quay.io/biocontainers/deeptools:3.5.1--py_0,2,21600000,-,6442450944,1,1785252774487,1785252774549,1785252842631,68144,67000,-,190.8,2.2,178790400,591368192,210014208,625287168,234783062,59766237,46740,6821,0,19496960,342,229,/home/pranay/nextflow_benchmarks/work/91/0cdd0219bd1f46fc3635fe9e57689b,-,-,AMD Ryzen 7 4800H with Radeon Graphics,59574.549,59642.631,DEEPTOOLS_COMPUTEMATRIX_SCALE_REGIONS,1898.02,ryzen_7_laptop,atacseq,8.0,16.0,ryzen_7,938.0049438333341,2782.5,7647447.04
181,-,20501,NFCORE_ATACSEQ:ATACSEQ:MERGED_LIBRARY_DEEPTOOLS_PLOTFINGERPRINT,OSMOTIC_STRESS_T15_PE_REP1,NFCORE_ATACSEQ:ATACSEQ:MERGED_LIBRARY_DEEPTOOLS_PLOTFINGERPRINT (OSMOTIC_STRESS_T15_PE_REP1),COMPLETED,0,-,quay.io/biocontainers/deeptools:3.5.1--py_0,2,21600000,-,6442450944,1,1785252842638,1785252842731,1785252850748,8110,7000,-,100.7,11.7,939139072,1467502592,1062875136,1582899200,43068950,393990,6200,67,0,401408,15,26,/home/pranay/nextflow_benchmarks/work/1d/392bbac9efa46751041abf74980514,-,-,AMD Ryzen 7 4800H with Radeon Graphics,59642.731,59650.748,MERGED_LIBRARY_DEEPTOOLS_PLOTFINGERPRINT,167.07,ryzen_7_laptop,atacseq,8.0,16.0,ryzen_7,470.85936475,2286.62,6662481.92
182,-,20547,NFCORE_ATACSEQ:ATACSEQ:MERGED_LIBRARY_CALL_ANNOTATE_PEAKS:MACS2_CALLPEAK,OSMOTIC_STRESS_T15_PE_REP1,NFCORE_ATACSEQ:ATACSEQ:MERGED_LIBRARY_CALL_ANNOTATE_PEAKS:MACS2_CALLPEAK (OSMOTIC_STRESS_T15_PE_REP1),COMPLETED,0,-,quay.io/biocontainers/macs2:2.2.7.1--py38h4a8c8d9_3,2,21600000,-,6442450944,1,1785252850754,1785252850848,1785252853180,2426,1000,-,150.6,0.6,54968320,2145677312,54968320,2203795456,24648558,9052857,3589,194,0,9105408,7,17,/home/pranay/nextflow_benchmarks/work/3f/056169b295c26e4a974850320e39f7,-,-,AMD Ryzen 7 4800H with Radeon Graphics,59650.848,59653.18,MACS2_CALLPEAK,67.1,ryzen_7_laptop,atacseq,8.0,16.0,ryzen_7,223.67220025000003,1534.715,121850173.44
184,-,20590,NFCORE_ATACSEQ:ATACSEQ:MERGED_LIBRARY_FILTER_BAM:BAM_SORT_STATS_SAMTOOLS:BAM_STATS_SAMTOOLS:SAMTOOLS_FLAGSTAT,OSMOTIC_STRESS_T0_PE_REP2,NFCORE_ATACSEQ:ATACSEQ:MERGED_LIBRARY_FILTER_BAM:BAM_SORT_STATS_SAMTOOLS:BAM_STATS_SAMTOOLS:SAMTOOLS_FLAGSTAT (OSMOTIC_STRESS_T0_PE_REP2),COMPLETED,0,-,quay.io/biocontainers/samtools:1.17--h00cdaf9_0,1,14400000,-,6442450944,1,1785252853184,1785252853280,1785252853873,689,0,-,109.1,0.1,7577600,164429824,7577600,231677952,4144586,5485,817,19,0,12288,436,0,/home/pranay/nextflow_benchmarks/work/55/9cd5c88d2a27745fb1199c3d6dbaae,-,-,AMD Ryzen 7 4800H with Radeon Graphics,59653.28,59653.873,SAMTOOLS_FLAGSTAT,30.92,ryzen_7_laptop,atacseq,8.0,16.0,ryzen_7,88.11943350000018,912.5,3062927.36
187,-,20637,NFCORE_ATACSEQ:ATACSEQ:MERGED_LIBRARY_FILTER_BAM:BAM_SORT_STATS_SAMTOOLS:BAM_STATS_SAMTOOLS:SAMTOOLS_FLAGSTAT,OSMOTIC_STRESS_T0_PE_REP1,NFCORE_ATACSEQ:ATACSEQ:MERGED_LIBRARY_FILTER_BAM:BAM_SORT_STATS_SAMTOOLS:BAM_STATS_SAMTOOLS:SAMTOOLS_FLAGSTAT (OSMOTIC_STRESS_T0_PE_REP1),COMPLETED,0,-,quay.io/biocontainers/samtools:1.17--h00cdaf9_0,1,14400000,-,6442450944,1,1785252853877,1785252853973,1785252854564,687,0,-,133.3,0.0,7266304,164429824,7266304,231677952,4855726,5485,938,19,0,12288,436,0,/home/pranay/nextflow_benchmarks/work/0e/6d5afb91c3db50825ae6ce5b89cd0b,-,-,AMD Ryzen 7 4800H with Radeon Graphics,59653.973,59654.564,SAMTOOLS_FLAGSTAT,,ryzen_7_laptop,atacseq,8.0,16.0,ryzen_7,94.2082237500001,950.0,3073157.12
191,-,20680,NFCORE_ATACSEQ:ATACSEQ:MERGED_LIBRARY_FILTER_BAM:BAM_SORT_STATS_SAMTOOLS:BAM_STATS_SAMTOOLS:SAMTOOLS_IDXSTATS,OSMOTIC_STRESS_T15_PE_REP1,NFCORE_ATACSEQ:ATACSEQ:MERGED_LIBRARY_FILTER_BAM:BAM_SORT_STATS_SAMTOOLS:BAM_STATS_SAMTOOLS:SAMTOOLS_IDXSTATS (OSMOTIC_STRESS_T15_PE_REP1),COMPLETED,0,-,quay.io/biocontainers/samtools:1.17--h00cdaf9_0,1,14400000,-,6442450944,1,1785252854568,1785252854664,1785252855213,645,0,-,56.1,0.0,3289088,5648384,3289088,5652480,123034,5306,224,19,0,12288,2,0,/home/pranay/nextflow_benchmarks/work/e4/01647ed3acd8b54ed01c0cbe813c99,-,-,AMD Ryzen 7 4800H with Radeon Graphics,59654.664,59655.213,SAMTOOLS_IDXSTATS,,ryzen_7_laptop,atacseq,8.0,16.0,ryzen_7,103.33711599999991,877.5,3173652.48
190,-,20726,NFCORE_ATACSEQ:ATACSEQ:MERGED_LIBRARY_FILTER_BAM:BAM_SORT_STATS_SAMTOOLS:BAM_STATS_SAMTOOLS:SAMTOOLS_FLAGSTAT,OSMOTIC_STRESS_T15_PE_REP1,NFCORE_ATACSEQ:ATACSEQ:MERGED_LIBRARY_FILTER_BAM:BAM_SORT_STATS_SAMTOOLS:BAM_STATS_SAMTOOLS:SAMTOOLS_FLAGSTAT (OSMOTIC_STRESS_T15_PE_REP1),COMPLETED,0,-,quay.io/biocontainers/samtools:1.17--h00cdaf9_0,1,14400000,-,6442450944,1,1785252855217,1785252855313,1785252855931,714,0,-,124.8,0.1,7458816,164429824,7458816,231677952,11282451,5494,1986,19,0,12288,525,1,/home/pranay/nextflow_benchmarks/work/77/9deecdd1c78f379272491a8691d1c8,-,-,AMD Ryzen 7 4800H with Radeon Graphics,59655.313,59655.931,SAMTOOLS_FLAGSTAT,33.11,ryzen_7_laptop,atacseq,8.0,16.0,ryzen_7,148.4181735,1009.1283333333334,3801985.706666666
183,-,20768,NFCORE_ATACSEQ:ATACSEQ:MERGED_LIBRARY_FILTER_BAM:BAM_SORT_STATS_SAMTOOLS:BAM_STATS_SAMTOOLS:SAMTOOLS_IDXSTATS,OSMOTIC_STRESS_T0_PE_REP2,NFCORE_ATACSEQ:ATACSEQ:MERGED_LIBRARY_FILTER_BAM:BAM_SORT_STATS_SAMTOOLS:BAM_STATS_SAMTOOLS:SAMTOOLS_IDXSTATS (OSMOTIC_STRESS_T0_PE_REP2),COMPLETED,0,-,quay.io/biocontainers/samtools:1.17--h00cdaf9_0,1,14400000,-,6442450944,1,1785252855935,1785252856031,1785252856608,673,0,-,85.7,0.0,3383296,5648384,3383296,5652480,124487,5295,224,19,0,12288,2,0,/home/pranay/nextflow_benchmarks/work/c8/382c7bb95e72101b8d34be13c1ad08,-,-,AMD Ryzen 7 4800H with Radeon Graphics,59656.031,59656.608,SAMTOOLS_IDXSTATS,31.66,ryzen_7_laptop,atacseq,8.0,16.0,ryzen_7,103.33711599999991,877.5,3173652.48
188,-,20813,NFCORE_ATACSEQ:ATACSEQ:MERGED_LIBRARY_FILTER_BAM:BAM_SORT_STATS_SAMTOOLS:BAM_STATS_SAMTOOLS:SAMTOOLS_IDXSTATS,OSMOTIC_STRESS_T0_PE_REP1,NFCORE_ATACSEQ:ATACSEQ:MERGED_LIBRARY_FILTER_BAM:BAM_SORT_STATS_SAMTOOLS:BAM_STATS_SAMTOOLS:SAMTOOLS_IDXSTATS (OSMOTIC_STRESS_T0_PE_REP1),COMPLETED,0,-,quay.io/biocontainers/samtools:1.17--h00cdaf9_0,1,14400000,-,6442450944,1,1785252856612,1785252856708,1785252857370,758,0,-,85.7,0.0,3432448,5648384,3432448,5652480,122952,5296,224,19,0,12288,2,0,/home/pranay/nextflow_benchmarks/work/39/a28bbce42c0ce108f04a2e305691d3,-,-,AMD Ryzen 7 4800H with Radeon Graphics,59656.708,59657.37,SAMTOOLS_IDXSTATS,,ryzen_7_laptop,atacseq,8.0,16.0,ryzen_7,103.33711599999991,877.5,3173652.48
189,-,20856,NFCORE_ATACSEQ:ATACSEQ:MERGED_LIBRARY_FILTER_BAM:BAM_SORT_STATS_SAMTOOLS:BAM_STATS_SAMTOOLS:SAMTOOLS_STATS,OSMOTIC_STRESS_T15_PE_REP1,NFCORE_ATACSEQ:ATACSEQ:MERGED_LIBRARY_FILTER_BAM:BAM_SORT_STATS_SAMTOOLS:BAM_STATS_SAMTOOLS:SAMTOOLS_STATS (OSMOTIC_STRESS_T15_PE_REP1),COMPLETED,0,-,quay.io/biocontainers/samtools:1.17--h00cdaf9_0,1,14400000,-,6442450944,1,1785252857374,1785252857470,1785252858320,946,1000,-,127.2,0.1,8134656,165974016,8134656,233070592,11283956,67392,1986,34,0,73728,5,1,/home/pranay/nextflow_benchmarks/work/2d/4d9b5b45f6ec4f5c0518c26d84cbb1,-,-,AMD Ryzen 7 4800H with Radeon Graphics,59657.47,59658.32,SAMTOOLS_STATS,32.72,ryzen_7_laptop,atacseq,8.0,16.0,ryzen_7,177.5011084333334,2103.9199999999996,3818769.0666666664
186,-,20903,NFCORE_ATACSEQ:ATACSEQ:MERGED_LIBRARY_FILTER_BAM:BAM_SORT_STATS_SAMTOOLS:BAM_STATS_SAMTOOLS:SAMTOOLS_STATS,OSMOTIC_STRESS_T0_PE_REP1,NFCORE_ATACSEQ:ATACSEQ:MERGED_LIBRARY_FILTER_BAM:BAM_SORT_STATS_SAMTOOLS:BAM_STATS_SAMTOOLS:SAMTOOLS_STATS (OSMOTIC_STRESS_T0_PE_REP1),COMPLETED,0,-,quay.io/biocontainers/samtools:1.17--h00cdaf9_0,1,14400000,-,6442450944,1,1785252858324,1785252858420,1785252859102,778,0,-,123.1,0.1,7966720,165974016,7966720,233222144,4857134,61733,938,32,0,65536,4,0,/home/pranay/nextflow_benchmarks/work/8a/1721353604cca0ea2fa0262eb65b09,-,-,AMD Ryzen 7 4800H with Radeon Graphics,59658.42,59659.102,SAMTOOLS_STATS,30.16,ryzen_7_laptop,atacseq,8.0,16.0,ryzen_7,121.73073193333332,2040.0,3073157.12
185,-,20949,NFCORE_ATACSEQ:ATACSEQ:MERGED_LIBRARY_FILTER_BAM:BAM_SORT_STATS_SAMTOOLS:BAM_STATS_SAMTOOLS:SAMTOOLS_STATS,OSMOTIC_STRESS_T0_PE_REP2,NFCORE_ATACSEQ:ATACSEQ:MERGED_LIBRARY_FILTER_BAM:BAM_SORT_STATS_SAMTOOLS:BAM_STATS_SAMTOOLS:SAMTOOLS_STATS (OSMOTIC_STRESS_T0_PE_REP2),COMPLETED,0,-,quay.io/biocontainers/samtools:1.17--h00cdaf9_0,1,14400000,-,6442450944,1,1785252859107,1785252859202,1785252859835,728,0,-,116.6,0.1,8159232,165974016,8159232,233070592,4146004,65204,817,33,0,69632,2,1,/home/pranay/nextflow_benchmarks/work/c9/e16f4a348591689e6b0a56f991875c,-,-,AMD Ryzen 7 4800H with Radeon Graphics,59659.202,59659.835,SAMTOOLS_STATS,29.85,ryzen_7_laptop,atacseq,8.0,16.0,ryzen_7,116.48601643333333,2007.5,3062927.36
192,-,20997,NFCORE_ATACSEQ:ATACSEQ:MERGED_REPLICATE_MARKDUPLICATES_PICARD:PICARD_MARKDUPLICATES,OSMOTIC_STRESS_T100_SE,NFCORE_ATACSEQ:ATACSEQ:MERGED_REPLICATE_MARKDUPLICATES_PICARD:PICARD_MARKDUPLICATES (OSMOTIC_STRESS_T100_SE),COMPLETED,0,-,quay.io/biocontainers/picard:3.0.0--hdfd78af_1,2,21600000,-,6442450944,1,1785252859841,1785252859935,1785252866747,6906,5000,-,225.2,24.0,1929076736,10342227968,1929076736,10342236160,26825741,5038067,10370,301,0,5103616,19,1,/home/pranay/nextflow_benchmarks/work/fd/cfd55c6a38f916a47e635b9cc93276,-,-,AMD Ryzen 7 4800H with Radeon Graphics,59659.935,59666.747,PICARD_MARKDUPLICATES,185.9,ryzen_7_laptop,atacseq,8.0,16.0,ryzen_7,18421.44826549998,176655.24,17458070784.0
193,-,21045,NFCORE_ATACSEQ:ATACSEQ:MERGED_REPLICATE_MARKDUPLICATES_PICARD:PICARD_MARKDUPLICATES,OSMOTIC_STRESS_T0_PE,NFCORE_ATACSEQ:ATACSEQ:MERGED_REPLICATE_MARKDUPLICATES_PICARD:PICARD_MARKDUPLICATES (OSMOTIC_STRESS_T0_PE),COMPLETED,0,-,quay.io/biocontainers/picard:3.0.0--hdfd78af_1,2,21600000,-,6442450944,1,1785252866752,1785252866846,1785252874971,8219,6000,-,243.9,27.7,2229751808,10342232064,2229751808,10409349120,35841853,9540375,11780,339,1048576,9641984,29,1,/home/pranay/nextflow_benchmarks/work/04/7d0f33b3a34ff98a89e6b168cfd367,-,-,AMD Ryzen 7 4800H with Radeon Graphics,59666.846,59674.971,PICARD_MARKDUPLICATES,224.48,ryzen_7_laptop,atacseq,8.0,16.0,ryzen_7,18421.44826549998,176637.835,17458070784.0
194,-,21095,NFCORE_ATACSEQ:ATACSEQ:MERGED_LIBRARY_BIGWIG_PLOT_DEEPTOOLS:DEEPTOOLS_PLOTHEATMAP,OSMOTIC_STRESS_T150_SE_REP1,NFCORE_ATACSEQ:ATACSEQ:MERGED_LIBRARY_BIGWIG_PLOT_DEEPTOOLS:DEEPTOOLS_PLOTHEATMAP (OSMOTIC_STRESS_T150_SE_REP1),COMPLETED,0,-,quay.io/biocontainers/deeptools:3.5.1--py_0,2,14400000,-,6442450944,1,1785252874985,1785252875071,1785252883654,8669,7000,-,99.8,3.0,247271424,448966656,280530944,482668544,27453731,3362228,4477,120,393216,3375104,14,27,/home/pranay/nextflow_benchmarks/work/ee/694e4a810f7cabc9501cfc45810043,-,-,AMD Ryzen 7 4800H with Radeon Graphics,59675.071,59683.654,DEEPTOOLS_PLOTHEATMAP,198.63,ryzen_7_laptop,atacseq,8.0,16.0,ryzen_7,5907.557312749996,41027.5,1519514132.48
195,-,21138,NFCORE_ATACSEQ:ATACSEQ:MERGED_LIBRARY_BIGWIG_PLOT_DEEPTOOLS:DEEPTOOLS_PLOTPROFILE,OSMOTIC_STRESS_T150_SE_REP1,NFCORE_ATACSEQ:ATACSEQ:MERGED_LIBRARY_BIGWIG_PLOT_DEEPTOOLS:DEEPTOOLS_PLOTPROFILE (OSMOTIC_STRESS_T150_SE_REP1),COMPLETED,0,-,quay.io/biocontainers/deeptools:3.5.1--py_0,2,14400000,-,6442450944,1,1785252883663,1785252883754,1785252887165,3502,1000,-,100.0,1.3,107012096,175603712,107012096,175607808,24550430,405116,3778,42,86016,417792,7,10,/home/pranay/nextflow_benchmarks/work/0d/7cec8a69894f19093517476b31875c,-,-,AMD Ryzen 7 4800H with Radeon Graphics,59683.754,59687.165,DEEPTOOLS_PLOTPROFILE,71.06,ryzen_7_laptop,atacseq,8.0,16.0,ryzen_7,1142.0831882499979,7288.92,834539008.0
197,-,21183,NFCORE_ATACSEQ:ATACSEQ:MERGED_LIBRARY_ATAQV_ATAQV,OSMOTIC_STRESS_T0_PE_REP2,NFCORE_ATACSEQ:ATACSEQ:MERGED_LIBRARY_ATAQV_ATAQV (OSMOTIC_STRESS_T0_PE_REP2),COMPLETED,0,-,quay.io/biocontainers/ataqv:1.3.1--py310ha155cf9_1,2,21600000,-,6442450944,1,1785252887169,1785252887266,1785252889720,2551,1662,-,142.1,0.1,12886016,168304640,12886016,235417600,227445878,294303,34604,392,69632,294912,16,3,/home/pranay/nextflow_benchmarks/work/7c/27536f30bdaada9d4d36b6fd739f49,-,-,AMD Ryzen 7 4800H with Radeon Graphics,59687.266,59689.72,MERGED_LIBRARY_ATAQV_ATAQV,53.91,ryzen_7_laptop,atacseq,8.0,16.0,ryzen_7,950.4664498333342,2885.0,20426086.4
198,-,21236,NFCORE_ATACSEQ:ATACSEQ:MERGED_LIBRARY_CALL_ANNOTATE_PEAKS:FRIP_SCORE,OSMOTIC_STRESS_T0_PE_REP2,NFCORE_ATACSEQ:ATACSEQ:MERGED_LIBRARY_CALL_ANNOTATE_PEAKS:FRIP_SCORE (OSMOTIC_STRESS_T0_PE_REP2),COMPLETED,0,-,quay.io/biocontainers/mulled-v2-8186960447c5cb2faa697666dc1e6d919ad23f3e:3127fcae6b6bdaf8181e21a26ae61231030a9fcb-0,2,21600000,-,6442450944,1,1785252889725,1785252889821,1785252890832,1107,0,-,118.1,0.1,18989056,32837632,18989056,32845824,14254919,5966768,15217,832,0,16384,160,1,/home/pranay/nextflow_benchmarks/work/05/54440c144f948651544a08f5160296,-,-,AMD Ryzen 7 4800H with Radeon Graphics,59689.821,59690.832,FRIP_SCORE,28.79,ryzen_7_laptop,atacseq,8.0,16.0,ryzen_7,156.73499724999988,1267.775,3563939.84
196,-,21280,NFCORE_ATACSEQ:ATACSEQ:MERGED_LIBRARY_CALL_ANNOTATE_PEAKS:HOMER_ANNOTATEPEAKS,OSMOTIC_STRESS_T0_PE_REP2,NFCORE_ATACSEQ:ATACSEQ:MERGED_LIBRARY_CALL_ANNOTATE_PEAKS:HOMER_ANNOTATEPEAKS (OSMOTIC_STRESS_T0_PE_REP2),COMPLETED,0,-,quay.io/biocontainers/homer:4.11--pl526hc9558a2_3,2,21600000,-,6442450944,1,1785252890836,1785252890932,1785252896397,5561,4000,-,97.5,4.7,377434112,459612160,377434112,459624448,57957218,6162254,8564,1253,569344,6201344,38,5,/home/pranay/nextflow_benchmarks/work/8f/7ec623433e65eb816282441fb070d6,-,-,AMD Ryzen 7 4800H with Radeon Graphics,59690.932,59696.397,HOMER_ANNOTATEPEAKS,106.31,ryzen_7_laptop,atacseq,8.0,16.0,ryzen_7,920.1115732499993,34031.8025,830876672.0
200,-,21327,NFCORE_ATACSEQ:ATACSEQ:MERGED_LIBRARY_CALL_ANNOTATE_PEAKS:FRIP_SCORE,OSMOTIC_STRESS_T0_PE_REP1,NFCORE_ATACSEQ:ATACSEQ:MERGED_LIBRARY_CALL_ANNOTATE_PEAKS:FRIP_SCORE (OSMOTIC_STRESS_T0_PE_REP1),COMPLETED,0,-,quay.io/biocontainers/mulled-v2-8186960447c5cb2faa697666dc1e6d919ad23f3e:3127fcae6b6bdaf8181e21a26ae61231030a9fcb-0,2,21600000,-,6442450944,1,1785252896401,1785252896497,1785252897520,1119,1000,-,119.9,0.1,19062784,32972800,19062784,32980992,16966243,7232978,18417,1003,81920,16384,158,3,/home/pranay/nextflow_benchmarks/work/96/804bff15bfbb69f89f90147d3547b1,-,-,AMD Ryzen 7 4800H with Radeon Graphics,59696.497,59697.52,FRIP_SCORE,19.41,ryzen_7_laptop,atacseq,8.0,16.0,ryzen_7,201.6190917499999,1544.455,3694571.52
201,-,21371,NFCORE_ATACSEQ:ATACSEQ:MERGED_LIBRARY_ATAQV_ATAQV,OSMOTIC_STRESS_T0_PE_REP1,NFCORE_ATACSEQ:ATACSEQ:MERGED_LIBRARY_ATAQV_ATAQV (OSMOTIC_STRESS_T0_PE_REP1),COMPLETED,0,-,quay.io/biocontainers/ataqv:1.3.1--py310ha155cf9_1,2,21600000,-,6442450944,1,1785252897526,1785252897621,1785252900123,2597,1791,-,139.4,0.1,12890112,168370176,12890112,235483136,235917070,319048,35975,398,12288,319488,19,2,/home/pranay/nextflow_benchmarks/work/dc/31d4672ede676fde21714747325bf2,-,-,AMD Ryzen 7 4800H with Radeon Graphics,59697.621,59700.123,MERGED_LIBRARY_ATAQV_ATAQV,86.13,ryzen_7_laptop,atacseq,8.0,16.0,ryzen_7,930.2646478333342,2782.5,20418478.08
199,-,21421,NFCORE_ATACSEQ:ATACSEQ:MERGED_LIBRARY_CALL_ANNOTATE_PEAKS:HOMER_ANNOTATEPEAKS,OSMOTIC_STRESS_T0_PE_REP1,NFCORE_ATACSEQ:ATACSEQ:MERGED_LIBRARY_CALL_ANNOTATE_PEAKS:HOMER_ANNOTATEPEAKS (OSMOTIC_STRESS_T0_PE_REP1),COMPLETED,0,-,quay.io/biocontainers/homer:4.11--pl526hc9558a2_3,2,21600000,-,6442450944,1,1785252900128,1785252900223,1785252905556,5428,4000,-,99.5,5.4,438493184,482918400,440344576,484913152,58158787,6320735,8593,1277,0,6356992,34,7,/home/pranay/nextflow_benchmarks/work/ba/8be4c7c90077f91ef9298da3b9d7b9,-,-,AMD Ryzen 7 4800H with Radeon Graphics,59700.223,59705.556,HOMER_ANNOTATEPEAKS,105.68,ryzen_7_laptop,atacseq,8.0,16.0,ryzen_7,920.1115732499993,34031.8025,830876672.0
202,-,21467,NFCORE_ATACSEQ:ATACSEQ:MERGED_LIBRARY_BIGWIG_PLOT_DEEPTOOLS:DEEPTOOLS_PLOTHEATMAP,OSMOTIC_STRESS_T100_SE_REP2,NFCORE_ATACSEQ:ATACSEQ:MERGED_LIBRARY_BIGWIG_PLOT_DEEPTOOLS:DEEPTOOLS_PLOTHEATMAP (OSMOTIC_STRESS_T100_SE_REP2),COMPLETED,0,-,quay.io/biocontainers/deeptools:3.5.1--py_0,2,14400000,-,6442450944,1,1785252905562,1785252905656,1785252913405,7843,6000,-,99.7,3.3,268525568,470122496,268525568,470126592,26283409,2102432,4217,90,622592,2113536,5,27,/home/pranay/nextflow_benchmarks/work/7b/6646a41d59731b400d0ebf96b01625,-,-,AMD Ryzen 7 4800H with Radeon Graphics,59705.656,59713.405,DEEPTOOLS_PLOTHEATMAP,173.31,ryzen_7_laptop,atacseq,8.0,16.0,ryzen_7,5907.557312749996,41027.5,1519514132.48
203,-,21511,NFCORE_ATACSEQ:ATACSEQ:MERGED_LIBRARY_BIGWIG_PLOT_DEEPTOOLS:DEEPTOOLS_PLOTPROFILE,OSMOTIC_STRESS_T100_SE_REP2,NFCORE_ATACSEQ:ATACSEQ:MERGED_LIBRARY_BIGWIG_PLOT_DEEPTOOLS:DEEPTOOLS_PLOTPROFILE (OSMOTIC_STRESS_T100_SE_REP2),COMPLETED,0,-,quay.io/biocontainers/deeptools:3.5.1--py_0,2,14400000,-,6442450944,1,1785252913410,1785252913505,1785252917079,3669,1000,-,99.2,1.4,112586752,180629504,112586752,180633600,23011116,406050,3428,42,53248,417792,5,10,/home/pranay/nextflow_benchmarks/work/b2/fee14b98cb13c3e4357b7176628322,-,-,AMD Ryzen 7 4800H with Radeon Graphics,59713.505,59717.079,DEEPTOOLS_PLOTPROFILE,77.45,ryzen_7_laptop,atacseq,8.0,16.0,ryzen_7,1138.6325637499979,7288.92,834539008.0
204,-,21554,NFCORE_ATACSEQ:ATACSEQ:MERGED_LIBRARY_BIGWIG_PLOT_DEEPTOOLS:DEEPTOOLS_PLOTHEATMAP,OSMOTIC_STRESS_T100_SE_REP1,NFCORE_ATACSEQ:ATACSEQ:MERGED_LIBRARY_BIGWIG_PLOT_DEEPTOOLS:DEEPTOOLS_PLOTHEATMAP (OSMOTIC_STRESS_T100_SE_REP1),COMPLETED,0,-,quay.io/biocontainers/deeptools:3.5.1--py_0,2,14400000,-,6442450944,1,1785252917084,1785252917179,1785252925025,7941,6000,-,99.4,3.0,247001088,448770048,280223744,482435072,26646316,2254038,4297,94,622592,2269184,5,26,/home/pranay/nextflow_benchmarks/work/fc/9415d9c8f3303822c6702d4b30e298,-,-,AMD Ryzen 7 4800H with Radeon Graphics,59717.179,59725.025,DEEPTOOLS_PLOTHEATMAP,164.87,ryzen_7_laptop,atacseq,8.0,16.0,ryzen_7,5907.557312749996,41027.5,1519514132.48
205,-,21597,NFCORE_ATACSEQ:ATACSEQ:MERGED_LIBRARY_BIGWIG_PLOT_DEEPTOOLS:DEEPTOOLS_PLOTPROFILE,OSMOTIC_STRESS_T100_SE_REP1,NFCORE_ATACSEQ:ATACSEQ:MERGED_LIBRARY_BIGWIG_PLOT_DEEPTOOLS:DEEPTOOLS_PLOTPROFILE (OSMOTIC_STRESS_T100_SE_REP1),COMPLETED,0,-,quay.io/biocontainers/deeptools:3.5.1--py_0,2,14400000,-,6442450944,1,1785252925029,1785252925125,1785252928814,3785,2000,-,98.4,1.3,110137344,178954240,110137344,178958336,23238445,405741,3476,42,53248,417792,5,5,/home/pranay/nextflow_benchmarks/work/44/4d7a33922edf53fc80702765aaa600,-,-,AMD Ryzen 7 4800H with Radeon Graphics,59725.125,59728.814,DEEPTOOLS_PLOTPROFILE,65.05,ryzen_7_laptop,atacseq,8.0,16.0,ryzen_7,1138.6325637499979,7288.92,834539008.0
208,-,21642,NFCORE_ATACSEQ:ATACSEQ:MERGED_LIBRARY_CALL_ANNOTATE_PEAKS:FRIP_SCORE,OSMOTIC_STRESS_T15_PE_REP1,NFCORE_ATACSEQ:ATACSEQ:MERGED_LIBRARY_CALL_ANNOTATE_PEAKS:FRIP_SCORE (OSMOTIC_STRESS_T15_PE_REP1),COMPLETED,0,-,quay.io/biocontainers/mulled-v2-8186960447c5cb2faa697666dc1e6d919ad23f3e:3127fcae6b6bdaf8181e21a26ae61231030a9fcb-0,2,21600000,-,6442450944,1,1785252928818,1785252928914,1785252930565,1747,1000,-,116.8,0.1,19419136,33243136,19419136,33251328,40229839,17594856,44232,2405,131072,16384,149,3,/home/pranay/nextflow_benchmarks/work/eb/9df014299d16e37a035e9b609acacc,-,-,AMD Ryzen 7 4800H with Radeon Graphics,59728.914,59730.565,FRIP_SCORE,46.19,ryzen_7_laptop,atacseq,8.0,16.0,ryzen_7,453.0674842499999,2159.0333333333333,14927462.4
207,-,21687,NFCORE_ATACSEQ:ATACSEQ:MERGED_LIBRARY_ATAQV_ATAQV,OSMOTIC_STRESS_T15_PE_REP1,NFCORE_ATACSEQ:ATACSEQ:MERGED_LIBRARY_ATAQV_ATAQV (OSMOTIC_STRESS_T15_PE_REP1),COMPLETED,0,-,quay.io/biocontainers/ataqv:1.3.1--py310ha155cf9_1,2,21600000,-,6442450944,1,1785252930569,1785252930665,1785252934648,4079,3135,-,157.5,0.1,13377536,168505344,13377536,235618304,382598508,377094,59779,412,12288,376832,23,5,/home/pranay/nextflow_benchmarks/work/ce/b81f18a8703e0bc80d860707bb7887,-,-,AMD Ryzen 7 4800H with Radeon Graphics,59730.665,59734.648,MERGED_LIBRARY_ATAQV_ATAQV,98.31,ryzen_7_laptop,atacseq,8.0,16.0,ryzen_7,1132.1336870874995,3817.5,21226700.8
209,-,21737,NFCORE_ATACSEQ:ATACSEQ:MERGED_LIBRARY_CALL_ANNOTATE_PEAKS:PLOT_MACS2_QC,-,NFCORE_ATACSEQ:ATACSEQ:MERGED_LIBRARY_CALL_ANNOTATE_PEAKS:PLOT_MACS2_QC,COMPLETED,0,-,quay.io/biocontainers/mulled-v2-ad9dd5f398966bf899ae05f8e7c54d0fb10cdfa7:05678da05b8e5a7a5130e90a9f9a6c585b965afa-0,2,21600000,-,6442450944,1,1785252934652,1785252934749,1785252939108,4456,2000,-,347.6,1.7,138891264,2571288576,138891264,2571292672,15185250,684045,1888,178,89600000,704512,585,3,/home/pranay/nextflow_benchmarks/work/09/6083ae4b2fce6b996eff582afe0cae,-,-,AMD Ryzen 7 4800H with Radeon Graphics,59734.749,59739.108,PLOT_MACS2_QC,116.03,ryzen_7_laptop,atacseq,8.0,16.0,ryzen_7,329.9925399999996,1357.255,165826334.72
210,-,21789,NFCORE_ATACSEQ:ATACSEQ:MERGED_LIBRARY_CONSENSUS_PEAKS:MACS2_CONSENSUS,consensus_peaks,NFCORE_ATACSEQ:ATACSEQ:MERGED_LIBRARY_CONSENSUS_PEAKS:MACS2_CONSENSUS (consensus_peaks),COMPLETED,0,-,quay.io/biocontainers/mulled-v2-2f48cc59b03027e31ead6d383fe1b8057785dd24:5d182f583f4696f4c4d9f3be93052811b383341f-0,1,21600000,-,6442450944,1,1785252939113,1785252939208,1785252941755,2642,2000,-,235.4,1.0,83267584,2209275904,83267584,2272788480,14671379,1824262,2621,4138,119648256,1298432,431,1,/home/pranay/nextflow_benchmarks/work/71/1ddb227e7ec068862730a6e0c1e079,-,-,AMD Ryzen 7 4800H with Radeon Graphics,59739.208,59741.755,MACS2_CONSENSUS,56.18,ryzen_7_laptop,atacseq,8.0,16.0,ryzen_7,178.53935674999994,1731.66,117965864.96
206,-,21841,NFCORE_ATACSEQ:ATACSEQ:MERGED_LIBRARY_CALL_ANNOTATE_PEAKS:HOMER_ANNOTATEPEAKS,OSMOTIC_STRESS_T15_PE_REP1,NFCORE_ATACSEQ:ATACSEQ:MERGED_LIBRARY_CALL_ANNOTATE_PEAKS:HOMER_ANNOTATEPEAKS (OSMOTIC_STRESS_T15_PE_REP1),COMPLETED,0,-,quay.io/biocontainers/homer:4.11--pl526hc9558a2_3,2,21600000,-,6442450944,1,1785252941761,1785252941855,1785252947544,5783,4000,-,98.7,4.8,385765376,461803520,385765376,461807616,58587344,6654161,8650,1328,0,6684672,34,5,/home/pranay/nextflow_benchmarks/work/8a/619f116f2962bb9e1a2bbe44b1fa19,-,-,AMD Ryzen 7 4800H with Radeon Graphics,59741.855,59747.544,HOMER_ANNOTATEPEAKS,136.84,ryzen_7_laptop,atacseq,8.0,16.0,ryzen_7,920.1115732499993,34031.8025,830876672.0
211,-,21889,NFCORE_ATACSEQ:ATACSEQ:MERGED_LIBRARY_BAM_TO_BIGWIG:BEDTOOLS_GENOMECOV,OSMOTIC_STRESS_T0_PE_REP2,NFCORE_ATACSEQ:ATACSEQ:MERGED_LIBRARY_BAM_TO_BIGWIG:BEDTOOLS_GENOMECOV (OSMOTIC_STRESS_T0_PE_REP2),COMPLETED,0,-,quay.io/biocontainers/bedtools:2.30.0--hc088bd4_0,2,21600000,-,6442450944,1,1785252947549,1785252947644,1785252949771,2222,0,-,98.8,0.1,14196736,34447360,14196736,34447360,5617067,3026580,962,60528,4096,3043328,3,0,/home/pranay/nextflow_benchmarks/work/3c/1a581b10300f3d64a08c911feb9b2c,-,-,AMD Ryzen 7 4800H with Radeon Graphics,59747.644,59749.771,BEDTOOLS_GENOMECOV,44.64,ryzen_7_laptop,atacseq,8.0,16.0,ryzen_7,2839.896438741667,23607.5,2276745021.44
212,-,21934,NFCORE_ATACSEQ:ATACSEQ:MERGED_LIBRARY_BAM_TO_BIGWIG:BEDTOOLS_GENOMECOV,OSMOTIC_STRESS_T0_PE_REP1,NFCORE_ATACSEQ:ATACSEQ:MERGED_LIBRARY_BAM_TO_BIGWIG:BEDTOOLS_GENOMECOV (OSMOTIC_STRESS_T0_PE_REP1),COMPLETED,0,-,quay.io/biocontainers/bedtools:2.30.0--hc088bd4_0,2,21600000,-,6442450944,1,1785252949776,1785252949871,1785252952059,2283,0,-,99.0,0.0,2990080,11583488,2990080,11587584,6692594,3755366,1128,74907,4096,3772416,1,0,/home/pranay/nextflow_benchmarks/work/6b/54cf67f824221985842a44ea54faab,-,-,AMD Ryzen 7 4800H with Radeon Graphics,59749.871,59752.059,BEDTOOLS_GENOMECOV,58.32,ryzen_7_laptop,atacseq,8.0,16.0,ryzen_7,2831.6854477416655,23652.5,2276745021.44
213,-,21979,NFCORE_ATACSEQ:ATACSEQ:MERGED_LIBRARY_BAM_TO_BIGWIG:BEDTOOLS_GENOMECOV,OSMOTIC_STRESS_T15_PE_REP1,NFCORE_ATACSEQ:ATACSEQ:MERGED_LIBRARY_BAM_TO_BIGWIG:BEDTOOLS_GENOMECOV (OSMOTIC_STRESS_T15_PE_REP1),COMPLETED,0,-,quay.io/biocontainers/bedtools:2.30.0--hc088bd4_0,2,21600000,-,6442450944,1,1785252952064,1785252952159,1785252954958,2894,1000,-,98.9,0.0,3043328,11587584,3043328,11587584,15945721,9407953,2521,187312,4096,9424896,3,0,/home/pranay/nextflow_benchmarks/work/d6/4bdaf6cd422ee9153677abe6f46d7e,-,-,AMD Ryzen 7 4800H with Radeon Graphics,59752.159,59754.958,BEDTOOLS_GENOMECOV,45.08,ryzen_7_laptop,atacseq,8.0,16.0,ryzen_7,2914.7500837416637,23637.755,2276745021.44
215,-,22024,NFCORE_ATACSEQ:ATACSEQ:MERGED_REPLICATE_CALL_ANNOTATE_PEAKS:MACS2_CALLPEAK,OSMOTIC_STRESS_T100_SE,NFCORE_ATACSEQ:ATACSEQ:MERGED_REPLICATE_CALL_ANNOTATE_PEAKS:MACS2_CALLPEAK (OSMOTIC_STRESS_T100_SE),COMPLETED,0,-,quay.io/biocontainers/macs2:2.2.7.1--py38h4a8c8d9_3,2,21600000,-,6442450944,1,1785252954961,1785252955058,1785252957354,2393,0,-,185.8,0.1,13635584,18198528,13635584,18292736,14346715,5310679,1977,175,786432,5357568,1,2,/home/pranay/nextflow_benchmarks/work/5a/ab7f021458307062ea60405474eda4,-,-,AMD Ryzen 7 4800H with Radeon Graphics,59755.058,59757.354,MACS2_CALLPEAK,50.05,ryzen_7_laptop,atacseq,8.0,16.0,ryzen_7,197.76286074999993,1267.775,121969459.2
214,-,22067,NFCORE_ATACSEQ:ATACSEQ:MERGED_REPLICATE_MARKDUPLICATES_PICARD:SAMTOOLS_INDEX,OSMOTIC_STRESS_T100_SE,NFCORE_ATACSEQ:ATACSEQ:MERGED_REPLICATE_MARKDUPLICATES_PICARD:SAMTOOLS_INDEX (OSMOTIC_STRESS_T100_SE),COMPLETED,0,-,quay.io/biocontainers/samtools:1.17--h00cdaf9_0,2,14400000,-,6442450944,1,1785252957357,1785252957454,1785252958339,982,1000,-,82.8,0.1,7462912,164429824,7462912,231677952,4430770,15749,829,21,856064,20480,362,0,/home/pranay/nextflow_benchmarks/work/31/43b2775a6e968fd4a24b5dcff4439a,-,-,AMD Ryzen 7 4800H with Radeon Graphics,59757.454,59758.339,SAMTOOLS_INDEX,25.45,ryzen_7_laptop,atacseq,8.0,16.0,ryzen_7,106.50128274999999,980.0,17491466.24
216,-,22112,NFCORE_ATACSEQ:ATACSEQ:MERGED_REPLICATE_CALL_ANNOTATE_PEAKS:MACS2_CALLPEAK,OSMOTIC_STRESS_T0_PE,NFCORE_ATACSEQ:ATACSEQ:MERGED_REPLICATE_CALL_ANNOTATE_PEAKS:MACS2_CALLPEAK (OSMOTIC_STRESS_T0_PE),COMPLETED,0,-,quay.io/biocontainers/macs2:2.2.7.1--py38h4a8c8d9_3,2,21600000,-,6442450944,1,1785252958343,1785252958439,1785252960756,2413,1000,-,150.4,0.1,14876672,19296256,14876672,19300352,20500716,7146130,3015,176,0,7196672,1,2,/home/pranay/nextflow_benchmarks/work/39/299e659ed1b119a19f1d6f4f65a325,-,-,AMD Ryzen 7 4800H with Radeon Graphics,59758.439,59760.756,MACS2_CALLPEAK,58.39,ryzen_7_laptop,atacseq,8.0,16.0,ryzen_7,187.88290524999994,1545.175,121850398.72
217,-,22156,NFCORE_ATACSEQ:ATACSEQ:MERGED_REPLICATE_MARKDUPLICATES_PICARD:SAMTOOLS_INDEX,OSMOTIC_STRESS_T0_PE,NFCORE_ATACSEQ:ATACSEQ:MERGED_REPLICATE_MARKDUPLICATES_PICARD:SAMTOOLS_INDEX (OSMOTIC_STRESS_T0_PE),COMPLETED,0,-,quay.io/biocontainers/samtools:1.17--h00cdaf9_0,2,14400000,-,6442450944,1,1785252960761,1785252960857,1785252961741,980,0,-,110.9,0.0,7340032,164429824,7340032,231677952,8933012,15375,1536,21,0,20480,420,0,/home/pranay/nextflow_benchmarks/work/22/69f4969d1ad8e985bfe791c7d56012,-,-,AMD Ryzen 7 4800H with Radeon Graphics,59760.857,59761.741,SAMTOOLS_INDEX,23.35,ryzen_7_laptop,atacseq,8.0,16.0,ryzen_7,158.54686750000002,1022.0833333333335,17482772.48
218,-,22205,NFCORE_ATACSEQ:ATACSEQ:MERGED_LIBRARY_CALL_ANNOTATE_PEAKS:MULTIQC_CUSTOM_PEAKS,OSMOTIC_STRESS_T0_PE_REP2,NFCORE_ATACSEQ:ATACSEQ:MERGED_LIBRARY_CALL_ANNOTATE_PEAKS:MULTIQC_CUSTOM_PEAKS (OSMOTIC_STRESS_T0_PE_REP2),COMPLETED,0,-,quay.io/nf-core/ubuntu:20.04,1,14400000,-,6442450944,1,1785252961745,1785252961841,1785252962845,1100,17,-,130.6,0.0,3055616,4087808,3055616,4096000,226018,58726,327,24,4096,16384,4,0,/home/pranay/nextflow_benchmarks/work/35/22ada8d3de90b62ae100c22a5975c9,-,-,AMD Ryzen 7 4800H with Radeon Graphics,59761.841,59762.845,MULTIQC_CUSTOM_PEAKS,28.54,ryzen_7_laptop,atacseq,8.0,16.0,ryzen_7,371.7734294999998,336.835,3103129.6
219,-,22256,NFCORE_ATACSEQ:ATACSEQ:MERGED_LIBRARY_CALL_ANNOTATE_PEAKS:MULTIQC_CUSTOM_PEAKS,OSMOTIC_STRESS_T0_PE_REP1,NFCORE_ATACSEQ:ATACSEQ:MERGED_LIBRARY_CALL_ANNOTATE_PEAKS:MULTIQC_CUSTOM_PEAKS (OSMOTIC_STRESS_T0_PE_REP1),COMPLETED,0,-,quay.io/nf-core/ubuntu:20.04,1,14400000,-,6442450944,1,1785252962849,1785252962945,1785252963944,1095,17,-,130.6,0.0,3141632,4087808,3141632,4096000,271684,81557,328,24,0,16384,5,0,/home/pranay/nextflow_benchmarks/work/97/5cb838e671bd6392cce57cbebe8bc1,-,-,AMD Ryzen 7 4800H with Radeon Graphics,59762.945,59763.944,MULTIQC_CUSTOM_PEAKS,27.99,ryzen_7_laptop,atacseq,8.0,16.0,ryzen_7,288.6794130000003,99.725,2945556.48
220,-,22305,NFCORE_ATACSEQ:ATACSEQ:MERGED_LIBRARY_CALL_ANNOTATE_PEAKS:MULTIQC_CUSTOM_PEAKS,OSMOTIC_STRESS_T15_PE_REP1,NFCORE_ATACSEQ:ATACSEQ:MERGED_LIBRARY_CALL_ANNOTATE_PEAKS:MULTIQC_CUSTOM_PEAKS (OSMOTIC_STRESS_T15_PE_REP1),COMPLETED,0,-,quay.io/nf-core/ubuntu:20.04,1,14400000,-,6442450944,1,1785252963948,1785252964044,1785252964682,734,17,-,71.1,0.0,3121152,4087808,3121152,4096000,367847,129636,331,24,0,16384,4,0,/home/pranay/nextflow_benchmarks/work/b1/dc24a01497219751efac0874594ed5,-,-,AMD Ryzen 7 4800H with Radeon Graphics,59764.044,59764.682,MULTIQC_CUSTOM_PEAKS,27.59,ryzen_7_laptop,atacseq,8.0,16.0,ryzen_7,288.6794130000003,45.8275,2971054.08
221,-,22355,NFCORE_ATACSEQ:ATACSEQ:MERGED_LIBRARY_ATAQV_MKARV,-,NFCORE_ATACSEQ:ATACSEQ:MERGED_LIBRARY_ATAQV_MKARV,COMPLETED,0,-,quay.io/biocontainers/ataqv:1.3.1--py310ha155cf9_1,2,21600000,-,6442450944,1,1785252964687,1785252964782,1785252965665,978,360,-,89.9,0.1,10473472,16678912,10473472,16683008,8943570,5110196,706,155,19521536,3391488,29,0,/home/pranay/nextflow_benchmarks/work/fc/f427a508791d3727ae91282bd507c7,-,-,AMD Ryzen 7 4800H with Radeon Graphics,59764.782,59765.665,MERGED_LIBRARY_ATAQV_MKARV,32.31,ryzen_7_laptop,atacseq,8.0,16.0,ryzen_7,158.50160400000001,1022.0833333333335,3900258.986666667
223,-,22412,NFCORE_ATACSEQ:ATACSEQ:MERGED_LIBRARY_CONSENSUS_PEAKS:SUBREAD_FEATURECOUNTS,consensus_peaks,NFCORE_ATACSEQ:ATACSEQ:MERGED_LIBRARY_CONSENSUS_PEAKS:SUBREAD_FEATURECOUNTS (consensus_peaks),COMPLETED,0,-,quay.io/biocontainers/subread:2.0.1--hed695b0_0,2,21600000,-,6442450944,1,1785252965671,1785252965766,1785252967991,2320,0,-,95.0,0.1,12247040,153886720,12247040,153890816,30481043,107949,4809,131,2744320,114688,7,1,/home/pranay/nextflow_benchmarks/work/01/53b8d31734322c483ddd6d2942a8ac,-,-,AMD Ryzen 7 4800H with Radeon Graphics,59765.766,59767.991,SUBREAD_FEATURECOUNTS,53.96,ryzen_7_laptop,atacseq,8.0,16.0,ryzen_7,257.3000327499997,1500.09,126381226.66666666
222,-,22467,NFCORE_ATACSEQ:ATACSEQ:MERGED_LIBRARY_CONSENSUS_PEAKS:HOMER_ANNOTATEPEAKS,consensus_peaks,NFCORE_ATACSEQ:ATACSEQ:MERGED_LIBRARY_CONSENSUS_PEAKS:HOMER_ANNOTATEPEAKS (consensus_peaks),COMPLETED,0,-,quay.io/biocontainers/homer:4.11--pl526hc9558a2_3,2,21600000,-,6442450944,1,1785252967995,1785252968091,1785252973412,5417,4000,-,99.5,5.5,442339328,486428672,442339328,486432768,58277059,6545150,8609,1312,0,6582272,34,7,/home/pranay/nextflow_benchmarks/work/c4/ccdc1f1f6af2769420211a01d1258b,-,-,AMD Ryzen 7 4800H with Radeon Graphics,59768.091,59773.412,HOMER_ANNOTATEPEAKS,126.68,ryzen_7_laptop,atacseq,8.0,16.0,ryzen_7,920.1115732499993,34031.8025,830876672.0
224,-,22514,NFCORE_ATACSEQ:ATACSEQ:MERGED_LIBRARY_CALL_ANNOTATE_PEAKS:PLOT_HOMER_ANNOTATEPEAKS,-,NFCORE_ATACSEQ:ATACSEQ:MERGED_LIBRARY_CALL_ANNOTATE_PEAKS:PLOT_HOMER_ANNOTATEPEAKS,COMPLETED,0,-,quay.io/biocontainers/mulled-v2-ad9dd5f398966bf899ae05f8e7c54d0fb10cdfa7:05678da05b8e5a7a5130e90a9f9a6c585b965afa-0,2,21600000,-,6442450944,1,1785252973418,1785252973512,1785252976796,3378,2000,-,246.6,1.7,136187904,2342563840,136187904,2342572032,15593849,235425,2058,100,499712,258048,19,21,/home/pranay/nextflow_benchmarks/work/eb/98885fb85339a122a834ea42cfbe59,-,-,AMD Ryzen 7 4800H with Radeon Graphics,59773.512,59776.796,PLOT_HOMER_ANNOTATEPEAKS,75.42,ryzen_7_laptop,atacseq,8.0,16.0,ryzen_7,266.65228525000026,1095.315,180694568.96
225,-,22568,NFCORE_ATACSEQ:ATACSEQ:MERGED_LIBRARY_BAM_TO_BIGWIG:UCSC_BEDGRAPHTOBIGWIG,OSMOTIC_STRESS_T0_PE_REP2,NFCORE_ATACSEQ:ATACSEQ:MERGED_LIBRARY_BAM_TO_BIGWIG:UCSC_BEDGRAPHTOBIGWIG (OSMOTIC_STRESS_T0_PE_REP2),COMPLETED,0,-,quay.io/biocontainers/ucsc-bedgraphtobigwig:445--h954228d_0,1,14400000,-,6442450944,1,1785252976802,1785252976896,1785252977488,686,0,-,88.4,0.1,10444800,25681920,10444800,25751552,4599644,532343,230,123,0,540672,1,2,/home/pranay/nextflow_benchmarks/work/00/970187a9c0e48c4292bf9520013d03,-,-,AMD Ryzen 7 4800H with Radeon Graphics,59776.896,59777.488,UCSC_BEDGRAPHTOBIGWIG,18.02,ryzen_7_laptop,atacseq,8.0,16.0,ryzen_7,94.2056942500001,942.5,23501025.28
226,-,22613,NFCORE_ATACSEQ:ATACSEQ:MERGED_LIBRARY_BAM_TO_BIGWIG:UCSC_BEDGRAPHTOBIGWIG,OSMOTIC_STRESS_T0_PE_REP1,NFCORE_ATACSEQ:ATACSEQ:MERGED_LIBRARY_BAM_TO_BIGWIG:UCSC_BEDGRAPHTOBIGWIG (OSMOTIC_STRESS_T0_PE_REP1),COMPLETED,0,-,quay.io/biocontainers/ucsc-bedgraphtobigwig:445--h954228d_0,1,14400000,-,6442450944,1,1785252977493,1785252977588,1785252978197,704,0,-,99.0,0.1,10579968,25681920,10579968,25751552,5692819,632645,245,142,0,643072,1,2,/home/pranay/nextflow_benchmarks/work/f3/63eec1fbfd0d04ec192a63848291c0,-,-,AMD Ryzen 7 4800H with Radeon Graphics,59777.588,59778.197,UCSC_BEDGRAPHTOBIGWIG,30.26,ryzen_7_laptop,atacseq,8.0,16.0,ryzen_7,86.2486425000001,940.0,23495577.6
227,-,22656,NFCORE_ATACSEQ:ATACSEQ:MERGED_LIBRARY_BAM_TO_BIGWIG:UCSC_BEDGRAPHTOBIGWIG,OSMOTIC_STRESS_T15_PE_REP1,NFCORE_ATACSEQ:ATACSEQ:MERGED_LIBRARY_BAM_TO_BIGWIG:UCSC_BEDGRAPHTOBIGWIG (OSMOTIC_STRESS_T15_PE_REP1),COMPLETED,0,-,quay.io/biocontainers/ucsc-bedgraphtobigwig:445--h954228d_0,1,14400000,-,6442450944,1,1785252978201,1785252978297,1785252979030,829,0,-,97.7,0.1,10600448,25681920,10600448,25751552,14171706,1237928,374,272,0,1249280,1,1,/home/pranay/nextflow_benchmarks/work/c0/f5d1d87cb67214fd5de63d947ce21c,-,-,AMD Ryzen 7 4800H with Radeon Graphics,59778.297,59779.03,UCSC_BEDGRAPHTOBIGWIG,,ryzen_7_laptop,atacseq,8.0,16.0,ryzen_7,140.7060932499999,1282.775,23497932.8
229,-,22700,NFCORE_ATACSEQ:ATACSEQ:MERGED_REPLICATE_CALL_ANNOTATE_PEAKS:FRIP_SCORE,OSMOTIC_STRESS_T100_SE,NFCORE_ATACSEQ:ATACSEQ:MERGED_REPLICATE_CALL_ANNOTATE_PEAKS:FRIP_SCORE (OSMOTIC_STRESS_T100_SE),COMPLETED,0,-,quay.io/biocontainers/mulled-v2-8186960447c5cb2faa697666dc1e6d919ad23f3e:3127fcae6b6bdaf8181e21a26ae61231030a9fcb-0,2,21600000,-,6442450944,1,1785252979035,1785252979130,1785252979934,899,0,-,119.0,0.1,19251200,33243136,19251200,33251328,14988601,6067427,15747,845,0,16384,158,3,/home/pranay/nextflow_benchmarks/work/76/2ab051bd79284d1122bab6d954fbfe,-,-,AMD Ryzen 7 4800H with Radeon Graphics,59779.13,59779.934,FRIP_SCORE,31.34,ryzen_7_laptop,atacseq,8.0,16.0,ryzen_7,192.9407644999999,1264.195,3567370.24
228,-,22745,NFCORE_ATACSEQ:ATACSEQ:MERGED_REPLICATE_CALL_ANNOTATE_PEAKS:HOMER_ANNOTATEPEAKS,OSMOTIC_STRESS_T100_SE,NFCORE_ATACSEQ:ATACSEQ:MERGED_REPLICATE_CALL_ANNOTATE_PEAKS:HOMER_ANNOTATEPEAKS (OSMOTIC_STRESS_T100_SE),COMPLETED,0,-,quay.io/biocontainers/homer:4.11--pl526hc9558a2_3,2,21600000,-,6442450944,1,1785252979940,1785252980034,1785252985283,5343,4000,-,99.7,5.4,439189504,483446784,439189504,483450880,58433374,6541754,8626,1309,0,6569984,34,5,/home/pranay/nextflow_benchmarks/work/80/8e81d1bf926da5434ffbc387bec050,-,-,AMD Ryzen 7 4800H with Radeon Graphics,59780.034,59785.283,HOMER_ANNOTATEPEAKS,131.05,ryzen_7_laptop,atacseq,8.0,16.0,ryzen_7,920.1115732499993,34031.8025,830876672.0
233,-,22789,NFCORE_ATACSEQ:ATACSEQ:MERGED_REPLICATE_CONSENSUS_PEAKS:MACS2_CONSENSUS,consensus_peaks,NFCORE_ATACSEQ:ATACSEQ:MERGED_REPLICATE_CONSENSUS_PEAKS:MACS2_CONSENSUS (consensus_peaks),COMPLETED,0,-,quay.io/biocontainers/mulled-v2-2f48cc59b03027e31ead6d383fe1b8057785dd24:5d182f583f4696f4c4d9f3be93052811b383341f-0,1,21600000,-,6442450944,1,1785252985287,1785252985383,1785252986989,1702,1000,-,211.4,0.0,3420160,5648384,3420160,5652480,12955138,694499,2193,2878,0,516096,1,0,/home/pranay/nextflow_benchmarks/work/95/604cdadbaea2bf8a5324a6707dd2e8,-,-,AMD Ryzen 7 4800H with Radeon Graphics,59785.383,59786.989,MACS2_CONSENSUS,31.72,ryzen_7_laptop,atacseq,8.0,16.0,ryzen_7,136.20951899999986,1204.3333333333333,115771269.12
231,-,22836,NFCORE_ATACSEQ:ATACSEQ:MERGED_REPLICATE_CALL_ANNOTATE_PEAKS:FRIP_SCORE,OSMOTIC_STRESS_T0_PE,NFCORE_ATACSEQ:ATACSEQ:MERGED_REPLICATE_CALL_ANNOTATE_PEAKS:FRIP_SCORE (OSMOTIC_STRESS_T0_PE),COMPLETED,0,-,quay.io/biocontainers/mulled-v2-8186960447c5cb2faa697666dc1e6d919ad23f3e:3127fcae6b6bdaf8181e21a26ae61231030a9fcb-0,2,21600000,-,6442450944,1,1785252986994,1785252987090,1785252988231,1237,0,-,120.4,0.1,19214336,33107968,19214336,33116160,31103794,13194115,33308,1809,0,16384,155,2,/home/pranay/nextflow_benchmarks/work/db/2893be65ac1db1c48013e53879900a,-,-,AMD Ryzen 7 4800H with Radeon Graphics,59787.09,59788.231,FRIP_SCORE,53.91,ryzen_7_laptop,atacseq,8.0,16.0,ryzen_7,257.3000327499997,1499.81,3620024.3199999994
232,-,22883,NFCORE_ATACSEQ:ATACSEQ:MERGED_REPLICATE_CALL_ANNOTATE_PEAKS:PLOT_MACS2_QC,-,NFCORE_ATACSEQ:ATACSEQ:MERGED_REPLICATE_CALL_ANNOTATE_PEAKS:PLOT_MACS2_QC,COMPLETED,0,-,quay.io/biocontainers/mulled-v2-ad9dd5f398966bf899ae05f8e7c54d0fb10cdfa7:05678da05b8e5a7a5130e90a9f9a6c585b965afa-0,2,21600000,-,6442450944,1,1785252988237,1785252988331,1785252991395,3158,2000,-,172.3,1.5,127152128,2333859840,127152128,2333863936,14491351,265501,1789,96,0,282624,14,12,/home/pranay/nextflow_benchmarks/work/bf/521c36325478faec014a993ead847f,-,-,AMD Ryzen 7 4800H with Radeon Graphics,59788.331,59791.395,PLOT_MACS2_QC,63.48,ryzen_7_laptop,atacseq,8.0,16.0,ryzen_7,306.0211139999999,1421.695,165823385.6
230,-,22927,NFCORE_ATACSEQ:ATACSEQ:MERGED_REPLICATE_CALL_ANNOTATE_PEAKS:HOMER_ANNOTATEPEAKS,OSMOTIC_STRESS_T0_PE,NFCORE_ATACSEQ:ATACSEQ:MERGED_REPLICATE_CALL_ANNOTATE_PEAKS:HOMER_ANNOTATEPEAKS (OSMOTIC_STRESS_T0_PE),COMPLETED,0,-,quay.io/biocontainers/homer:4.11--pl526hc9558a2_3,2,21600000,-,6442450944,1,1785252991400,1785252991495,1785252996774,5374,4000,-,99.5,5.4,435965952,480407552,435965952,480411648,58289867,6432520,8608,1294,0,6467584,34,9,/home/pranay/nextflow_benchmarks/work/e0/0b60ea831ec8cddf057dfd7135a9f6,-,-,AMD Ryzen 7 4800H with Radeon Graphics,59791.495,59796.774,HOMER_ANNOTATEPEAKS,108.28,ryzen_7_laptop,atacseq,8.0,16.0,ryzen_7,920.1115732499993,34031.8025,830876672.0
235,-,22974,NFCORE_ATACSEQ:ATACSEQ:MERGED_REPLICATE_MARKDUPLICATES_PICARD:BAM_STATS_SAMTOOLS:SAMTOOLS_IDXSTATS,OSMOTIC_STRESS_T100_SE,NFCORE_ATACSEQ:ATACSEQ:MERGED_REPLICATE_MARKDUPLICATES_PICARD:BAM_STATS_SAMTOOLS:SAMTOOLS_IDXSTATS (OSMOTIC_STRESS_T100_SE),COMPLETED,0,-,quay.io/biocontainers/samtools:1.17--h00cdaf9_0,1,14400000,-,6442450944,1,1785252996780,1785252996874,1785252997407,627,0,-,88.9,0.0,3452928,5648384,3452928,5652480,133955,5272,225,19,0,12288,2,0,/home/pranay/nextflow_benchmarks/work/7e/7b3c265ecd6277d0c8c5dae4b70f57,-,-,AMD Ryzen 7 4800H with Radeon Graphics,59796.874,59797.407,SAMTOOLS_IDXSTATS,24.34,ryzen_7_laptop,atacseq,8.0,16.0,ryzen_7,103.33711599999991,877.5,3173652.48
238,-,23018,NFCORE_ATACSEQ:ATACSEQ:MERGED_REPLICATE_MARKDUPLICATES_PICARD:BAM_STATS_SAMTOOLS:SAMTOOLS_IDXSTATS,OSMOTIC_STRESS_T0_PE,NFCORE_ATACSEQ:ATACSEQ:MERGED_REPLICATE_MARKDUPLICATES_PICARD:BAM_STATS_SAMTOOLS:SAMTOOLS_IDXSTATS (OSMOTIC_STRESS_T0_PE),COMPLETED,0,-,quay.io/biocontainers/samtools:1.17--h00cdaf9_0,1,14400000,-,6442450944,1,1785252997412,1785252997508,1785252998088,676,0,-,88.9,0.0,3391488,5648384,3391488,5652480,130861,5282,225,19,0,12288,2,0,/home/pranay/nextflow_benchmarks/work/e2/dd9de1b1709e74e2520cd91922c345,-,-,AMD Ryzen 7 4800H with Radeon Graphics,59797.508,59798.088,SAMTOOLS_IDXSTATS,,ryzen_7_laptop,atacseq,8.0,16.0,ryzen_7,103.33711599999991,877.5,3173652.48
239,-,23061,NFCORE_ATACSEQ:ATACSEQ:MERGED_REPLICATE_MARKDUPLICATES_PICARD:BAM_STATS_SAMTOOLS:SAMTOOLS_FLAGSTAT,OSMOTIC_STRESS_T0_PE,NFCORE_ATACSEQ:ATACSEQ:MERGED_REPLICATE_MARKDUPLICATES_PICARD:BAM_STATS_SAMTOOLS:SAMTOOLS_FLAGSTAT (OSMOTIC_STRESS_T0_PE),COMPLETED,0,-,quay.io/biocontainers/samtools:1.17--h00cdaf9_0,1,14400000,-,6442450944,1,1785252998093,1785252998188,1785252998745,652,0,-,123.8,0.1,7532544,164429824,7532544,231677952,8933139,5470,1536,19,0,12288,451,1,/home/pranay/nextflow_benchmarks/work/92/13f312113fde9b22944feb98070cd6,-,-,AMD Ryzen 7 4800H with Radeon Graphics,59798.188,59798.745,SAMTOOLS_FLAGSTAT,30.44,ryzen_7_laptop,atacseq,8.0,16.0,ryzen_7,143.49967700000002,1037.0833333333335,4032600.746666666
234,-,23106,NFCORE_ATACSEQ:ATACSEQ:MERGED_REPLICATE_MARKDUPLICATES_PICARD:BAM_STATS_SAMTOOLS:SAMTOOLS_FLAGSTAT,OSMOTIC_STRESS_T100_SE,NFCORE_ATACSEQ:ATACSEQ:MERGED_REPLICATE_MARKDUPLICATES_PICARD:BAM_STATS_SAMTOOLS:SAMTOOLS_FLAGSTAT (OSMOTIC_STRESS_T100_SE),COMPLETED,0,-,quay.io/biocontainers/samtools:1.17--h00cdaf9_0,1,14400000,-,6442450944,1,1785252998749,1785252998845,1785252999407,658,0,-,108.5,0.0,7389184,164429824,7389184,231677952,4430900,5437,829,19,0,12288,411,0,/home/pranay/nextflow_benchmarks/work/95/a8206ffdddc2eba76a18a46d39a211,-,-,AMD Ryzen 7 4800H with Radeon Graphics,59798.845,59799.407,SAMTOOLS_FLAGSTAT,33.11,ryzen_7_laptop,atacseq,8.0,16.0,ryzen_7,87.92309375000018,942.5,3069081.6
236,-,23149,NFCORE_ATACSEQ:ATACSEQ:MERGED_REPLICATE_MARKDUPLICATES_PICARD:BAM_STATS_SAMTOOLS:SAMTOOLS_STATS,OSMOTIC_STRESS_T100_SE,NFCORE_ATACSEQ:ATACSEQ:MERGED_REPLICATE_MARKDUPLICATES_PICARD:BAM_STATS_SAMTOOLS:SAMTOOLS_STATS (OSMOTIC_STRESS_T100_SE),COMPLETED,0,-,quay.io/biocontainers/samtools:1.17--h00cdaf9_0,1,14400000,-,6442450944,1,1785252999411,1785252999508,1785253000158,747,0,-,131.2,0.1,7876608,165978112,7876608,233074688,4435015,34268,830,26,0,40960,2,0,/home/pranay/nextflow_benchmarks/work/a5/11178f4536d069a71d86221d08a87a,-,-,AMD Ryzen 7 4800H with Radeon Graphics,59799.508,59800.158,SAMTOOLS_STATS,,ryzen_7_laptop,atacseq,8.0,16.0,ryzen_7,115.95061718333332,2035.0,3069081.6
237,-,23195,NFCORE_ATACSEQ:ATACSEQ:MERGED_REPLICATE_MARKDUPLICATES_PICARD:BAM_STATS_SAMTOOLS:SAMTOOLS_STATS,OSMOTIC_STRESS_T0_PE,NFCORE_ATACSEQ:ATACSEQ:MERGED_REPLICATE_MARKDUPLICATES_PICARD:BAM_STATS_SAMTOOLS:SAMTOOLS_STATS (OSMOTIC_STRESS_T0_PE),COMPLETED,0,-,quay.io/biocontainers/samtools:1.17--h00cdaf9_0,1,14400000,-,6442450944,1,1785253000162,1785253000259,1785253001006,844,0,-,130.1,0.1,8097792,165978112,8097792,233226240,8937253,68253,1537,34,0,73728,1,0,/home/pranay/nextflow_benchmarks/work/48/618053ebdc749f6143c7d352a9bae5,-,-,AMD Ryzen 7 4800H with Radeon Graphics,59800.259,59801.006,SAMTOOLS_STATS,,ryzen_7_laptop,atacseq,8.0,16.0,ryzen_7,172.5373484333334,2131.8749999999995,4216050.346666667
240,-,23240,NFCORE_ATACSEQ:ATACSEQ:MERGED_LIBRARY_CONSENSUS_PEAKS:DESEQ2_QC,consensus_peaks,NFCORE_ATACSEQ:ATACSEQ:MERGED_LIBRARY_CONSENSUS_PEAKS:DESEQ2_QC (consensus_peaks),COMPLETED,0,-,quay.io/biocontainers/mulled-v2-8849acf39a43cdd6c839a369a74c0adc823e2f91:ab110436faf952a33575c64dd74615a84011450b-0,2,21600000,-,6442450944,1,1785253001011,1785253001106,1785253017630,16619,15000,-,142.7,9.0,724160512,3168722944,724160512,3168727040,71870833,248374,5666,313,112566272,331776,922,48,/home/pranay/nextflow_benchmarks/work/0c/52f331be8e14df7ea8e0acac737321,-,-,AMD Ryzen 7 4800H with Radeon Graphics,59801.106,59817.63,DESEQ2_QC,378.45,ryzen_7_laptop,atacseq,8.0,16.0,ryzen_7,1638.4118665000028,8390.4225,447623833.6
242,-,23293,NFCORE_ATACSEQ:ATACSEQ:MERGED_LIBRARY_BIGWIG_PLOT_DEEPTOOLS:DEEPTOOLS_COMPUTEMATRIX_SCALE_REGIONS,OSMOTIC_STRESS_T0_PE_REP2,NFCORE_ATACSEQ:ATACSEQ:MERGED_LIBRARY_BIGWIG_PLOT_DEEPTOOLS:DEEPTOOLS_COMPUTEMATRIX_SCALE_REGIONS (OSMOTIC_STRESS_T0_PE_REP2),COMPLETED,0,-,quay.io/biocontainers/deeptools:3.5.1--py_0,2,21600000,-,6442450944,1,1785253017640,1785253017730,1785253088192,70552,68000,-,185.5,2.2,184094720,594112512,217927680,628699136,236960751,57247191,47271,5992,0,16982016,423,257,/home/pranay/nextflow_benchmarks/work/e7/38a52d8a73c33ed05757db4391229d,-,-,AMD Ryzen 7 4800H with Radeon Graphics,59817.73,59888.192,DEEPTOOLS_COMPUTEMATRIX_SCALE_REGIONS,1944.48,ryzen_7_laptop,atacseq,8.0,16.0,ryzen_7,895.7603008333344,2812.5,7654389.76
241,-,23340,NFCORE_ATACSEQ:ATACSEQ:MERGED_LIBRARY_BIGWIG_PLOT_DEEPTOOLS:DEEPTOOLS_COMPUTEMATRIX_REFERENCE_POINT,OSMOTIC_STRESS_T0_PE_REP2,NFCORE_ATACSEQ:ATACSEQ:MERGED_LIBRARY_BIGWIG_PLOT_DEEPTOOLS:DEEPTOOLS_COMPUTEMATRIX_REFERENCE_POINT (OSMOTIC_STRESS_T0_PE_REP2),COMPLETED,0,-,quay.io/biocontainers/deeptools:3.5.1--py_0,2,21600000,-,6442450944,1,1785253088196,1785253088292,1785253147421,59225,58000,-,191.0,2.0,172924928,589164544,196849664,677249024,230787686,48916374,47107,4508,0,14307328,316,220,/home/pranay/nextflow_benchmarks/work/1d/13356b0454cfdf2de10de3b77178d7,-,-,AMD Ryzen 7 4800H with Radeon Graphics,59888.292,59947.421,DEEPTOOLS_COMPUTEMATRIX_REFERENCE_POINT,1634.3,ryzen_7_laptop,atacseq,8.0,16.0,ryzen_7,956.637348333334,2800.0,7658772.48
244,-,23394,NFCORE_ATACSEQ:ATACSEQ:MERGED_LIBRARY_BIGWIG_PLOT_DEEPTOOLS:DEEPTOOLS_COMPUTEMATRIX_REFERENCE_POINT,OSMOTIC_STRESS_T0_PE_REP1,NFCORE_ATACSEQ:ATACSEQ:MERGED_LIBRARY_BIGWIG_PLOT_DEEPTOOLS:DEEPTOOLS_COMPUTEMATRIX_REFERENCE_POINT (OSMOTIC_STRESS_T0_PE_REP1),COMPLETED,0,-,quay.io/biocontainers/deeptools:3.5.1--py_0,2,21600000,-,6442450944,1,1785253147427,1785253147521,1785253209325,61898,61000,-,187.8,2.1,177410048,588587008,198463488,619319296,230657176,49775989,47076,4960,0,15167488,321,190,/home/pranay/nextflow_benchmarks/work/2a/821aeb9bab01a907ed1a17ae0b988d,-,-,AMD Ryzen 7 4800H with Radeon Graphics,59947.521,60009.325,DEEPTOOLS_COMPUTEMATRIX_REFERENCE_POINT,1662.3,ryzen_7_laptop,atacseq,8.0,16.0,ryzen_7,956.637348333334,2800.0,7658772.48
243,-,23466,NFCORE_ATACSEQ:ATACSEQ:MERGED_LIBRARY_BIGWIG_PLOT_DEEPTOOLS:DEEPTOOLS_COMPUTEMATRIX_SCALE_REGIONS,OSMOTIC_STRESS_T0_PE_REP1,NFCORE_ATACSEQ:ATACSEQ:MERGED_LIBRARY_BIGWIG_PLOT_DEEPTOOLS:DEEPTOOLS_COMPUTEMATRIX_SCALE_REGIONS (OSMOTIC_STRESS_T0_PE_REP1),COMPLETED,0,-,quay.io/biocontainers/deeptools:3.5.1--py_0,2,21600000,-,6442450944,1,1785253209331,1785253209425,1785253278858,69527,68000,-,191.3,2.2,183537664,594378752,216768512,689799168,236899474,58297591,47258,6369,0,18030592,383,266,/home/pranay/nextflow_benchmarks/work/b9/1a31f90cc4cba605d73f3a5206d78b,-,-,AMD Ryzen 7 4800H with Radeon Graphics,60009.425,60078.858,DEEPTOOLS_COMPUTEMATRIX_SCALE_REGIONS,1929.65,ryzen_7_laptop,atacseq,8.0,16.0,ryzen_7,889.8028383333345,2812.5,7654389.76
246,-,23523,NFCORE_ATACSEQ:ATACSEQ:MERGED_LIBRARY_BIGWIG_PLOT_DEEPTOOLS:DEEPTOOLS_COMPUTEMATRIX_SCALE_REGIONS,OSMOTIC_STRESS_T15_PE_REP1,NFCORE_ATACSEQ:ATACSEQ:MERGED_LIBRARY_BIGWIG_PLOT_DEEPTOOLS:DEEPTOOLS_COMPUTEMATRIX_SCALE_REGIONS (OSMOTIC_STRESS_T15_PE_REP1),COMPLETED,0,-,quay.io/biocontainers/deeptools:3.5.1--py_0,2,21600000,-,6442450944,1,1785253278865,1785253278958,1785253349018,70153,68000,-,189.6,2.4,184487936,593629184,213159936,631054336,233484895,66061379,46421,7159,0,25796608,446,247,/home/pranay/nextflow_benchmarks/work/01/0d73cb68740ae210ebc766f4a11213,-,-,AMD Ryzen 7 4800H with Radeon Graphics,60078.958,60149.018,DEEPTOOLS_COMPUTEMATRIX_SCALE_REGIONS,1955.59,ryzen_7_laptop,atacseq,8.0,16.0,ryzen_7,938.0049438333341,2780.0,7648880.64
245,-,23575,NFCORE_ATACSEQ:ATACSEQ:MERGED_LIBRARY_BIGWIG_PLOT_DEEPTOOLS:DEEPTOOLS_COMPUTEMATRIX_REFERENCE_POINT,OSMOTIC_STRESS_T15_PE_REP1,NFCORE_ATACSEQ:ATACSEQ:MERGED_LIBRARY_BIGWIG_PLOT_DEEPTOOLS:DEEPTOOLS_COMPUTEMATRIX_REFERENCE_POINT (OSMOTIC_STRESS_T15_PE_REP1),COMPLETED,0,-,quay.io/biocontainers/deeptools:3.5.1--py_0,2,21600000,-,6442450944,1,1785253349024,1785253349118,1785253410161,61137,59000,-,190.0,2.0,173297664,590221312,202178560,623448064,226835912,56334498,46144,7052,266240,21725184,344,221,/home/pranay/nextflow_benchmarks/work/54/4d0089fec49dd4099ef54bf00ccca6,-,-,AMD Ryzen 7 4800H with Radeon Graphics,60149.118,60210.161,DEEPTOOLS_COMPUTEMATRIX_REFERENCE_POINT,1695.45,ryzen_7_laptop,atacseq,8.0,16.0,ryzen_7,950.4664498333342,2885.0,7659427.84
247,-,23626,NFCORE_ATACSEQ:ATACSEQ:MERGED_REPLICATE_CALL_ANNOTATE_PEAKS:MULTIQC_CUSTOM_PEAKS,OSMOTIC_STRESS_T100_SE,NFCORE_ATACSEQ:ATACSEQ:MERGED_REPLICATE_CALL_ANNOTATE_PEAKS:MULTIQC_CUSTOM_PEAKS (OSMOTIC_STRESS_T100_SE),COMPLETED,0,-,quay.io/nf-core/ubuntu:20.04,1,14400000,-,6442450944,1,1785253410169,1785253410261,1785253410901,732,20,-,123.1,0.0,3145728,4087808,3145728,4096000,335927,113675,330,24,0,16384,5,0,/home/pranay/nextflow_benchmarks/work/29/84ee2382791afbcda2778949166796,-,-,AMD Ryzen 7 4800H with Radeon Graphics,60210.261,60210.901,MULTIQC_CUSTOM_PEAKS,,ryzen_7_laptop,atacseq,8.0,16.0,ryzen_7,288.6794130000003,53.485,2988298.24
249,-,23676,NFCORE_ATACSEQ:ATACSEQ:MERGED_REPLICATE_CONSENSUS_PEAKS:SUBREAD_FEATURECOUNTS,consensus_peaks,NFCORE_ATACSEQ:ATACSEQ:MERGED_REPLICATE_CONSENSUS_PEAKS:SUBREAD_FEATURECOUNTS (consensus_peaks),COMPLETED,0,-,quay.io/biocontainers/subread:2.0.1--hed695b0_0,2,21600000,-,6442450944,1,1785253410910,1785253411001,1785253412839,1929,0,-,96.4,0.1,11415552,220938240,11415552,288051200,13577882,70958,2163,108,0,77824,2,0,/home/pranay/nextflow_benchmarks/work/39/e704b18e928094196b519700d334af,-,-,AMD Ryzen 7 4800H with Radeon Graphics,60211.001,60212.839,SUBREAD_FEATURECOUNTS,26.88,ryzen_7_laptop,atacseq,8.0,16.0,ryzen_7,155.56269074999997,978.1878571428571,126349032.10666665
248,-,23725,NFCORE_ATACSEQ:ATACSEQ:MERGED_REPLICATE_CONSENSUS_PEAKS:HOMER_ANNOTATEPEAKS,consensus_peaks,NFCORE_ATACSEQ:ATACSEQ:MERGED_REPLICATE_CONSENSUS_PEAKS:HOMER_ANNOTATEPEAKS (consensus_peaks),COMPLETED,0,-,quay.io/biocontainers/homer:4.11--pl526hc9558a2_3,2,21600000,-,6442450944,1,1785253412847,1785253412939,1785253418320,5473,4000,-,99.5,4.7,379449344,461496320,379449344,461500416,58042895,6324623,8572,1276,0,6356992,34,5,/home/pranay/nextflow_benchmarks/work/22/3c601cf596dd7cfb1b983a491983c9,-,-,AMD Ryzen 7 4800H with Radeon Graphics,60212.939,60218.32,HOMER_ANNOTATEPEAKS,126.5,ryzen_7_laptop,atacseq,8.0,16.0,ryzen_7,920.1115732499993,34031.8025,830876672.0
250,-,23772,NFCORE_ATACSEQ:ATACSEQ:MERGED_REPLICATE_CALL_ANNOTATE_PEAKS:MULTIQC_CUSTOM_PEAKS,OSMOTIC_STRESS_T0_PE,NFCORE_ATACSEQ:ATACSEQ:MERGED_REPLICATE_CALL_ANNOTATE_PEAKS:MULTIQC_CUSTOM_PEAKS (OSMOTIC_STRESS_T0_PE),COMPLETED,0,-,quay.io/nf-core/ubuntu:20.04,1,14400000,-,6442450944,1,1785253418330,1785253418420,1785253419073,743,16,-,71.1,0.0,2994176,4087808,2994176,4096000,303997,97715,329,24,0,16384,5,0,/home/pranay/nextflow_benchmarks/work/72/04c3b9b35c61db4162205da3f38918,-,-,AMD Ryzen 7 4800H with Radeon Graphics,60218.42,60219.073,MULTIQC_CUSTOM_PEAKS,25.38,ryzen_7_laptop,atacseq,8.0,16.0,ryzen_7,288.6794130000003,80.28,2984079.36
251,-,23821,NFCORE_ATACSEQ:ATACSEQ:MERGED_REPLICATE_CALL_ANNOTATE_PEAKS:PLOT_HOMER_ANNOTATEPEAKS,-,NFCORE_ATACSEQ:ATACSEQ:MERGED_REPLICATE_CALL_ANNOTATE_PEAKS:PLOT_HOMER_ANNOTATEPEAKS,COMPLETED,0,-,quay.io/biocontainers/mulled-v2-ad9dd5f398966bf899ae05f8e7c54d0fb10cdfa7:05678da05b8e5a7a5130e90a9f9a6c585b965afa-0,2,21600000,-,6442450944,1,1785253419079,1785253419173,1785253422226,3147,1000,-,179.5,1.6,127836160,2334154752,127836160,2334158848,14754827,93748,1870,65,0,118784,13,29,/home/pranay/nextflow_benchmarks/work/fa/4403e6937932999e2a9335b6828f06,-,-,AMD Ryzen 7 4800H with Radeon Graphics,60219.173,60222.226,PLOT_HOMER_ANNOTATEPEAKS,75.35,ryzen_7_laptop,atacseq,8.0,16.0,ryzen_7,221.20709075000002,1264.195,180691619.84
252,-,23866,NFCORE_ATACSEQ:ATACSEQ:MERGED_REPLICATE_BAM_TO_BIGWIG:BEDTOOLS_GENOMECOV,OSMOTIC_STRESS_T0_PE,NFCORE_ATACSEQ:ATACSEQ:MERGED_REPLICATE_BAM_TO_BIGWIG:BEDTOOLS_GENOMECOV (OSMOTIC_STRESS_T0_PE),COMPLETED,0,-,quay.io/biocontainers/bedtools:2.30.0--hc088bd4_0,2,21600000,-,6442450944,1,1785253422232,1785253422327,1785253424617,2385,1000,-,98.5,0.1,14446592,34447360,14446592,34447360,12333217,6876329,1917,137961,0,6893568,3,0,/home/pranay/nextflow_benchmarks/work/56/52bd0a97cc7633647c01371eb2a732,-,-,AMD Ryzen 7 4800H with Radeon Graphics,60222.327,60224.617,BEDTOOLS_GENOMECOV,53.38,ryzen_7_laptop,atacseq,8.0,16.0,ryzen_7,2874.918053241665,23601.086666666666,2276745021.44
253,-,23910,NFCORE_ATACSEQ:ATACSEQ:MERGED_REPLICATE_BAM_TO_BIGWIG:BEDTOOLS_GENOMECOV,OSMOTIC_STRESS_T100_SE,NFCORE_ATACSEQ:ATACSEQ:MERGED_REPLICATE_BAM_TO_BIGWIG:BEDTOOLS_GENOMECOV (OSMOTIC_STRESS_T100_SE),COMPLETED,0,-,quay.io/biocontainers/bedtools:2.30.0--hc088bd4_0,2,21600000,-,6442450944,1,1785253424622,1785253424717,1785253426817,2195,1000,-,98.7,0.1,14393344,34447360,14393344,34447360,7940750,7095900,1224,143299,0,7114752,3,2,/home/pranay/nextflow_benchmarks/work/9d/bbb870c87a3edef9c55c2554e5b69e,-,-,AMD Ryzen 7 4800H with Radeon Graphics,60224.717,60226.817,BEDTOOLS_GENOMECOV,43.900000000000006,ryzen_7_laptop,atacseq,8.0,16.0,ryzen_7,2846.2751149916667,23605.0,2276745021.44
254,-,23955,NFCORE_ATACSEQ:ATACSEQ:MERGED_LIBRARY_BIGWIG_PLOT_DEEPTOOLS:DEEPTOOLS_PLOTPROFILE,OSMOTIC_STRESS_T0_PE_REP2,NFCORE_ATACSEQ:ATACSEQ:MERGED_LIBRARY_BIGWIG_PLOT_DEEPTOOLS:DEEPTOOLS_PLOTPROFILE (OSMOTIC_STRESS_T0_PE_REP2),COMPLETED,0,-,quay.io/biocontainers/deeptools:3.5.1--py_0,2,14400000,-,6442450944,1,1785253426825,1785253426918,1785253430225,3400,1000,-,99.0,1.3,109211648,177999872,109211648,178003968,22729578,406290,3360,42,0,417792,4,5,/home/pranay/nextflow_benchmarks/work/71/3ce9a2f3904cba3eaba3e33a897a5d,-,-,AMD Ryzen 7 4800H with Radeon Graphics,60226.918,60230.225,DEEPTOOLS_PLOTPROFILE,75.17999999999999,ryzen_7_laptop,atacseq,8.0,16.0,ryzen_7,1138.6325637499979,7288.92,834539008.0
255,-,23998,NFCORE_ATACSEQ:ATACSEQ:MERGED_LIBRARY_BIGWIG_PLOT_DEEPTOOLS:DEEPTOOLS_PLOTHEATMAP,OSMOTIC_STRESS_T0_PE_REP2,NFCORE_ATACSEQ:ATACSEQ:MERGED_LIBRARY_BIGWIG_PLOT_DEEPTOOLS:DEEPTOOLS_PLOTHEATMAP (OSMOTIC_STRESS_T0_PE_REP2),COMPLETED,0,-,quay.io/biocontainers/deeptools:3.5.1--py_0,2,14400000,-,6442450944,1,1785253430232,1785253430325,1785253437930,7698,6000,-,100.1,3.0,247308288,449060864,280715264,482787328,26482867,2082199,4266,88,0,2093056,4,25,/home/pranay/nextflow_benchmarks/work/2b/5be6c50cafc4e1ab0c9b81de277da5,-,-,AMD Ryzen 7 4800H with Radeon Graphics,60230.325,60237.93,DEEPTOOLS_PLOTHEATMAP,150.92999999999998,ryzen_7_laptop,atacseq,8.0,16.0,ryzen_7,5907.557312749996,41027.5,1519514132.48
256,-,24042,NFCORE_ATACSEQ:ATACSEQ:MERGED_LIBRARY_BIGWIG_PLOT_DEEPTOOLS:DEEPTOOLS_PLOTHEATMAP,OSMOTIC_STRESS_T0_PE_REP1,NFCORE_ATACSEQ:ATACSEQ:MERGED_LIBRARY_BIGWIG_PLOT_DEEPTOOLS:DEEPTOOLS_PLOTHEATMAP (OSMOTIC_STRESS_T0_PE_REP1),COMPLETED,0,-,quay.io/biocontainers/deeptools:3.5.1--py_0,2,14400000,-,6442450944,1,1785253437936,1785253438030,1785253445567,7631,6000,-,99.9,3.0,247607296,449191936,281014272,482938880,26458465,2259890,4252,92,0,2273280,4,31,/home/pranay/nextflow_benchmarks/work/b2/4a4057d77de274291f5a24182f45b0,-,-,AMD Ryzen 7 4800H with Radeon Graphics,60238.03,60245.567,DEEPTOOLS_PLOTHEATMAP,163.23,ryzen_7_laptop,atacseq,8.0,16.0,ryzen_7,5907.557312749996,41027.5,1519514132.48
257,-,24084,NFCORE_ATACSEQ:ATACSEQ:MERGED_LIBRARY_BIGWIG_PLOT_DEEPTOOLS:DEEPTOOLS_PLOTPROFILE,OSMOTIC_STRESS_T0_PE_REP1,NFCORE_ATACSEQ:ATACSEQ:MERGED_LIBRARY_BIGWIG_PLOT_DEEPTOOLS:DEEPTOOLS_PLOTPROFILE (OSMOTIC_STRESS_T0_PE_REP1),COMPLETED,0,-,quay.io/biocontainers/deeptools:3.5.1--py_0,2,14400000,-,6442450944,1,1785253445573,1785253445667,1785253449029,3456,2000,-,99.7,1.4,111796224,180064256,111796224,180068352,22803765,406197,3370,42,0,417792,4,7,/home/pranay/nextflow_benchmarks/work/f9/e796b18e8eb79ea4da508a89ab3cb8,-,-,AMD Ryzen 7 4800H with Radeon Graphics,60245.667,60249.029,DEEPTOOLS_PLOTPROFILE,68.21000000000001,ryzen_7_laptop,atacseq,8.0,16.0,ryzen_7,1138.6325637499979,7288.92,834539008.0
258,-,24126,NFCORE_ATACSEQ:ATACSEQ:MERGED_LIBRARY_BIGWIG_PLOT_DEEPTOOLS:DEEPTOOLS_PLOTPROFILE,OSMOTIC_STRESS_T15_PE_REP1,NFCORE_ATACSEQ:ATACSEQ:MERGED_LIBRARY_BIGWIG_PLOT_DEEPTOOLS:DEEPTOOLS_PLOTPROFILE (OSMOTIC_STRESS_T15_PE_REP1),COMPLETED,0,-,quay.io/biocontainers/deeptools:3.5.1--py_0,2,14400000,-,6442450944,1,1785253449036,1785253449130,1785253452419,3383,2000,-,99.6,1.3,110817280,179601408,110817280,179605504,24179225,405497,3687,42,0,417792,4,10,/home/pranay/nextflow_benchmarks/work/13/3f5a094becb3a3bf36f3eeedc59f2b,-,-,AMD Ryzen 7 4800H with Radeon Graphics,60249.13,60252.419,DEEPTOOLS_PLOTPROFILE,70.85,ryzen_7_laptop,atacseq,8.0,16.0,ryzen_7,1142.0831882499979,7288.92,834539008.0
259,-,24170,NFCORE_ATACSEQ:ATACSEQ:MERGED_LIBRARY_BIGWIG_PLOT_DEEPTOOLS:DEEPTOOLS_PLOTHEATMAP,OSMOTIC_STRESS_T15_PE_REP1,NFCORE_ATACSEQ:ATACSEQ:MERGED_LIBRARY_BIGWIG_PLOT_DEEPTOOLS:DEEPTOOLS_PLOTHEATMAP (OSMOTIC_STRESS_T15_PE_REP1),COMPLETED,0,-,quay.io/biocontainers/deeptools:3.5.1--py_0,2,14400000,-,6442450944,1,1785253452424,1785253452520,1785253460617,8193,7000,-,100.0,1.8,145297408,213794816,212746240,281300992,27432928,3278866,4473,120,0,3289088,5,37,/home/pranay/nextflow_benchmarks/work/c7/521a8f42bd137bbcf5223ec32845b3,-,-,AMD Ryzen 7 4800H with Radeon Graphics,60252.52,60260.617,DEEPTOOLS_PLOTHEATMAP,169.92,ryzen_7_laptop,atacseq,8.0,16.0,ryzen_7,5907.557312749996,41027.5,1519514132.48
260,-,24215,NFCORE_ATACSEQ:ATACSEQ:MERGED_REPLICATE_CONSENSUS_PEAKS:DESEQ2_QC,consensus_peaks,NFCORE_ATACSEQ:ATACSEQ:MERGED_REPLICATE_CONSENSUS_PEAKS:DESEQ2_QC (consensus_peaks),COMPLETED,0,-,quay.io/biocontainers/mulled-v2-8849acf39a43cdd6c839a369a74c0adc823e2f91:ab110436faf952a33575c64dd74615a84011450b-0,2,21600000,-,6442450944,1,1785253460621,1785253460717,1785253475445,14824,14000,-,119.2,8.9,717656064,2936623104,717656064,2936627200,71813842,163357,5657,293,0,233472,25,44,/home/pranay/nextflow_benchmarks/work/15/6f89388d51992c309af1b171b35a41,-,-,AMD Ryzen 7 4800H with Radeon Graphics,60260.717,60275.445,DESEQ2_QC,307.05,ryzen_7_laptop,atacseq,8.0,16.0,ryzen_7,1607.1125917500021,8390.4225,447711641.6
261,-,24264,NFCORE_ATACSEQ:ATACSEQ:MERGED_REPLICATE_BAM_TO_BIGWIG:UCSC_BEDGRAPHTOBIGWIG,OSMOTIC_STRESS_T0_PE,NFCORE_ATACSEQ:ATACSEQ:MERGED_REPLICATE_BAM_TO_BIGWIG:UCSC_BEDGRAPHTOBIGWIG (OSMOTIC_STRESS_T0_PE),COMPLETED,0,-,quay.io/biocontainers/ucsc-bedgraphtobigwig:445--h954228d_0,1,14400000,-,6442450944,1,1785253475449,1785253475545,1785253476238,789,1000,-,95.0,0.1,10223616,25485312,10280960,25751552,10374262,983269,317,216,0,991232,1,1,/home/pranay/nextflow_benchmarks/work/40/c277c4fe8f457f946b00f6bf5398e5,-,-,AMD Ryzen 7 4800H with Radeon Graphics,60275.545,60276.238,UCSC_BEDGRAPHTOBIGWIG,29.01,ryzen_7_laptop,atacseq,8.0,16.0,ryzen_7,148.05417599999998,1007.7083333333335,23496622.08
262,-,24310,NFCORE_ATACSEQ:ATACSEQ:MERGED_REPLICATE_BAM_TO_BIGWIG:UCSC_BEDGRAPHTOBIGWIG,OSMOTIC_STRESS_T100_SE,NFCORE_ATACSEQ:ATACSEQ:MERGED_REPLICATE_BAM_TO_BIGWIG:UCSC_BEDGRAPHTOBIGWIG (OSMOTIC_STRESS_T100_SE),COMPLETED,0,-,quay.io/biocontainers/ucsc-bedgraphtobigwig:445--h954228d_0,1,14400000,-,6442450944,1,1785253476242,1785253476338,1785253476995,753,0,-,94.1,0.1,10280960,25681920,10280960,25751552,10703629,1003349,323,223,0,1011712,1,1,/home/pranay/nextflow_benchmarks/work/85/841a85277da67f57ba342da2fc8145,-,-,AMD Ryzen 7 4800H with Radeon Graphics,60276.338,60276.995,UCSC_BEDGRAPHTOBIGWIG,,ryzen_7_laptop,atacseq,8.0,16.0,ryzen_7,148.4181735,1010.2083333333335,23496622.08
263,-,24355,NFCORE_ATACSEQ:ATACSEQ:IGV,-,NFCORE_ATACSEQ:ATACSEQ:IGV,COMPLETED,0,-,quay.io/biocontainers/python:3.8.3,1,14400000,-,6442450944,1,1785253477276,1785253477295,1785253479259,1983,1000,-,89.3,0.0,3096576,11583488,3096576,11587584,776417,16797,594,65,442368,49152,1,0,/home/pranay/nextflow_benchmarks/work/f0/27ff495879f2a89a1dd345118ae91f,-,-,AMD Ryzen 7 4800H with Radeon Graphics,60277.295,60279.259,IGV,55.4,ryzen_7_laptop,atacseq,8.0,16.0,ryzen_7,158.06806850000044,957.5,2967879.68
264,-,24455,NFCORE_ATACSEQ:ATACSEQ:CUSTOM_DUMPSOFTWAREVERSIONS,-,NFCORE_ATACSEQ:ATACSEQ:CUSTOM_DUMPSOFTWAREVERSIONS (1),COMPLETED,0,-,quay.io/biocontainers/multiqc:1.14--pyhdfd78af_0,1,14400000,-,6442450944,1,1785253479481,1785253479559,1785253480286,805,149,-,59.3,0.1,7774208,15331328,7774208,15331328,1023487,10312,235,16,15536128,20480,25,0,/home/pranay/nextflow_benchmarks/work/4e/fa0223eb4426d4a455e52fd1d87017,-,-,AMD Ryzen 7 4800H with Radeon Graphics,60279.559,60280.286,CUSTOM_DUMPSOFTWAREVERSIONS,32.76,ryzen_7_laptop,atacseq,8.0,16.0,ryzen_7,190.4436275000003,152.22,4806543.36
265,-,24497,NFCORE_ATACSEQ:ATACSEQ:MULTIQC,-,NFCORE_ATACSEQ:ATACSEQ:MULTIQC (1),COMPLETED,0,-,quay.io/biocontainers/multiqc:1.13--pyhdfd78af_0,2,21600000,-,6442450944,1,1785253480332,1785253480386,1785253526166,45834,43684,-,240.0,2.8,228290560,2634117120,234897408,2640977920,4290851793,27469483,1042476,3369,114388992,28942336,2083,120,/home/pranay/nextflow_benchmarks/work/09/2aefd55d88e018158f190e605e8ccd,-,-,AMD Ryzen 7 4800H with Radeon Graphics,60280.386,60326.166,MULTIQC,1206.37,ryzen_7_laptop,atacseq,8.0,16.0,ryzen_7,11240.97948445,151322.955,117441064.96
