AMDPROFILER POWER PROFILE REPORT,,,,,,,,,,
,,,,,,,,,,
AMDuProfCLI.exe Version 5.3.521.0,,,,,,,,,,
,,,,,,,,,,
LAUNCHED APPLICATION DETAILS,,,,,,,,,,
Target Path:,C:\Windows\System32\cmd.exe,,,,,,,,,
Command Line Arguments:,/c timeout 3600 ,,,,,,,,,
Working Directory:,C:\Program Files\AMD\AMDuProf\bin,,,,,,,,,
CPU Core Affinity Mask:,,,,,,,,,,
,,,,,,,,,,
PROFILE DETAILS,,,,,,,,,,
CPU Details:,Family(0x17) Model(0x60),,,,,,,,,
Sampling Interval:,1000 milli-seconds,,,,,,,,,
Profile Start Time:,Jul-28-2026_16-19-02,,,,,,,,,
,,,,,,,,,,
PROFILED COUNTERS,,,,,,,,,,
COUNTER ID,NAME,CATEGORY,UNIT,DESCRIPTION,,,,,,
48,socket0-package-power,Power,W,Socket0-Average Package Power reported in Watts.,,,,,,
50,core0-power,Power,W,Core0-Average Power reported in Watts.,,,,,,
52,core1-power,Power,W,Core1-Average Power reported in Watts.,,,,,,
54,core2-power,Power,W,Core2-Average Power reported in Watts.,,,,,,
56,core3-power,Power,W,Core3-Average Power reported in Watts.,,,,,,
58,core4-power,Power,W,Core4-Average Power reported in Watts.,,,,,,
60,core5-power,Power,W,Core5-Average Power reported in Watts.,,,,,,
62,core6-power,Power,W,Core6-Average Power reported in Watts.,,,,,,
64,core7-power,Power,W,Core7-Average Power reported in Watts.,,,,,,
,,,,,,,,,,
PROFILE RECORDS,,,,,,,,,,
RecordId,Timestamp,socket0-package-power,core0-power,core1-power,core2-power,core3-power,core4-power,core5-power,core6-power,core7-power
1,16:19:3:690,10.12,0.55,0.71,0.76,0.77,0.62,0.44,0.32,0.24
2,16:19:4:692,8.06,0.45,0.48,0.56,0.2,0.23,0.27,0.2,0.36
3,16:19:5:701,8.54,0.68,0.48,0.44,0.27,0.41,0.37,0.32,0.34
4,16:19:6:709,12.1,2.32,1.28,0.75,0.5,0.52,0.52,0.39,0.31
5,16:19:7:712,13.5,1.16,1.06,1.19,0.73,0.53,1.27,0.82,0.78
6,16:19:8:714,35.78,3.21,4.28,3.89,3.81,4.06,5.54,3.2,3.89
7,16:19:9:716,38.78,3.72,4.33,4.69,3.94,4.67,5.17,3.82,4.76
8,16:19:10:721,37.9,4.76,4.38,4.7,4.89,4.67,4.48,3.81,4.27
9,16:19:11:721,28.78,4,3.58,3.5,4.24,2.89,3.54,2.23,1.69
10,16:19:12:728,40.38,4.6,4.57,4.37,5.05,4.73,4.78,4.75,4.83
11,16:19:13:732,35.57,3.9,4.14,3.43,4.46,3.95,3.89,3.46,4.22
12,16:19:14:740,30.44,3.42,3.47,3.25,4,2.68,3.64,2.5,2.72
13,16:19:15:747,30.04,3.2,3.38,2.92,3.85,3.86,3,2.99,2.54
14,16:19:16:755,28.36,3.41,3.54,2.96,2.76,2.84,3.04,2.55,2.68
15,16:19:17:759,20.62,2.67,0.94,0.93,1.06,3.05,2.06,1.54,1.17
16,16:19:18:765,33.17,3.36,2.09,4.28,3.07,4.45,4.4,4.53,2.72
17,16:19:19:773,32.84,3.48,3.45,3.74,3.97,3.54,3.66,3.73,3.27
18,16:19:20:779,29.88,3.67,3.5,2.77,3,3.18,3.15,2.85,3.14
19,16:19:21:784,29.5,5.89,3.72,3.59,2.36,2.54,3.52,1.9,1.08
20,16:19:22:790,27.47,4.94,2.84,3.08,1.48,3.29,3,1.94,1.42
21,16:19:23:794,25.7,5.46,2.03,1.85,1.94,2.67,3.06,1.64,1.21
22,16:19:24:801,26.4,5.35,3.73,3.17,1.36,2.6,2.54,1.01,0.65
23,16:19:25:802,34.12,3.82,4.06,3.46,3.46,3.82,4.47,2.97,3.91
24,16:19:26:810,29.75,4.08,3.08,2.78,3.32,3.37,3.26,3.11,2.41
25,16:19:27:816,30.17,3,4.65,3.15,3.54,3.56,2.62,2.45,2.58
26,16:19:28:816,19.52,1.67,2.7,1.73,1.73,2.42,1.63,0.7,0.64
27,16:19:29:825,31.95,3.22,3.91,3.18,3.41,3.92,3.15,3.03,3.28
28,16:19:30:826,33.27,3.21,4.32,4.02,3.66,3.25,3.26,3.27,4.01
30,16:19:32:838,29.4,2.89,3.94,3.42,2.66,3.2,2.58,3.22,2.66
31,16:19:33:846,23.87,1.92,2.59,1.99,1.7,1.76,2.92,3.11,1.2
32,16:19:34:850,18.5,0.73,1.61,2.08,0.38,1.34,1.06,2.75,0.8
33,16:19:35:856,19.62,1.03,0.61,2.34,2.09,0.77,2.21,1.43,0.85
34,16:19:36:862,17.56,1.9,1.72,1.93,0.84,0.87,1.97,0.8,0.35
35,16:19:37:869,14.82,0.95,0.4,1.49,0.79,0.95,1.8,1.01,0.7
36,16:19:38:877,9.88,0.32,0.29,1.48,0.22,0.6,0.33,0.23,0.18
37,16:19:39:886,28.85,4.28,3.96,3.23,3.69,2.23,2.65,0.24,2.03
38,16:19:40:893,20.34,1.4,3.65,2.07,2.71,1.94,0.87,2.09,0.75
39,16:19:41:902,29.16,3.19,3.47,3.11,3.28,3.42,3.16,0.8,2.99
40,16:19:42:906,22.44,1.57,3.31,2.54,2.62,1.93,1.57,2.96,1.74
41,16:19:43:914,25.94,2.97,3.16,2.2,3.07,2.21,2.61,1.23,1.64
42,16:19:44:918,21.92,1.84,3,2.67,1.51,1.49,1.66,2.1,1.87
43,16:19:45:918,27.68,3.22,3.47,3.39,2.09,3.38,2.37,1.5,2.06
44,16:19:46:921,24.69,3.9,3.3,1.53,2.98,1.11,2.27,2.83,1.94
45,16:19:47:926,23.42,3.84,1.57,3.15,1.82,1.36,3.62,2.89,1.1
46,16:19:48:928,23.11,1.67,3.71,1.15,0.59,0.87,2.7,1.19,3.8
47,16:19:49:935,27.52,2.32,3.16,2.57,1.84,1.68,2.17,3.01,4.79
48,16:19:50:944,26.41,2.09,2.17,2.4,2.21,2.65,3.2,5.28,2.61
49,16:19:51:950,24.62,3.08,2.99,2.43,1.78,2.07,1.99,4.57,3.26
50,16:19:52:959,24.96,1.94,3.08,1.6,1.84,2.31,2.04,1.41,4.29
51,16:19:53:966,15.53,1.35,1.15,1.42,1.74,1.16,1.06,2.4,1.56
52,16:19:54:973,19.08,1.61,1.95,1.87,1.63,1.55,1.26,0.85,1.43
53,16:19:55:975,27,2.52,2.53,2.78,4.19,2.39,3.06,2.42,2.43
54,16:19:56:983,30.89,3.68,3.59,3.44,4.85,2.38,2.99,2.11,2.92
55,16:19:57:986,20.66,1.74,2.51,1.87,1.79,1.97,2.13,2.61,1.52
56,16:19:58:990,29.43,2.71,4.33,3.02,3.18,2.95,3.03,1.49,2.62
57,16:19:59:997,31.08,4.54,4.68,4.12,3.32,2.59,3.18,3.61,2.61
58,16:20:0:997,31.89,3.32,5.34,4.28,3.11,3.47,3.39,2.76,2.32
59,16:20:2:004,26.73,3.9,3.69,3.22,2.71,2.49,2.21,3.48,2.15
60,16:20:3:009,16.26,1.34,2.24,1.99,1.62,1.2,0.89,1.86,0.78
61,16:20:4:009,32.12,3.47,4.02,3.67,4.04,3.84,3.85,1.31,2.45
62,16:20:5:017,28.43,2.57,4.32,2.61,2.2,3.21,4.02,3.46,2.97
63,16:20:6:022,28.89,3.43,2.92,1.83,2.53,3.61,3.18,2.69,3.42
64,16:20:7:027,12.51,2.09,1.61,0.81,0.39,0.62,0.37,3.2,0.43
65,16:20:8:028,29.56,2.95,4,3.37,3.67,2.67,2.99,0.29,2.36
66,16:20:9:032,26.63,2.72,4.6,4.12,2.38,2.39,4.62,2.93,1.56
67,16:20:10:039,22.93,2.46,1.62,3.71,2.12,3.53,2.22,2.07,3.16
68,16:20:11:041,21.26,2.34,2.65,1.78,4.98,1.69,1.34,1.12,1.55
69,16:20:12:045,34.15,4.23,5.15,4.51,5.31,4.15,3.89,1.05,3.1
70,16:20:13:052,15.08,1.09,1.74,0.63,1.03,1.16,0.85,3.48,0.88
71,16:20:14:053,30.94,3.58,5.07,2.97,3.52,3.22,3.42,1.45,3.94
72,16:20:15:059,35.77,3.82,3.7,3.41,5.1,4.61,5.54,2.87,3.84
73,16:20:16:068,38.88,4.24,4.68,5.17,5.11,4.75,4.52,3.35,4.13
74,16:20:17:077,38.44,4.55,4.96,4.76,5.1,4.46,4.47,4.5,3.97
75,16:20:18:077,22.81,1.67,4.33,3.53,3.9,0.91,0.91,3.86,0.99
76,16:20:19:079,30.31,2.9,3.94,3.59,3.61,3.54,2.98,0.73,2.49
77,16:20:20:086,27.74,2.44,4.63,2.74,2.73,3.65,2.26,2.76,1.92
78,16:20:21:087,28.63,3.18,4.24,3.49,3.18,3.23,2.57,2.03,2.43
79,16:20:22:095,14.59,2.93,1.84,0.51,0.71,0.62,0.37,1.88,1.02
80,16:20:23:096,23.9,2.26,3.01,2.56,2.57,2.18,2.36,0.53,1.81
81,16:20:24:103,27.44,1.35,3.98,3.02,2.52,2.35,2.98,2.12,1.95
82,16:20:25:112,22.95,2.21,3.65,2.33,4.74,1.24,0.62,5.24,0.99
83,16:20:26:119,26.08,1.99,2.62,2.27,1.92,2.73,2.98,1.62,4.63
84,16:20:27:118,29.85,3.71,3.57,3.35,2.29,3.17,3.34,1.71,3.52
85,16:20:28:128,30.19,3.58,3.82,3.33,3.17,2.56,2.81,2.24,2.61
86,16:20:29:133,28.12,4.4,4.7,2.45,3.55,2.49,2.36,3.37,1.7
87,16:20:30:135,23.13,4.06,2.62,0.81,1.91,1.04,2.87,2.21,2.75
88,16:20:31:136,23.1,1.11,3.45,2.24,2.33,1.72,3.2,1.6,1.96
89,16:20:32:141,26.78,3.64,2.61,2.21,1.28,3.29,3.94,1.61,3.02
90,16:20:33:146,27.36,2.92,2.74,1.82,3.44,3.09,1.77,3.11,2.21
91,16:20:34:154,19.19,1.81,2.1,2.43,1.42,1.02,1.75,5.91,1.61
92,16:20:35:161,24.72,3.91,2.19,2.11,3.65,1.8,2.49,2.04,1.97
93,16:20:36:164,26.41,4.13,2.37,2.21,2.9,3.29,2.56,0.91,2.51
94,16:20:37:173,22.84,2.5,3.66,1.86,2.7,2.48,1.98,1.62,1.57
95,16:20:38:179,27.51,3.09,3.22,3.12,5.66,1.6,2.03,1.72,2.29
96,16:20:39:186,28.65,2.6,3.07,2.7,4.1,2.65,3.02,1.87,2.04
97,16:20:40:190,32.72,4.03,4.19,3.86,4.09,3.51,3.89,3.16,2.56
98,16:20:41:196,30.4,3.22,3.34,3.26,5.04,3.29,3.79,2.56,1.97
99,16:20:42:201,34.08,4.17,4.87,3.48,5.29,3.25,3.87,2.24,2.68
100,16:20:43:208,16.12,2.07,1.71,0.95,1.24,1.3,0.98,2.98,1.07
101,16:20:44:209,30.28,3.37,2.81,4,3.4,3.52,1.98,0.65,4.17
102,16:20:45:210,25.55,4.18,1.59,3.79,4.18,3.06,0.93,2.61,1.36
103,16:20:46:211,25.13,3.41,1.71,2.28,3.78,2.03,1.77,2.02,3.38
104,16:20:47:220,27.33,2.85,3.23,2.55,5.05,2.34,2.46,1.56,2.14
105,16:20:48:223,26.3,3,2.54,1.75,1.9,3.07,4.3,2.06,2.24
106,16:20:49:231,29.97,3.65,4.15,3.43,3.48,2.6,2.98,2.5,2.46
107,16:20:50:236,25.85,1.71,3.81,2.85,4.07,2.54,3.84,2.87,1.18
108,16:20:51:239,25.47,2.52,1.43,1.83,1.77,5.17,3.05,1.14,2.72
109,16:20:52:240,26.8,2.12,3.4,2.33,2.18,2.63,2.45,1.56,4.78
110,16:20:53:246,29.14,3.22,3.81,2.14,2.65,3.51,2.36,2.1,4.43
111,16:20:54:248,31.28,3.35,3.88,2.79,2.8,3.84,2.9,2.21,3.63
112,16:20:55:248,28.02,2.42,4.32,2.42,5.2,2.6,3.1,3.42,1.14
113,16:20:56:252,26.71,3.48,3.91,2.78,4.13,1.92,2.38,1.94,1.63
114,16:20:57:254,10.81,0.38,1.19,1.81,0.38,0.45,0.49,1.34,0.4
115,16:20:58:258,29.11,2.98,4.57,3.64,3.23,3.22,2.15,0.25,2.28
116,16:20:59:261,26.16,1.54,1.41,3.2,4.57,3.11,1.14,2.17,3.02
117,16:21:0:262,22.53,1.71,1.57,1.05,3.31,3.36,2.97,3.23,1.27
118,16:21:1:268,22.68,2.03,1.06,1.3,6.48,3.13,0.75,2.1,1.23
119,16:21:2:270,25.57,3.07,3.32,4.92,3.51,2.75,1.75,1.54,0.59
120,16:21:3:272,27.09,2.27,3.78,4.52,3.81,3.39,2.27,1.38,1.74
122,16:21:5:278,28.7,2.47,2.6,2.12,1.67,3.4,2.9,2.59,3.4
123,16:21:6:286,26.72,2.39,3.14,3.53,2.4,4.29,2.76,3.35,2.77
124,16:21:7:294,27.11,2.51,5.45,2.94,2.63,3.1,2.14,2.3,1.78
125,16:21:8:300,26.14,3.19,3.29,3.01,1.99,2.44,3.43,2,1.63
126,16:21:9:301,35.95,4.59,4.39,2.86,4.49,2.39,3.87,2.35,3.42
127,16:21:10:302,31.01,2.72,3.89,3.99,3.82,3.46,2.72,3.76,3.2
128,16:21:11:304,33.02,4.09,2.96,3.37,3.9,3.55,3.76,3.56,3.17
129,16:21:12:310,30.13,2.85,3,3.27,2.78,4.68,3.33,3.71,3.7
130,16:21:13:310,11.95,0.64,1.32,3.65,0.51,3.82,0.39,2.96,0.48
131,16:21:14:316,26.86,2.64,2.8,1.59,3.65,0.76,2.76,0.33,1.68
132,16:21:15:324,27.27,3.2,3.41,3.52,3.18,2.43,1.94,1.92,2.62
133,16:21:16:323,30.69,3.54,2.79,2.25,5.32,3.21,3.24,1.71,2.83
134,16:21:17:329,33.18,2.56,4.57,2.58,5.03,2.17,3.82,4.01,2.56
135,16:21:18:329,13.37,0.71,1.26,3.52,0.58,3.73,1.22,3.55,0.45
136,16:21:19:337,9.63,0.46,0.63,1.09,0.42,1.02,0.43,1.25,0.35
137,16:21:20:341,28.07,2.66,4.04,0.86,2.83,0.35,2.24,0.42,2.41
138,16:21:21:346,25.45,2.87,3.03,3.25,3.35,3.51,3.95,1.78,1.81
139,16:21:22:352,24.1,2.29,4.64,2.93,1.59,2.2,2.13,0.92,1.67
140,16:21:23:356,23.12,1.76,1.15,1.4,4.57,4.37,2.8,0.96,1.47
141,16:21:24:360,24.27,2.57,1.98,1.65,2.14,2.15,1.39,2.76,2.45
142,16:21:25:361,27.24,2.26,3.64,3.29,4.27,4.67,3.26,0.7,2.45
143,16:21:26:368,17.55,1.11,0.73,2.87,2.94,1.77,1.62,3.23,1.68
144,16:21:27:374,25.94,2.67,2.97,0.85,4.32,1.13,2.1,2.47,1.63
145,16:21:28:375,30.33,2.87,2.89,3.03,2.74,2.76,4.21,1.69,2.74
146,16:21:29:382,19.22,1.68,2.6,3.53,1.4,2.66,1.57,4.37,1.56
147,16:21:30:390,26.32,2.3,5.21,1.68,2.26,1.45,2.29,2.33,2.14
148,16:21:31:395,27.88,3.02,3.86,2.39,2.29,2.28,2.75,2.34,1.88
149,16:21:32:403,31.76,3.3,4.25,1.77,3.7,3.94,3,2.84,2.67
150,16:21:33:411,29.08,3.35,4.5,3.95,3.35,3.34,2.06,2.86,3.02
151,16:21:34:415,25.83,1.76,3.23,3.18,1.34,2.9,3.84,2.11,1.07
152,16:21:35:424,22.7,1.09,1.7,4.27,0.5,2.54,0.5,2.18,2.58
153,16:21:36:426,25.44,2.78,2.95,0.85,3.62,3.78,1.39,5.4,2.68
154,16:21:37:429,26.68,1.54,4.14,2.14,3.04,2.45,4.03,1.74,1.3
155,16:21:38:432,11.13,1.55,0.89,5.38,0.33,1.54,0.51,1.68,0.52
156,16:21:39:436,8.6,0.45,0.48,0.66,0.32,0.61,0.25,0.35,0.27
157,16:21:40:442,11.02,0.71,0.63,0.46,0.54,0.61,0.3,0.26,0.56
158,16:21:41:445,11.07,0.93,0.7,1.29,0.63,0.49,0.7,0.85,0.58
159,16:21:42:447,33.34,4.28,4.38,0.58,3.42,0.6,3.54,0.72,3.45
160,16:21:43:447,28.62,3.05,2.44,3.55,4.33,3.99,2.76,2.87,2.6
161,16:21:44:454,22.07,1.71,1.47,3.26,2.36,3.56,3.93,1.77,2.19
162,16:21:45:457,14.73,1.86,1.67,1.19,0.72,1.87,0.62,1.22,1.54
163,16:21:46:457,7.7,0.37,0.59,0.96,0.31,0.77,0.2,1.94,0.18
164,16:21:47:463,10.34,0.92,0.92,0.55,0.47,0.21,0.46,0.21,0.3
165,16:21:48:471,15.61,1.77,2.1,0.76,0.83,0.48,1.04,0.24,0.98
166,16:21:49:474,25.8,2.72,3.17,1.16,3.33,1.12,2.07,1.11,1.93
167,16:21:50:482,24.06,0.89,2.54,2.56,2.76,2.49,1.94,1.9,4.46
168,16:21:51:488,22.91,1.58,2.95,2.15,1.89,2.18,4.17,1.44,1.78
169,16:21:52:494,9,0.72,0.68,1.61,0.42,1.71,0.4,1.55,0.21
170,16:21:53:495,10.26,1.07,1.08,0.66,0.2,0.32,0.53,0.33,0.29
171,16:21:54:497,20.11,1.88,2.86,0.82,2.29,0.66,1.23,0.2,1.3
172,16:21:55:502,24.49,2.3,4.55,1.23,1.72,1.71,1.34,1.26,2.96
173,16:21:56:504,22.66,2.46,1.7,1.66,3.57,2.28,0.81,2.26,1.85
174,16:21:57:508,22.37,1.91,2.4,2.07,0.78,1.77,4.21,2.48,0.81
175,16:21:58:511,24.18,1.52,3.36,3.38,4.98,2.38,2.05,0.72,0.78
176,16:21:59:517,25.03,2.14,2.61,3.44,3.39,0.73,2.41,1.62,2.44
177,16:22:0:522,11.55,0.73,0.5,3.53,1.08,1.52,0.45,2.79,1.13
178,16:22:1:531,8.51,0.31,0.39,1.08,0.4,0.68,0.25,0.48,0.56
179,16:22:2:533,10.89,0.82,0.81,0.41,0.64,0.55,0.7,0.37,0.59
180,16:22:3:534,11.07,1.95,0.86,0.74,0.45,0.93,0.42,0.67,0.25
181,16:22:4:538,16.75,1.21,1.5,0.46,1.06,0.6,1.35,0.49,0.96
182,16:22:5:538,26.17,2.45,2.56,2.31,2.47,1.18,2.96,1.17,2.13
183,16:22:6:545,22.92,1.93,1.34,3.03,2.53,3.07,2.09,1.89,2.83
184,16:22:7:547,21.22,1.52,2.59,0.77,4.14,2.94,1.7,2.55,1.34
185,16:22:8:548,12.29,1.26,1.38,1.24,0.48,2.59,0.53,0.47,0.54
186,16:22:9:550,8.15,0.43,0.26,1.28,0.33,0.55,0.34,0.62,0.17
187,16:22:10:559,20.04,1.84,2.11,0.79,2.24,0.18,1.48,0.21,1.13
188,16:22:11:568,23.35,1.91,2.84,2.06,1.94,1.46,1.85,1.25,2.47
189,16:22:12:569,30.67,2.92,3.67,3.36,4.14,1.72,3.71,1.61,3.04
190,16:22:13:570,26.14,2.52,3.65,2.3,3.84,3.8,1.93,3.46,1
191,16:22:14:574,8.33,0.4,0.58,2.48,0.25,4.29,0.43,1.56,0.4
192,16:22:15:581,7.34,0.38,0.3,0.43,0.38,0.42,0.21,0.28,0.28
193,16:22:16:581,19.94,1.6,2.58,0.44,1.7,0.35,1.94,0.18,1.14
194,16:22:17:585,27.46,2.22,3.42,1.51,2.51,1.53,3.91,2,2.52
195,16:22:18:593,24.9,1.88,2.95,2.63,2.84,2.33,3.4,2.74,1.83
196,16:22:19:600,21.96,0.71,1.47,1.41,1.34,3.5,2.99,1.92,2.22
197,16:22:20:609,22.33,0.84,0.72,1.34,1.8,4.02,0.89,1.58,1.48
198,16:22:21:614,18.24,1.3,0.73,0.75,2.74,6.6,2.72,3.63,2.45
199,16:22:22:619,9.01,0.47,0.63,1.06,0.33,2.23,0.29,1,0.62
200,16:22:23:626,13.23,1.09,1.9,0.68,0.75,0.55,0.81,0.26,1.02
201,16:22:24:634,9.55,0.64,0.49,1.36,0.44,0.71,0.43,0.51,0.41
202,16:22:25:634,25.93,2.95,3.12,0.64,2.52,0.51,2.41,0.38,2.84
203,16:22:26:640,25.96,2.13,2.78,2.51,3.13,2.14,1.32,2.19,3.15
204,16:22:27:645,24.63,2.05,4.61,3,1.04,3.46,2.68,1.92,3.46
205,16:22:28:650,23.42,3.22,2,1.78,1.95,0.85,3.45,2.49,1.16
206,16:22:29:651,23.69,1.78,1.22,1.67,4.89,4.25,4.21,0.4,1.92
207,16:22:30:651,11.61,0.98,0.61,1.8,0.49,2.18,1.04,1.16,0.85
208,16:22:31:653,10.29,0.66,0.44,0.73,0.33,0.97,1.08,0.9,0.48
209,16:22:32:656,8.17,0.35,0.37,0.55,0.28,0.64,0.34,1.07,0.4
210,16:22:33:659,20.18,2.11,2.87,0.5,1.83,0.48,1.29,0.41,1.3
211,16:22:34:664,26.21,2.88,3.38,2.3,3.32,1.27,2.07,1.02,1.67
212,16:22:35:669,11.57,0.68,1.21,2.71,0.39,3,0.35,1.68,0.4
213,16:22:36:669,11.58,0.83,0.67,1.37,1.07,0.72,0.39,0.56,0.41
214,16:22:37:673,25.97,2.36,2.67,0.86,2.26,0.81,2.73,1.14,1.89
215,16:22:38:676,19.36,2.78,2.21,2.67,1.11,3.1,1.05,2.04,1.61
216,16:22:39:676,22.42,2.4,2.76,2.44,1.79,1.74,1.76,1.28,1.44
217,16:22:40:676,20.43,1.86,3.49,2.71,1.62,1.72,1.61,1.57,1.11
218,16:22:41:684,24.27,2.65,3.06,2.04,1.92,1.81,2.18,0.94,1.94
219,16:22:42:690,34.24,3.21,3.96,3.05,3.87,2.13,4.6,1.92,3.75
220,16:22:43:697,34.62,3.69,4.26,3.58,3.99,4.26,4.45,3.76,3.33
221,16:22:44:701,31.36,3.65,3.68,3.47,2.95,4.29,3.28,3.01,2.84
222,16:22:45:704,30.51,3.27,4.11,3.32,4.06,3.4,3.1,3.68,1.81
223,16:22:46:706,30.81,3.72,4.17,3.77,3.34,3.26,3.66,1.99,2.15
224,16:22:47:708,31.43,3.49,4.08,3.94,3.16,2.79,3.66,2.68,2.75
225,16:22:48:716,33.37,3.87,4.6,3.8,3.9,3.16,3.76,2.8,2.73
226,16:22:49:724,30.49,3.25,3.81,4.13,2.97,3.67,2.91,2.81,2.76
227,16:22:50:727,29.54,3.11,3.83,3.55,2.61,3.49,2.66,3.15,2.15
228,16:22:51:737,29.43,3.28,4.21,3.42,3.61,3.62,2.65,2.68,2.52
229,16:22:52:743,28.63,3.12,3.16,3.11,3.13,2.81,2.66,2.74,2.97
230,16:22:53:746,29.99,2.79,4.32,3.6,2.4,2.58,3.13,2.45,3.44
231,16:22:54:752,27.05,2.48,2.61,3.24,1.93,3.9,3.41,2.52,2.15
232,16:22:55:755,29.98,2.99,2.85,2.26,2.29,2.29,3.48,4.2,3.08
233,16:22:56:760,23.03,1.69,3.2,2.66,4.47,2.99,2.02,4.82,1.61
234,16:22:57:762,24.68,2.16,2.44,1.59,1.21,1.62,4.6,1.12,2.38
235,16:22:58:767,33.63,3.27,4.91,1.96,3.24,2.55,3.57,2.27,2.63
236,16:22:59:769,31.63,2.98,2.87,3.98,3.09,4.59,3.26,3.25,4.58
237,16:23:0:770,26.98,2.6,3.25,3.36,2.85,3.49,2.19,3.19,2.98
238,16:23:1:777,32.14,3.24,3.57,2.58,4.01,2.82,3.12,2.5,3.67
239,16:23:2:783,25.12,4.58,2.84,2.91,2.05,3.65,2.27,3.53,2.05
240,16:23:3:785,33.01,3.25,4.06,2.05,4.07,2.29,3.55,1.87,2.5
241,16:23:4:788,29.21,3.72,4,3.1,3.18,2.89,2.52,2.64,2.14
242,16:23:5:791,27.75,2.8,3.88,2.96,2.75,2.71,3.12,2.02,3.37
243,16:23:6:795,31.29,3.53,2.49,3.08,2.14,3.16,2.54,4.08,1.99
244,16:23:7:799,26.2,2.23,4.81,2.39,2.77,2.32,3.88,4.72,2.23
246,16:23:9:805,28.75,2.93,3.21,3.2,2.78,2.77,3.33,2.6,4.89
247,16:23:10:807,30.24,2.6,3.15,2.34,3.02,3.26,2.29,2.99,4.31
248,16:23:11:816,26.78,1.87,1.97,2.5,3.32,2.48,2.23,3.39,3.91
249,16:23:12:821,26.72,2.04,2.04,2.89,2.68,2.12,3.22,3.29,4.1
250,16:23:13:825,30.15,2.98,3.84,2.52,3.94,3.2,3.17,2.87,2.57
251,16:23:14:826,31.86,3.14,4.5,3.75,3.56,3.15,2.84,2.89,2.34
252,16:23:15:834,29.88,2.69,3.91,3.2,3.31,3.34,2.68,2.87,2.62
253,16:23:16:843,29.32,2.9,3.84,3.13,2.7,3.25,2.63,2.76,2.49
254,16:23:17:851,29.39,3.13,3.33,3.82,2.93,3,3.29,2.91,2.68
255,16:23:18:851,29.49,3.15,3.86,3.01,2.79,3.31,3.09,2.91,2.87
256,16:23:19:853,29.31,2.54,3.34,3.24,3.1,3.56,3.78,2.65,2.75
257,16:23:20:858,28.93,3.19,3.24,3.14,3.06,2.87,2.78,2.63,2.51
258,16:23:21:860,28.85,3.51,4.29,2.95,3.52,2.56,2.73,2.3,3.18
260,16:23:23:870,29.12,3.34,3.55,3.8,2.85,2.81,2.82,2.6,2.89
261,16:23:24:872,30.02,3.08,3.8,2.86,3.05,3.19,2.74,2.89,3.31
262,16:23:25:873,29.68,2.76,3.73,2.67,3.09,3.44,2.36,3.53,2.7
263,16:23:26:874,28.68,2.51,3.52,2.88,2.87,3.31,2.41,3,2.85
264,16:23:27:881,29.73,2.93,3.39,3.21,3.33,3.33,2.65,3.16,2.42
265,16:23:28:882,29.65,3.78,4.06,3.53,3.38,3,2.63,2.5,2.98
266,16:23:29:886,29.34,2.51,3.74,3.45,3.17,3.2,3.24,2.64,2.45
267,16:23:30:886,29.18,3,3.5,2.41,3.1,4.03,3.24,2.53,2.74
268,16:23:31:893,28.97,2.62,2.99,2.24,3.78,3.37,3.39,2.62,2.88
269,16:23:32:895,30.14,2.6,3.61,2.61,3.19,2.97,4.31,3.05,3.48
270,16:23:33:898,29.91,3.33,3.08,2.2,1.6,3.66,4.92,3.34,1.24
271,16:23:34:905,22.77,1.88,2.25,1.11,2.02,1.48,5.91,1.33,1.58
272,16:23:35:905,23.92,1.78,2.28,2.95,1.02,1.19,4.78,1.81,3.39
274,16:23:37:921,24.63,3.86,3.89,4.2,2.69,3.49,5.41,3.09,1.76
275,16:23:38:929,30.35,4.42,4.1,2.02,1.55,6.31,0.71,0.74,2.37
276,16:23:39:935,31.77,4.09,4.02,3.22,2.21,5.33,2.99,1.96,2.95
277,16:23:40:942,31.87,2.96,5.91,3.46,3.13,2.91,2.91,2.53,2.36
278,16:23:41:945,29.79,3.13,4.46,3.24,3.12,4.27,3.49,3.01,2.53
279,16:23:42:948,29.8,3.31,3.73,3.31,4.01,2.96,3.16,2.68,1.46
280,16:23:43:949,25.35,1.8,4,3.31,3.43,3.09,3.58,2.51,1.03
281,16:23:44:957,20.11,0.85,3.53,3.16,1.98,5.06,1.91,1.58,2.35
282,16:23:45:960,29.53,4.42,0.74,2.36,3.41,2.03,1.35,1.1,2.07
283,16:23:46:964,24.12,3.81,2.59,2.58,2.5,5.6,3.45,2.27,1.44
284,16:23:47:970,21.2,3.33,1.7,4.04,2.6,2.33,2.29,1.58,1.57
285,16:23:48:974,26.38,2.36,1.42,1.67,2.52,4.63,1.96,0.6,2.96
286,16:23:49:982,29.67,2.7,2.78,4.89,2.69,2.65,2.16,1.86,3.15
287,16:23:50:987,34.86,4.34,3.23,3.3,3.86,2.85,2.61,3.84,3.26
288,16:23:51:992,30.79,2.75,5.04,3.52,4.27,3.55,3.53,3.15,3.9
289,16:23:52:992,27.43,2.43,3.3,4.7,3.42,2.55,3.66,2.31,2.16
290,16:23:53:994,25.86,4.25,4.18,1.87,2.61,3.7,1.98,1.65,3.22
291,16:23:54:996,30.82,3.35,2.5,2.67,2.03,2.56,1.59,2.61,0.74
292,16:23:55:999,21.47,2.62,3.83,4.92,3.02,3.16,2.88,3,1.75
293,16:23:57:004,23.56,3.93,1.16,2.44,7.52,0.61,0.43,0.44,2.33
294,16:23:58:010,27.11,3.94,1.49,2.97,1.68,1.67,1.78,1.67,3.62
295,16:23:59:015,34.5,3.62,2.96,2.83,2.28,2.49,2.36,2.62,3.33
296,16:24:0:021,33.26,3.62,4.32,4.17,3.8,3.65,3.21,4.35,2.82
297,16:24:1:025,31.5,3.68,4.05,3.21,4.14,3.36,4.65,2.77,2.92
298,16:24:2:028,21.51,0.99,3.74,2.79,3.87,3.61,3.15,3.44,2.68
299,16:24:3:035,25.12,1.77,1.28,1.85,0.61,1.91,2.06,3.14,1.53
300,16:24:4:041,27.06,3.65,2.02,2.15,1.66,3.95,2.19,2.95,2.11
301,16:24:5:042,32.47,4.24,3.75,4.96,2.84,2.66,1.53,1.98,3.95
302,16:24:6:050,32.2,3.29,5.18,4.21,3.42,3.13,3.13,2.46,3.06
303,16:24:7:051,30.51,2.98,3.61,3.52,3.54,3.62,3.15,3.21,3.3
304,16:24:8:057,30.53,3,3.54,3.12,2.78,3.17,2.89,4.35,1.56
305,16:24:9:059,25.48,2.42,3.13,2.6,2.2,3.13,2.92,5.22,2.65
306,16:24:10:068,22.15,3.23,3.33,4.54,1.95,2.26,2,1.55,1.85
307,16:24:11:072,24.61,1.54,2.09,1.94,0.94,1.78,1.4,1.55,2.35
308,16:24:12:080,31.92,3.27,2.07,2.27,1.56,2.12,1.63,5.76,3.11
309,16:24:13:088,35.32,4.65,3.93,3.86,4.38,3.07,4.08,2.43,2.33
310,16:24:14:089,30.75,3.8,5,4.34,4.27,3.93,3.26,3.39,2.89
311,16:24:15:094,29.23,2.41,4.06,3.65,3.67,3.58,3.06,2.44,1.01
312,16:24:16:097,22.51,2.21,3.21,2.58,2.12,4.41,3.96,3.07,1.23
313,16:24:17:104,21.19,0.88,1.64,2.29,3.52,4.28,1.03,0.94,2.61
314,16:24:18:108,29.98,3.38,3.48,4.3,1.38,1.85,0.75,0.65,1.17
315,16:24:19:111,25.44,3.72,2.41,4.37,3.25,3.5,3.56,2.89,0.5
316,16:24:20:114,23.27,1.99,2.23,4.04,3.1,2.76,2.66,0.87,0.6
317,16:24:21:116,21.04,2.4,1.75,3.57,3.7,2.26,3.11,0.85,2.25
318,16:24:22:124,26.75,3.07,0.75,7.28,0.85,0.78,1.11,0.55,2.77
319,16:24:23:132,29.53,2.95,2.48,2.02,1.99,2.76,3.18,3.38,2.82
320,16:24:24:133,34.92,4.57,3.79,3,3.17,3.32,2.96,2.99,2.68
321,16:24:25:133,31.7,3.11,5,4.66,4.15,3.59,3.78,3.05,2.81
322,16:24:26:134,31.61,3.48,4.04,3.52,3.65,3.22,3.58,3.1,3.78
323,16:24:27:142,30.44,3.14,3.63,4.06,3.91,3.23,2.81,2.94,3.03
324,16:24:28:150,28.49,3.36,3.51,2.67,2.72,3.49,3.34,3.03,2.59
325,16:24:29:153,30.86,3.82,3.29,2.18,2.84,4.49,3.09,2.28,3.56
326,16:24:30:157,27.05,2.75,4.62,3.87,2.91,3.12,3.16,2.73,2.62
327,16:24:31:165,28.68,2.49,4.52,3.82,1.93,1.49,2.37,1.87,3.23
328,16:24:32:166,28.3,2.21,4.25,4,3.39,3.12,2.73,1.9,2.63
329,16:24:33:167,28.97,2.44,2.83,3.71,2.87,2.72,3.64,2.6,2.44
330,16:24:34:170,30.82,3.65,4.72,2.27,3,3.08,2.97,3.5,3.94
331,16:24:35:177,31,3.07,4.38,4.33,4.63,3.38,2.11,1.98,2.91
332,16:24:36:179,27.87,2.99,3.47,3.04,3.37,3.32,3.32,2.61,1.03
333,16:24:37:187,25.21,3.42,3.17,2.08,2.09,4.29,3.11,2.6,2.09
334,16:24:38:191,26.74,3.74,2.15,3.38,3.83,1.52,2.12,2.87,3.03
335,16:24:39:198,31.84,3.62,4.08,1.85,3.08,2.33,1.83,2.71,3.09
336,16:24:40:200,31.59,3.57,4.1,3.71,4.29,3.03,3.1,2.77,2.85
337,16:24:41:201,29.67,2.91,3.75,2.94,3.58,3.48,3.58,3.23,2.61
338,16:24:42:207,29.04,2.88,3.62,3.5,2.57,3.58,2.72,2.64,2.61
339,16:24:43:213,28.56,2.9,4.02,3.03,3.06,2.89,3.27,3.23,2.77
340,16:24:44:214,30.17,3.42,3.64,3.04,3.34,2.68,2.77,3.06,2.76
341,16:24:45:214,29.36,3.1,4.22,3.29,3.26,2.98,2.92,3.09,3.05
342,16:24:46:217,29.75,3.05,3.55,2.81,3.06,3.21,3.09,2.8,2.81
343,16:24:47:226,29.23,2.74,3.81,3.12,3.02,2.69,2.71,3.16,1.87
344,16:24:48:229,29.08,2.96,3.96,3.43,2.83,3.35,2.82,2.7,2.61
345,16:24:49:235,29.66,2.98,3.32,4.03,2.33,3.31,3.54,2.8,2.95
346,16:24:50:239,28.98,2.21,4.17,3.22,2.4,2.99,3.81,3.2,2.71
347,16:24:51:244,29.09,3.15,3.61,3.9,3.16,3.12,2.71,2.37,3.61
348,16:24:52:246,30.39,2.97,3.84,2.8,2.84,2.93,2.44,2.99,2.4
349,16:24:53:252,29.65,2.75,3.53,3.12,2.7,3.01,2.95,3.12,4.31
350,16:24:54:257,28.52,2.34,3.43,3.28,2.87,2.76,4.45,2.99,4.31
351,16:24:55:266,30.34,2.69,3.15,2.63,2.9,3.18,2.67,2.81,3.95
352,16:24:56:272,29.55,2.26,3.19,2.87,2.83,3.75,3.41,2.92,2.09
353,16:24:57:276,27.54,2.55,3.2,3.25,2.83,2.45,4.38,2.61,2.52
354,16:24:58:284,27.78,3.1,2.97,3.05,4.05,3.22,2.32,2.28,2.59
355,16:24:59:289,31.25,2.96,3.43,3,3.45,2.45,2.26,2.3,2.79
356,16:25:0:289,28.5,2.87,4.84,3.54,3.33,3.82,3.44,2.62,2.45
357,16:25:1:293,30.74,2.62,3.82,2.79,3.69,2.74,2.72,2.1,2.9
358,16:25:2:298,29.41,2.84,4.36,3.12,3.39,3.16,4.13,2.85,2.83
359,16:25:3:304,30.26,3.09,3.51,2.93,3.05,3.26,3.59,2.78,2.89
360,16:25:4:307,29.4,3.25,2.53,2.75,2.27,4.05,4.29,3.49,2.1
361,16:25:5:308,25.98,1.74,3.59,3.11,3.47,2.83,2.57,3.36,2.58
362,16:25:6:309,29,3.27,1.99,2.88,1.68,4.9,2.65,2.5,2.97
363,16:25:7:314,30.09,2.86,3.31,2.84,2.91,2.98,3.05,2.6,2.63
364,16:25:8:319,30.35,2.73,3.98,2.85,4.92,2.42,2.35,2.99,2.7
365,16:25:9:326,30.76,3.69,4.79,3.23,3.31,3.05,2.9,2.37,3.47
366,16:25:10:335,29.75,3.94,4.95,3.45,3.17,2.67,2.76,2.89,2.28
367,16:25:11:339,25.83,2.38,2.94,3.23,3.2,2.66,2.91,3.16,3.23
368,16:25:12:340,31.9,3.31,1.96,1.8,2.01,2.32,2.7,4.89,2.09
369,16:25:13:340,29.77,3.3,3.84,3.4,3.34,3.52,3.74,3.75,2.85
370,16:25:14:344,29.3,2.73,3.55,3.91,3.24,2.76,3.53,2.16,2.62
371,16:25:15:347,28.7,3.16,3.71,3.45,3.55,3.09,3.1,2.7,1.71
372,16:25:16:353,27.23,2.13,3.65,2.48,3.18,2.74,2.99,2.5,2.64
373,16:25:17:356,25.24,2.08,4.13,4.51,3.86,2.22,1.64,1.71,1.41
374,16:25:18:358,24.65,1.72,2.35,1.99,2.56,3.59,2.16,2,0.62
375,16:25:19:361,21.84,1.29,2.81,2.95,3.65,3.14,1.92,1.05,2.53
376,16:25:20:366,22.42,2.25,1.69,5.07,2.04,1.68,0.87,2.17,2.19
377,16:25:21:372,19.87,0.52,1.43,4.14,1.79,0.83,2.33,0.45,0.61
378,16:25:22:379,20.75,2.76,0.85,4.07,0.48,2.01,0.77,1.81,0.83
379,16:25:23:386,23.76,3.63,2.58,3.05,0.64,0.6,0.27,3.44,0.91
380,16:25:24:394,24.38,3.47,1.83,3.16,4.32,0.81,2.78,0.89,0.76
381,16:25:25:400,15.95,1.67,2.34,2.76,6.01,1.83,0.6,1.21,1.36
382,16:25:26:403,17.75,1.62,1.78,1.25,2.09,1.19,0.59,0.67,2.92
383,16:25:27:405,33.29,3.69,1.47,2.01,1.59,1.26,1.31,1.77,2.85
384,16:25:28:406,28.92,2.89,4.61,3.79,3.83,3.17,3.89,3.21,2.8
385,16:25:29:408,33.16,3.38,3.57,2.84,4.17,3.51,1.88,1.85,2.92
386,16:25:30:408,30.29,3.15,4.33,3.45,4.52,3.52,4.1,3.15,2.49
387,16:25:31:413,30.5,3.28,3.79,3.59,3.08,2.85,3.18,2.98,2.38
388,16:25:32:420,30.01,2.37,4.44,3.04,3.15,3.41,3.03,2.92,2.68
389,16:25:33:419,27.8,2.81,5.58,3.11,3.42,2.78,2.67,2.94,0.83
390,16:25:34:426,23.47,1.25,4.09,2.9,4.42,1.56,2.59,1.57,0.55
391,16:25:35:429,21.57,0.85,2,4.18,3.54,3.15,1.67,0.98,4.28
392,16:25:36:433,19.93,0.55,1.34,2.64,3.07,0.65,3.04,2.83,2.55
393,16:25:37:435,20.44,0.68,0.55,2.24,1.84,1.27,0.3,2.06,4.08
394,16:25:38:435,23.95,2.38,0.45,3.5,2.81,0.5,0.34,1.99,1.61
395,16:25:39:444,21.11,1.68,2.66,2.95,2.77,2.08,0.65,0.74,0.88
396,16:25:40:450,12.61,1.06,3.05,2.46,1.54,1.32,0.93,2.01,2.88
397,16:25:41:457,33.96,4.15,1.01,1.27,0.63,0.89,0.78,0.7,3.4
398,16:25:42:464,37.71,4.5,4.74,4.08,4.3,3.55,3.32,2.89,2.19
399,16:25:43:470,31.16,3.73,5.08,4.14,4.56,4.14,4.33,4,0.96
400,16:25:44:479,27.05,2.11,4.39,3.14,3.48,4.2,3.07,2.18,2.11
401,16:25:45:487,23.83,1.72,5.64,3.1,2.82,2.27,2.45,2.7,1.96
402,16:25:46:486,19.7,1.94,2.34,4.03,2.3,0.73,2.27,2.24,2.81
403,16:25:47:488,22.19,3.17,2.53,1.16,2.64,0.48,0.34,1.77,1.19
404,16:25:48:490,20.62,0.97,1.96,0.93,3.59,0.86,0.49,1.86,1.1
405,16:25:49:499,20.65,0.84,2.14,2.8,3.58,1.29,0.69,1.34,0.25
406,16:25:50:506,8.37,0.5,2.24,2.55,1.24,1.75,2.62,1.79,2.57
407,16:25:51:510,31.73,3.66,0.42,0.43,0.23,0.38,0.45,0.4,2.79
408,16:25:52:516,28.38,2.89,4.29,3.87,3.58,3.54,2.76,2.65,3.11
409,16:25:53:516,33.15,3.66,3.56,3.65,2.65,2.47,3.38,2.2,1.85
410,16:25:54:523,27.55,1.83,4.21,3.54,4.21,3.51,3.1,3.11,2.99
411,16:25:55:530,30.27,2.91,4.66,4.32,2.82,1.32,1.75,4.88,1.17
412,16:25:56:530,20.71,1.33,3.82,4.2,4.46,2.46,2.4,3.27,2.05
413,16:25:57:536,22.14,2.66,2.33,1.64,1.55,2.51,1.04,3.08,3.09
414,16:25:58:541,29.56,2.65,2.21,2.16,2.21,2.17,2.18,1.87,2.61
415,16:25:59:546,29.63,4.26,4.92,3.17,2.94,3.01,2.63,2.26,2.17
416,16:26:0:547,29.56,2.68,4.55,2.78,3.71,2.64,2.94,2.69,1.02
417,16:26:1:552,25.16,1.22,4.58,2.56,3,2.63,3.58,4.05,2.97
418,16:26:2:554,21.7,2.31,1.76,2.63,3.21,1.65,5,3.1,2.5
419,16:26:3:559,20.74,1.14,1.03,0.84,2.4,1.28,0.96,2.96,1.06
420,16:26:4:560,15.42,1.12,1.38,0.84,3.1,1.01,0.66,3.08,1.64
421,16:26:5:566,20.5,2.14,2.06,2.26,0.44,0.58,0.58,0.69,2.72
422,16:26:6:570,32.08,3.4,2.05,2.1,2.05,1.76,2.04,1.76,2.44
423,16:26:7:572,28.92,2.37,3.78,3.92,3.84,3.41,3.14,3.32,0.62
424,16:26:8:574,17.6,1.3,3.59,3.2,3.01,2.99,3.2,2.92,2.55
425,16:26:9:575,32.42,3.46,2.58,2.56,0.85,0.75,1.26,0.76,2.57
426,16:26:10:576,29.24,2.69,4.35,3.99,3.19,3.97,3.32,3.18,3.15
427,16:26:11:577,30.96,3.07,3.99,3.66,2.71,3.68,2.52,3.28,1.55
428,16:26:12:581,31.01,2.91,3.65,3.03,3.79,4.61,2.78,2.36,0.8
429,16:26:13:588,21.2,2.49,4.52,3.99,3.11,2.38,5.08,4.29,0.61
430,16:26:14:592,21.86,1.77,0.92,1.62,2.43,2.21,0.63,2.84,0.23
431,16:26:15:598,11.28,0.8,1.92,1.91,1.43,5.53,0.93,1.12,1.75
432,16:26:16:600,21.51,1.88,0.39,1.02,1.41,0.54,0.34,0.37,1.16
433,16:26:17:601,20.07,0.63,2.96,2.58,2.05,1.93,1.94,1.58,1.84
434,16:26:18:609,22.15,2.18,2.59,2.52,2.8,1.68,1.27,0.79,3.2
435,16:26:19:618,31.96,3.37,2.72,2.74,2.15,2.15,2.18,1.83,2.16
436,16:26:20:625,29.55,2.93,3.9,4.11,3.52,4,2.8,3.09,1.55
437,16:26:21:634,24.94,2.83,5.32,3.16,2.56,3.44,2.62,2.56,0.66
438,16:26:22:640,20.51,0.9,3.57,1.97,2.46,4.84,0.87,2.37,0.37
439,16:26:23:646,19.45,1.85,4.23,0.8,1.93,0.73,2.09,2.22,0.53
440,16:26:24:647,18.96,0.99,1.19,3.05,1.42,3.53,0.64,0.44,0.99
441,16:26:25:655,14.1,1.35,2.33,2.22,1.24,0.63,1.69,2.25,2.6
442,16:26:26:656,31.18,3.35,1.28,1.44,1.06,1.25,1.11,0.98,2.36
443,16:26:27:657,29.7,3.23,4.23,3.74,3.34,2.61,3.29,3.42,2.51
444,16:26:28:660,31.61,3.32,5.03,2.76,3.56,2.74,2.43,2.79,3.58
445,16:26:29:663,31.79,3.11,4.32,3.62,4.14,3.22,3.04,3.08,3.76
446,16:26:30:664,33.62,4.11,4.46,3.62,3.64,3.03,3.08,2.89,2.44
447,16:26:31:669,33.1,5.38,3.98,3.4,4.13,3.73,3.01,3.66,2.79
448,16:26:32:676,30.75,3.21,4.22,3.81,3.32,3.71,2.74,2.68,2.68
449,16:26:33:682,29.44,3.87,3.09,2.86,4.21,3.79,3.65,3.03,1.75
450,16:26:34:688,27.55,2.68,2.47,3.5,3.05,2.95,3.06,2.57,3.13
451,16:26:35:696,31.38,3.05,3.76,2.83,4.8,2.65,2.38,1.9,4.27
452,16:26:36:702,30.37,2.82,4.19,2.85,3.44,3.42,3.13,3.22,2.34
453,16:26:37:708,27.34,3.13,3.94,2.83,2.84,3.12,2.93,2.73,2.48
454,16:26:38:712,31.19,3.53,2.95,2.39,4.88,3,1.74,1.72,2.44
455,16:26:39:716,29.75,3.55,3.57,4.24,3.67,3.7,3.21,2.66,2.33
456,16:26:40:725,27.46,3.47,3.8,3.76,3.79,2.83,2.46,2.75,2.65
457,16:26:41:727,28.8,2.84,3.24,2.62,2.27,2.83,3.49,2.07,2.89
458,16:26:42:734,30.06,2.86,2.69,2.56,2.81,2.73,4.34,3.12,2.93
459,16:26:43:737,30.23,3.24,3.71,3.43,4.09,3.47,2.9,2.7,2.81
460,16:26:44:737,29.34,3.19,3.22,3.3,3.67,3.26,2.78,2.77,2.42
461,16:26:45:739,28.94,2.72,3.5,3.17,3.76,3.55,2.41,2.32,2.62
462,16:26:46:740,29.85,3.32,3.39,3.94,3.85,2.82,2.59,2.34,5.17
463,16:26:47:750,29.93,2.89,4.04,3.14,3.27,3.28,2.35,2.46,2.38
464,16:26:48:755,25.55,1.79,2.69,2.65,2.11,3.66,3.58,2.59,2.74
465,16:26:49:756,29.47,2.86,1.35,2.3,3.12,2.3,3.28,3.44,2.61
466,16:26:50:759,32.01,3.41,3.54,2.92,3.28,3.11,3.02,3.41,1.79
467,16:26:51:762,26.56,2.66,4.78,3.04,3.7,3.14,3,3.93,2.46
468,16:26:52:768,29.91,3.65,2.82,4.95,3.29,2.09,1.84,1.65,2.31
469,16:26:53:776,22.53,1.54,2.8,4.57,2.9,3,3,3.08,2.06
470,16:26:54:785,25.82,2.36,1.22,3.09,1.44,2.8,1.77,2.05,1.84
471,16:26:55:790,29.75,3.35,2.77,2.8,2.81,3.65,2.55,1.96,1.87
472,16:26:56:800,30.64,3.24,3.76,3.1,3.3,3.29,2.25,3.65,3.3
473,16:26:57:802,33.53,3.54,3.32,5.29,3.47,3.31,2.76,2.49,2.02
474,16:26:58:807,25.41,7.09,3.98,3.97,4.15,3.68,3.64,3.09,3.55
475,16:26:59:809,31.39,3.59,2.62,1.58,2,1.35,1.28,2.03,2.08
476,16:27:0:811,27.38,2.38,3.81,3.41,3.05,3.24,3.46,2.68,1.76
477,16:27:1:816,25.07,2.11,2.47,3.3,2.58,2.68,4.19,2.4,3.68
478,16:27:2:819,30.34,1.97,3.44,2.13,2.04,2.77,1.9,2.36,6.36
479,16:27:3:821,32.25,4.03,5.5,6.45,3.28,1.18,2.02,2.87,1.82
480,16:27:4:824,30.49,3.7,5.81,4.96,4.61,1.29,1.77,1.88,3.45
481,16:27:5:825,29.17,1.89,4.96,2.44,2.63,3.31,5.88,4.2,3.23
482,16:27:6:829,27.94,3.87,4.31,1.37,2.94,5.34,3.43,3.78,4.7
483,16:27:7:831,28.57,2.57,0.51,1.67,0.46,7.68,0.46,7.86,4.78
484,16:27:8:836,29.74,1.74,1.52,4.22,5.57,2.18,2.02,3.19,0.71
485,16:27:9:836,30.34,1.78,2.84,3.13,1.07,5.01,6.96,1.73,0.44
486,16:27:10:842,28.2,3.67,4.52,3.6,5.48,6.75,2.36,3.24,4.1
487,16:27:11:846,30.41,2.14,3.55,4.55,7.37,1.57,2.61,1.77,3.44
488,16:27:12:851,29.92,3.82,3.78,2.62,7.04,1.5,3.74,3.15,4.72
489,16:27:13:852,29.66,2.22,3.71,3.14,4.23,3.39,3.32,2.75,3.53
490,16:27:14:858,29.84,5.1,1.21,3.03,2.04,5.48,4.48,4.21,2.24
491,16:27:15:861,27.16,1.61,2.52,1.93,3.01,3.44,4.46,4.03,3.16
492,16:27:16:866,26.22,1.94,1.34,4.8,4,3.79,4.74,1.56,3.42
493,16:27:17:876,27.04,1.82,0.78,2.69,7.27,2.25,2.08,2.77,2.89
494,16:27:18:881,28.45,1.24,1.58,2.39,7,4.71,0.9,2.44,1.38
495,16:27:19:889,29.32,3.16,2.17,2.98,4.14,2.85,3.04,6.3,1.32
496,16:27:20:889,27.4,1.27,2.89,4.21,3.3,7.48,0.8,4.22,0.36
497,16:27:21:898,27.6,4.47,3.42,2.38,0.28,5.67,6.61,3.77,3.41
498,16:27:22:903,29.77,3.83,1.1,3.18,3.33,3.45,4.83,4.23,2.09
499,16:27:23:910,29.63,4.02,1.45,4.34,4.42,2.24,2.46,4.86,2.71
500,16:27:24:916,30.78,1.11,2.8,1.1,5.3,2.24,4.13,5.36,2
501,16:27:25:924,27.92,2.86,2.77,3.92,5.3,2.71,3.25,7.15,5.04
502,16:27:26:926,32.2,5.1,3.3,0.8,4.3,5.92,1.26,4.96,5.37
503,16:27:27:930,30.07,1.78,1.71,2.65,3.34,4.72,3.74,3.85,3.6
504,16:27:28:932,29.77,1.9,3.95,3.55,4.01,3.2,2.62,3.62,2.27
505,16:27:29:931,29.67,2.06,4.96,1.93,2.78,2.54,5.53,3.71,1.89
506,16:27:30:933,29.6,2.44,4.5,3.78,4.06,5.85,1.95,3.44,4.11
507,16:27:31:941,29.58,3.61,3.82,3.39,5.36,3.59,3.69,3.42,3.63
508,16:27:32:951,29.62,3.01,3.94,3.97,4.17,3.75,2.06,1.95,2.45
509,16:27:33:959,29.56,2.53,3.71,3.39,4.03,4.22,3.21,2.29,2.86
510,16:27:34:966,29.69,3.59,3.65,3.24,4.18,3.84,4.16,3.89,3.93
511,16:27:35:972,28.36,0.88,3.48,4.43,4.6,2.74,3.24,3.15,3.69
512,16:27:36:979,26.77,0.65,1.69,2.5,3.74,7.27,2.74,3.16,0.41
513,16:27:37:986,27.75,0.59,5.09,1.87,6.18,2.15,1.73,2.36,2.09
514,16:27:38:990,28.58,3.08,2.07,0.97,3,5.72,5.17,7.35,3.57
515,16:27:39:996,28.94,0.61,3.66,2.41,2.14,5.46,2.07,5.12,1.44
516,16:27:41:003,27.4,3.04,5.02,4.48,5.02,1.59,3.9,2.67,4.44
517,16:27:42:003,32.69,2.69,1.55,3.62,0.45,9.28,5.23,0.38,2.61
518,16:27:43:005,30.16,2.6,3.1,2.78,2.26,7.04,4.93,4.38,3.74
519,16:27:44:009,28.83,4.79,4.97,2.97,3.65,4.35,4.22,2.38,4.32
520,16:27:45:010,30.73,4.43,1.63,3.26,0.67,5.27,4.03,2.79,4.81
521,16:27:46:017,27.04,1.14,2.32,2.18,4.24,3.27,5.18,2.35,2.39
522,16:27:47:017,27.67,3.35,2.91,1.4,3.4,4.17,4.04,2.48,5.99
523,16:27:48:026,31.5,2.86,2.85,3.59,0.49,6.01,2.02,4.26,5.1
524,16:27:49:031,30.4,2.64,2.35,2.71,2.99,3.8,3.28,5.17,3.49
525,16:27:50:035,29.66,2.17,2.93,2.91,3.75,3.13,3.2,4.48,2.8
526,16:27:51:044,29.84,4.19,1.61,5.92,2.52,1.49,2.4,7.89,4.67
527,16:27:52:048,29.22,1.34,2.99,4.6,5.42,2.58,2.98,2.12,0.92
528,16:27:53:052,27.18,0.55,0.79,5.68,2.77,6.85,2.09,2.72,3.74
529,16:27:54:054,30.23,1.46,0.78,3.22,7.58,3.51,2.4,5.8,3.39
530,16:27:55:054,30.3,2.97,4.92,4.07,3.18,5.34,3.02,2.1,6.46
531,16:27:56:054,28.86,3.82,3.23,2.94,3.28,2.97,3.15,3.21,2.84
532,16:27:57:058,25.61,1.54,1.33,3.08,1.52,6.3,2.02,1.52,0.32
533,16:27:58:062,21.69,1.99,4.48,2.04,2.51,5.4,1.24,0.9,1.09
534,16:27:59:064,28.13,2.9,1.26,0.97,0.86,2.89,2.72,4.29,2.86
535,16:28:0:066,29.62,3.28,3.4,2.56,1.56,5.84,2.97,3.62,1.87
536,16:28:1:070,25.97,2.33,4.82,3.11,2.48,4.3,3.15,2.06,1.47
537,16:28:2:073,26.24,1.41,3.09,3.79,2.32,4.91,2.01,1.89,1.18
538,16:28:3:077,24.36,2.44,3.94,4.92,1.81,2.81,2.21,1.91,3.07
539,16:28:4:078,36.39,3.85,5.12,2.72,2.19,1.48,1.76,1.44,2.89
540,16:28:5:083,32.28,4.87,5.82,4.53,3.65,4.29,3.58,3.1,3.97
541,16:28:6:086,30.75,3.27,5.32,2.89,4,3.02,3.57,3.57,2.17
542,16:28:7:091,29.92,4.2,3.87,2.5,6.31,1.41,5.48,1.48,2.98
543,16:28:8:096,29.4,3.48,4.54,3.53,3.45,4.02,2.9,2.31,5.32
544,16:28:9:101,30.14,2.59,5.03,3.28,3.85,2.83,1.93,3.31,1.64
545,16:28:10:110,29.38,1.93,5.52,4.03,5.35,1.75,0.97,1.91,1.86
546,16:28:11:114,29.75,2.22,5.36,3.9,2.63,5.99,0.71,4.58,3
547,16:28:12:118,29.8,3.29,4.53,2.95,5.19,2.88,4.59,2.79,1.53
548,16:28:13:118,29.62,3.01,4.42,3.19,3.81,2.62,2.71,4.47,1.69
549,16:28:14:118,29.94,3.8,3.46,4.29,4.38,4.27,2.46,3.07,1.85
550,16:28:15:124,29.46,3.04,4.76,4.08,5.46,3.58,2.36,1.69,1.1
551,16:28:16:127,29.72,4.76,2.96,4.48,6.2,2.46,4.47,2.3,1.34
552,16:28:17:131,29.57,2.69,3.12,6.1,5.75,3.01,2.61,1.13,1.81
553,16:28:18:138,29.69,5.27,6.67,4.94,5.46,2.07,1.88,2.51,3.43
554,16:28:19:140,29.99,3.4,4.59,5.4,6.73,1.34,1.2,1.53,1.62
555,16:28:20:150,29.27,3.98,5.46,4.12,4.68,2.67,3.52,0.75,1.53
556,16:28:21:159,29.66,3.74,3.19,5.52,2.75,0.89,7.44,1.92,1.58
557,16:28:22:161,29.74,3.26,4.47,3.63,4.95,2.4,4.65,1.83,2.82
558,16:28:23:165,29.47,3.88,5.39,3.8,3.52,3.51,4.7,1.58,0.48
559,16:28:24:168,29.78,2.6,4.58,3.77,4.62,2.5,3.5,2.54,3.23
560,16:28:25:174,29.38,3.12,2.68,6.8,5.45,2.74,6.69,0.64,2.66
561,16:28:26:180,29.88,5.09,3.7,2.83,3.16,3.04,4.84,3.56,1.42
562,16:28:27:181,29.58,2.87,4.29,2.47,3.59,3.35,3.67,2.75,2.29
563,16:28:28:183,29.74,3.21,3.55,4.39,2.53,6.02,5,2.15,1.85
564,16:28:29:183,29.76,4.63,5.57,6.64,2.48,3.1,3.32,0.98,2.18
565,16:28:30:189,29.68,5.05,4.15,3.45,5.67,3.32,2.91,1.87,3.26
566,16:28:31:192,29.74,3.2,5.07,3.14,2.82,3.08,3.52,3.16,3.3
567,16:28:32:199,29.89,3.12,2.11,1.8,4.65,2.27,3.47,6.71,3.03
568,16:28:33:201,28.46,3.03,3.12,4.03,3.57,3.1,2.98,4.76,2.97
569,16:28:34:206,29.59,3.35,3.44,3.61,3.41,2.92,3.31,3.08,1.81
570,16:28:35:207,29.39,3.12,4.21,3.62,3.76,2.93,3.93,2.82,5.43
571,16:28:36:208,29.56,2.81,4.62,2.99,4.16,5.19,3.75,1.81,2.89
572,16:28:37:217,29.75,5.3,4.17,4.48,2.06,3.86,2.09,1.78,2.51
573,16:28:38:217,29.76,2.96,2.96,3.37,2.95,3.91,2.93,3.13,2.72
574,16:28:39:225,29.81,3.66,3.2,3.51,3.64,3.89,4.35,2.8,2.87
575,16:28:40:225,29.55,3.14,4.6,3.37,3.3,3.62,2.7,2.82,2.62
576,16:28:41:229,29.67,3.42,3.37,3.2,3.33,3.25,3.2,2.99,2.71
577,16:28:42:235,29.6,3.33,3.21,3.41,3.31,2.99,3.58,3.26,2.52
578,16:28:43:240,29.71,3.5,4.11,3.32,3.31,3.36,3.29,2.88,2.89
579,16:28:44:245,29.84,3.23,3.39,3.49,3.8,2.71,4.35,2.78,3.3
580,16:28:45:254,29.74,3.28,3.46,3.41,3.67,3.44,4.29,2.43,2.94
581,16:28:46:259,29.64,2.77,3.53,2.98,3.26,3.18,3.14,3.46,2.49
582,16:28:47:265,29.78,3.11,3.46,3.35,3.05,4.08,4.81,2.47,1.65
583,16:28:48:273,29.55,2.72,3.55,3.99,4.5,3.35,3.52,2.2,2.23
584,16:28:49:282,29.11,2.32,4,3.54,5.85,3.64,3.14,2.17,1.23
585,16:28:50:286,29.7,4.51,4.55,3.64,3.44,2.15,3.16,5.55,1.99
586,16:28:51:289,28.97,3.12,5.04,5.32,3.56,2.64,2.92,1.51,2.41
587,16:28:52:297,30.04,2.59,4,4.85,4.17,3.02,4.64,0.71,2.86
588,16:28:53:304,29.36,3.81,3.48,3.79,3.4,2.94,5.15,4.66,3.4
589,16:28:54:313,28.56,3.9,3.98,2.18,2.55,3.85,4.98,3.78,3.04
590,16:28:55:317,28.33,3.31,3.03,2.69,2.8,2.98,4.64,3.9,3.34
591,16:28:56:317,28.52,3.03,3.2,3.28,3.53,3.2,3.73,3.47,3.16
592,16:28:57:320,28.94,3.13,3.68,3.51,3.35,3.4,3.95,3.29,3.35
593,16:28:58:326,28.93,3.3,3.43,3.51,3.26,3.25,3.86,3.31,3.03
594,16:28:59:329,28.75,3.78,4.09,3.16,2.72,3.51,3.53,3.29,2.48
595,16:29:0:334,29.08,3.37,3.92,3.49,3.35,3.35,2.38,3.55,3.13
596,16:29:1:336,28.82,4.35,3.45,4.17,3.86,3.42,2.72,3.6,1.61
597,16:29:2:338,29.81,4.71,3.09,5.17,3.45,2.34,3.77,1.91,3.27
598,16:29:3:337,29.26,2.9,3.28,6.53,4.37,2.86,3.06,1.74,3.23
599,16:29:4:339,29.38,2.34,3.48,4.74,3.34,2.78,4.09,3.76,2.96
600,16:29:5:347,28.44,3.3,3.57,4.73,3.07,3.98,3.78,3.33,3.19
601,16:29:6:352,29.12,3.18,3.2,3.22,3.41,3.97,3.02,3.62,5.05
602,16:29:7:360,29.32,1.82,6.38,1.61,1.99,2.66,6.23,2.1,2.54
603,16:29:8:363,29.68,2.55,3.98,2.21,1.32,5.47,4.14,3,2.76
604,16:29:9:367,29.65,4.19,3.01,3.99,4.93,3.16,5.44,2.05,3.17
605,16:29:10:372,29.69,2.08,5.38,3.48,3.29,4.13,4.02,0.99,2.53
606,16:29:11:372,29.74,4.73,5.45,3.3,2.86,3.38,5.98,1.08,2.8
607,16:29:12:376,28.63,3.7,2.84,3.71,3.94,5.32,3.32,2.36,2.36
608,16:29:13:383,29.04,2.99,3.9,4.13,3,3.47,3.37,2.94,2.98
609,16:29:14:384,28.88,3.64,4.06,2.06,3.85,4.07,5.58,3.7,3.02
610,16:29:15:391,28.84,1.91,2.25,3.58,4.21,4.56,4.48,3.67,3.69
611,16:29:16:392,27.85,2.43,2.79,3.96,3.61,3.64,5.35,4.13,4.35
612,16:29:17:397,30.13,2.13,3.21,2.49,6.04,2.33,3.04,3.42,4.25
613,16:29:18:399,28.12,2.14,2.44,3.01,2.75,3.66,6.38,4.62,3.01
614,16:29:19:403,23.9,1.14,1.48,3.62,1.57,4.92,3.96,4.62,1.54
615,16:29:20:404,23.56,1.87,1.36,0.62,1.86,1.92,2.71,6.28,2.46
616,16:29:21:404,20.38,1.41,1.78,3.76,3.59,1.44,2.46,1.94,2.76
617,16:29:22:410,20.83,0.8,2.63,3.31,1.01,0.45,0.55,2.25,0.43
618,16:29:23:419,11.58,0.66,1.38,3.89,1.94,0.81,3.48,0.31,1.53
619,16:29:24:425,19.5,2.28,0.79,1.24,2.14,0.4,0.37,0.16,2.26
620,16:29:25:431,26.66,2.19,2.48,2.1,1.66,1.73,1.59,1.36,1.8
621,16:29:26:434,20.66,1.72,2.79,2.26,2.7,1.86,3.85,3.01,0.52
622,16:29:27:438,22.58,3.49,3.3,1.85,0.56,2.43,0.86,1.53,0.56
623,16:29:28:443,20.06,0.61,2.68,3.66,1.01,1.61,1.89,1.31,3.25
624,16:29:29:452,20.77,1.4,1.41,2.7,2.16,0.38,5.74,0.48,0.4
625,16:29:30:458,19.55,1.51,2.15,2.3,1.84,0.71,1.54,0.73,0.51
626,16:29:31:459,18.75,1.68,2.63,6.25,0.57,0.63,0.97,0.25,0.69
627,16:29:32:459,21.03,1.52,0.87,2.35,2.27,0.93,0.91,2.14,2.87
628,16:29:33:460,29.25,2.89,3.36,3.09,1.42,3.02,0.98,0.32,1.75
629,16:29:34:463,30.95,3.39,3.91,3.41,3.08,2.9,2.66,2.27,2.45
630,16:29:35:468,29.26,3.21,3.89,3.15,3.61,3.63,4.37,2.16,2.21
631,16:29:36:473,30.67,2.75,3.69,2.94,3.13,3.11,2.6,2.4,1.2
632,16:29:37:476,27.99,3.08,3.73,3.28,5.12,3.54,3.05,2.42,0.78
633,16:29:38:484,24.47,3.13,4.55,2.21,3.16,1.84,2.52,4.2,0.48
634,16:29:39:492,20.58,3.38,1.83,2.18,4.38,2.56,1.63,2.02,0.41
635,16:29:40:495,21.24,1.95,2,0.77,5.28,0.53,0.58,0.33,0.79
636,16:29:41:501,19.8,1.59,0.96,2.51,3.17,2.86,2.03,0.55,2.53
637,16:29:42:504,31.36,2.45,0.92,0.39,7.82,0.63,0.52,0.29,0.61
638,16:29:43:513,18.05,1.14,4.27,3.64,3.07,4.17,3.33,4.26,0.92
639,16:29:44:522,21.77,1.34,1.74,0.75,3.15,2.45,0.57,0.66,2.64
640,16:29:45:526,31.68,2.78,3.11,2.43,1.95,3.73,1.54,0.83,5.43
641,16:29:46:527,33.06,1.89,3.28,2.93,4.37,4.75,3.6,4.18,2.5
642,16:29:47:531,30.16,1.63,3.4,3.1,3.25,5.25,3.96,4.65,5.1
643,16:29:48:534,29.69,3.49,4.17,6.03,6.24,2.05,2.63,3.16,1.25
644,16:29:49:541,28.15,2.05,4.57,2.08,3.23,2.19,3.07,4.06,2.72
645,16:29:50:542,29.48,2.82,5.07,4.48,2.89,7.44,2.39,0.63,3.25
646,16:29:51:544,27.96,3.78,4.34,3.72,2.46,3.11,3.82,3.77,3.46
647,16:29:52:544,30.89,3.48,4.99,5.18,3.22,0.64,1.06,4.09,1.55
648,16:29:53:547,28.77,2.09,4.23,4.52,4.06,1.23,3.3,4.87,4.01
649,16:29:54:556,29.03,1.04,3.38,2.46,5.87,3.77,2.8,4.15,4.95
650,16:29:55:556,28.2,4.27,4.98,1.91,5.39,2.99,2.76,3.77,1.99
651,16:29:56:557,29.57,5.2,2.03,1.67,5.42,2.48,0.61,4.16,2.77
652,16:29:57:557,32.47,4.62,4.84,3.35,4.5,2.85,1.38,3.25,2.19
653,16:29:58:566,29.05,3.26,4.49,4.1,4.53,2.88,4.25,3.17,1.5
654,16:29:59:566,27.91,4.27,2.25,4.12,2.08,4.87,1.42,6.82,3.86
655,16:30:0:567,27.65,3.24,2.4,2.68,2.01,3.53,6.15,2.84,3.33
656,16:30:1:575,28.37,1.45,1.62,2.37,5.64,0.49,3.73,4.45,0.83
657,16:30:2:582,28.04,5.12,3.28,0.65,7.53,0.81,1.76,6.9,3.55
658,16:30:3:585,27.68,3.08,2.93,2.75,5.28,5.03,2.09,2.28,0.9
659,16:30:4:587,26.34,1.24,1.62,0.51,3.56,3.79,7.96,1.17,5.52
660,16:30:5:591,28.45,7.12,3.3,4.54,2.3,1.07,5.82,4.15,2.26
661,16:30:6:592,29.11,3.97,0.76,3.49,1.37,1.39,5.09,1.36,4.3
662,16:30:7:598,29.39,2.02,6.58,1.45,3.02,1.44,5.29,3.29,4.76
663,16:30:8:602,29.21,2.77,2.66,2.21,3.6,5.74,3,4.19,4.63
664,16:30:9:605,27.92,4.3,3.94,2.45,2.93,3.85,3.2,3.35,2.86
665,16:30:10:610,27.21,2.66,1.21,6.55,4.81,1.8,0.74,0.91,4.61
666,16:30:11:613,30.81,4.33,4.9,3.5,7.03,0.39,2.37,1.54,2.95
667,16:30:12:615,31.77,4.19,4.58,4.6,3.29,0.9,1.79,4.34,0.86
668,16:30:13:623,27.59,1.9,4.26,3.41,2.95,3.27,3.24,6.22,3.96
669,16:30:14:631,27.7,2.08,5.32,4.55,1,3.1,7.65,1.3,0.51
670,16:30:15:636,28.51,6.82,4.6,2.82,2.96,1.85,3.15,3.82,3.2
671,16:30:16:641,28.75,4.71,6.01,5.15,2.3,1.53,1.52,2.31,3.01
672,16:30:17:650,29.6,1.7,1.64,4.3,3.52,1.96,4.79,2.32,6.12
673,16:30:18:652,33.14,2.79,4.26,4.52,5.34,6.7,0.88,2.01,4.42
674,16:30:19:657,30.09,3.93,3.16,4.03,2.66,5.95,2.55,4.78,2.78
675,16:30:20:662,29.48,3.72,3.65,3.05,2.59,4.96,1.26,4.78,4.76
676,16:30:21:666,29.95,3.51,4.09,5.64,3.63,3.95,2.18,1.98,3.06
677,16:30:22:673,29.52,2.31,3.21,5.14,2.78,3.47,2.62,3.13,3.27
678,16:30:23:675,29.79,1.76,5.36,2.72,4.57,2.77,3.6,4.05,7
679,16:30:24:676,27.06,2.4,6.6,1.97,3.78,2.64,3.92,4.35,1.16
680,16:30:25:682,28.77,4.53,2.42,0.31,4.91,0.96,3.15,3.72,0.92
681,16:30:26:691,28.82,4.52,3.52,3.05,3.24,2.77,6.53,1.17,1.1
682,16:30:27:692,29.83,2.51,1.64,3.71,2.02,4.18,6.19,4.23,4.8
683,16:30:28:695,28.25,2.72,4.39,2.17,2.03,8.66,4.15,2.9,4.38
684,16:30:29:700,27.37,3.96,3,5.63,6.07,1.55,0.36,1.22,6.56
685,16:30:30:702,27.52,1.45,4.04,2.73,0.34,1.65,2.01,6.28,3.4
686,16:30:31:709,28.05,3.28,1.47,1.16,1.6,2.63,1.83,8.02,5.4
687,16:30:32:715,29.01,2.5,4.72,4.73,2.11,1.95,1.88,4.05,1.27
688,16:30:33:722,27.23,1.78,5.68,4.61,2.76,1.65,2.5,2.41,3.56
689,16:30:34:721,26.18,2.48,2.58,3.44,7.38,3.8,2.04,2.9,3.22
690,16:30:35:729,30.59,3.09,3.51,6.11,2.35,3.47,0.25,1.65,1.64
691,16:30:36:731,28.76,2.86,3.06,2.88,3.73,1.91,3.43,7.14,1.78
692,16:30:37:734,30.13,2.38,1.53,2.51,4.06,5.59,6.23,2.29,6.14
693,16:30:38:734,28.51,0.75,2.86,3.89,2.91,7.1,4.06,3.52,2.91
694,16:30:39:738,21.95,0.67,2.91,2.7,2.46,3.78,3.52,4.16,0.4
695,16:30:40:744,19.57,3.29,3.62,1.31,1.85,0.98,1.59,2.83,1.01
696,16:30:41:749,24.25,1.64,4.77,0.25,0.27,1.45,0.24,2.42,4.46
697,16:30:42:750,28.27,2.59,5.27,2.46,0.99,4.56,1.87,1.22,0.36
698,16:30:43:758,19.24,1.59,3.71,3.31,4.17,1.87,1.76,2.7,0.14
699,16:30:44:759,7.01,0.29,6.16,0.61,0.72,2.12,0.22,0.83,2.65
700,16:30:45:761,29.05,2.36,0.38,0.42,0.16,0.23,0.24,0.19,4.33
701,16:30:46:761,32.06,2.9,3.69,3.21,4.08,3.18,2.3,2.73,1.29
702,16:30:47:770,29.83,2.16,2.3,8.34,6.34,2.74,1.81,1.65,3.18
703,16:30:48:777,27.65,3.13,2.98,8.43,7.85,1.59,0.84,3.11,0.42
704,16:30:49:778,27.19,0.56,4.34,8.2,3.16,0.6,1.77,0.8,0.48
705,16:30:50:782,25.08,2.59,1.58,6.58,8.11,0.59,0.48,5.92,0.44
706,16:30:51:789,27.83,6.1,1.81,4.22,10.71,0.44,0.39,0.82,0.5
707,16:30:52:798,27.58,2.02,2.31,3.71,2.64,4.74,4.63,0.88,1.77
708,16:30:53:802,28.51,2.22,5.79,2.74,6.22,2.65,3.73,1.85,0.41
709,16:30:54:805,26.48,1.17,1.56,3.47,4.72,1.21,5.21,5.5,0.37
710,16:30:55:806,28.07,1.81,2.01,7.55,2.28,4.05,3.38,2.54,1.16
711,16:30:56:808,30.91,3.05,3.2,6.63,5.94,2.24,4.1,0.76,6.88
712,16:30:57:812,30.24,2.93,3.6,7.17,8.2,2.58,1.22,1.44,4.51
713,16:30:58:812,29.04,1.32,4.93,3.66,2.99,1.62,0.61,4.8,0.24
714,16:30:59:815,26.46,0.61,3.38,3.74,4.75,3.8,2.07,3.02,5.14
715,16:31:0:823,26.74,2.9,5.09,7.4,2.3,1.85,1.42,4.28,1.91
716,16:31:1:826,26.26,5.03,2.6,3.93,2.64,1,1.81,4,0.89
717,16:31:2:828,28.1,2.52,3.93,0.81,6.72,2.67,1.07,0.91,1.39
718,16:31:3:829,27,1.06,5.46,3.16,6.57,4.15,1.81,1.25,1.55
719,16:31:4:838,27.63,1.15,1.71,6.11,5.54,1.25,6.81,0.38,1.41
720,16:31:5:838,27.88,0.5,4.27,1.93,3.93,2.38,7.61,2.41,4.14
721,16:31:6:842,31.34,1.57,0.71,3.59,8.77,4.19,3.66,2.13,1.27
722,16:31:7:850,29.63,0.89,1.29,4.71,3.05,2.82,6.18,5.02,1.76
723,16:31:8:852,29.15,1.45,7.32,4.33,3.57,4.32,4.94,0.64,2.69
724,16:31:9:855,27.8,2.1,6.12,3.28,2.59,5.47,2.49,3.74,1.5
725,16:31:10:861,27.08,2.57,1.27,0.57,6.8,3.39,5.93,1.95,1.72
726,16:31:11:864,33.36,1.65,1.02,3.27,5.36,1.7,6.83,2.21,2.01
727,16:31:12:870,30.4,4.03,2.2,5.86,4.05,7.48,5.58,3.19,3.06
728,16:31:13:872,27.23,3.38,3.64,4.08,4.67,3,2.84,4.24,1.07
729,16:31:14:874,26.21,1.87,4.12,0.58,6.64,2.89,3.43,0.43,1.15
730,16:31:15:876,27.84,2.51,0.34,2.82,1.97,1.42,7.29,6.24,2.37
731,16:31:16:878,30.82,1.4,1.19,5.97,6.83,0.66,2.49,4.55,0.62
732,16:31:17:883,29.86,1.95,3.5,7.03,2.94,4.32,3.85,3.01,0.56
733,16:31:18:886,28.26,1.26,3.58,4.5,3.65,4.07,7.85,1.39,3.89
734,16:31:19:893,27.46,0.91,0.93,7.26,2.28,3.42,7.02,2.85,2.59
735,16:31:20:893,27.11,0.3,1.17,2.68,6.84,2.15,5.97,1.17,3.32
736,16:31:21:899,28.47,6.53,2.31,1.75,6.07,6,4.7,0.55,5.2
737,16:31:22:901,29.61,3.46,0.66,5.57,4.08,2.34,3.01,0.73,0.32
738,16:31:23:905,26.78,1.83,2.75,4.43,3.66,4.83,1.81,1.5,4.13
739,16:31:24:907,27.73,0.94,2.29,1.82,6.34,8.06,2.82,0.85,3.95
740,16:31:25:907,28.17,6.27,0.38,2.25,5.15,5.38,4.72,2.1,6.59
741,16:31:26:912,30.62,1.19,0.29,1.14,3.08,9.17,0.49,0.83,1.11
742,16:31:27:915,29.6,5.15,1.93,1.51,5.27,5.83,2.78,3.54,2.58
743,16:31:28:918,28.92,0.85,3.31,1.77,3.4,8.59,2.01,1.83,1.28
744,16:31:29:926,27.17,1.28,2.09,2.45,8.38,3.66,5.49,0.7,1.65
745,16:31:30:932,27.87,1.38,0.35,2.78,8.85,6.77,2.05,0.86,3.66
746,16:31:31:938,28.85,0.89,2.2,3.35,3.78,3.04,7.9,1.6,0.9
747,16:31:32:939,31.62,3.57,3.51,1.49,1.38,6.49,4.12,4.79,0.66
748,16:31:33:948,27.74,1.48,5.18,4.21,4.14,6.32,3.86,1.23,1.56
749,16:31:34:951,27.29,1.8,6.72,3.93,1.93,3.9,4.48,1.97,3.14
750,16:31:35:955,28.16,0.41,0.35,2.83,0.84,1.9,7.17,8.33,3.71
751,16:31:36:959,32.6,1.92,3.85,4.25,3.21,2.9,3.47,4.16,3.07
752,16:31:37:964,29.2,0.72,4.95,2.31,3.32,5.49,4.16,4.2,2.62
753,16:31:38:973,29.29,3.53,2.62,6.17,2.59,4.82,6.3,0.79,0.8
754,16:31:39:977,27.57,3.97,1.84,3.73,4.29,3.08,4.88,3.16,2.7
755,16:31:40:978,27.5,3.44,2.68,2.27,3.64,2.82,3.73,5.06,3.17
756,16:31:41:980,32.14,4.51,1.81,3.87,6.7,1.12,2.3,3.01,2.5
757,16:31:42:980,30.35,3.52,6.76,5.08,3.04,1.91,3.51,2.37,6.8
758,16:31:43:987,27.45,2.43,4.26,2.46,3.24,2.11,6.7,3.64,3.26
759,16:31:44:996,27.2,0.8,4.51,3.25,3.97,0.76,0.81,2.01,0.87
760,16:31:46:000,27.68,5.28,1.5,2.24,6.82,4.84,1.81,3.05,2.64
761,16:31:47:004,28.87,4.68,4.25,2.52,2.97,2.18,4.71,2.46,1.26
762,16:31:48:011,22.53,2.74,1.8,2.23,7.17,1.49,3.79,1.23,4.8
763,16:31:49:020,21.6,0.71,2.31,1.43,1.01,4.1,0.49,3.36,2.79
764,16:31:50:023,19.45,0.53,1.99,1.19,0.5,1.31,0.44,4.22,2.4
765,16:31:51:029,19.87,2.51,0.32,0.44,0.16,0.25,1.27,6.88,4.5
766,16:31:52:034,19.21,0.37,0.35,0.54,0.39,4.07,0.15,2.89,1.39
767,16:31:53:035,15.5,0.55,0.24,0.47,0.16,3.44,0.23,3.37,1.71
768,16:31:54:037,19.46,1.75,1.67,2.13,0.94,1.43,0.34,1.2,1.2
769,16:31:55:037,30.76,5.21,2.14,1.87,1.74,1.82,2,1.73,0.67
770,16:31:56:043,29.07,0.84,5.03,4.11,2.38,1.56,2.99,5.46,1.12
771,16:31:57:049,27.81,4.55,0.87,2.78,3.2,9.06,6.97,2.11,3.05
772,16:31:58:052,29.91,3.9,3.68,2.9,0.52,5.3,4.89,2.68,2.93
773,16:31:59:058,28.35,4.48,4.64,2,2.11,1.77,6.59,3.91,2.28
774,16:32:0:062,28.12,2.6,4.29,4.66,1.68,1.04,3.15,3.49,2.73
775,16:32:1:063,32.57,4.78,4.06,0.81,0.43,6.58,5.19,3.91,1.95
776,16:32:2:072,26.89,3.6,1.31,3.62,5.73,6.28,3.8,2.02,4.38
777,16:32:3:075,29.95,1.87,1.39,4.5,3.24,1.97,5.77,1.55,4.44
778,16:32:4:075,28.2,3.26,5.99,4.28,2.99,1.84,5.4,1.07,2.84
779,16:32:5:084,30.36,2.51,2.87,0.92,1.85,3.27,3.49,5.19,2.39
780,16:32:6:086,28.82,3.39,4.89,2.61,5.87,1.08,5.91,2.31,2.53
781,16:32:7:092,27.44,0.46,4.23,4.09,1.12,4.07,4.37,2.96,2.45
782,16:32:8:098,29.56,2.15,3.56,3.66,4.14,5.07,2.92,2.04,0.53
783,16:32:9:103,24.67,6.04,5.77,2.27,2.29,3.26,5.57,3.63,2.16
784,16:32:10:106,29.32,2.22,0.69,5,3,1.46,3.44,1.02,4.54
785,16:32:11:109,27.38,0.95,0.68,2.37,6.22,5.06,2.54,5.61,8.02
786,16:32:12:116,34.38,2.78,2.18,8.16,7.05,0.28,0.58,0.81,2.86
787,16:32:13:118,31.14,2.53,5.05,3.25,2.13,2.16,3.52,6.05,1.88
788,16:32:14:125,27.76,3.94,6.15,2.79,4.51,4.2,3.75,1.95,1.89
789,16:32:15:131,30.32,3.04,9.37,2.02,1.6,2.99,0.4,2.83,5.1
790,16:32:16:139,28.34,2.03,4.29,1.99,1.63,5.6,4.35,4.81,4.67
791,16:32:17:142,28.64,2.52,4.21,4.51,4.95,0.54,3,1.17,1.4
792,16:32:18:141,28.9,1.66,1.7,1.68,5.62,6.15,2.22,1.52,6.75
793,16:32:19:145,27.65,1.49,1.97,2.72,4.55,5.59,4.08,4.55,4.49
794,16:32:20:149,28.17,2.33,3.77,0.98,0.86,2.39,4.94,3.87,2.93
795,16:32:21:148,27.91,5.78,4.45,0.67,5.09,2.75,4.04,1.38,3.25
796,16:32:22:154,27.86,6.01,4.61,2.82,1.31,2.09,4.85,0.68,6.06
797,16:32:23:160,29.94,2.77,1.63,0.9,2.1,3.71,5.92,1.6,1.09
798,16:32:24:162,27.49,3.62,5.81,2.63,2.23,3.97,3.29,1.18,3.68
799,16:32:25:169,29.49,3.24,3.34,2.68,2.31,2.68,2.4,6.73,3.29
800,16:32:26:173,30.22,1.87,2.11,5.86,8.27,1.31,1.69,0.91,2.24
801,16:32:27:178,28.72,2.17,3.59,1.36,1.3,5.87,5.43,5.17,5
802,16:32:28:179,26.81,1.33,5.57,3.03,6.52,1.9,3.16,1.47,6.56
803,16:32:29:185,32.99,2.94,3.04,1.03,1.58,3.45,6.07,2.69,3.71
804,16:32:30:185,30.42,2.44,2.62,3.92,2.96,2,4.29,6.26,4.3
805,16:32:31:188,29.86,4.39,5.67,3.67,2.33,4.22,4.64,1.77,0.45
806,16:32:32:191,27.62,1.77,3.2,4.89,3.63,3.6,3.44,0.52,3.42
807,16:32:33:194,29.85,5.12,4.58,1.13,0.89,8.08,7.76,0.68,6.01
808,16:32:34:201,24.95,1.04,1.72,3.43,0.7,5.11,7.08,1.56,5.03
809,16:32:35:209,30.62,2.79,0.58,0.7,0.42,7.87,4.27,0.71,4.43
810,16:32:36:214,29.75,1.96,4.2,4.34,1.86,2.98,4.5,2.4,2.45
811,16:32:37:221,27.91,1.49,2.91,4.5,3.16,4.75,3.86,2.06,0.63
812,16:32:38:228,29.48,0.64,4.73,1.12,2.07,9.52,1.98,2.12,0.93
813,16:32:39:231,26.71,0.52,5.99,1.94,5.64,5.05,5.39,2.1,3.79
814,16:32:40:231,27.33,4.16,6.3,1.9,3.76,3.58,2.02,5.04,7.55
815,16:32:41:235,27.64,1.64,0.67,2.22,3.5,4.93,0.4,5,5.94
816,16:32:42:236,33.81,3.06,0.55,5.54,2.45,2.78,2.97,1.65,4.71
817,16:32:43:241,30.85,4.55,3.55,3.66,2.35,6.13,4.66,3.37,0.31
819,16:32:45:243,29.9,3.74,3.52,1.57,1.79,6.53,2.65,3.51,5.58
820,16:32:46:246,29.24,3.66,2.4,1.95,4.18,3.72,3.56,5.87,0.67
821,16:32:47:254,29.4,2.55,1.39,3.58,2.52,6.08,2.54,1.63,2.37
822,16:32:48:260,24.41,2.85,2.91,2.52,5.72,0.96,3.35,1.58,1.79
823,16:32:49:265,19.95,0.59,3.78,4.08,3.76,2.7,3.69,5.94,1.12
824,16:32:50:272,19.69,0.33,1.76,4.9,1.39,0.79,3.32,2.6,1.27
825,16:32:51:275,20.1,2.13,0.42,3.78,2.36,1.29,2.79,0.32,0.28
826,16:32:52:277,19.7,3.83,0.42,0.72,0.21,5.25,5.2,0.21,0.47
827,16:32:53:280,19.13,0.49,2.06,0.54,0.24,4.03,3.03,0.3,0.37
828,16:32:54:289,9.23,0.51,0.29,0.79,0.16,1.56,5.4,0.92,1.94
829,16:32:55:290,30.26,3.84,2.34,1.33,0.63,5.95,1.76,0.4,4.08
830,16:32:56:294,33.42,3.2,0.43,0.48,0.35,0.79,0.6,0.47,0.58
831,16:32:57:301,27.18,1.79,4.27,3.32,3.28,2.96,2.78,3.13,2.52
832,16:32:58:303,29.85,2.37,5.66,2.22,5.61,3.82,5.62,1.56,0.44
833,16:32:59:306,27.53,3.58,1.39,2.99,3.72,1.22,8,4.39,3.15
834,16:33:0:310,28.16,3.93,3.3,7.34,1.89,2.89,7.2,0.51,4.77
835,16:33:1:312,27.69,3.53,6.14,4.83,4.25,1.05,2.84,1.7,2.19
836,16:33:2:311,28.92,4.35,6.47,0.96,0.53,1.98,4.21,4.43,5.42
837,16:33:3:314,30.4,1.78,1.68,2.64,5.09,0.39,2.35,4.76,1.85
838,16:33:4:319,28.95,2.14,8.07,1.67,0.89,1.29,3.99,3.51,0.91
839,16:33:5:320,27.77,4.3,4.26,5.19,4.19,2.32,2.86,2.56,2.28
840,16:33:6:322,31.14,2.62,2.69,4.54,6.03,2.59,2.33,4.16,1.73
841,16:33:7:323,29.5,3.57,5.12,1.03,0.76,6.23,3.38,2.85,2.11
842,16:33:8:327,30.4,2.69,2.74,3.32,1.72,5.51,7.56,2.75,0.58
843,16:33:9:329,27.88,1.82,3.1,4.92,3.42,1.2,2.48,6.28,1.32
844,16:33:10:331,28.13,3.43,7.03,2.82,5.09,2.9,3.25,2.62,2.87
845,16:33:11:333,29.45,2.05,7.06,3.88,2.52,4.9,3.97,0.41,3.45
846,16:33:12:339,32.93,3.41,5.17,4.86,3.08,3.09,3.24,0.98,1.61
847,16:33:13:342,29.48,2.93,6.67,1.98,1.35,6.54,3.5,1.24,1.41
848,16:33:14:345,27.78,4.32,5.78,4.87,2.94,4.71,5.26,1.02,4.42
849,16:33:15:349,27.56,2.12,3.98,3.58,2.25,2.89,6.91,3.23,1.48
850,16:33:16:348,30.79,1.78,7.62,2.65,0.9,2.9,4,1.5,4.61
851,16:33:17:354,29.46,3.55,4.9,0.6,3.75,2.81,4.11,1.81,3.21
852,16:33:18:362,30.35,1.65,4.89,1.81,6.18,5.21,2.82,3.93,4.38
853,16:33:19:363,25.07,0.89,6.46,3.29,2.52,2.84,2.74,0.73,7.33
854,16:33:20:366,27.18,3.17,8.02,6.18,4.84,2.24,1.87,0.55,1.95
855,16:33:21:374,28.48,2.95,1.81,3.83,5.17,1.29,0.55,3.45,3.2
856,16:33:22:378,27.93,2.75,3,1.95,1.27,1.53,3.86,1.63,2.49
857,16:33:23:378,30.06,3.69,1.52,5.2,3.54,2.16,4.65,3.82,3.3
858,16:33:24:385,29.84,2.97,5.07,2.96,2.28,3.8,2.05,2.82,0.28
859,16:33:25:385,27.5,2.01,6.35,3.54,1.71,3.23,6.23,0.72,6.33
860,16:33:26:389,31.33,2.6,4.27,1.8,2.91,4.89,5.82,1.73,0.81
861,16:33:27:390,28.53,4.79,7.09,0.81,5.76,0.92,4.16,3.52,1.98
862,16:33:28:390,31.13,2.6,1.52,3.98,3.48,2.69,4.91,3.16,4.01
863,16:33:29:394,27.36,0.65,3.03,3.5,7.85,0.75,4.77,0.42,6.4
864,16:33:30:400,28.07,3.06,4.15,3.45,5.01,2.77,5.03,4.1,1.9
865,16:33:31:405,28.1,3.45,6.84,1.08,3.79,4.21,3.89,0.23,2.96
866,16:33:32:408,27.21,2.59,1.29,0.55,3.73,1.86,3.13,5.15,5.32
867,16:33:33:411,29.32,1.98,3.42,4.18,3.47,0.61,3.49,4.87,2.41
868,16:33:34:416,27.54,2.01,3.6,3.89,3.25,0.43,5.12,2.33,3.68
869,16:33:35:422,28.72,3.19,2.66,5.5,4.22,2.66,4.79,0.3,5.35
870,16:33:36:427,31.3,3.82,5.2,2.03,3.31,5.76,3.15,1.05,0.58
871,16:33:37:431,27.23,5.91,2.69,1.78,0.84,6.07,5.56,2.32,3.06
872,16:33:38:439,30.99,1.51,4.08,1.44,3.19,5.93,1.59,3.24,2.36
873,16:33:39:446,27.58,2.01,1.47,4.74,2.84,1.28,6.8,0.63,1.6
874,16:33:40:455,26.88,3.72,5.58,3.95,4.12,3.43,5.96,1.82,2.63
875,16:33:41:455,28.87,1.35,3.31,3.74,2.8,3.45,5,2.18,4
876,16:33:42:463,33.75,4.01,2.27,0.73,3.39,1.17,4.53,6.48,2.91
877,16:33:43:464,30.61,1.78,3.02,2,5.49,3.04,7.39,1.34,0.26
878,16:33:44:472,27.21,2.19,3.92,2.64,3.56,7.19,4.44,2.69,1.66
879,16:33:45:481,27.69,1.44,2.02,4.24,4.39,3.1,5.49,4.39,1.81
880,16:33:46:487,30.62,1.65,2.01,3.56,4.3,4.77,6.19,1.25,2.48
881,16:33:47:488,27.97,2.67,1.08,5.74,6.83,0.36,6.54,1.7,3.17
882,16:33:48:495,31.44,2.32,2.31,4.95,5.3,4.66,3.92,3.25,0.86
883,16:33:49:501,26.04,5.34,5.1,2.21,4.3,2.76,5.27,0.49,0.24
884,16:33:50:504,27.66,2.99,8.46,3.53,3.59,3.57,2.12,2.8,0.52
885,16:33:51:507,27.78,1.32,1.45,5.42,4.89,2.1,1.51,1.39,0.37
886,16:33:52:509,27.78,0.47,2.43,5.52,3.26,2.69,3.68,4.01,0.71
887,16:33:53:516,29.76,3.31,2.43,4.34,7.98,5.41,1.59,1.07,2.25
888,16:33:54:519,27.58,2.29,2.88,1.04,7.44,4.4,3.14,4.98,2.96
889,16:33:55:518,28.63,0.75,7.37,2.24,2.41,6.3,4.86,0.91,1.59
890,16:33:56:518,23.69,3.91,0.53,1.02,6.09,4.38,3.13,4.87,2.16
891,16:33:57:522,21.2,1.24,2.54,5.61,3.61,2.56,3.83,4.15,0.69
892,16:33:58:528,22.8,3.27,0.91,4.4,1.21,1.57,3.1,0.7,0.17
893,16:33:59:534,19.62,0.68,0.75,6.53,1.8,1.39,0.38,0.49,0.64
894,16:34:0:540,19.52,0.48,3.66,5.68,1.91,0.89,0.46,1.31,0.74
895,16:34:1:549,16.85,0.37,0.41,4.06,2.63,0.87,2.76,1.36,0.43
896,16:34:2:549,8.62,0.46,0.41,9.74,0.57,0.39,0.5,0.23,2.35
897,16:34:3:551,30.79,3.15,0.34,7.59,0.39,0.31,0.51,0.23,1.53
898,16:34:4:554,22.32,1.1,0.34,0.53,0.22,0.45,0.28,0.56,0.44
899,16:34:5:562,19.28,4.5,4.22,3.51,3.7,3.4,2.67,2.67,2.25
900,16:34:6:566,19.89,3.25,1.87,2.16,2.21,3.28,1.28,2.67,1.24
901,16:34:7:570,21.57,3.83,2.53,0.33,2.28,0.73,0.4,0.84,1.06
902,16:34:8:576,21.79,3.79,1.01,0.51,0.26,4.02,0.49,1.19,2.41
903,16:34:9:581,20.83,1.5,1.17,0.93,0.7,2.75,3.73,0.42,0.68
904,16:34:10:583,10.6,0.4,5.02,1.09,1.33,0.84,0.73,1.72,3.51
905,16:34:11:585,32.6,3.58,0.96,3.39,0.92,1.82,0.72,1.31,4.24
906,16:34:12:588,34.5,3.35,0.55,0.69,0.42,0.49,1.05,0.3,2.81
907,16:34:13:592,30.92,3.47,3.89,4.04,3.81,3.19,3.09,3.34,2.75
908,16:34:14:592,31.22,3.27,4.67,3.95,4.44,3.38,3.71,3.44,3.19
909,16:34:15:598,33.11,3.7,3.54,4.68,3.03,2.47,3.19,2.76,2.73
910,16:34:16:600,31.66,3.13,4.51,3.32,3.72,3.11,2.73,2.64,2.99
911,16:34:17:606,32.72,3.68,4.28,3.72,3.86,3.28,3.37,3,2.25
912,16:34:18:608,30.16,2.83,3.87,3.81,3.63,3.35,2.83,2.89,2.97
913,16:34:19:613,29.85,3.03,3.97,3.73,3.71,3.41,3.54,2.9,2.94
914,16:34:20:615,29.94,2.86,3.97,4.32,3.6,3.55,2.82,2.78,3.01
915,16:34:21:622,29.86,2.98,4.11,3.46,3.69,2.84,2.53,2.4,4.45
916,16:34:22:631,29.63,2.58,4.05,3.1,2.94,2.48,3.43,2.47,1.62
917,16:34:23:638,27.42,2.83,3.82,2.92,3.09,3.43,2.82,3.05,1
918,16:34:24:642,21.25,1.13,3.03,3.34,2.88,2.74,2.76,2.99,0.91
919,16:34:25:650,23.01,2.34,4.02,2.82,3.54,2.65,2.18,2.34,2.11
920,16:34:26:657,24.79,2.88,1.73,4.62,3.09,1.04,1.12,0.77,2.89
921,16:34:27:660,30.89,3.89,2.39,3.36,2.42,1.73,0.84,2.91,3.47
922,16:34:28:664,34.85,3.67,2.12,1.92,2.03,3.13,2.47,2.58,3.02
923,16:34:29:670,31.87,2.93,3.33,3.4,3.27,3.6,3.13,2.32,1.17
924,16:34:30:674,23.85,1.29,5.26,3.81,3.77,3.2,3.51,4.35,3.52
925,16:34:31:676,27.4,3.58,3.96,2.9,2.67,3.64,3.47,4.76,4.25
926,16:34:32:678,25.5,2.82,4.35,3.75,3.69,1.43,1.13,1.44,2.7
927,16:34:33:684,23.46,1.3,2.39,3.57,2.92,2.54,1.98,3.49,1.98
928,16:34:34:689,26.66,2.88,1.48,3.24,2.55,3.12,1.41,2.07,2.59
929,16:34:35:696,29.18,3.3,2.4,1.49,1.32,4.49,2.69,0.86,2.1
930,16:34:36:700,30.58,1.9,2.8,2.22,5.19,1.97,1.89,1.91,1.05
931,16:34:37:702,23.39,0.97,3.06,3.09,3.47,2.33,3.26,2.63,1.17
932,16:34:38:707,25.75,2.53,3.65,2.85,2.28,4.6,4.94,3.73,4.3
933,16:34:39:712,21.19,0.78,1.05,3.58,2.06,1.64,0.99,5.99,0.75
934,16:34:40:717,20.52,0.4,2.87,4.18,2.72,1.15,3.11,2.75,2.74
935,16:34:41:721,22.34,1.27,1.07,3.73,1.91,1.24,0.54,1.65,1.81
936,16:34:42:723,25.68,2.25,3.86,2.47,2.19,0.51,0.36,3.76,1.36
937,16:34:43:730,15.67,1.47,1.85,1.44,2.51,1.65,0.64,3.95,4.37
938,16:34:44:739,34.71,2.63,3.18,2.09,3.09,2.25,3.24,2.24,0.81
939,16:34:45:739,22.67,1.59,1.38,1.2,0.95,1.06,1.35,1.24,0.58
940,16:34:46:746,13.68,0.4,4.18,3.89,4.1,3.57,4,3.64,1.88
941,16:34:47:748,24.04,2.45,2.46,1.36,2.93,2.57,4.06,0.55,2.93
942,16:34:48:751,29.87,2.99,1.15,0.86,0.7,0.44,1.85,1.53,0.96
943,16:34:49:757,19.33,1.49,2.53,2.63,3.16,2.33,1.98,1.66,3.01
944,16:34:50:760,28.79,2.32,4.15,3.71,3.35,3.41,3.21,2.47,3.07
945,16:34:51:762,28.56,3.21,1.79,2.55,3.52,1.25,1.73,0.99,2.37
946,16:34:52:767,23.64,1.07,2.8,3.59,3.75,3.39,2.1,2.58,1.56
947,16:34:53:770,21.52,1.27,4.47,3.15,2.64,2.35,2.27,2.37,2.48
948,16:34:54:776,20.78,2.08,4.26,1.16,1.06,3.12,3.62,2.38,0.32
949,16:34:55:786,11.81,0.39,2.54,1.36,1.28,2.32,1.95,2.39,1.35
950,16:34:56:787,19.41,1.89,3.52,1.35,0.6,0.86,1.69,1.22,3.05
951,16:34:57:789,29.42,3.24,0.45,0.85,0.32,1.44,0.75,0.89,3.09
952,16:34:58:794,32.75,3.52,2.34,2.1,2.07,1.54,1.54,1.2,2.19
953,16:34:59:804,23.96,1.49,4.56,2.59,2.9,2.87,2.42,2.7,2.07
954,16:35:0:809,26.18,2.6,5.78,4.3,3.23,3.98,3.26,2.16,2.17
955,16:35:1:818,26.03,3.3,2.47,1.65,2.95,3.69,2.06,2.55,1.27
956,16:35:2:822,19.67,0.63,3.28,2.62,2.57,2.65,2.73,1.72,0.66
957,16:35:3:823,19.66,4,2.31,1.72,2.23,2.42,5.99,1.12,0.77
958,16:35:4:829,14.14,0.63,0.71,0.8,1.51,1.89,2.08,3.87,1.17
959,16:35:5:834,16.95,1.38,1.62,1.26,2.02,0.63,1.73,0.66,3.62
960,16:35:6:839,26.37,3.22,2.08,1.01,1,1.26,1.24,0.57,1.38
961,16:35:7:841,21.62,2.03,1.78,1.74,1.55,1.36,1.31,1.1,0.64
962,16:35:8:850,20.7,1.66,4.03,2.27,3.18,1.34,1.76,1.68,2.62
963,16:35:9:854,21.43,0.91,2.57,0.79,1.6,0.53,0.48,5.67,2.22
964,16:35:10:858,20.93,1.02,2.44,1.08,2.55,3.49,1.18,1.95,4.89
965,16:35:11:858,25.3,1.65,4.58,1.43,0.65,1.33,1.27,2.41,1.47
966,16:35:12:861,20.01,1.44,0.86,0.7,3.7,0.59,0.58,5.13,1.77
967,16:35:13:865,22.73,1.9,1.95,2.06,1.56,1.7,2.13,2.86,1.85
968,16:35:14:874,27.84,2.37,1.39,1.19,1.82,1.29,2.97,2.56,0.42
969,16:35:15:881,18.51,0.97,3.02,2.58,2.07,1.9,1.84,1.82,0.4
970,16:35:16:888,8.37,0.39,3.95,3.29,2.09,2.68,2.43,3.83,2.11
971,16:35:17:889,28.14,2.26,4.83,0.53,1,1.32,0.38,1.63,1.38
972,16:35:18:891,24.72,1.53,0.54,0.48,0.55,0.46,0.35,0.25,0.47
973,16:35:19:891,21.48,0.49,4.67,3.15,2.97,3.03,2.23,2.12,0.25
974,16:35:20:897,19.83,0.97,3.05,2.74,1.32,2.2,5.4,1.27,0.26
975,16:35:21:906,20.02,0.48,3.42,1,0.62,3.91,4.14,1.26,0.37
976,16:35:22:908,19.75,0.48,0.37,0.52,0.72,2.75,7.19,0.64,2.05
977,16:35:23:917,17.28,0.59,0.28,0.69,0.42,2.57,6.46,2.37,0.89
978,16:35:24:924,13.65,0.8,0.59,0.69,8.79,0.26,0.76,1.21,2.19
979,16:35:25:929,27.45,2.97,0.98,0.67,1.11,1.22,2.99,0.59,2.7
980,16:35:26:938,23.09,4.39,2.41,1.36,1.19,0.72,0.33,0.29,0.49
981,16:35:27:940,14.51,1.6,3.83,2.56,2.41,2.35,3.19,1.96,1.08
982,16:35:28:940,16.05,1.65,3.74,1.14,0.97,2.11,1.75,0.55,2
983,16:35:29:942,30.14,3.52,1.52,0.67,1.2,0.73,0.26,0.91,1.39
984,16:35:30:950,24.92,2.13,1.69,1.73,1.11,1.21,1.3,0.99,2.01
985,16:35:31:956,27.82,3.6,4.64,4.82,4.01,2.03,2.93,1.8,0.97
986,16:35:32:960,23.09,1.3,3.09,3.87,1.91,3.16,1.87,1.78,0.36
987,16:35:33:963,22.48,2.68,3.94,3.44,3.09,1.63,3.69,1.96,2.44
988,16:35:34:964,25.43,2.64,1.31,3.91,2.94,2.4,1.36,4.33,2.12
989,16:35:35:968,28.88,2.66,2.09,1.89,2.51,3.94,3.04,1.15,1.31
990,16:35:36:972,23.43,1.42,3.61,3.39,2.65,1.5,2.58,1.32,2.81
991,16:35:37:978,29.02,2.97,3.84,4.37,2.73,1.99,2.94,2.43,0.26
992,16:35:38:987,9.27,0.48,1.91,5.85,1.74,1.47,1.33,1.72,2.37
993,16:35:39:991,30.08,3.74,3.1,2.93,3.45,2.41,2.75,3.44,1.3
994,16:35:40:994,26.1,2.22,0.87,0.6,0.47,0.46,0.46,0.48,2.27
995,16:35:42:000,30.7,3.04,4.05,2.72,3.52,2.63,2.43,3.13,2.85
996,16:35:43:004,31.97,3.02,5.29,2.37,4.05,1.73,1.56,1.61,1.08
997,16:35:44:004,23.62,2.48,4.89,3.66,2.65,2.93,3.74,2.68,2.1
998,16:35:45:009,20.89,2.05,3.69,2.93,3.23,2.95,4.3,4.66,0.86
999,16:35:46:013,20.28,1.51,2.34,3.42,4.04,1.74,2.15,0.74,0.32
1000,16:35:47:023,9.38,0.76,3.5,2.32,0.79,1.33,1.04,0.97,1.64
1001,16:35:48:028,21.17,2.16,2.79,2.62,2.94,0.5,1.5,0.59,1.09
1002,16:35:49:032,23.47,2.94,0.39,0.37,0.32,0.51,0.92,0.31,1.41
1003,16:35:50:037,20.1,2.37,2.44,1.98,2.1,1.58,1.57,1.62,1.68
1004,16:35:51:042,26.07,2.03,2.19,2.42,3.33,1.92,2.54,0.89,0.53
1005,16:35:52:047,12.15,1.34,2.83,1.57,1.58,1.35,1.48,0.97,2.47
1006,16:35:53:048,27.68,2.64,4.8,3.6,4.17,1.58,1.76,1.24,1.48
1007,16:35:54:049,17.4,2.04,1.06,1.01,0.61,0.74,0.57,0.57,0.9
1008,16:35:55:054,16.46,1.89,3.79,2.44,3.67,2.03,2.29,2.96,2.22
1009,16:35:56:056,26.74,2.78,3,1.18,0.58,1.52,1.83,0.93,1.96
1010,16:35:57:057,23.31,1.41,2.16,1.19,1.06,1.23,1.14,1.08,1.98
1011,16:35:58:059,25.45,2.05,3.47,2.97,2.84,2.8,1.84,1.96,2.07
1012,16:35:59:061,28.2,2.66,2.18,2.87,4.94,1.67,1.24,1.15,2.49
1013,16:36:0:069,30.19,2.89,3.91,2.5,2.48,2.33,2.19,2.13,2
1014,16:36:1:072,23.35,1.75,3.55,3.38,2.69,3.21,2.63,2.06,1.78
1015,16:36:2:075,28.54,3.08,5.55,2.77,4.73,2.39,2.83,2.19,2.87
1016,16:36:3:075,27.99,2.42,3.52,1.7,2.06,1.29,3.25,1.28,2.14
1017,16:36:4:077,27.59,2.36,4.22,3.35,3.3,2.21,2.08,2.74,2.65
1018,16:36:5:085,32.31,3.87,3.85,2.8,3.1,2.36,2.48,2.07,2.18
1019,16:36:6:085,29.64,3.37,3.7,3,3.48,2.92,2.05,1.96,1.82
1020,16:36:7:092,24.32,1.46,4.1,3.7,3.85,3.1,3.71,2.64,0.9
1021,16:36:8:094,13.97,0.99,3.96,2.63,3.31,2.8,3.11,2.67,2.94
1022,16:36:9:093,28.15,1.97,3.15,3.17,2.72,2.39,1.83,2.28,1.11
1023,16:36:10:097,24.52,1.49,1.46,1.11,1.14,0.91,0.96,0.87,1.7
1024,16:36:11:104,20.3,2.81,2.5,2.32,3.85,3.47,3.66,2.54,1.53
1025,16:36:12:105,26.93,1.87,2.35,2.92,4.5,2.52,4,1.38,1.36
1026,16:36:13:114,12.81,0.74,0.96,1.82,1.49,1.42,1.58,1.52,2.8
1027,16:36:14:115,31.66,3.41,3.33,4.18,2.51,2.26,3.26,2.89,1.37
1028,16:36:15:122,27.75,2.74,0.99,1.08,0.38,0.76,1.35,0.54,0.9
1029,16:36:16:125,16.01,1.86,3.46,3.45,3.98,3.65,2.75,3.24,1.1
1030,16:36:17:129,18.02,1.84,3.97,4.62,3.9,2.08,2.3,1.6,2.69
1031,16:36:18:133,30.26,3.44,1.57,2.17,1.29,1,0.86,1.05,2.85
1032,16:36:19:139,31.34,2.73,2.07,1.75,1.59,1.53,1.33,1.27,2.9
1033,16:36:20:142,32.89,4.05,3.94,3.09,3.56,2.91,2.6,2.6,2.35
1034,16:36:21:143,27,3.22,4.22,3.38,4.11,3.85,3.28,2.55,1.04
1035,16:36:22:146,20.76,0.6,4.37,3.63,3.86,2.99,3.2,3.63,2.01
1036,16:36:23:148,19.89,1.17,3.85,2,1.94,3.2,2.25,4.18,1.75
1037,16:36:24:154,18.58,1.13,1.48,2.54,0.57,5.57,2.57,0.73,0.46
1038,16:36:25:155,11.93,1.22,0.66,0.85,3.16,0.76,3.67,0.56,3.37
1039,16:36:26:164,31.72,2.98,1.63,1.21,1.88,0.95,1.94,0.91,2.55
1040,16:36:27:172,25.88,2.44,1.54,0.94,0.36,0.65,0.58,0.35,1.75
1041,16:36:28:180,28.03,2.03,3.86,3.81,3.08,2.85,3.34,3.6,2.91
1042,16:36:29:182,31.69,2.83,3.63,2.08,2.74,2.01,2.24,2.76,0.92
1043,16:36:30:183,24.53,2.84,3.65,2.92,3.75,3.67,3.91,2.1,0.16
1044,16:36:31:187,7.26,0.3,4.25,3.99,3.79,3.03,4.09,2.63,1.97
1045,16:36:32:191,27.4,2.45,2.66,1.26,2.63,3.15,3.72,1.28,2.5
1046,16:36:33:194,25,0.78,0.35,0.4,0.19,0.38,0.24,0.18,2.15
1047,16:36:34:194,19.4,0.74,3.87,3.02,3.4,2.45,2.96,2.42,3.06
1048,16:36:35:199,21.77,1.96,2.85,2.27,2.82,2.26,3.97,2.77,0.47
1049,16:36:36:206,14.71,1.38,1.95,0.91,0.53,2.64,0.57,2.9,1.71
1050,16:36:37:209,24.34,2.05,2.62,2.48,2.12,0.79,0.73,1.49,2.69
1051,16:36:38:217,30.44,3.1,0.76,0.91,0.45,1.1,1.73,0.88,3.41
1052,16:36:39:223,33.11,3.36,2.61,1.85,1.77,2.19,2.73,3.11,3.24
1053,16:36:40:230,32.02,3.78,4.07,2.95,3.01,3.76,2.9,2.68,3.56
1054,16:36:41:238,31.01,2.95,4.07,3.74,3.27,3.63,3.56,3.21,3.47
1055,16:36:42:241,35.87,3.94,4.39,3.45,3.15,3.3,2.89,3.09,1.61
1056,16:36:43:248,25.26,2.4,3.88,3.43,2.87,2.97,3.21,2.95,0.51
1057,16:36:44:256,19.24,1.49,4.12,4.38,3.85,3.69,4.37,3.97,2.22
1058,16:36:45:264,20.98,2.98,3.78,2.89,1.26,2.46,3.5,1.63,0.32
1059,16:36:46:269,17.98,0.58,5.87,0.83,1.34,0.88,0.31,0.52,0.31
1060,16:36:47:274,17.88,0.85,2.66,0.9,2.19,1.66,1.71,0.36,0.77
1061,16:36:48:277,21.07,1.84,1.39,4.22,1.5,0.33,1.18,0.39,0.64
1062,16:36:49:281,23.09,2.88,0.44,6.48,0.5,0.54,0.56,0.6,2.96
1063,16:36:50:285,26.66,3.01,1.64,3.55,1.14,1.96,2.32,1.15,1.98
1064,16:36:51:291,27.9,2.56,1.62,2.62,5.01,1.26,1.28,0.96,1
1065,16:36:52:296,19.25,1.36,2.18,1.76,1.77,1.78,5.98,2.09,0.81
1066,16:36:53:300,21.28,2.61,3.47,2.06,2.15,3.92,4.1,1.93,1.57
1067,16:36:54:307,21.71,2.51,1.65,0.81,0.4,3.1,1.72,1.75,0.37
1068,16:36:55:309,22.63,2.53,1.18,1.33,1.47,2.52,1.81,2.4,0.24
1069,16:36:56:313,18.92,0.72,2.56,2.26,1.77,1.54,0.57,1.94,0.17
1070,16:36:57:322,7.72,0.36,2.17,4.37,2.07,1.55,1.65,0.81,2.81
1071,16:36:58:323,27.87,2.36,0.91,1.91,4.03,0.79,1.87,0.7,1.85
1072,16:36:59:326,33.61,2.75,0.24,0.68,0.27,0.31,0.19,0.3,6.43
1073,16:37:0:331,30.75,2.89,3,3.68,3.2,3.14,2.21,2.25,0.99
1074,16:37:1:335,28.71,0.67,4.18,2.81,2.78,5.71,5.63,6.21,2.36
1075,16:37:2:344,28.18,2.59,3.22,1.69,1.09,4.03,6.86,2.79,2.14
1076,16:37:3:349,27.62,0.49,1.83,5.02,5.58,2.8,6.16,2.49,5.58
1077,16:37:4:351,29.69,3.26,1.26,4.58,4.16,3.31,3.28,3.95,2.26
1078,16:37:5:357,32.55,2.07,5.44,5.57,4.28,3.24,1.21,3.06,3.85
1079,16:37:6:364,28.68,0.99,1.41,1.48,3.65,3.98,6.72,1.47,3.75
1080,16:37:7:372,30.38,2.34,3.13,4.17,3.45,4.7,8.22,2.74,1.79
1081,16:37:8:375,28.59,3.37,2.02,0.5,6.35,6.61,3.83,2.12,5.11
1082,16:37:9:376,30.57,2.69,2,3.16,3.53,3.16,6.82,3.25,1.6
1083,16:37:10:377,31.65,2.55,1.62,5.77,3.77,3.5,4.19,2.07,2.63
1084,16:37:11:383,28.37,1.13,4.77,3.55,1.1,4.64,3.82,2.31,5.29
1085,16:37:12:384,31.91,3.48,6.83,2.23,2.05,6.47,3.21,4.78,4.01
1086,16:37:13:389,27.5,2.56,0.64,3.49,4.76,3.63,6.58,3.02,1.29
1087,16:37:14:396,29.15,1.41,2.09,3.22,4.39,4.35,4.34,2.89,4.65
1088,16:37:15:396,29.51,2.09,1.11,2.11,6.72,3.67,1.7,2.23,1.83
1089,16:37:16:396,26.85,1.69,3.5,3.1,3.83,2.35,8.04,3.17,2.25
1090,16:37:17:400,26.33,0.6,7.5,2.58,1.28,0.59,3.58,5.29,6.58
1091,16:37:18:402,27.9,1.27,3.09,0.61,0.96,7.88,3.42,4.21,3.89
1092,16:37:19:409,31.85,2.44,0.58,4.1,4.42,1.67,3.65,6.07,2.07
1093,16:37:20:412,29.33,2.42,0.75,7.87,3.67,3.09,0.87,0.82,5.86
1094,16:37:21:415,29.84,1.6,4,2.29,4.72,6.63,1.31,4,2.75
1095,16:37:22:420,28.22,0.87,2.68,4.57,2.42,5.33,5.57,2.04,2.54
1096,16:37:23:421,26.72,3.06,3.11,2.05,2.47,4.19,4.21,3.92,2.42
1097,16:37:24:427,28.54,1.66,1.37,4.96,2.81,4.25,4.05,4.12,0.22
1098,16:37:25:429,28.81,1.95,4.92,4.34,1.52,3.77,1.71,2.03,1.85
1099,16:37:26:434,27.94,2.87,1.94,3.6,2.53,6.5,2.74,4.13,5.46
1100,16:37:27:438,27.35,1.6,6.4,2.38,4.32,3.4,5.54,2.35,2.01
1101,16:37:28:439,28,2.63,3.21,4.18,1.89,7.38,1.69,2.45,2.35
1102,16:37:29:443,31.68,4.62,1.9,2.9,5.97,4.87,0.75,0.67,1.9
1103,16:37:30:444,30.34,3.58,3.74,1.03,3.57,1.17,5.91,5.18,5.98
1104,16:37:31:447,30.32,3.48,1.44,5.99,5.03,3.54,1.43,4.65,3.57
1105,16:37:32:449,27.95,2.4,1.91,5.95,3.41,5.36,4.53,1.89,1.52
1106,16:37:33:458,26.41,3.68,3.34,0.71,1.7,2.43,5.63,4.49,1.12
1107,16:37:34:463,28.89,2.6,3.33,2.51,2.35,6.24,3.06,1.27,2.26
1108,16:37:35:465,29.37,2.12,1.72,5.08,1.78,0.36,4.07,5.5,3.49
1109,16:37:36:471,27.58,3.66,3.35,0.55,0.82,3.91,8.84,4.48,0.82
1110,16:37:37:479,27.84,0.97,3.52,4.09,2.59,5.89,5.08,1.57,2.62
1111,16:37:38:483,26.89,2.75,1.45,1.34,1.59,3.77,5.28,4.83,2.7
1112,16:37:39:484,31.72,2.84,4.3,2.94,2.46,4.95,8.75,0.21,2.64
1113,16:37:40:486,31.5,3.09,4.33,3.37,1.66,3.4,3.34,2.68,3.05
1114,16:37:41:488,27.94,1.22,1.42,2.28,5.63,4.79,5.13,4.32,4.27
1115,16:37:42:488,31.94,3.46,2.35,3.8,4.56,2.79,5.72,4.44,3.18
1116,16:37:43:492,27.06,3.92,3.62,4.76,5.07,3.04,3.46,1.24,0.79
1117,16:37:44:493,27.28,2.58,3.64,3.03,3.01,3.59,5.03,4.63,0.79
1118,16:37:45:498,29.15,3.81,1.83,2.42,4.57,2.99,2.15,2.79,2.91
1119,16:37:46:501,26.98,1.48,3.32,5.39,3.65,2.56,3.3,2.46,1.73
1120,16:37:47:501,27.64,1.86,2.25,2.07,5.31,3.05,6.52,3.16,1.36
1121,16:37:48:510,27.64,3.74,3.99,1.55,4.57,2.76,5.36,1.64,1.2
1122,16:37:49:512,30.51,2.72,0.49,4.02,2.22,1.82,4.66,8.27,5.92
1123,16:37:50:512,31.67,2.46,2.47,2.53,1.21,2.31,7.23,4,5.56
1124,16:37:51:513,30.55,4.55,1.54,6.58,2.65,5.03,3.78,4.6,5.93
1125,16:37:52:515,27.73,5.46,2.24,2.88,5.55,3.7,5.73,1.53,2.5
1126,16:37:53:518,28.44,6.2,2.83,3.16,4.33,3.59,2.18,1.55,2.93
1127,16:37:54:526,28.12,1.45,1.96,0.5,1.29,3.04,3.17,3.62,3.2
1128,16:37:55:526,30.45,4.24,2.16,0.39,1.01,4.68,5.61,3.32,2.65
1129,16:37:56:528,28.19,0.96,4.58,0.87,0.35,5.27,5.92,4.11,8.51
1130,16:37:57:530,25.28,1.2,1.94,1.05,1.46,6.42,5,5.27,0.34
1131,16:37:58:535,21.44,1.9,0.56,1.95,5.02,4.24,6.4,3.74,1.35
1132,16:37:59:540,23.93,0.92,2.96,0.49,2.29,0.59,1.53,3.6,1.79
1133,16:38:0:541,23.82,2.35,3.19,3.67,0.38,3.59,0.74,1.14,1.09
1134,16:38:1:541,23.57,4.64,1.13,4.52,0.91,3.67,1.86,3.86,2.27
1135,16:38:2:548,19.43,2.31,2.62,1.57,1.82,6.35,0.55,1.47,1.3
1136,16:38:3:551,19.9,0.53,3.01,1.22,0.86,2.04,0.53,4.65,2.63
1137,16:38:4:560,19.65,1.21,4.32,0.52,1.28,0.65,0.23,0.81,4.64
1138,16:38:5:565,22.05,2.22,3.7,2.03,1.44,1.52,0.3,2.43,0.45
1139,16:38:6:566,18.97,0.43,6.39,0.38,0.25,0.35,0.13,1.72,0.22
1140,16:38:7:574,11.69,0.34,1.5,0.52,2.98,2.52,0.37,1.43,1.75
1141,16:38:8:583,21.33,1.84,2.37,0.4,0.19,7.77,0.25,0.79,6.28
1142,16:38:9:591,32.11,3.03,0.51,0.26,1.6,2.02,0.3,0.48,1.06
1143,16:38:10:600,31.19,2.8,2.09,2.35,2.11,2.28,1.96,1.91,0.71
1144,16:38:11:602,29.3,2.56,2.36,4.55,3.2,1.66,3.95,5.08,3.76
1145,16:38:12:608,34.91,2.96,7.27,5.1,5.84,1.53,3.2,2.1,3.74
1146,16:38:13:611,29.2,2.79,5.1,2.01,6.57,5.75,1.08,2.35,4.47
1147,16:38:14:615,28.33,1.44,5.57,4.9,5.22,3.55,4.21,3.41,2.13
1148,16:38:15:618,29.71,4.68,3.55,1.58,2.89,4.51,1.23,5.86,1.63
1149,16:38:16:627,27.15,0.92,4.38,2.14,2.81,3.09,1.39,5.67,0.37
1150,16:38:17:631,27.61,2.79,8.22,4.42,1.83,3.09,0.85,2.09,2.67
1151,16:38:18:638,29.68,3.33,10.1,1.38,0.81,2.58,1.83,4.9,2.22
1152,16:38:19:646,29.84,1.6,7.12,2.31,4.75,6.17,0.56,0.47,2.26
1153,16:38:20:651,29.43,5.03,1.57,1.35,3.95,4.55,7.42,1.96,3.61
1154,16:38:21:657,29.38,1.92,1.85,4.18,2.23,4.07,5.11,5.81,5.64
1155,16:38:22:659,27.71,5.14,4.3,3.59,3.37,2.64,2.29,3.85,1.33
1156,16:38:23:661,28.07,1.88,1.95,5.29,4.02,1.74,6.13,2.21,2.83
1157,16:38:24:669,28.37,1.31,1.92,1.48,0.45,1.17,7.29,1.79,2.66
1158,16:38:25:678,28.99,2.84,3.21,6.59,2.66,1.37,7.5,0.63,2.67
1159,16:38:26:680,27.56,0.84,4.18,2.87,5.44,4.03,0.48,4.25,0.31
1160,16:38:27:685,27.8,4.22,3.9,1.81,1.09,4.9,6.18,3.41,4.91
1161,16:38:28:693,28.26,1.29,4.21,0.92,1.35,4.68,5.87,3.97,4.09
1162,16:38:29:697,30.03,2.22,1.5,0.61,2.57,5.71,4.87,5.27,1.52
1163,16:38:30:697,28.87,4.06,6.74,2.7,2.73,3.84,2.54,0.47,1
1164,16:38:31:704,28.22,2.58,7.71,2.8,3.45,2.9,1.77,2.18,3.26
1165,16:38:32:705,27.29,3.99,6.05,1.77,2.58,6.48,2.11,1.75,3.6
1166,16:38:33:707,27.36,0.75,5.87,1.47,1.64,4.47,6.25,2.25,0.42
1167,16:38:34:707,28.6,2.22,4.26,2.93,1.46,2.26,3.76,2.07,1.66
1168,16:38:35:715,28.53,2.09,2.88,1.63,3,6.07,3.57,2.75,2.1
1169,16:38:36:718,27.78,5.36,2.4,4.58,2.24,3.52,5.32,4.61,0.95
1170,16:38:37:724,28.34,3.25,3,3.98,5.37,1.87,0.42,7.9,2.36
1171,16:38:38:726,27.94,1.65,3.88,3.9,1.33,1.99,2.59,3.47,4.23
1172,16:38:39:729,32.29,3.41,3.41,1.43,2.56,7.82,4.94,1.03,3.44
1173,16:38:40:735,29.71,6.08,2.6,4.05,2.78,5.82,3.99,1.96,3.39
1174,16:38:41:744,30.78,4.16,4.23,2.62,4.53,2.35,6.18,2.01,1.12
1175,16:38:42:753,29.66,2.57,6.06,1.75,0.84,3.81,4.51,1.06,1.57
1176,16:38:43:758,27.82,2.04,4.11,2.43,2.9,2.04,6.22,3.48,3
1177,16:38:44:760,28.26,1.69,3.34,5.03,3.32,2.21,4.9,5.38,2.48
1178,16:38:45:770,29.12,2.13,2.7,3.87,0.47,4.23,5.2,4.42,4.73
1179,16:38:46:773,27.54,1.37,1.89,5.15,5.18,2.56,2.56,3.15,2.71
1180,16:38:47:780,27.94,3.99,2.78,3.12,2.69,7.1,3.83,2.34,3.08
1181,16:38:48:779,27.2,2.16,2.85,2.33,2.34,3.63,4.96,2.35,5.07
1182,16:38:49:788,29.74,2.79,2.47,0.95,1.75,3.27,5.41,4.36,4.82
1183,16:38:50:793,31.13,4.8,4.16,2.79,0.82,4.42,5.67,0.72,3.52
1184,16:38:51:802,31.68,5.7,0.83,3.48,1.67,3.48,3.39,6.4,2.1
1185,16:38:52:804,27.3,3.44,6.62,3.27,2.8,2.6,1.48,2.43,3.46
1186,16:38:53:813,26.38,4.22,6.78,1.36,3.61,2.09,3.2,3.25,2.9
1187,16:38:54:816,26.14,2.13,4.4,4.07,2.13,2.4,4.6,2.06,4.74
1188,16:38:55:820,29.51,2.01,3.86,1.67,2.17,3.55,0.51,4.63,1.86
1189,16:38:56:822,27.46,0.75,5.58,1.08,3.76,1.66,1.89,4.38,1.24
1190,16:38:57:824,27.2,1.78,5.97,2.19,3.37,0.73,4.53,4.45,5.06
1191,16:38:58:829,27.04,1.7,6.42,2.22,0.53,6.31,4.7,2.38,4.38
1192,16:38:59:834,29.25,4.06,1.39,4.78,3.58,4.69,6.05,1.43,3.4
1193,16:39:0:838,30.39,3.44,2.79,1.19,3.05,5.45,2.86,2.73,2.81
1194,16:39:1:842,23.52,2.37,4.07,4.55,3.27,3.46,1.44,1.73,6.52
1195,16:39:2:847,18.71,0.5,4.92,2.6,1.15,5.13,1.9,6.17,1.77
1196,16:39:3:857,18.89,0.38,2.16,1.44,3.7,1.98,0.63,3.74,1.41
1197,16:39:4:866,18.95,1.67,0.21,0.68,0.14,0.35,1.92,2.63,1.1
1198,16:39:5:871,21.33,1.92,0.19,0.6,0.17,1.16,6.71,2.04,0.28
1199,16:39:6:879,10.47,0.31,0.31,0.85,0.57,3.94,2.55,1.93,2.06
1200,16:39:7:879,20.88,1.83,1.21,1.02,0.31,3.27,5.19,2.22,3.91
1201,16:39:8:884,31.56,2.52,0.71,0.62,0.24,0.46,0.81,1.4,3.87
1202,16:39:9:892,26.88,1.6,1.97,2.45,1.87,1.96,2.23,1.87,3.12
1203,16:39:10:895,29.69,2.34,3.38,8.08,6.47,2.22,2.4,1.68,2.82
1204,16:39:11:895,33,3.7,4.23,3.34,5.06,0.55,5.35,1.33,3.31
1205,16:39:12:899,31.92,3.3,2.24,4.98,7.65,2.98,3.56,1.72,2.08
1206,16:39:13:901,28.5,3.34,4.14,2.34,5.09,5.45,6.01,2.93,0.64
1207,16:39:14:906,26.52,2.44,3.69,5.82,4.16,5.13,3.84,2.03,3.69
1208,16:39:15:911,28.54,2.41,4.02,2.29,3.07,2.89,5.37,3.5,1.9
1209,16:39:16:915,26.76,4.5,3.47,4.54,9.83,0.56,2.84,0.41,1.2
1210,16:39:17:918,26.59,2.24,3,4.71,6.12,3.65,1.05,2.79,5.89
1211,16:39:18:920,30.01,1.93,2.62,2.11,5.69,4.24,2.84,1.04,2.56
1212,16:39:19:925,28.11,1.55,2.74,6.5,6.64,2.05,2.3,0.83,1.43
1213,16:39:20:928,29.54,6.61,3.44,3.96,3.4,3.28,4.22,2.35,2.75
1214,16:39:21:932,26.31,2.66,3.13,4.51,3.72,4.19,4.77,2.08,0.51
1215,16:39:22:932,26.61,6.21,4.07,3.52,6.38,2.33,2.81,1.62,1.73
1216,16:39:23:935,27.59,1.99,2.74,3.08,6.59,1.07,2.62,3.23,0.83
1217,16:39:24:937,26.75,5.44,5,4.44,6.17,0.39,1.71,0.27,0.82
1218,16:39:25:938,27.81,1.2,2.63,8.28,4.76,5.67,0.46,0.71,1.16
1219,16:39:26:942,25.58,1.72,2.58,5.97,2.94,2.36,0.84,3.92,1.28
1220,16:39:27:951,25.55,2.47,2.91,5.23,7.49,1.59,0.29,6.63,1.63
1221,16:39:28:952,29.53,6.85,1.06,7.5,8.65,1.58,1.18,0.47,2.59
1222,16:39:29:953,27.13,3.49,3.82,5.83,4.41,3.8,0.51,1.48,4.8
1223,16:39:30:957,30.95,3.3,1.26,4.34,4.77,5.15,2.53,1.54,3.13
1224,16:39:31:959,26.91,2.36,1.61,4.48,6.03,3.43,1.38,2.54,3.79
1225,16:39:32:963,26.51,6.14,4.68,5.23,3.45,5.44,1.26,2.31,1.07
1226,16:39:33:963,27.75,4.06,3.44,6.29,2.35,3.53,3.91,0.29,0.83
1227,16:39:34:965,26.85,2.3,3.8,2,4.88,1.29,0.25,2.73,2.01
1228,16:39:35:968,28.36,2.17,5.72,4.11,0.6,4.45,1.18,4.59,0.71
1229,16:39:36:974,27.04,4.06,3.5,3.63,5.63,1.86,4.61,2.91,0.59
1230,16:39:37:978,26.4,0.61,5.27,1.63,6.17,2.26,4.59,2.79,2.47
1231,16:39:38:987,31.01,3.35,1.3,4.02,7.74,1.89,1.46,3.77,1.69
1232,16:39:39:992,26.63,4.07,1.28,4.08,9.24,1.63,0.41,6.45,2.97
1233,16:39:40:994,30.47,2.51,2,6.03,4.66,2.45,5.89,2.89,3.37
1234,16:39:41:997,32.6,2.5,5.83,1.37,5.91,3.28,1.1,1.75,3
1235,16:39:43:004,28.49,2.65,3.5,5.15,3,5.86,2.58,3.98,1.24
1236,16:39:44:006,27.1,2.88,2.42,6.46,6.92,4.15,3.63,2.67,2.48
1237,16:39:45:010,26.62,3.16,3.05,4.32,3.91,1.6,4.32,4.36,0.61
1238,16:39:46:016,28.45,4.74,0.51,5.81,4.84,2.65,3.77,3.59,0.72
1239,16:39:47:024,26.48,0.63,0.65,2.76,5.15,1.58,8.87,0.36,3.42
1240,16:39:48:026,26.99,6.67,3.86,2.42,5.89,4.42,5.08,0.42,7.4
1241,16:39:49:027,29.02,2.03,1.38,7.82,8.66,3.49,1.65,0.51,3.05
1242,16:39:50:035,28.5,4.17,2.65,4.17,2.89,3.56,0.3,1.51,0.6
1243,16:39:51:037,29.11,3.89,7.89,2.33,2.29,2.05,2.26,0.93,1.94
1244,16:39:52:046,26.34,0.8,0.94,3.34,4.21,1.16,6.31,4.08,0.37
1245,16:39:53:054,27.1,4.43,2.58,3.17,3.32,4.18,7.8,2.53,4.59
1246,16:39:54:056,25.65,2.13,2.16,1.95,5.75,5.22,4.03,2.95,0.94
1247,16:39:55:060,27.34,3.98,2.77,9.97,1.5,2.69,1.8,1.91,1.03
1248,16:39:56:067,27.73,2.03,1.26,6.34,6.48,0.93,0.17,2.06,0.4
1249,16:39:57:072,25.99,2.75,3.03,3.87,2.15,6.14,4.94,0.96,0.35
1250,16:39:58:072,26.11,3.72,5.9,6.92,6.41,1.06,1.73,2.08,7.04
1251,16:39:59:081,29.65,1.63,7.53,1.08,4.77,1.12,2.92,3.61,1.65
1252,16:40:0:090,26.99,0.88,6.78,2.6,0.77,0.52,5.32,3.81,2.42
1253,16:40:1:092,30.18,3.61,1.42,4.4,2.89,3.98,3.21,3.93,1.86
1254,16:40:2:094,21.34,3.67,4.15,5.73,4.13,0.69,2.64,5.44,0.97
1255,16:40:3:099,23.2,0.97,4.77,3.3,3.82,4.69,5.13,1.45,3.51
1256,16:40:4:098,21.47,1.88,2.7,4.01,2.02,1.08,1.31,0.26,1.13
1257,16:40:5:103,20.04,2.29,1.52,6.21,3.82,1.48,2.25,1.8,0.49
1258,16:40:6:110,20.67,1.13,2.74,1.87,0.84,0.5,1.4,3.47,0.66
1259,16:40:7:113,18.82,0.47,1.93,2.22,1.23,0.38,3.42,2.5,1.97
1260,16:40:8:120,18.86,1.48,2.39,1.28,2.35,1.95,5.31,1.04,0.68
1261,16:40:9:121,11.22,0.93,3.57,0.65,0.16,0.65,6.93,0.19,2.64
1262,16:40:10:122,28.7,2.64,2.3,1.22,0.45,1.53,3.52,0.49,2.1
1263,16:40:11:123,34.9,2.95,0.84,0.76,0.65,0.91,0.75,0.75,3.69
1264,16:40:12:129,33.94,3.81,3.63,2.85,2.81,4.24,3.03,2.91,1.84
1265,16:40:13:136,29.54,1.66,3.38,4.43,4.15,8.18,4.53,4.79,0.79
1266,16:40:14:135,27.42,2.47,4.69,3.34,3.44,6.49,5.23,2.91,0.76
1267,16:40:15:143,28.08,1.28,2.68,2.42,2.43,6.77,5.54,5.11,0.21
1268,16:40:16:148,27.68,1.41,6.89,3.85,3.04,3.19,2.83,2.27,2.17
1269,16:40:17:150,26.74,3.73,2.86,5.1,0.58,6.7,5.98,3.11,1.77
1270,16:40:18:150,27.29,1.11,2.26,6.92,5.03,6.03,1.37,2.73,1.13
1271,16:40:19:154,26.83,1.65,5.43,2.28,2.06,1.15,3.05,4.44,0.55
1272,16:40:20:157,27.26,1.82,5.23,1.43,2.32,2.94,4.8,5.21,1.99
1273,16:40:21:159,32.06,3.11,1,7.06,4.64,1.44,3.25,4.87,1.43
1274,16:40:22:164,25.93,0.85,2.94,3.45,5.31,4.28,1.48,5.08,0.42
1275,16:40:23:171,28.06,3.43,6.24,2.16,3.04,5.89,5.55,3.18,4.19
1276,16:40:24:178,26.78,4.5,0.68,7.46,0.65,4.98,4.66,2.11,1
1277,16:40:25:184,26.35,1.72,3.43,2.06,4.7,5.66,3.26,3.21,0.38
1278,16:40:26:193,28.12,2.23,1.06,1.12,2.32,2.33,5.19,4.36,6.07
1279,16:40:27:196,27.35,2.78,3.04,4.11,2.93,7.63,2.05,1.34,0.17
1280,16:40:28:203,26.57,1.12,8.32,2.89,5.72,3.04,1.93,1.95,2.28
1281,16:40:29:208,27.04,2.36,4.2,5.28,1.87,3.34,0.57,0.95,4.19
1282,16:40:30:211,26.55,1.2,5.45,3.22,7.04,5.2,2.18,0.26,1.28
1283,16:40:31:212,32.23,5.48,0.86,1.51,6.14,2.77,6.59,2.55,4.31
1284,16:40:32:214,28.47,2.87,1.6,4.94,5.54,3.86,1.84,0.95,2.86
1285,16:40:33:217,28.68,3.03,2.29,4.85,5.69,4,5.25,2.86,0.79
1286,16:40:34:218,27.06,6.99,2.91,3.19,2.84,2.45,6.69,1.08,2.87
1287,16:40:35:225,28.25,2.39,3.68,1.24,1.81,2.32,6.98,3.92,0.47
1288,16:40:36:230,29.89,5.35,3.26,3.36,4.8,1.37,1.72,1.94,1.58
1289,16:40:37:238,27.43,4.46,2.95,3.17,2.89,3.75,6.47,0.85,7.4
1290,16:40:38:240,27.82,2.23,4.8,2.39,6.09,5.9,2.76,0.5,0.42
1291,16:40:39:246,28.19,0.65,5.02,2.59,0.53,5.02,2.71,2.62,0.33
1292,16:40:40:247,27.61,3.19,1.82,0.71,1.61,0.75,8.1,2.14,3.19
1293,16:40:41:256,34.76,3.71,6.86,3.41,2.43,2.56,6.84,2.12,1.51
1294,16:40:42:255,31.3,4.64,5.09,1.42,1.37,4.99,1.88,6.1,1.04
1295,16:40:43:261,28.42,4.64,8.88,4.17,1.95,3.91,4.33,3.5,1.52
1296,16:40:44:266,27.9,1.05,6.02,2.07,4.19,5.7,3.58,1.84,2.74
1297,16:40:45:268,27.74,1.28,2.88,2.15,4.3,5.97,2.05,2.55,0.64
1298,16:40:46:270,29.56,2.69,3.64,5.97,7.32,2.05,1.02,2.32,0.28
1299,16:40:47:270,28.01,4.16,5.64,2.3,5.51,1.68,3.4,2.4,0.5
1300,16:40:48:275,27.89,0.44,6.04,3.14,4.85,2.93,5.55,1.38,1.19
1301,16:40:49:283,27.83,1.1,4.2,7.31,1.59,2.71,2.17,2.86,1.88
1302,16:40:50:285,28.36,7.67,3.69,1.72,3.68,5.85,5.75,3.26,2.56
1303,16:40:51:285,32.2,5.88,2.47,2.98,7.51,2.56,1.15,5.96,0.38
1304,16:40:52:290,26.83,2.24,1.57,0.44,1.12,5.81,6.53,0.22,0.8
1305,16:40:53:291,29.08,1.82,3.86,4.07,3.37,2.73,6.09,1.89,1.44
1306,16:40:54:298,28.11,6.2,2.21,0.53,6.86,5.88,4.16,0.72,1.69
1307,16:40:55:306,27.81,0.76,6.48,3.59,3.65,1.16,2.97,5.84,2.86
1308,16:40:56:313,29.9,6.79,3.61,3.44,0.88,3.2,4.04,2.36,0.72
1309,16:40:57:315,26.9,2.08,7.06,1.79,3.32,3.92,3.99,2.51,1.86
1310,16:40:58:324,27.85,2.25,4.12,2.4,3.72,2.92,1.86,2.86,2.31
1311,16:40:59:329,27.23,3.14,5.58,3.07,5.78,1.94,2.29,1.93,2
1312,16:41:0:334,29.55,4.95,1.89,1.39,1.37,6.4,4.91,5.38,1.14
1313,16:41:1:335,31.28,4.69,0.77,4.24,7.64,4.45,0.4,1.45,0.47
1314,16:41:2:342,28.95,1,3.79,2.29,2.29,2.66,4.27,4.22,1.04
1315,16:41:3:348,29.89,2.21,6.87,4.6,4.59,1.14,1.48,4.82,1.8
1316,16:41:4:354,27.3,4.47,4.6,4.39,4.27,8.3,2.29,1.09,1.53
1317,16:41:5:359,27.28,4.07,1.3,1.71,7.87,5.57,4.11,3.32,1.73
1318,16:41:6:367,30.7,2.79,2.67,2.14,2.49,4.5,2.58,3.71,3.22
1319,16:41:7:373,27.45,4.07,2,1.17,1.31,9.22,2.21,2.43,0.35
1320,16:41:8:375,25.95,3.03,6.53,1.72,3.23,6.01,4.64,1.99,1.51
1321,16:41:9:378,27.76,4.77,5.18,5.28,4.37,1.25,1.06,0.2,1.78
1322,16:41:10:378,29.99,3.55,5.65,2.72,5.75,0.39,1.06,3.69,2.39
1323,16:41:11:382,31.9,5.95,2.13,2.18,2.53,6.78,2.71,2.53,2.3
1324,16:41:12:385,31.09,3.19,5.93,2.99,2.86,5.1,1.41,2.84,2.16
1325,16:41:13:392,21.89,1.02,3.29,1.85,2.7,4.07,6.64,3.39,0.21
1326,16:41:14:397,19.79,1.37,3.8,4.07,4.55,4.38,3.98,2.04,5.37
1327,16:41:15:403,20.07,2.03,3.8,1.97,4,0.65,0.77,1.62,2.82
1328,16:41:16:409,25.63,2.86,3.2,2.93,0.38,0.89,0.21,3.35,2.89
1329,16:41:17:418,20.27,2.72,0.62,0.98,1.83,0.35,1.07,1.17,0.68
1330,16:41:18:427,16.41,1.19,2.95,1.17,0.98,2.4,6.44,1.44,2.54
1331,16:41:19:434,29.87,2.92,2.82,1.63,0.87,0.6,1.54,0.74,3.96
1332,16:41:20:437,32.76,3.12,2.98,1.78,0.85,0.73,0.82,0.68,2.29
1333,16:41:21:442,33.15,3.75,5.17,3.66,1.88,3.16,2.22,2.02,2.33
1334,16:41:22:449,29.09,1.73,6.68,3.07,3.32,3.6,3.19,3.24,1.65
1335,16:41:23:458,30.05,3.5,4.82,3.22,3.5,2.85,5.06,6.06,1.73
1336,16:41:24:461,28.42,2.64,5.23,4.22,2.33,2.86,4.32,3.49,3.83
1337,16:41:25:464,28.95,1.59,4.54,6.04,1.28,6.03,1.92,2.75,2.6
1338,16:41:26:465,29.81,1.95,7.21,1.79,2.85,6.19,1.98,1.4,0.71
1339,16:41:27:471,28.06,0.64,4.8,2.21,2.47,0.78,4.16,6.03,2.06
1340,16:41:28:472,26.79,0.54,3.17,3.61,1.27,6.14,6.48,2.81,4.16
1341,16:41:29:480,29.43,2.79,2.33,4.69,4.03,5.39,3.94,3.3,3.49
1342,16:41:30:480,31.2,4.09,3.68,6.93,1.2,2.23,2.98,4.41,3.11
1343,16:41:31:488,29.6,2.32,5.57,2.69,1.75,5.85,2.38,1.84,5.05
1344,16:41:32:493,29.38,1.88,5.59,2.92,2.1,5.2,3.78,1.69,5.9
1345,16:41:33:496,27.89,7.43,2.32,6,3.22,2.61,3.81,4.08,3.9
1346,16:41:34:497,27.7,1.4,1.67,2.73,1.9,4.56,3.15,5.87,0.54
1347,16:41:35:504,28.22,2.45,0.53,1.5,0.71,2.55,1.88,4.73,3.95
1348,16:41:36:506,32.69,3.17,0.46,8.49,6.34,2.36,1.14,0.65,1.05
1349,16:41:37:511,26.74,1.33,4.34,5.45,1.39,7.01,2.6,1.68,4.89
1350,16:41:38:515,27.98,0.79,6.43,4.9,4.81,4.5,0.92,1.79,0.63
1351,16:41:39:521,28.34,3.44,0.81,6.03,8.06,0.66,0.36,5.48,4.09
1352,16:41:40:524,33.05,4.42,1.06,5.43,0.64,4.2,4.64,3.41,4.47
1353,16:41:41:526,30.51,2.2,4.59,2.12,2.04,5.99,2.76,3.84,3.12
1354,16:41:42:530,29.39,2.99,5.04,3.34,5.3,3.08,2.38,3.51,3.02
1355,16:41:43:533,28.38,1.76,2.21,4.06,6.27,1.46,5.11,2.17,5.11
1356,16:41:44:539,27.93,0.47,4.39,3.33,4.29,3.53,2.68,3.27,2.22
1357,16:41:45:542,27.78,3.14,1.05,4.93,5.23,5.44,2.48,1.35,0.62
1358,16:41:46:545,29.01,1.32,2.63,4.16,1.73,1.83,5.2,3.77,0.28
1359,16:41:47:549,27.77,1.23,1.53,3.35,3.95,5.4,4.62,0.79,3.5
1360,16:41:48:550,27.92,2.78,2.18,7.68,5.74,3.42,1.12,4.61,2.12
1361,16:41:49:557,26.55,0.41,3.49,6.24,2.8,5.89,4.63,0.66,2.27
1362,16:41:50:561,30.13,4.99,0.87,5.51,2.43,3.37,1.62,4.8,2.44
1363,16:41:51:562,31.22,4.66,2.24,2.41,2.87,2.44,6.82,3.92,3.03
1364,16:41:52:565,28.96,0.94,4.17,3.19,2.21,3.75,1.23,5.7,0.22
1365,16:41:53:573,26.99,0.58,5.81,3.87,3.13,1.33,4.96,2.38,3.4
1366,16:41:54:577,26.9,1.8,5.21,4.24,0.54,4.63,5.14,2.25,3.64
1367,16:41:55:580,27.86,3.53,0.25,4.97,6.82,3.87,0.23,7.39,3.42
1368,16:41:56:580,30.18,2.25,3.79,5.29,4.21,0.43,2.6,2.35,6.26
1369,16:41:57:586,27.88,1.17,1.51,5.85,4.22,0.46,1.92,3.54,0.47
1370,16:41:58:587,27.64,1.12,5.04,5.53,4.79,1.41,3.76,1.65,4.07
1371,16:41:59:589,27.39,0.76,3.41,4.21,2.33,1.68,0.92,5.23,3.23
1372,16:42:0:589,30.54,3.77,0.85,3.76,2.94,2,10.75,2.53,3.18
1373,16:42:1:594,29.66,3.07,2.07,3.59,1.49,0.34,5.16,6.81,1.85
1374,16:42:2:594,28.85,2.28,4.64,4.15,3.4,2.36,2.34,3.89,1.04
1375,16:42:3:598,26.75,3.68,9.67,1.5,1.58,3.89,0.91,3.7,1.44
1376,16:42:4:600,26.98,4.84,5.13,4.44,3.12,4.26,1.48,4.14,4
1377,16:42:5:606,27.92,0.87,5.17,2.77,3.5,5.58,0.47,1.51,2.86
1378,16:42:6:612,29.52,3.79,5.37,1.98,0.99,0.74,0.55,8.08,0.89
1379,16:42:7:615,26.1,2.17,2.5,5.46,4.55,3.33,2.15,2.21,1.79
1380,16:42:8:617,27.85,0.83,1.68,4.1,4.2,3.47,5.21,1.48,1.9
1381,16:42:9:620,27.07,0.48,2.9,5,6.36,2.24,1.44,2.1,4.89
1382,16:42:10:620,30.95,1.33,0.42,1.74,9,4.64,4.69,1.7,5.63
1383,16:42:11:620,33.25,4.87,0.85,3.08,1.16,8.33,3.59,4.66,1.95
1384,16:42:12:625,30.78,4.18,2.9,4.51,3.19,2.79,5.55,3.01,3.47
1385,16:42:13:631,27.59,0.53,2.4,5.47,2.43,2.95,3.49,3.79,5.72
1386,16:42:14:634,27.69,6.68,4.8,2.73,4.94,3.95,3.19,3.79,7.74
1387,16:42:15:643,27.51,0.64,7.34,2.24,3.41,2.08,1.5,3.53,2.06
1388,16:42:16:649,29.85,3.23,2.54,1.87,2.36,1.66,3.77,0.47,1.15
1389,16:42:17:656,27.85,5.4,0.54,4.71,6.47,3.01,0.35,1.49,3.19
1390,16:42:18:661,27.24,3.03,4.07,5.04,4.28,1.2,5.69,1.57,3.19
1391,16:42:19:661,28.33,0.79,2.02,3.61,7.56,4.26,1.31,0.6,1.89
1392,16:42:20:664,29.6,4.91,3.28,2.2,3.09,4.46,1.32,3.86,1.8
1393,16:42:21:665,26.63,2.05,3.64,1.93,3.57,6.21,5.22,1.03,0.58
1394,16:42:22:668,22.36,1.73,2.07,1.68,3.45,3.88,3.74,5.56,1.07
1395,16:42:23:674,19.57,4.41,2.69,6.54,2.13,0.64,5.87,1.2,1.44
1396,16:42:24:682,19.47,1.49,1.76,1.78,1.75,4.31,1.02,3.01,0.31
1397,16:42:25:686,19.37,0.54,0.53,1.48,0.22,0.48,0.61,4.31,0.85
1398,16:42:26:693,24.55,2.53,0.28,0.53,0.3,0.24,7.8,0.53,1.06
1399,16:42:27:699,20.98,2.91,0.2,8.53,2.11,0.18,0.31,0.53,0.82
1400,16:42:28:702,11.22,0.75,1.84,1.88,2.37,1.56,6.67,1.47,1.97
1401,16:42:29:702,26.38,3.17,4.72,2.9,1.13,1.37,0.5,1.02,2.57
1402,16:42:30:704,32.28,5,0.53,0.61,0.7,0.72,0.74,0.54,4.03
1403,16:42:31:711,28.65,4.17,3.64,2.7,2.62,2.32,2.01,2.57,2.5
1404,16:42:32:712,31.38,3.15,1.81,4.41,5.59,4.17,5.34,2.18,6.85
1405,16:42:33:716,28.3,0.93,1.52,3.53,1.42,7.38,3.76,1.23,3.33
1406,16:42:34:719,28.8,1.28,3.37,3.19,6.54,2.68,6.09,2.39,2.17
1407,16:42:35:726,28.32,3.85,3.47,4.59,4.22,3.08,1.29,1.61,2.86
1408,16:42:36:733,30.86,1.84,4.03,4.26,2.73,2.12,6.84,2.53,1.5
1409,16:42:37:736,28.73,5.1,4.46,4.54,3.93,2.7,3.76,1.09,1.52
1410,16:42:38:742,27.82,3.05,6.33,5.6,3.33,4.24,3.22,1.62,4.45
1411,16:42:39:746,29.18,1.67,4.9,2.22,6.14,3.24,1.52,2.11,1.64
1412,16:42:40:748,31.16,3,4.75,4.62,4.45,1.03,4.68,1.72,6.26
1413,16:42:41:750,29.93,4.65,4.36,2.88,4.73,3.39,1.93,3.41,3.79
1414,16:42:42:752,31.68,3.54,3.81,4.76,5.01,2.23,3.92,4.69,6.39
1415,16:42:43:755,28.39,2.2,2.42,3.21,6.95,1.05,2,1.39,5.41
1416,16:42:44:755,28.01,7.02,3.88,4.41,2.66,4.24,4.84,3.05,4.95
1417,16:42:45:763,28.35,2.57,2,0.68,1.83,2.39,7.86,2.81,7.59
1418,16:42:46:769,27.93,2.49,4.45,2.34,1.95,1.92,1.85,0.45,7.76
1419,16:42:47:769,28.12,3.24,1.52,1.85,3.49,5.38,5.68,1.11,3.67
1420,16:42:48:773,26.66,5.23,7.29,1.99,0.84,1.43,2.75,1.55,6.59
1421,16:42:49:775,27.2,5.91,1.29,5.45,0.4,2.76,3.24,1.95,3.35
1422,16:42:50:778,31.06,2.45,0.37,0.6,0.27,4.84,7.14,2.43,6.34
1423,16:42:51:778,28.58,3.67,1.62,1.37,0.28,2.05,5.65,1.41,4.46
1424,16:42:52:779,30.62,5.19,3.42,4.15,4.76,4.38,2.5,3.95,3.88
1425,16:42:53:787,27.13,4.38,4.73,4.34,2.58,1.28,0.39,2.56,0.44
1426,16:42:54:797,26.89,0.5,4.28,3.36,2.85,1.91,5.02,1.7,2.69
1427,16:42:55:800,28.34,3.18,0.28,8.86,3.11,0.4,1.26,2.55,3.54
1428,16:42:56:799,28.1,3.51,0.5,3.08,1.7,6.65,9.72,2.13,7.3
1429,16:42:57:808,28.44,1.8,5.09,5.67,4.57,0.69,2.43,1.74,3.71
1430,16:42:58:815,26.1,3.77,4.07,6.52,1.7,2.23,1.26,2.6,6.73
1431,16:42:59:821,27.86,3.09,3.34,1.74,2.32,2.68,2.49,4.91,2.14
1432,16:43:0:825,30.52,4.18,2.04,4.79,5.87,0.3,2.41,0.49,4.08
1433,16:43:1:829,29.34,2.23,0.57,1.55,1.38,2.11,7,3.12,2.77
1434,16:43:2:837,28.45,3.83,3.51,5.07,6.2,2.4,1.23,3.77,8.3
1435,16:43:3:845,27.02,0.71,4.5,0.8,1.54,7.79,4.21,2.25,4.44
1436,16:43:4:851,27.45,0.68,3.74,5.58,4.84,1.75,1.15,2.91,4.63
1437,16:43:5:856,28.32,4.87,4.72,4.15,1.53,1.93,1.41,1.96,2.99
1438,16:43:6:858,27.62,4.46,3.57,8.69,2.06,2.03,1.99,1.74,3.84
1439,16:43:7:865,29.44,3.39,2.09,0.45,1.57,7.56,4.32,1.03,0.65
1440,16:43:8:867,27.57,0.88,2.51,0.94,2.74,5.65,2.85,2.98,4.78
1441,16:43:9:873,27.48,1.13,3.89,3.71,1.06,3.48,6.27,2.22,2.44
1442,16:43:10:875,31.04,3.37,3.43,3.49,1.49,8.13,1.61,5.31,3.58
1443,16:43:11:879,33.77,4.54,5.11,4.59,5.3,1.54,1.34,1.29,3.63
1444,16:43:12:882,30.24,3.34,6.07,1.53,4.48,6.14,2.04,2.98,6.52
1445,16:43:13:884,28.06,2.31,5.5,3.04,1.74,6.45,3.91,3.74,4.41
1446,16:43:14:887,27.09,3,5.71,2.8,4.9,2.39,2.86,2.56,4.74
1447,16:43:15:895,28.04,3.19,4.76,2.93,3.25,2.44,0.77,2.97,2.76
1448,16:43:16:895,27.11,1.66,0.34,1.92,8.57,1.39,1.66,3.06,2.85
1449,16:43:17:898,29.36,3.55,4.79,5.3,3.03,1.93,2.12,1.07,2.74
1450,16:43:18:898,27.01,1.71,3.06,1.64,4.14,0.38,3.07,7.55,7.98
1451,16:43:19:907,27.75,3.05,3.91,3.46,3,3,6.65,1.38,3.49
1452,16:43:20:910,30.98,1.61,0.42,2.24,5.2,4.15,5.66,2.39,4.91
1453,16:43:21:913,29.52,2.36,1.55,3.97,2.14,1.73,0.4,5.02,3.42
1454,16:43:22:915,28.8,5.55,4.91,5.38,2.75,5.58,1.67,3.52,1.47
1455,16:43:23:917,21.98,2.23,3.41,1.79,5.3,3.52,2.46,3.53,1.37
1456,16:43:24:917,19.66,0.81,5.65,1.96,3.44,1.79,3.1,2.21,1.46
1457,16:43:25:924,23.03,1.7,2.83,1.34,5.54,2.38,0.51,0.47,1.53
1458,16:43:26:931,24.04,1.65,0.18,8.55,0.8,0.25,0.22,0.62,1.89
1459,16:43:27:937,25.78,1.34,5.16,3.96,2.92,0.57,0.77,0.26,0.25
1460,16:43:28:939,18.34,1.45,2.41,2.33,4.17,0.66,3.06,2.95,0.36
1461,16:43:29:941,9.39,0.34,4,2.79,3.11,1.09,4.33,3.21,3.36
1462,16:43:30:944,33.85,3.85,0.34,4.63,2.35,1.61,0.92,0.34,1.65
1463,16:43:31:946,26.88,3.13,0.52,0.58,0.23,0.6,0.76,0.32,1.88
1464,16:43:32:949,22.55,3.54,4.19,4.06,3.71,3.59,3.11,3.25,4.23
1465,16:43:33:952,27.63,1.73,3.91,2.67,2.36,2.64,2.83,2.15,5.14
1466,16:43:34:956,23.71,1.26,2.58,1.73,3.32,1.33,1.21,1.23,2.31
1467,16:43:35:961,20.95,2.35,3.89,2.22,2.59,2.71,2.89,2.96,1.45
1468,16:43:36:969,19.66,1.45,3.36,2.78,0.8,1.98,1.38,1.28,0.34
1469,16:43:37:971,12,1.15,2.63,1.93,2.46,0.93,0.56,0.41,2.35
1470,16:43:38:976,25.38,2.67,2.21,1.5,2.58,0.97,0.7,1.63,3.52
1471,16:43:39:982,33,3.4,2.01,0.84,0.57,0.46,1.11,0.3,1.83
1472,16:43:40:984,26.41,1.07,3.22,2.26,2.07,2.36,3.07,2.05,1.62
1473,16:43:41:986,15.94,1.63,4.38,2.95,2.81,3.71,4.6,2.67,3.47
1474,16:43:42:986,33.6,3.33,2.55,4.94,2.09,1.99,3.18,2.95,1.38
1475,16:43:43:993,19.78,1,1.32,0.92,0.69,1.05,1.81,1.3,1.93
1476,16:43:44:997,20.17,1.9,4.82,2.95,2.76,5.53,3.4,3.72,1.58
1477,16:43:46:003,23.73,1.71,3.62,3.16,1.48,1.05,1.18,1.03,1.29
1478,16:43:47:009,16.34,1.68,2.06,1.97,1.51,1.88,1.47,1.83,1.73
1479,16:43:48:012,29.88,3.13,2.68,3.31,3.81,2.13,1.13,1.48,1.08
1480,16:43:49:020,21.86,1.21,1.89,1.37,1.28,1.25,1.21,1.1,0.17
1481,16:43:50:025,7.1,0.34,3.09,2.62,3.92,3.8,3.35,3.25,2.28
1482,16:43:51:028,29.1,3.02,0.93,3.65,1.95,2.69,0.66,3.35,1.81
1483,16:43:52:031,24.58,1.96,0.32,0.37,0.24,0.36,0.11,0.17,0.52
1484,16:43:53:034,21.82,2.8,4.41,2.65,3.43,3.58,2.13,2.48,0.26
1485,16:43:54:037,20.1,2.75,2.31,3.65,2.05,1.02,2.17,4.02,0.35
1486,16:43:55:039,20.34,3.09,2.69,0.87,1.25,0.5,3.39,4.04,1.17
1487,16:43:56:040,20.14,3.86,4.03,0.69,2.7,0.66,1.58,0.66,0.72
1488,16:43:57:046,14.85,0.99,2.09,5.62,0.34,0.26,0.41,1.24,1.39
1489,16:43:58:051,18.78,2.5,2.03,0.44,0.32,0.34,2.34,2.11,2.85
1490,16:43:59:059,27.36,1.9,0.36,1.74,0.56,2.44,1.1,0.42,4.38
1491,16:44:0:066,24.8,1.2,2.78,1.46,1.59,1.06,1.05,0.85,1.03
1492,16:44:1:072,20.22,2.42,3.55,2.27,3.07,2.04,3.19,3.81,1.74
1493,16:44:2:079,20.22,0.53,2.25,2.03,1.05,3.9,1.35,3.03,6.36
1494,16:44:3:078,22.55,1.86,0.43,0.79,1.54,3.7,0.43,3.6,0.58
1495,16:44:4:081,19.26,4.37,0.51,1.47,2.84,3.73,2.93,0.28,0.19
1496,16:44:5:084,10.04,0.24,4.87,0.86,0.53,1.44,0.39,0.46,2.01
1497,16:44:6:089,22.9,2.37,1.83,2.14,0.3,0.63,0.41,1.34,2.46
1498,16:44:7:096,27.8,2.59,0.21,0.47,1.25,1.34,0.43,0.4,0.97
1499,16:44:8:105,17.51,2.9,2.66,2.07,2.27,1.99,2.2,2.1,0.8
1500,16:44:9:106,12.44,0.99,4.49,2.86,1.85,3.48,3.67,1,2.5
1501,16:44:10:109,28.58,2.15,1.98,0.75,0.62,2.97,1.56,0.38,1.01
1502,16:44:11:114,22.15,2.4,1.02,0.79,0.68,0.87,0.9,0.83,0.95
1503,16:44:12:120,20.12,1.47,4.75,3.04,2.05,2.91,4.6,1.55,4.19
1504,16:44:13:124,32.33,3.75,1.57,2.88,2.18,1.22,0.63,3.8,1
1505,16:44:14:124,25.68,1.23,2.61,1.33,1.02,1.72,3.09,1.99,2.46
1506,16:44:15:132,20.27,3.98,3.55,3.38,3.43,3.15,3.13,3.4,0.51
1507,16:44:16:139,19.73,3.38,1.66,4.39,2.94,1.41,6.76,0.85,0.55
1508,16:44:17:141,20.04,2.21,2.85,0.44,2.15,0.5,1.23,0.42,0.65
1509,16:44:18:142,22.13,5.1,5.79,0.99,1.84,0.46,0.42,0.28,0.78
1510,16:44:19:146,20.06,1.11,0.89,3.2,3.87,1.83,0.39,0.5,0.73
1511,16:44:20:154,9.68,0.38,2.52,1.45,0.83,3.77,1.69,0.8,3.01
1512,16:44:21:154,27.1,2.56,0.73,6.51,0.56,0.59,0.34,1.48,2.13
1513,16:44:22:159,25.52,1.66,0.26,0.53,0.21,0.35,0.29,1.59,3.31
1514,16:44:23:164,21.35,1.87,3.19,2.97,2.95,2.66,2.64,2.49,1.01
1515,16:44:24:165,19.14,0.51,5.13,3,2.14,2.54,1.93,1.2,0.65
1516,16:44:25:168,18.14,1.46,3.1,1.29,0.68,2.6,0.56,1.3,0.37
1517,16:44:26:177,19.48,2.32,1.11,3.09,0.49,2.33,1.52,1.25,0.74
1518,16:44:27:181,19.2,0.75,2.45,0.84,0.3,0.91,2.12,1.34,0.75
1519,16:44:28:186,21.67,1.83,2.65,0.94,0.51,4.32,0.51,0.38,1.1
1520,16:44:29:190,23.17,2.53,2.47,1.21,1.36,2.45,1.09,0.83,0.45
1521,16:44:30:190,19.78,1.3,2.56,1.79,1.63,3.97,2.09,0.41,0.45
1522,16:44:31:195,19.2,2.56,2.08,1.08,1.28,3.17,1.45,3.79,1.6
1523,16:44:32:196,23.18,1.86,4.05,0.96,3.26,1.78,0.64,0.34,1.17
1524,16:44:33:201,22,1.67,2.66,0.65,2.68,1.92,0.44,0.67,2.42
1525,16:44:34:201,21.32,1.19,3.43,3.85,1.59,1.58,1.61,1.06,0.17
1526,16:44:35:203,6.8,0.24,2.99,2.61,3.55,1.66,1.26,0.6,2.97
1527,16:44:36:206,29.01,3.36,1.79,1.92,0.83,3.26,0.89,1.45,2.15
1528,16:44:37:208,29.33,3.61,0.24,0.5,0.17,0.37,0.19,0.26,3.82
1529,16:44:38:209,34.08,3.7,3.63,3.09,3.66,2.61,2.44,2.54,1.09
1530,16:44:39:210,21.32,1.55,4.35,2.62,3.16,2.56,2.55,3.01,3.17
1531,16:44:40:211,32.76,3.18,4.67,3.51,4.2,3.41,3.04,3.11,1.79
1532,16:44:41:211,26.04,2.15,3.66,1.45,1.75,0.83,2.91,0.91,3.05
1533,16:44:42:213,29.58,2.85,4.27,3.57,3.62,3.41,3.13,3.6,4.7
1534,16:44:43:215,30.93,3.33,2.69,2.34,2.72,2.66,3.63,1.79,1.94
1535,16:44:44:219,23.35,1.74,3.24,2.63,3.18,2.89,3.91,2.88,0.45
1536,16:44:45:227,20.42,1.17,5.15,3.1,2.29,3.57,2.04,2.11,2.7
1537,16:44:46:233,27.07,2.37,2.12,4.17,1.74,1.75,2.04,1.06,4.1
1538,16:44:47:243,27.54,1.76,1.04,7.86,0.82,0.72,0.65,0.73,3.46
1539,16:44:48:250,29.34,2.06,2.76,3.56,1.38,3.54,3.22,2.9,3.59
1540,16:44:49:256,24.93,0.71,2.16,1.84,3.62,2.54,2.82,4.04,1.68
1541,16:44:50:261,26.65,2.69,3.07,3.35,3.77,3.81,4.08,2.16,2.72
1542,16:44:51:262,26.04,3.54,0.71,3.72,4.12,3.52,2.72,0.61,2.89
1543,16:44:52:266,25.85,0.73,2.77,4.01,4.72,2.6,0.99,2.12,3.28
1544,16:44:53:267,29.45,2.85,2.96,2.27,1.8,3.09,3.45,1.26,2.72
1545,16:44:54:271,25.93,1.19,4.41,2.09,2.09,2.89,4.01,1.61,0.96
1546,16:44:55:279,26.8,1.02,5.55,2.56,2.58,3.32,3.84,1.23,2.01
1547,16:44:56:288,25.52,1.29,3.17,2.8,2.88,1.62,1.43,5.15,1.56
1548,16:44:57:289,24.21,1.53,4.67,3.22,5.41,2.47,1.99,2.57,0.69
1549,16:44:58:296,27.82,1.97,2,3.86,3.08,4.13,3.1,1.5,1.31
1550,16:44:59:304,25.24,1.12,2.6,3.39,4.05,2.46,2.69,0.55,2.21
1551,16:45:0:308,27.21,1.21,4.85,3.24,4.32,4.03,3.56,1.33,1.82
1552,16:45:1:308,23.96,3,2.73,3.06,3.22,2.85,4.05,1.87,1.86
1553,16:45:2:311,26.33,1.56,4.33,3.24,6.13,2.48,2.69,0.49,4.15
1554,16:45:3:321,30.01,2.95,5.02,2.74,0.45,2.32,2.12,0.97,0.35
1555,16:45:4:324,26.18,3.22,4.13,1.73,4.46,3.58,4.01,0.54,1.68
1556,16:45:5:327,27.1,2.21,3.69,3.51,3.23,3.95,2.71,1.93,0.39
1557,16:45:6:332,25.43,1.62,4.83,3.02,3.25,3.45,1.85,1.37,1.18
1558,16:45:7:334,25.2,1.64,3.72,2.49,4.31,3.51,3.41,1.35,1.18
1559,16:45:8:341,27.6,2.02,4.15,3.24,2.11,4.45,3.72,0.88,1.37
1560,16:45:9:349,26.87,2.16,5.1,2.85,3.65,1.82,3.14,0.65,0.62
1561,16:45:10:354,26.24,4.86,3.2,4.36,2.56,2.47,5.91,2.01,2.47
1562,16:45:11:362,25.91,1.64,4.74,5.35,3.42,3.31,1.31,1.07,3.15
1563,16:45:12:371,35.26,3.39,3.73,2.8,3.47,4.2,1.24,0.74,1.93
1564,16:45:13:374,32.71,3.85,1.89,2.41,3.8,2.31,3.56,2.96,0.85
1565,16:45:14:378,26.88,2.64,4.6,5.06,5.74,4.34,3.93,2.88,0.88
1566,16:45:15:383,26.59,2.05,4.32,6.4,3.76,3.97,3.12,1.83,0.76
1567,16:45:16:386,25.85,3.38,3.15,3.1,5.44,2.62,3.46,0.84,0.85
1568,16:45:17:395,25.23,0.99,4.16,3.91,4,3.2,2.17,1.02,1.04
1569,16:45:18:400,27.79,2.78,5.55,5.9,1.47,2.26,1.62,0.2,1.06
1570,16:45:19:406,25.13,2.72,3.26,3.65,4.97,2.8,3.73,0.16,1.64
1571,16:45:20:409,25.66,0.65,3.23,4.87,5.05,3.7,1.69,1.33,1.36
1572,16:45:21:414,27.09,1,1.69,2.86,4.23,3.65,2.06,1.57,1.34
1573,16:45:22:419,29.49,3.7,1.92,4.6,3.63,3.55,2.79,1.5,3.21
1574,16:45:23:422,31.48,4.61,3.23,4.99,4.58,3.78,2.11,1.65,1.74
1575,16:45:24:430,27.72,2.08,2.9,2.57,3.77,5.05,2.7,3.73,0.31
1576,16:45:25:439,18.74,1.22,3.77,3.97,3.13,3.91,3.4,1.48,2.64
1577,16:45:26:445,27.54,2.64,3.77,6.21,3.57,3.21,2.03,0.64,3.26
1578,16:45:27:451,28.72,2.06,0.67,1.69,1.78,0.74,2.06,2.61,0.49
1579,16:45:28:457,13.39,1.51,3.03,2.35,4.69,2.2,2.49,1.81,0.41
1580,16:45:29:457,12.83,0.43,2.95,4.74,3.74,1.61,2.23,3.13,0.43
1581,16:45:30:457,9.98,0.53,2.16,1.24,1.44,0.71,0.31,0.46,0.28
1582,16:45:31:466,9.78,0.35,1.67,2.8,0.96,0.67,0.21,0.18,0.3
1583,16:45:32:470,6.71,0.33,1.09,1.13,0.66,0.44,0.16,0.16,0.33
1584,16:45:33:471,10.62,1.81,0.93,1.6,0.68,0.64,0.11,0.11,0.16
1585,16:45:34:472,6.21,0.14,0.19,0.51,0.14,0.14,0.22,0.11,0.15
1586,16:45:35:476,7.46,0.31,1.28,0.57,0.6,0.41,0.09,0.14,0.26
1587,16:45:36:481,7.65,0.22,0.17,0.54,0.09,0.17,0.27,0.13,0.31
1588,16:45:37:482,7.14,0.32,0.67,0.54,0.11,0.28,0.12,0.27,0.21
1589,16:45:38:486,10.58,0.84,0.41,0.57,0.18,0.53,0.27,0.13,0.26
1590,16:45:39:492,6.74,0.28,0.18,0.46,0.14,0.29,0.19,0.24,0.1
1591,16:45:40:496,6.32,0.22,1.94,0.88,0.29,0.32,0.26,0.35,0.1
1592,16:45:41:505,6.52,0.2,0.21,0.34,0.15,0.24,0.19,0.23,1.05
1593,16:45:42:512,22.46,1.81,0.18,0.43,0.13,0.44,0.1,0.1,0.36
1594,16:45:43:512,12.17,1.39,0.26,0.41,0.13,0.25,0.13,0.24,0.27
1595,16:45:44:521,10.28,0.21,1.57,3.64,2.89,1.24,2.05,2.64,0.27
1596,16:45:45:528,17.6,0.51,1.53,1.08,0.55,0.42,0.83,0.33,1.63
1597,16:45:46:529,18.97,0.39,0.5,0.64,0.27,1.6,0.68,0.15,0.42
1598,16:45:47:539,16.97,1.24,0.25,0.5,0.3,4.56,2.34,0.81,0.34
1599,16:45:48:542,10.53,1,1.2,1.45,0.42,4.23,1.51,1.04,0.18
1600,16:45:49:546,6.38,0.18,3.38,2.4,2.11,0.87,0.17,0.47,0.1
1601,16:45:50:549,6.14,0.19,1.58,0.98,0.72,0.29,0.17,0.16,0.11
1602,16:45:51:553,6.23,0.18,0.25,0.43,0.13,0.38,0.13,0.11,0.26
1603,16:45:52:553,6.56,0.18,0.18,0.44,0.11,0.32,0.18,0.08,0.44
1604,16:45:53:562,10.12,1.42,0.17,0.6,0.12,0.29,0.12,0.09,0.22
1605,16:45:54:569,6.02,0.16,0.18,0.39,0.19,0.31,0.32,0.12,0.09
1606,16:45:55:574,5.86,0.18,1.19,0.77,0.23,0.28,0.46,0.31,0.12
1607,16:45:56:578,6.13,0.18,0.16,0.31,0.09,0.34,0.15,0.14,0.16
1608,16:45:57:583,6.55,0.45,0.21,0.23,0.1,0.23,0.16,0.24,0.22
1609,16:45:58:584,11.56,1.58,0.17,0.38,0.13,0.36,0.1,0.22,0.13
1610,16:45:59:592,6.53,0.22,0.28,0.24,0.15,0.4,0.1,0.17,0.3
1611,16:46:0:598,8.91,0.72,1.61,0.83,0.47,0.51,0.32,0.53,0.23
1612,16:46:1:604,6.05,0.19,0.24,0.25,0.13,0.3,0.09,0.41,0.27
1613,16:46:2:606,6.39,0.27,0.79,0.82,0.38,0.52,0.2,0.08,0.3
1614,16:46:3:606,10.47,1.79,0.17,0.33,0.26,0.23,0.12,0.11,0.1
1615,16:46:4:612,5.77,0.18,0.18,0.44,0.09,0.22,0.09,0.22,0.13
1616,16:46:5:613,6.27,0.16,1.23,0.51,0.17,0.31,0.26,0.4,0.25
1617,16:46:6:615,6.22,0.16,0.15,0.24,0.08,0.27,0.11,0.35,0.46
1618,16:46:7:625,6.69,0.22,0.17,0.48,0.14,0.25,0.22,0.07,0.24
1619,16:46:8:632,10.13,2.03,0.14,0.41,0.17,0.28,0.09,0.13,0.16
1620,16:46:9:641,6.43,0.21,0.18,0.6,0.13,0.25,0.1,0.08,0.08
1621,16:46:10:645,5.56,0.13,1.07,0.45,0.19,0.31,0.17,0.29,0.56
1622,16:46:11:645,8.59,0.3,0.17,0.29,0.23,0.47,0.17,0.11,1.5
1623,16:46:12:648,20.88,1.19,0.21,0.31,0.07,0.23,0.15,0.08,0.64
1624,16:46:13:655,12.43,1.42,0.32,0.51,0.35,0.34,0.76,0.35,0.12
1625,16:46:14:663,6.29,0.21,1.77,4.06,2.22,1.69,2.12,1.23,0.09
1626,16:46:15:667,5.67,0.25,1.74,0.83,0.48,0.67,0.47,0.21,0.22
1627,16:46:16:673,6.1,0.2,0.24,0.46,0.14,0.3,0.1,0.08,0.29
1628,16:46:17:679,6.79,0.23,0.14,0.31,0.09,0.19,0.13,0.07,0.2
1629,16:46:18:689,10.87,1.66,0.17,0.46,0.15,0.23,0.13,0.17,0.24
1630,16:46:19:694,6.36,0.15,0.25,0.3,0.27,0.42,0.23,0.1,0.11
1631,16:46:20:699,6.41,0.17,1.84,0.66,0.3,0.39,0.29,0.14,0.43
1632,16:46:21:708,6.31,0.21,0.23,0.44,0.13,0.29,0.13,0.16,0.6
1633,16:46:22:713,7.42,0.4,0.22,0.35,0.18,0.31,0.31,0.11,0.34
1634,16:46:23:714,10.76,1.63,0.23,0.22,0.14,0.27,0.22,0.09,0.12
1636,16:46:25:722,5.54,0.25,0.19,0.41,0.31,0.25,0.27,0.1,0.19
1637,16:46:26:725,6.9,0.36,1.2,0.44,0.38,0.25,0.62,0.29,0.22
1638,16:46:27:727,7.18,0.3,0.19,0.21,0.13,0.3,0.14,0.13,0.29
1639,16:46:28:729,10.3,1.79,0.21,0.29,0.1,0.18,0.11,0.06,0.22
1640,16:46:29:730,6.85,0.24,0.24,0.36,0.33,0.23,0.24,0.26,0.14
1641,16:46:30:739,5.82,0.19,0.23,0.42,0.26,0.37,0.22,0.3,0.18
1642,16:46:31:742,6.25,0.19,1.24,0.6,0.25,0.56,0.35,0.24,0.33
1643,16:46:32:746,6.84,0.28,0.34,0.45,0.17,0.29,0.19,0.16,0.19
1644,16:46:33:750,10.12,1.86,0.18,0.27,0.16,0.3,0.1,0.08,0.1
1645,16:46:34:754,6.35,0.2,0.25,0.32,0.15,0.23,0.13,0.23,0.09
1646,16:46:35:756,6.16,0.24,0.28,0.27,0.34,0.4,0.19,0.2,1.33
1647,16:46:36:761,13.31,0.56,1.17,0.48,0.31,0.33,0.25,0.21,0.14
1648,16:46:37:770,6.5,0.42,0.17,0.19,0.24,0.39,0.19,0.21,0.17
1649,16:46:38:771,10.21,1.25,0.27,0.38,0.18,0.13,0.18,0.09,0.27
1650,16:46:39:775,6.53,0.32,0.59,0.53,0.12,0.25,0.17,2.55,0.12
1651,16:46:40:781,5.45,0.14,0.25,0.49,0.18,0.21,0.1,0.06,0.56
1652,16:46:41:786,11.13,0.62,1.72,0.66,0.36,0.36,0.38,0.11,0.62
1653,16:46:42:793,17.62,2.03,0.19,0.33,0.16,0.15,0.17,0.24,0.25
1654,16:46:43:797,12.27,2.11,0.19,0.26,0.1,0.25,0.15,0.13,0.18
1655,16:46:44:804,6.23,0.24,0.71,0.94,0.87,0.77,0.85,1,0.28
1656,16:46:45:804,8.71,0.29,2.48,2.23,1.84,1.28,1.48,0.61,0.27
1657,16:46:46:805,6.56,0.24,1.15,0.8,0.48,0.94,0.21,0.18,0.23
1658,16:46:47:807,7.79,0.48,0.13,0.34,0.12,0.31,0.15,0.15,0.15
1659,16:46:48:812,10.19,1.43,0.28,0.49,0.56,0.23,0.65,0.32,0.14
1660,16:46:49:815,6.06,0.24,0.24,0.31,0.19,0.22,0.24,0.09,0.1
1661,16:46:50:821,5.88,0.12,0.27,0.27,0.32,0.39,0.5,0.29,0.17
1662,16:46:51:825,6.09,0.33,1.43,0.56,0.26,0.63,0.17,0.14,0.33
1663,16:46:52:829,6.64,0.16,0.21,0.34,0.08,0.25,0.17,0.12,0.32
1664,16:46:53:832,9.83,1.22,0.16,0.37,0.1,0.35,0.15,0.11,0.18
1665,16:46:54:839,6.08,0.21,0.16,0.37,0.11,0.26,0.16,0.08,0.24
1666,16:46:55:842,6.03,0.17,0.27,0.46,0.12,0.29,0.17,0.17,0.3
1667,16:46:56:845,6.49,0.3,1.56,0.5,0.25,0.25,0.28,0.19,0.27
1668,16:46:57:846,6.66,0.32,0.22,0.31,0.18,0.33,0.16,0.05,0.17
1669,16:46:58:855,10.01,1.35,0.16,0.34,0.17,0.22,0.09,0.07,0.15
1670,16:46:59:863,6.01,0.23,0.12,0.29,0.24,0.29,0.13,0.09,0.2
1671,16:47:0:868,6.08,0.26,0.26,0.38,0.42,0.16,0.18,0.15,0.14
1672,16:47:1:875,6.44,0.24,1.48,0.66,0.29,0.37,0.15,0.15,0.31
1673,16:47:2:879,6.96,0.16,0.19,0.42,0.12,0.17,0.13,0.11,0.22
1674,16:47:3:882,10.17,1.6,0.16,0.23,0.21,0.28,0.08,0.15,0.12
1675,16:47:4:885,6.11,0.22,0.21,0.41,0.15,0.37,0.07,0.14,0.09
1676,16:47:5:889,5.98,0.36,0.23,0.29,0.16,0.42,0.27,0.1,0.31
1677,16:47:6:892,6.15,0.24,1.46,0.38,0.28,0.37,0.16,0.33,0.35
1678,16:47:7:901,7.24,0.19,0.17,0.38,0.11,0.28,0.13,0.11,0.24
1679,16:47:8:903,10.19,1.51,0.14,0.29,0.08,0.27,0.11,0.13,0.25
1680,16:47:9:908,6.36,0.19,0.27,0.32,0.13,0.16,0.17,0.08,0.08
1681,16:47:10:912,5.77,0.21,0.8,0.31,0.23,0.36,0.12,0.17,0.62
1682,16:47:11:913,13.81,0.86,1.33,0.39,0.33,0.42,0.24,0.3,1.27
1683,16:47:12:920,16.13,0.84,0.2,0.36,0.11,0.23,0.17,0.21,0.23
1684,16:47:13:920,9.93,1.12,0.16,0.3,0.09,0.38,0.18,0.05,0.13
1685,16:47:14:929,6.08,0.27,2.13,1.31,0.93,0.7,1.22,1.14,0.1
1686,16:47:15:937,5.85,0.27,1.11,1.21,1.13,1.47,2.08,1.56,0.12
1687,16:47:16:940,6.54,0.14,1.57,0.49,0.28,0.34,0.28,0.29,0.41
1688,16:47:17:940,6.52,0.18,0.14,0.3,0.19,0.28,0.17,0.18,0.47
1689,16:47:18:941,10.17,1.06,0.22,0.32,0.13,0.16,0.09,0.18,0.14
1690,16:47:19:943,6.29,0.22,0.24,0.39,0.34,0.32,0.09,0.13,0.08
1691,16:47:20:949,5.94,0.22,0.28,0.29,0.12,0.34,0.15,0.15,0.11
1692,16:47:21:952,5.98,0.21,1.54,0.81,0.22,0.5,0.2,0.11,0.21
1693,16:47:22:954,6.43,0.33,0.21,0.31,0.12,0.28,0.16,0.25,0.37
1694,16:47:23:960,10,1.1,0.23,0.37,0.08,0.32,0.13,0.08,0.23
1695,16:47:24:963,6.26,0.18,0.17,0.26,0.24,0.3,0.09,0.06,0.08
1696,16:47:25:970,5.92,0.25,0.19,0.33,0.18,0.34,0.21,0.08,0.32
1697,16:47:26:978,8.32,0.51,1.58,0.69,0.27,0.3,0.25,0.18,0.3
1698,16:47:27:981,7.02,0.29,0.23,0.33,0.15,0.25,0.22,0.15,0.2
1699,16:47:28:983,9.69,1.22,0.22,0.29,0.1,0.33,0.07,0.06,0.23
1700,16:47:29:984,6.33,0.21,0.45,0.71,0.17,0.47,0.21,0.14,0.12
1701,16:47:30:986,5.95,0.15,0.29,0.41,0.16,0.29,0.33,0.15,0.14
1702,16:47:31:989,6.13,0.36,1.72,0.36,0.21,0.33,0.18,0.08,0.36
1703,16:47:32:993,6.88,0.24,0.28,0.3,0.14,0.34,0.22,0.13,0.19
1704,16:47:33:996,9.31,1.22,0.16,0.23,0.25,0.24,0.18,0.13,0.22
1705,16:47:35:000,6.33,0.22,0.18,0.48,0.1,0.2,0.08,0.11,0.16
1706,16:47:36:001,5.86,0.13,0.35,0.34,0.29,0.26,0.12,0.19,0.11
1707,16:47:37:003,6.41,0.21,1.22,0.66,0.44,0.23,0.14,0.17,0.36
1708,16:47:38:004,7.07,0.19,0.24,0.36,0.14,0.22,0.31,0.14,0.22
1709,16:47:39:006,9.38,1.17,0.18,0.39,0.2,0.14,0.11,0.1,0.19
1710,16:47:40:008,6.63,0.25,0.26,0.4,0.14,0.15,0.15,0.37,0.12
1711,16:47:41:011,6.01,0.13,0.26,0.47,0.17,0.38,0.19,0.09,1.47
1712,16:47:42:011,15.3,0.77,1.29,0.78,0.17,0.21,0.13,0.36,1.39
1713,16:47:43:016,14.06,1.11,0.51,0.32,0.26,0.3,0.1,0.17,0.38
1714,16:47:44:019,11.59,1.31,0.19,0.43,0.09,0.29,0.11,0.09,0.42
1715,16:47:45:027,15.17,1.17,1.65,1.79,0.89,1.26,1.07,1.48,0.72
1716,16:47:46:034,17.82,0.76,1.32,1.2,0.32,0.72,1.3,1.25,0.39
1717,16:47:47:041,18.08,1.08,1.48,0.74,0.36,0.23,0.84,0.12,0.16
1718,16:47:48:048,7.86,0.28,0.46,0.4,0.23,3.27,1.02,0.77,0.25
1719,16:47:49:057,11.63,1.3,0.3,1.98,1.29,2.69,1.11,1.35,0.2
1720,16:47:50:060,6.6,0.27,2,3.7,2.4,0.78,0.72,0.79,0.13
1721,16:47:51:065,7.89,0.23,0.56,0.65,0.91,0.22,0.17,0.15,0.15
1722,16:47:52:071,6.15,0.17,1.52,1.72,0.82,0.68,0.21,0.26,0.18
1723,16:47:53:071,6.51,0.18,0.28,0.38,0.19,0.33,0.12,0.16,0.13
1724,16:47:54:079,9.15,0.87,0.75,0.45,0.37,0.32,0.32,0.7,0.27
1725,16:47:55:081,8.97,0.51,0.36,0.34,0.09,0.23,0.17,0.1,0.11
1726,16:47:56:091,6.24,0.18,0.38,0.42,0.12,0.33,0.17,0.13,0.12
1727,16:47:57:100,6.38,0.24,1.27,0.72,0.35,0.33,0.22,0.1,0.33
1728,16:47:58:107,6.53,0.2,0.89,0.52,0.37,0.31,0.14,0.9,0.12
1729,16:47:59:112,8.34,0.81,0.25,0.47,0.15,0.18,0.18,0.13,0.25
1730,16:48:0:118,7.83,0.56,0.17,0.21,0.22,0.46,0.2,0.08,0.34
1731,16:48:1:118,9.01,0.45,0.21,0.3,0.32,0.19,0.15,0.35,0.13
1732,16:48:2:122,5.95,0.13,0.95,0.45,0.42,0.34,0.25,0.18,0.31
1733,16:48:3:123,7.46,0.32,0.61,0.43,0.18,0.4,0.3,0.12,0.29
1734,16:48:4:127,8.5,1.04,0.83,1.08,0.41,0.38,0.13,0.43,0.21
1735,16:48:5:129,7.52,0.73,0.19,0.38,0.1,0.4,0.08,0.08,0.3
1736,16:48:6:134,6.51,0.21,0.36,0.33,0.31,0.41,0.18,0.24,0.24
1737,16:48:7:138,6.16,0.21,0.79,0.61,0.19,0.29,0.12,0.32,0.3
1738,16:48:8:141,8.29,0.28,0.5,0.36,0.16,0.4,0.28,0.17,0.24
1739,16:48:9:143,8.36,0.65,0.24,0.31,0.37,0.16,0.1,0.1,0.2
1740,16:48:10:144,8.14,0.87,0.15,0.37,0.11,0.26,0.14,0.2,0.1
1741,16:48:11:152,6.17,0.19,1.08,0.41,0.27,0.44,0.31,0.14,1.31
1742,16:48:12:157,17,1.72,1,0.51,0.33,0.35,0.11,0.21,0.63
1743,16:48:13:158,12.44,1.34,0.58,0.39,0.25,0.52,0.21,0.12,0.18
1744,16:48:14:159,10.18,0.95,0.22,0.38,0.13,0.38,0.2,0.08,0.19
1745,16:48:15:160,8.43,0.85,2.03,1.76,0.87,0.77,3.21,0.78,0.09
1746,16:48:16:162,5.98,0.14,1.52,1.32,0.42,1.19,0.31,0.42,0.13
1747,16:48:17:167,6.18,0.28,1.04,0.61,0.43,0.26,0.82,0.24,0.21
1748,16:48:18:173,6.51,0.14,0.79,0.46,0.24,0.36,0.19,0.12,0.17
1749,16:48:19:177,7.63,0.97,0.26,0.27,0.19,0.28,0.09,0.16,0.26
1750,16:48:20:184,7.99,0.98,0.24,0.26,0.12,0.26,0.08,0.16,0.08
1751,16:48:21:187,5.79,0.22,0.32,0.32,0.19,0.2,0.25,0.25,0.26
1752,16:48:22:194,6.27,0.15,0.62,0.49,0.3,0.18,0.1,0.16,0.35
1753,16:48:23:199,6.65,0.31,0.62,0.55,0.14,0.3,0.16,0.17,0.34
1754,16:48:24:203,7.79,0.61,0.16,0.4,0.08,0.21,0.18,0.14,0.17
1755,16:48:25:205,8.53,1.07,0.23,0.32,0.23,0.18,0.12,0.18,0.13
1756,16:48:26:212,7.17,0.3,0.23,0.33,0.28,0.22,0.19,0.18,0.33
1757,16:48:27:214,6.79,0.37,0.68,0.38,0.22,0.4,0.09,0.14,0.29
1758,16:48:28:220,7.27,0.2,0.95,0.39,0.14,0.35,0.23,0.25,0.18
1759,16:48:29:222,7.48,0.59,0.27,0.39,0.62,0.35,0.15,0.22,0.24
1760,16:48:30:223,9.09,1.44,0.33,0.52,0.18,0.19,0.1,0.08,0.17
1761,16:48:31:231,5.86,0.2,0.4,0.41,0.17,0.4,0.13,0.14,0.37
1762,16:48:32:235,6.41,0.21,0.5,0.43,0.36,0.26,0.15,0.15,0.15
1763,16:48:33:237,6.39,0.22,0.79,0.33,0.13,0.36,0.2,0.32,0.11
1764,16:48:34:237,7.47,0.66,0.19,0.34,0.17,0.25,0.08,0.07,0.22
1765,16:48:35:244,8.64,1,0.16,0.44,0.14,0.19,0.12,0.25,0.09
1766,16:48:36:248,5.65,0.27,0.25,0.4,0.15,0.21,0.11,0.41,0.12
1767,16:48:37:251,6.47,0.28,0.54,0.41,0.11,0.26,0.27,0.1,0.21
1768,16:48:38:252,6.9,0.26,0.89,0.62,0.2,0.39,0.15,0.22,0.15
1769,16:48:39:255,7.11,0.43,0.18,0.32,0.16,0.29,0.06,0.12,0.23
1770,16:48:40:261,8.98,1.48,0.2,0.39,0.2,0.3,0.16,0.16,0.12
1771,16:48:41:262,5.86,0.16,0.25,0.24,0.53,0.22,0.13,0.27,0.56
1772,16:48:42:267,18.08,1.15,0.58,0.29,0.36,0.24,0.12,0.27,0.78
1773,16:48:43:271,13.36,0.73,0.88,0.39,0.21,0.2,0.27,0.23,0.09
1774,16:48:44:276,6.99,0.57,0.17,0.25,0.15,0.28,0.12,0.16,0.26
1775,16:48:45:285,9.41,1.5,3.47,2.01,0.6,2.05,2.36,1.01,0.19
1776,16:48:46:292,5.73,0.15,1.29,1.22,0.43,0.6,1.02,0.58,0.14
1777,16:48:47:300,6.2,0.22,0.37,0.27,0.09,0.22,0.13,0.32,0.42
1778,16:48:48:303,6.85,0.29,0.94,0.43,0.33,0.26,0.31,0.12,0.15
1779,16:48:49:306,6.65,0.27,0.17,0.39,0.14,0.23,0.11,0.09,0.28
1780,16:48:50:313,9.14,1.19,0.17,0.31,0.14,0.25,0.1,0.39,0.1
1781,16:48:51:316,5.94,0.23,0.46,0.4,0.12,0.23,0.14,0.12,0.24
1782,16:48:52:321,6.19,0.14,0.4,0.42,0.17,0.32,0.09,0.12,0.14
1783,16:48:53:321,6.51,0.3,1.28,0.59,0.1,0.28,0.16,0.08,0.13
1784,16:48:54:323,6.33,0.21,0.24,0.31,0.09,0.27,0.12,0.1,0.19
1785,16:48:55:329,9.4,1.41,0.18,0.27,0.25,0.16,0.3,0.07,0.07
1786,16:48:56:333,5.93,0.23,0.19,0.41,0.34,0.28,0.11,0.19,0.15
1787,16:48:57:338,6.26,0.27,0.33,0.53,0.29,0.11,0.09,0.14,0.27
1788,16:48:58:339,6.42,0.27,1.18,0.47,0.25,0.32,0.23,0.19,0.17
1789,16:48:59:341,6.17,0.19,0.17,0.35,0.13,0.24,0.12,0.15,0.29
1790,16:49:0:349,9.99,1.53,0.14,0.44,0.12,0.2,0.1,0.2,0.15
1791,16:49:1:352,6.08,0.18,0.26,0.3,0.17,0.35,0.16,0.13,0.08
1792,16:49:2:356,5.84,0.36,0.29,0.3,0.22,0.21,0.19,0.12,0.55
1793,16:49:3:359,6.84,0.29,1.23,0.63,0.27,0.35,0.29,0.14,0.37
1794,16:49:4:362,6.73,0.31,0.22,0.36,0.18,0.16,0.22,0.14,0.2
1795,16:49:5:369,9.62,1.44,0.14,0.21,0.25,0.22,0.09,0.12,0.26
1796,16:49:6:372,6.28,0.19,0.3,0.35,0.15,0.22,0.11,0.13,0.32
1797,16:49:7:374,5.83,0.14,0.21,0.47,0.17,0.3,0.07,0.13,0.36
1798,16:49:8:378,7.36,0.37,1.3,0.63,0.19,0.34,0.15,0.23,0.25
1799,16:49:9:383,7.28,0.17,0.25,0.29,0.15,0.23,0.17,0.07,0.2
1800,16:49:10:386,9.88,1.34,0.21,0.28,0.11,0.15,0.09,0.12,0.14
1801,16:49:11:387,6.62,0.2,0.2,0.23,0.57,0.37,0.16,0.13,1.49
1802,16:49:12:392,20.43,2.48,0.26,0.7,0.19,0.33,0.14,0.1,0.62
1803,16:49:13:396,10.53,0.87,1.34,0.53,0.45,0.35,0.17,0.16,0.16
1804,16:49:14:401,6.28,0.33,0.17,0.45,0.14,0.41,0.09,0.15,0.26
1805,16:49:15:409,9.79,1.72,3.56,1.7,1.01,1.57,2.17,1.48,0.11
1806,16:49:16:411,6.07,0.16,0.58,0.56,0.38,1.1,0.4,0.19,0.1
1807,16:49:17:419,5.94,0.16,0.28,0.44,0.14,0.2,0.12,0.11,0.25
1808,16:49:18:421,6.54,0.28,1.1,0.5,0.19,0.46,0.21,0.18,0.26
1809,16:49:19:426,6.88,0.18,0.27,0.36,0.13,0.19,0.25,0.1,0.17
1810,16:49:20:432,9.59,1.79,0.23,0.33,0.15,0.28,0.07,0.1,0.8
1811,16:49:21:435,12.98,1.1,0.38,0.33,0.11,0.41,0.1,0.1,0.12
1812,16:49:22:439,6.01,0.2,0.34,0.58,0.15,0.2,0.16,0.19,0.53
1813,16:49:23:440,7.19,0.3,1.21,0.39,0.17,0.37,0.13,0.25,0.14
1814,16:49:24:441,6.29,0.37,0.62,0.74,0.62,1.36,2.24,0.73,0.22
1815,16:49:25:445,9.8,1.59,0.22,0.27,0.1,0.37,0.08,0.14,0.26
1816,16:49:26:453,7.74,0.65,0.35,0.32,0.21,0.3,0.12,0.14,0.1
1817,16:49:27:453,6.24,0.2,0.19,0.35,0.25,0.31,0.12,0.09,0.16
1818,16:49:28:453,6.8,0.32,1.18,0.47,0.34,0.45,0.36,0.08,0.26
1819,16:49:29:457,6.66,0.28,0.32,0.4,0.29,0.34,0.27,0.15,0.28
1820,16:49:30:458,10.2,1.29,0.26,0.35,0.22,0.23,0.17,0.13,0.13
1821,16:49:31:458,6.15,0.14,0.23,0.39,0.25,0.37,0.15,0.14,0.16
1822,16:49:32:467,5.86,0.15,0.33,0.23,0.15,0.42,0.13,0.1,0.24
1823,16:49:33:469,6.47,0.24,1.43,0.49,0.3,0.19,0.25,0.41,0.21
1824,16:49:34:471,6.95,0.32,0.16,0.44,0.28,0.21,0.14,0.09,0.25
1825,16:49:35:477,9.69,1.19,0.2,0.27,0.18,0.24,0.12,0.06,0.15
1826,16:49:36:482,7.25,0.22,0.22,0.35,0.24,0.24,0.16,0.14,0.11
1827,16:49:37:482,5.91,0.24,0.3,0.44,0.23,0.26,0.18,0.17,0.16
1828,16:49:38:484,6.52,0.18,1.48,0.63,0.36,0.36,0.13,0.17,0.23
1829,16:49:39:484,6.53,0.17,0.59,0.5,0.22,0.37,0.21,0.19,0.17
1830,16:49:40:486,9.97,1.66,0.16,0.33,0.11,0.14,0.13,0.22,0.13
1831,16:49:41:487,6.28,0.22,0.27,0.63,0.22,0.25,0.2,0.1,0.62
1832,16:49:42:495,20.82,2.08,0.38,0.34,0.23,0.27,0.15,0.16,0.45
1833,16:49:43:496,9.19,0.43,1.19,0.5,0.19,0.51,0.32,0.1,0.19
1834,16:49:44:503,9.18,0.4,0.1,0.41,0.14,0.31,0.23,0.1,0.18
1835,16:49:45:504,11.21,1.77,2.73,3.05,1.84,1.77,2.98,0.77,0.13
1836,16:49:46:504,6.45,0.25,0.71,0.68,0.28,0.36,0.58,0.22,0.2
1837,16:49:47:506,6.45,0.23,0.18,1.41,0.66,0.44,0.23,0.09,0.29
1838,16:49:48:506,7.03,0.31,1.58,0.67,0.85,0.26,0.36,0.18,0.24
1839,16:49:49:512,6.32,0.2,0.17,0.38,0.19,0.23,0.17,0.21,0.22
1840,16:49:50:515,10.05,1.22,0.2,0.34,0.16,0.23,0.11,0.2,0.25
1841,16:49:51:523,5.91,0.23,0.24,0.4,0.32,0.33,0.1,0.2,0.11
1842,16:49:52:526,5.72,0.17,0.16,0.4,0.28,0.42,0.16,0.09,0.27
1843,16:49:53:530,7,0.21,1.36,0.47,0.39,0.34,0.27,0.18,0.25
1844,16:49:54:533,6.25,0.23,0.15,0.27,0.1,0.26,0.22,0.08,0.26
1845,16:49:55:536,9.73,1.07,0.17,0.34,0.13,0.18,0.09,0.14,0.17
1846,16:49:56:535,5.98,0.22,0.33,0.52,0.13,0.34,0.17,0.13,0.13
1847,16:49:57:541,6.07,0.18,0.21,0.38,0.13,0.24,0.16,0.22,0.09
1848,16:49:58:544,6.32,0.3,1.59,0.62,0.32,0.35,0.2,0.11,0.53
1849,16:49:59:550,6.71,0.23,0.12,0.29,0.14,0.34,0.16,0.11,0.17
1850,16:50:0:552,10.08,1.08,0.2,0.39,0.14,0.18,0.1,0.18,0.16
1851,16:50:1:560,5.98,0.18,0.25,0.34,0.28,0.26,0.09,0.18,0.18
1852,16:50:2:566,5.69,0.21,0.25,0.26,0.09,0.37,0.18,0.17,0.14
1853,16:50:3:569,6.54,0.23,1.79,0.57,0.47,0.36,0.23,0.18,0.39
1854,16:50:4:569,7.13,0.29,0.17,0.4,0.12,0.14,0.13,0.25,0.57
1855,16:50:5:577,12.45,1.8,0.14,0.28,0.09,0.22,0.11,0.09,0.18
1856,16:50:6:583,9.82,0.41,0.23,0.29,0.35,0.29,0.25,0.16,0.1
1857,16:50:7:587,6.26,0.17,0.31,0.3,0.17,0.41,0.14,0.23,0.25
1858,16:50:8:588,6.33,0.22,1.63,0.96,0.66,0.91,0.89,0.32,0.39
1859,16:50:9:590,6.58,0.34,0.33,0.84,0.24,1.41,0.32,0.15,0.17
1860,16:50:10:598,9.67,1.79,0.21,0.44,0.18,0.17,0.12,0.23,0.29
1861,16:50:11:603,6.81,0.27,0.2,0.38,0.15,0.24,0.16,0.12,1.23
1862,16:50:12:612,21.71,3.34,0.19,0.21,0.17,0.32,0.12,0.17,0.36
1863,16:50:13:615,8.55,0.44,1.01,0.4,0.15,0.42,0.25,0.18,0.46
1864,16:50:14:619,6.27,0.2,0.24,0.34,0.32,0.35,0.28,0.2,0.32
1865,16:50:15:621,9.96,1.06,1.44,2.77,1.72,2.42,2.4,0.86,0.36
1866,16:50:16:623,9.41,0.51,0.36,0.59,0.2,0.81,0.18,0.16,0.12
1867,16:50:17:630,5.99,0.25,0.18,0.37,0.1,0.15,0.12,0.15,0.13
1868,16:50:18:639,6.74,0.19,1.39,0.49,0.43,0.39,0.32,0.19,0.15
1869,16:50:19:641,6.12,0.27,0.62,0.68,0.5,0.8,0.76,0.57,0.15
1870,16:50:20:649,9.43,1.99,0.18,0.37,0.13,0.15,0.18,0.12,0.23
1871,16:50:21:654,6.19,0.27,0.36,0.5,0.36,0.2,0.16,0.09,0.1
1872,16:50:22:660,5.81,0.16,0.16,0.25,0.18,0.29,0.21,0.26,0.34
1873,16:50:23:666,7.45,0.23,0.9,0.48,0.17,0.22,0.13,0.19,0.29
1874,16:50:24:667,6.33,0.13,0.15,0.46,0.11,0.28,0.08,0.08,0.78
1875,16:50:25:675,12.93,1.51,0.13,0.32,0.08,0.31,0.1,0.09,1.73
1876,16:50:26:682,18.28,1.9,0.33,0.47,0.22,0.4,0.12,0.09,1.14
1877,16:50:27:689,11.54,0.65,0.37,0.38,0.16,0.2,0.14,0.11,2.3
1878,16:50:28:691,26.64,3.16,1.75,0.99,0.83,0.68,0.9,0.51,2.2
1879,16:50:29:699,28.14,3.24,1.82,1.61,1.3,1.77,1.74,1.48,1.45
1880,16:50:30:699,26.87,2.93,0.53,0.71,0.84,0.47,0.55,0.51,0.4
1881,16:50:31:699,13.14,0.97,3.23,2.49,3.09,2.44,2.67,2.23,0.18
1882,16:50:32:707,5.76,0.21,3.86,3.07,3.02,2.97,1.79,2.35,0.18
1883,16:50:33:709,10,0.6,5.05,2.87,2.27,2.89,1.69,1.74,0.15
1884,16:50:34:716,6.7,0.24,0.97,1.51,0.63,2.25,0.54,0.28,0.18
1885,16:50:35:722,9.77,1.44,0.18,0.2,0.15,0.28,0.1,0.08,0.25
1886,16:50:36:724,9.18,0.52,1.72,1.2,0.58,0.33,0.12,0.12,0.32
1887,16:50:37:728,11.71,1.02,0.38,0.22,0.17,0.31,0.18,0.26,0.28
1888,16:50:38:734,6.4,0.22,1.34,0.85,0.28,0.24,0.29,0.29,0.2
1889,16:50:39:743,7.47,0.21,0.51,0.67,0.38,0.73,0.26,0.51,0.24
1890,16:50:40:750,10.43,1.97,1.35,1.02,0.78,1.28,0.28,0.14,0.23
1891,16:50:41:754,9.47,0.61,0.27,0.35,0.17,0.23,0.08,0.24,2.76
1892,16:50:42:754,17.86,0.81,0.31,0.49,0.26,0.53,0.23,0.44,0.29
1893,16:50:43:764,7.81,0.25,1.2,0.56,0.39,0.25,0.24,0.24,0.8
1894,16:50:44:764,12.28,0.63,0.55,0.76,1.13,0.4,0.51,0.56,0.46
1895,16:50:45:769,19.21,2.8,1.78,1.16,1.59,0.66,2.56,1.33,0.81
1896,16:50:46:776,23.28,2.78,0.41,0.69,0.23,0.32,0.36,0.2,0.6
1897,16:50:47:784,21.13,2.07,0.94,1.44,0.85,0.39,0.2,0.37,1.38
1898,16:50:48:789,21.49,0.99,1.49,2.93,1.87,0.97,1.06,0.74,1.42
1899,16:50:49:791,24.16,0.63,2.61,3.87,3.47,1.56,2.18,0.42,0.21
1900,16:50:50:797,14.6,1.73,1.09,1,5.49,1.58,2.15,0.42,0.12
1901,16:50:51:798,10.94,1,4.61,3.23,2.58,0.89,0.3,0.6,0.15
1902,16:50:52:802,5.99,0.2,3.69,2.65,3.59,2.55,2.92,0.35,2.43
1903,16:50:53:803,18.58,0.91,2.37,1.3,2.27,1.08,0.29,0.24,3.18
1904,16:50:54:807,19.16,1.25,1.56,0.81,0.62,0.97,0.5,0.13,3.34
1905,16:50:55:813,30.72,3.42,0.22,0.31,0.14,0.27,0.11,0.07,3.17
1906,16:50:56:816,26.16,2.36,2.33,2.98,1.86,0.94,0.83,0.96,1.07
1907,16:50:57:818,25.19,2.01,1.65,0.88,4.7,0.52,0.49,0.19,2.45
1908,16:50:58:822,24.45,3.76,6.81,2.37,4.29,3.82,1.28,1.96,0.29
1909,16:50:59:827,19.79,2.04,6.19,1.11,1.24,3.63,3.13,1.24,0.79
1910,16:51:0:827,26.07,3.37,7.43,0.69,1.75,0.47,4.33,3.49,0.3
1911,16:51:1:832,23.61,2.23,5.28,2.4,1.49,1.55,1.2,0.88,0.13
1912,16:51:2:836,19.44,1.62,6.29,3.14,0.6,0.47,0.37,0.28,0.36
1913,16:51:3:839,19.88,2,6.59,4.03,3.41,1.82,0.76,0.88,0.34
1914,16:51:4:844,20.17,2.24,6.02,3.18,4.11,0.85,0.73,0.82,1.19
1915,16:51:5:846,27.53,3.6,4.22,2.55,2.23,0.25,0.85,1.03,0.29
1916,16:51:6:851,19.72,1.71,6.06,3.55,0.32,0.39,0.34,0.48,0.21
1917,16:51:7:859,19.51,1.85,6.4,2.36,1.12,0.57,0.19,0.49,0.39
1918,16:51:8:866,20.24,1.83,6.93,4.2,3.52,1.19,1.81,0.83,0.73
1919,16:51:9:875,19.93,2.2,6.66,3.28,0.51,0.31,0.22,0.56,0.4
1920,16:51:10:881,21.54,2.85,7.57,2.05,0.81,0.27,0.17,0.38,1.05
1921,16:51:11:886,22.76,2.39,7.9,1.53,1.15,0.41,0.33,0.43,1.35
1922,16:51:12:888,28.74,2.7,6.26,2.76,0.88,0.28,0.25,0.39,0.21
1923,16:51:13:893,20.99,2.13,7.64,1.95,1.95,0.47,0.26,0.52,0.48
1924,16:51:14:897,20.41,1.82,7.44,2.31,0.9,0.94,1.36,1.65,0.25
1925,16:51:15:905,21.68,3.02,5.89,2.77,4.32,1.78,3.42,2.12,0.32
1926,16:51:16:914,19.58,1.74,6,2.62,2,0.32,0.37,0.91,0.16
1927,16:51:17:916,19.47,2.38,8.68,1.47,0.87,0.41,0.46,0.45,0.2
1928,16:51:18:919,19.77,2.35,7.09,2.79,1.83,0.48,0.24,0.55,0.37
1929,16:51:19:927,20.24,1.89,6.95,2.22,1.36,0.31,0.29,0.39,0.25
1930,16:51:20:935,21.39,3.09,7.15,1.86,0.44,0.29,0.24,0.43,0.21
1931,16:51:21:943,20.01,1.63,6.12,2.35,0.54,0.59,0.86,0.44,0.14
1932,16:51:22:949,19.44,1.86,5.61,4.4,0.56,0.27,0.18,0.36,0.56
1933,16:51:23:950,19.65,2,7.16,1.94,2.71,0.33,0.27,0.38,0.82
1934,16:51:24:954,11.3,0.57,7.06,3.04,0.29,0.43,0.33,0.64,2.16
1935,16:51:25:963,20.24,2.1,6.76,2.25,1.19,0.43,0.15,0.44,0.6
1936,16:51:26:966,17.3,0.4,6.09,1.68,1.51,0.56,0.23,0.66,0.43
1937,16:51:27:973,22.03,1.17,0.47,0.51,0.38,0.57,0.31,1.93,1.03
1938,16:51:28:976,26.07,1.92,1.92,3.46,2.12,0.99,0.52,1.13,0.47
1939,16:51:29:978,20.14,0.74,0.69,4.94,2.64,0.54,0.29,0.35,0.32
1940,16:51:30:981,21.42,2.4,6.58,3.82,2.39,0.81,0.87,0.35,0.51
1941,16:51:31:984,19.99,0.49,7.81,2.93,2.62,1.11,2.81,0.74,0.25
1942,16:51:32:992,21.31,0.72,6.95,1.92,2.52,0.49,0.21,0.31,0.33
1943,16:51:33:997,19.64,1.34,6.79,1.6,2.67,1.64,0.19,0.27,0.98
1944,16:51:34:998,19.95,0.65,5.85,2.91,2.65,0.52,0.31,0.44,0.82
1945,16:51:36:002,23.31,2.26,3.95,5.57,2.49,1.52,0.4,0.22,1.39
1946,16:51:37:006,22.02,0.71,5.4,2.12,2.94,0.44,0.43,0.35,0.17
1947,16:51:38:015,19.7,1.34,6.84,1.13,2.26,0.7,0.29,0.46,0.6
1948,16:51:39:020,20.17,0.92,7.42,2.64,2.06,0.98,0.71,0.92,0.23
1949,16:51:40:025,19.49,0.87,6.42,2.59,2.21,1.12,0.37,1.62,0.32
1950,16:51:41:030,21.38,2.44,5.99,1.52,2.66,1.24,0.24,0.39,0.68
1951,16:51:42:030,25.24,1.79,4.51,1.68,4.34,0.66,0.57,0.35,0.52
1952,16:51:43:032,24.18,2.84,6.35,1.48,3.01,0.81,0.35,0.27,0.37
1953,16:51:44:035,20.84,0.8,6.61,2.33,2.62,0.98,0.19,0.29,0.17
1954,16:51:45:044,19.6,0.54,6.76,2.64,2.13,1.36,3.05,1.6,0.39
1955,16:51:46:046,21.3,2,6.56,3.29,2.07,1.2,1.53,0.84,0.27
1956,16:51:47:050,19.56,0.37,6.38,1.72,2.89,1.13,0.99,0.43,0.16
1957,16:51:48:052,19.72,0.99,7.35,1.21,3.01,0.66,0.27,0.2,0.51
1958,16:51:49:052,19.67,0.63,7.17,1.9,3.02,0.45,0.55,0.4,0.44
1959,16:51:50:054,19.51,0.62,6.57,2.15,2.8,0.47,0.26,0.23,1.01
1960,16:51:51:058,17.66,1.55,6.03,0.81,3.1,1.44,0.28,0.2,2.35
1961,16:51:52:060,13.73,0.49,5.61,2.97,1.92,0.61,0.82,0.15,0.15
1962,16:51:53:064,5.76,0.24,6.87,1.99,2.32,0.88,0.24,0.19,0.13
1963,16:51:54:064,7.34,0.25,3.74,2.69,1.46,0.59,0.52,0.66,0.29
1964,16:51:55:066,6.73,0.27,0.64,0.63,0.42,0.44,0.77,2.22,0.24
1965,16:51:56:075,10.25,1.47,0.18,0.29,0.16,0.24,0.13,0.2,0.15
1966,16:51:57:081,6.13,0.23,0.69,0.36,0.23,0.33,0.24,0.17,0.22
1967,16:51:58:086,6.25,0.22,0.23,0.36,0.2,0.15,0.21,0.27,0.89
1968,16:51:59:090,11.03,0.38,1.35,0.78,0.22,0.39,0.27,0.13,1.29
1969,16:52:0:090,16.71,0.57,0.21,0.41,0.11,0.23,0.14,0.22,2.38
1970,16:52:1:097,26.26,4.47,0.15,0.35,0.16,0.14,0.17,0.14,0.38
1971,16:52:2:106,20.35,5.05,1.06,0.78,0.45,0.75,0.45,0.82,0.08
1972,16:52:3:108,6.16,0.28,2.55,2.13,0.75,0.66,1.18,1.06,0.17
1973,16:52:4:111,6.39,0.2,3.27,2.85,4.15,2.15,1.29,0.87,0.47
1974,16:52:5:116,6.63,0.2,2.28,0.97,3.7,0.84,0.4,0.23,0.45
1975,16:52:6:126,9.91,1.25,0.23,0.37,0.11,0.17,0.11,0.12,0.19
1976,16:52:7:133,6.23,0.2,0.37,0.44,0.33,0.2,0.09,0.09,0.16
1977,16:52:8:138,6.42,0.19,0.13,0.21,0.15,0.45,0.19,0.11,0.18
1978,16:52:9:139,7.62,0.23,1.42,0.63,0.26,0.37,0.17,0.14,0.28
1979,16:52:10:141,6.03,0.32,0.17,0.3,0.12,0.33,0.21,0.08,0.39
1980,16:52:11:142,9.88,1.32,0.25,0.37,0.14,0.29,0.45,0.11,2.28
1981,16:52:12:147,17.16,1.71,0.61,0.35,0.14,0.5,0.2,0.27,0.7
1982,16:52:13:155,13.29,0.72,0.2,0.37,0.1,0.15,0.17,0.07,0.13
1983,16:52:14:157,12.38,0.38,1.29,0.63,0.21,0.43,0.26,0.09,0.3
1984,16:52:15:157,13.77,0.31,1.26,1.99,1.1,0.76,0.98,2.01,0.24
1985,16:52:16:166,16.61,0.98,0.58,0.91,1.17,1.29,0.52,1.61,0.17
1986,16:52:17:174,14.08,0.34,0.2,2.8,0.61,0.16,0.19,0.26,0.22
1987,16:52:18:182,14.22,0.25,0.19,3.65,0.3,0.38,0.28,0.22,0.3
1988,16:52:19:185,14.51,0.39,0.9,4.55,1.53,0.64,0.37,0.17,0.26
1989,16:52:20:188,14.53,0.37,0.22,4.15,0.38,0.44,0.2,0.1,0.27
1990,16:52:21:194,16.75,1.02,0.18,4.2,0.46,0.47,0.14,0.22,0.28
1991,16:52:22:201,14.41,0.33,0.28,4.18,0.4,0.29,0.2,0.27,0.25
1992,16:52:23:208,14.45,0.48,0.17,4.27,0.54,0.4,0.11,0.39,0.33
1993,16:52:24:210,16.61,1.06,1.07,4.79,1.46,0.38,0.36,0.17,1.05
1994,16:52:25:216,17.79,0.6,0.24,4.6,0.41,0.44,0.14,0.16,0.41
1995,16:52:26:223,15.77,0.58,0.2,4.61,0.26,0.3,0.31,0.15,0.56
1996,16:52:27:223,11.1,0.74,0.19,3.4,0.73,0.45,2.46,0.21,0.09
1997,16:52:28:223,6.27,0.23,0.67,4.11,3.02,0.85,0.19,0.28,0.16
1998,16:52:29:225,7.81,0.37,1.6,3.28,1.4,0.49,0.35,0.41,0.3
1999,16:52:30:226,6.89,0.18,1.68,1,0.59,0.5,0.53,0.38,0.31
2000,16:52:31:227,9.89,0.24,0.18,0.49,0.16,0.18,0.13,0.09,0.12
2001,16:52:32:229,6.05,0.26,0.36,0.54,0.22,0.38,0.25,0.39,0.15
2002,16:52:33:233,6.12,0.19,0.26,0.49,0.14,0.34,0.23,0.14,0.25
2003,16:52:34:235,6.3,0.25,0.83,2.14,0.25,0.42,0.23,0.23,0.3
2004,16:52:35:240,6.21,0.16,0.15,0.41,0.19,0.24,0.24,0.17,0.28
2005,16:52:36:241,10.34,0.34,0.19,0.28,0.06,0.33,0.16,0.13,0.15
2006,16:52:37:240,6.34,0.26,0.13,0.38,0.15,0.33,0.12,0.14,0.1
2007,16:52:38:247,5.74,0.16,0.18,0.32,0.38,0.15,0.17,0.09,0.15
2008,16:52:39:254,6.63,0.21,0.9,1.34,1.46,0.32,0.16,0.2,0.41
2009,16:52:40:260,6.68,0.19,0.16,0.37,0.18,0.24,0.08,0.2,0.48
2010,16:52:41:269,10.09,0.33,0.11,0.43,0.09,0.18,0.23,0.15,0.54
2011,16:52:42:276,18.18,1.8,0.27,0.3,0.31,0.39,0.11,0.15,0.17
2012,16:52:43:280,11.44,0.66,0.24,0.34,0.15,0.29,0.22,0.11,0.73
2013,16:52:44:286,11.01,0.28,0.82,1.26,0.86,0.56,0.22,0.15,0.53
2014,16:52:45:291,13.78,0.48,1.93,2.48,1.94,0.97,2.88,0.56,0.27
2015,16:52:46:296,9.69,0.2,0.42,0.84,1.21,1.04,0.61,0.5,0.15
2016,16:52:47:300,6.37,0.25,1.09,1.58,0.44,0.4,0.25,0.73,0.1
2017,16:52:48:300,6.16,0.22,1.33,0.72,1.57,0.88,0.74,1.23,0.1
2018,16:52:49:301,6.4,0.35,1.11,1.67,0.59,0.48,0.19,0.13,0.29
2019,16:52:50:306,6.49,0.17,0.26,0.3,0.14,0.37,0.16,0.14,0.23
2020,16:52:51:315,9.85,0.3,0.16,0.23,0.23,0.26,0.16,0.09,0.16
2021,16:52:52:319,6.98,0.21,0.26,0.28,0.17,0.23,0.29,0.09,0.08
2022,16:52:53:325,5.92,0.33,0.18,0.28,0.18,0.27,0.23,0.24,0.27
2023,16:52:54:327,6.11,0.21,0.91,1.43,1.08,0.37,0.13,0.2,0.28
2024,16:52:55:331,7.02,0.78,0.22,0.28,0.25,0.36,0.18,0.47,0.39
2025,16:52:56:337,9.87,0.3,0.15,0.32,0.07,0.23,0.15,0.11,0.3
2026,16:52:57:344,6.18,0.33,0.16,0.41,0.17,0.21,0.12,0.08,0.1
2027,16:52:58:347,5.64,0.19,0.29,0.34,0.15,0.21,0.18,0.12,0.26
2028,16:52:59:350,6.84,0.21,0.89,1.46,1.04,0.26,0.23,0.12,0.17
2029,16:53:0:351,7.48,0.38,0.19,0.32,0.18,0.18,0.17,0.11,0.16
2030,16:53:1:356,10.69,0.82,0.2,0.26,0.18,0.29,0.08,0.06,0.23
2031,16:53:2:361,6.49,0.26,0.29,0.44,0.2,0.29,0.13,0.1,0.14
2032,16:53:3:369,6.52,0.18,0.28,0.55,0.5,0.45,0.26,0.18,0.13
2033,16:53:4:371,6.15,0.24,0.96,2.11,0.53,0.37,0.26,0.18,0.18
2034,16:53:5:377,6.64,0.28,0.19,0.29,0.2,0.31,0.2,0.17,0.45
2035,16:53:6:379,9.53,0.28,0.2,0.33,0.27,0.3,0.14,0.22,0.16
2036,16:53:7:384,5.94,0.2,0.18,0.52,0.12,0.15,0.15,0.1,0.32
2037,16:53:8:393,7.13,0.26,0.33,0.46,0.13,0.34,0.08,0.21,0.31
2038,16:53:9:396,6.57,0.15,0.86,1.32,0.92,0.25,0.19,0.25,0.13
2039,16:53:10:398,6.84,0.21,0.18,0.32,0.21,0.29,0.14,0.08,0.19
2040,16:53:11:407,9.76,0.34,0.24,0.34,0.23,0.31,0.33,0.23,2.06
2041,16:53:12:412,19.5,2.03,0.25,0.32,0.1,0.43,0.16,0.16,0.48
2042,16:53:13:413,11.34,0.83,0.1,0.61,0.15,0.22,0.21,0.31,0.24
2043,16:53:14:414,6.19,0.2,0.85,2.07,0.29,0.38,0.15,0.24,0.26
2044,16:53:15:416,7.05,0.27,2.2,1.81,2.29,0.99,1.35,1.6,0.32
2045,16:53:16:420,10,0.39,0.5,0.76,1.18,0.79,0.31,0.4,0.14
2046,16:53:17:427,5.78,0.18,0.24,0.35,0.24,0.21,0.07,0.12,0.14
2047,16:53:18:435,5.86,0.13,0.28,0.46,0.29,0.27,0.21,0.38,0.1
2048,16:53:19:440,6.24,0.27,0.98,1.81,0.54,0.43,0.13,0.13,0.18
2049,16:53:20:448,6.07,0.34,0.14,0.29,0.11,0.32,0.12,0.1,0.22
2050,16:53:21:449,9.83,0.31,0.18,0.3,0.18,0.18,0.11,0.11,0.15
2051,16:53:22:455,5.96,0.14,0.26,0.32,0.16,0.19,0.08,0.3,0.09
2052,16:53:23:460,5.87,0.18,0.18,0.24,0.23,0.25,0.21,0.1,0.29
2053,16:53:24:460,6.02,0.19,0.84,1.6,0.98,0.31,0.24,0.25,0.4
2054,16:53:25:467,6.21,0.22,0.19,0.5,0.17,0.18,0.12,0.09,0.21
2055,16:53:26:472,9.71,0.27,0.17,0.36,0.11,0.26,0.08,0.16,0.14
2056,16:53:27:478,6.26,0.14,0.21,0.41,0.21,0.23,0.09,0.11,0.17
2057,16:53:28:488,6.44,0.27,0.25,0.36,0.14,0.21,0.1,0.07,0.5
2058,16:53:29:494,14.29,0.54,0.95,1.79,0.56,0.4,0.32,0.17,0.39
2059,16:53:30:495,11,0.6,0.27,0.3,0.19,0.32,0.25,0.17,0.24
2060,16:53:31:501,9.74,0.3,0.22,0.57,0.12,0.21,0.09,0.11,0.13
2061,16:53:32:504,6.69,0.2,3.05,1.66,0.59,1.29,0.43,0.36,0.12
2062,16:53:33:510,5.86,0.16,1.37,0.65,1.16,0.9,0.22,0.32,0.15
2063,16:53:34:514,6.38,0.24,1.03,1.96,0.3,0.33,0.17,0.12,0.17
2064,16:53:35:517,6.85,0.26,0.62,0.39,0.19,0.32,0.11,0.16,0.29
2065,16:53:36:524,9.64,0.4,0.17,0.43,0.09,0.19,0.16,0.07,0.08
2066,16:53:37:532,6.25,0.25,0.23,0.42,0.17,0.23,0.19,0.08,0.11
2067,16:53:38:535,6.15,0.2,0.37,0.37,0.22,0.23,0.16,0.25,0.15
2068,16:53:39:538,6.61,0.24,0.83,2.06,0.31,0.29,0.15,0.16,0.25
2069,16:53:40:544,7.03,0.5,0.23,0.19,0.21,0.35,0.17,0.15,0.2
2070,16:53:41:548,10.06,0.52,0.16,0.4,0.24,0.18,0.19,0.1,1.49
2071,16:53:42:549,20.98,1.66,0.32,0.34,0.12,0.21,0.15,0.39,0.11
2072,16:53:43:550,7.91,0.21,0.53,0.34,0.15,0.19,0.11,0.19,0.11
2073,16:53:44:552,6.13,0.25,1.09,2.02,0.26,0.28,0.24,0.13,0.27
2074,16:53:45:561,6.23,0.18,3.1,1.59,2.54,1.07,1.82,2.37,0.15
2075,16:53:46:565,9.45,0.45,0.29,0.47,0.46,0.73,0.24,0.18,0.13
2076,16:53:47:566,6.11,0.18,0.19,0.52,0.12,0.14,0.16,0.11,0.19
2077,16:53:48:572,5.67,0.19,0.15,0.28,0.22,0.27,0.24,0.1,0.09
2078,16:53:49:578,5.62,0.4,0.87,1.76,0.75,0.25,0.19,0.1,0.25
2079,16:53:50:583,6.01,0.2,0.18,0.28,0.2,0.46,0.14,0.09,0.36
2080,16:53:51:585,10.21,0.22,0.18,0.28,0.22,0.16,0.15,0.07,0.16
2081,16:53:52:590,6.2,0.18,0.16,0.18,0.12,0.27,0.13,0.08,0.07
2082,16:53:53:597,5.62,0.22,0.18,0.32,0.09,0.28,0.25,0.1,0.11
2083,16:53:54:602,6.09,0.21,0.91,1.56,0.89,0.4,0.27,0.19,0.17
2084,16:53:55:607,6.38,0.18,0.25,0.35,0.11,0.24,0.13,0.18,0.21
2085,16:53:56:614,9.44,0.18,0.29,0.28,0.15,0.2,0.1,0.07,0.1
2086,16:53:57:616,6.16,0.22,0.22,0.37,0.29,0.23,0.09,0.12,0.14
2087,16:53:58:623,5.84,0.18,0.18,0.46,0.09,0.36,0.23,0.12,0.26
2088,16:53:59:625,6.69,0.2,0.91,2.08,0.35,0.39,0.15,0.09,0.18
2089,16:54:0:626,6.47,0.16,0.19,0.41,0.19,0.23,0.17,0.16,0.21
2090,16:54:1:629,9.63,0.22,0.15,0.39,0.22,0.21,0.08,0.16,0.2
2091,16:54:2:630,6.31,0.28,0.35,0.37,0.18,0.3,0.16,0.12,0.1
2092,16:54:3:634,5.96,0.26,0.26,0.55,0.19,0.28,0.13,0.16,0.29
2093,16:54:4:637,5.86,0.28,0.82,1.62,0.69,0.57,0.16,0.18,0.21
2094,16:54:5:646,6.13,0.3,0.28,0.34,0.16,0.21,0.16,0.21,0.24
2095,16:54:6:648,9.7,0.33,0.18,0.27,0.08,0.33,0.1,0.12,0.18
2096,16:54:7:651,6.14,0.17,0.18,0.26,0.12,0.19,0.06,0.1,0.16
2097,16:54:8:654,5.76,0.11,0.24,0.34,0.13,0.2,0.16,0.11,0.22
2098,16:54:9:660,6.13,0.28,0.86,1.67,0.71,0.32,0.15,0.21,0.15
2099,16:54:10:663,5.8,0.12,0.19,0.46,0.08,0.2,0.15,0.18,0.27
2100,16:54:11:668,10.63,0.23,0.21,0.33,0.17,0.17,0.08,0.1,2.92
2101,16:54:12:673,20.11,1.21,0.26,0.26,0.2,0.19,0.1,0.15,0.11
2102,16:54:13:675,8.63,0.3,0.19,0.31,0.14,0.43,0.14,0.08,0.58
2103,16:54:14:676,15.4,0.57,1.02,2.14,0.64,0.49,0.28,0.16,0.35
2104,16:54:15:676,8.98,0.33,2.11,2.12,1.99,1.24,1.03,2.62,0.2
2105,16:54:16:681,9.46,0.22,0.21,0.52,0.29,1.19,0.17,0.23,0.1
2106,16:54:17:687,5.88,0.2,1.59,1.49,0.39,1.01,1.88,1.04,0.09
2107,16:54:18:691,5.88,0.28,1.08,0.29,0.27,1.02,0.21,0.26,0.25
2108,16:54:19:694,6.13,0.28,0.82,2.16,0.23,0.37,0.2,0.1,0.11
2109,16:54:20:701,5.93,0.31,0.17,0.23,0.15,0.38,0.09,0.13,0.21
2110,16:54:21:709,9.91,0.34,0.2,0.18,0.14,0.19,0.14,0.21,0.14
2111,16:54:22:717,5.99,0.3,0.24,0.22,0.22,0.2,0.15,0.14,0.37
2112,16:54:23:719,7.86,0.19,0.21,0.3,0.09,0.28,0.09,0.2,0.11
2113,16:54:24:724,5.69,0.27,1.01,2.11,0.27,0.22,0.25,0.13,0.23
2114,16:54:25:726,6.21,0.21,0.14,0.27,0.11,0.29,0.12,0.16,0.35
2115,16:54:26:731,9.39,0.22,0.74,0.54,0.18,0.39,0.31,0.13,0.12
2116,16:54:27:737,6.38,0.24,0.16,0.36,0.21,0.18,0.09,0.07,0.16
2117,16:54:28:744,5.78,0.17,0.14,0.33,0.22,0.25,0.1,0.2,0.19
2118,16:54:29:745,6.52,0.17,0.83,1.91,0.33,0.3,0.3,0.08,0.33
2119,16:54:30:749,6.88,0.22,0.16,0.38,0.11,0.3,0.29,0.17,0.29
2120,16:54:31:753,10.13,0.38,0.27,0.26,0.15,0.19,0.13,0.1,0.13
2121,16:54:32:758,5.9,0.21,0.48,0.34,0.13,0.29,0.13,0.11,0.09
2122,16:54:33:762,5.79,0.23,0.47,0.25,0.16,0.28,0.16,0.2,0.16
2123,16:54:34:764,6.98,0.3,0.96,2.01,0.28,0.25,0.25,0.25,0.36
2124,16:54:35:767,7.25,0.18,0.11,0.34,0.11,0.26,0.14,0.09,0.28
2125,16:54:36:769,9.73,0.21,0.2,0.22,0.16,0.28,0.11,0.05,0.68
2126,16:54:37:773,11.19,0.92,0.28,0.42,0.25,0.13,0.28,0.22,0.51
2127,16:54:38:775,8.42,0.48,0.2,0.39,0.28,0.3,0.48,0.16,0.26
2128,16:54:39:778,6.33,0.25,0.91,1.71,0.62,0.37,0.28,0.17,0.1
2129,16:54:40:781,6.35,0.12,0.95,0.87,0.82,0.89,0.73,0.74,0.79
2130,16:54:41:788,11.83,0.73,0.5,0.6,0.44,0.44,0.45,0.34,0.4
2131,16:54:42:792,18.37,1.34,0.27,0.24,0.16,0.31,0.21,0.1,0.62
2132,16:54:43:800,11.82,0.38,0.21,0.72,0.1,0.15,0.12,0.12,0.26
2133,16:54:44:808,6.1,0.17,1.08,1.71,0.88,0.81,1.12,0.4,0.29
2134,16:54:45:811,7.66,0.17,3.05,3.33,2.23,0.94,1.52,0.52,0.3
2135,16:54:46:817,17.53,1.66,0.35,0.81,1.17,0.53,1.07,0.87,0.3
2136,16:54:47:821,22.23,1.48,0.22,0.34,0.13,0.19,0.12,0.22,0.23
2137,16:54:48:829,16.16,1.14,0.31,0.46,0.16,0.3,0.8,0.15,0.1
2138,16:54:49:836,7.04,0.25,2.38,2.82,3.04,1.06,0.49,0.98,1.11
2139,16:54:50:840,13.65,1.31,4.76,3.75,2.62,0.64,2.04,0.44,0.28
2140,16:54:51:844,10.08,0.42,3.55,2.3,2.51,0.25,0.33,0.17,0.15
2141,16:54:52:848,10.77,0.32,0.37,0.62,0.18,0.47,0.15,0.15,0.08
2142,16:54:53:853,5.92,0.21,1.94,1.61,1.27,0.42,0.31,0.33,0.11
2143,16:54:54:862,6.45,0.22,1.55,1.47,0.25,0.41,0.25,0.23,0.24
2144,16:54:55:867,6.31,0.2,1.82,1.17,0.84,0.27,0.2,0.83,0.18
2145,16:54:56:867,12.41,0.36,0.18,0.36,0.17,0.22,0.11,0.11,0.11
2146,16:54:57:874,6.27,0.24,0.25,0.35,0.15,0.28,0.13,0.3,0.09
2147,16:54:58:880,5.77,0.16,0.22,0.25,0.1,0.36,0.19,0.16,1.13
2148,16:54:59:884,17.6,1.08,1.59,3.32,0.74,0.24,0.24,0.36,0.94
2149,16:55:0:888,12.2,1.07,0.18,0.28,0.17,0.35,0.13,0.09,0.18
2150,16:55:1:893,19.48,1.28,0.16,0.37,0.14,0.29,0.07,0.08,0.24
2151,16:55:2:900,6.4,0.26,2.53,2.18,1.13,0.63,1.05,1,0.11
2152,16:55:3:904,5.78,0.19,1.19,1.34,0.88,1.2,0.22,0.73,0.38
2153,16:55:4:910,7.45,0.44,3.66,4.51,1.66,0.93,0.22,0.13,0.11
2154,16:55:5:915,5.97,0.16,0.23,0.4,0.18,0.23,0.13,0.21,0.2
2155,16:55:6:920,9.02,0.54,0.19,0.39,0.08,0.18,0.11,0.1,0.19
2156,16:55:7:929,6.54,0.19,0.41,0.34,0.29,0.37,0.33,0.27,0.25
2157,16:55:8:930,7.98,0.33,0.26,0.31,0.26,0.36,0.16,0.07,0.27
2158,16:55:9:931,6.16,0.21,0.86,1.25,0.92,0.24,0.26,0.11,0.26
2159,16:55:10:936,6.07,0.13,0.32,0.54,0.2,0.34,0.18,0.14,1.18
2160,16:55:11:938,12.24,0.99,0.91,0.27,0.28,0.32,0.28,0.17,0.8
2161,16:55:12:948,16.06,0.9,0.25,0.27,0.14,0.33,0.12,0.16,0.34
2162,16:55:13:952,8.75,0.27,0.18,0.33,0.11,0.38,0.1,0.17,0.1
2163,16:55:14:955,5.85,0.28,1.1,1.26,0.95,0.95,1.45,0.84,0.22
2164,16:55:15:962,6.16,0.24,1.61,2.58,2.49,1.19,0.73,1.42,0.38
2165,16:55:16:962,8.89,0.31,0.34,0.83,0.35,0.45,0.53,0.14,0.19
2166,16:55:17:966,6.66,0.27,0.19,0.49,0.16,0.16,0.07,0.16,0.19
2167,16:55:18:973,5.82,0.23,0.11,0.34,0.18,0.33,0.21,0.11,0.3
2168,16:55:19:974,6.23,0.25,0.86,0.91,1.09,0.29,0.12,0.1,0.22
2169,16:55:20:983,5.98,0.22,0.29,0.48,0.29,0.34,0.23,0.1,0.19
2170,16:55:21:985,8.16,0.22,0.17,0.35,0.1,0.2,0.12,0.15,0.13
2171,16:55:22:989,6.68,0.29,0.14,0.34,0.2,0.14,0.22,0.19,0.21
2172,16:55:23:994,6.29,0.29,0.27,0.37,0.13,0.16,0.19,0.16,0.24
2173,16:55:25:002,5.88,0.17,0.71,0.65,0.69,0.5,0.4,0.09,0.33
2174,16:55:26:004,6.88,0.24,0.34,0.48,0.46,0.42,0.14,0.12,0.31
2175,16:55:27:007,9.69,0.7,0.2,0.32,0.18,0.16,0.12,0.19,0.31
2176,16:55:28:014,8.07,0.3,0.21,0.29,0.11,0.27,0.14,0.16,0.23
2177,16:55:29:015,11.99,0.6,0.43,0.44,0.32,0.24,0.1,0.15,0.14
2178,16:55:30:022,6.11,0.51,0.94,1.54,0.54,0.44,0.3,0.35,0.15
2179,16:55:31:025,7.48,0.23,0.57,1.27,0.26,0.24,0.35,0.13,0.21
2180,16:55:32:025,8.36,0.4,0.96,1.98,1.55,0.57,0.28,0.12,0.17
2181,16:55:33:026,7.28,0.2,0.2,0.28,0.11,0.29,0.12,0.14,0.53
2182,16:55:34:029,6.3,0.28,0.6,0.59,0.34,0.28,0.3,0.24,0.11
2183,16:55:35:034,6.18,0.22,0.79,1.03,0.41,0.42,0.13,0.1,0.16
2184,16:55:36:039,5.94,0.17,0.5,1.05,0.24,0.28,0.19,0.19,0.19
2185,16:55:37:045,7.71,1.05,0.18,0.25,0.11,0.22,0.07,0.2,0.15
2186,16:55:38:047,7.76,0.8,0.19,0.36,0.1,0.31,0.22,0.14,0.14
2187,16:55:39:056,5.88,0.17,0.29,0.3,0.27,0.31,0.16,0.08,0.24
2188,16:55:40:061,6.27,0.19,0.64,0.35,0.24,0.28,0.27,0.11,0.1
2189,16:55:41:063,5.77,0.19,0.59,0.62,0.16,0.29,0.16,0.18,0.76
2190,16:55:42:067,15.19,1.97,0.26,0.48,0.13,0.2,0.18,0.12,0.79
2191,16:55:43:073,15.23,2.09,0.23,0.4,0.13,0.29,0.18,0.12,0.14
2192,16:55:44:075,7.49,0.24,0.2,0.6,0.15,0.16,0.09,0.07,0.34
2193,16:55:45:078,15.86,0.38,1.77,1.3,1.17,1.25,2.43,0.83,0.12
2194,16:55:46:085,5.93,0.17,2.11,1.37,0.53,1.86,1.03,0.37,0.2
2195,16:55:47:087,7.21,0.77,0.98,0.57,0.17,0.26,0.28,0.23,0.29
2196,16:55:48:092,8.07,1.04,1.87,1.27,1.81,0.84,1.44,1.48,0.09
2197,16:55:49:099,5.79,0.17,0.19,0.38,0.21,0.17,0.12,0.25,0.09
2198,16:55:50:105,6.12,0.17,0.51,0.53,0.12,0.38,0.12,0.09,0.14
2199,16:55:51:110,6.08,0.19,0.61,0.42,0.13,0.42,0.28,0.12,0.11
2200,16:55:52:112,7.5,0.75,0.16,0.38,0.07,0.22,0.21,0.08,0.26
2201,16:55:53:116,8.48,0.6,0.17,0.38,0.15,0.18,0.17,0.3,0.11
2202,16:55:54:120,6.73,0.19,0.16,0.26,0.24,0.24,0.12,0.37,0.27
2203,16:55:55:122,5.75,0.19,0.6,0.44,0.23,0.28,0.3,0.15,0.16
2204,16:55:56:124,6.26,0.27,1.03,0.84,0.2,0.31,0.5,0.15,0.25
2205,16:55:57:123,7.03,0.9,0.27,0.39,0.62,0.27,0.1,0.13,0.18
2206,16:55:58:132,7.79,0.8,0.21,0.48,0.14,0.14,0.13,0.09,0.15
2207,16:55:59:135,5.95,0.15,0.34,0.35,0.09,0.34,0.14,0.14,0.29
2208,16:56:0:143,5.96,0.23,0.46,0.36,0.14,0.38,0.11,0.12,0.45
2209,16:56:1:148,6.03,0.19,0.84,0.46,0.1,0.28,0.34,0.14,0.51
2210,16:56:2:152,9.23,0.8,0.25,0.36,0.11,0.33,0.08,0.11,0.34
2211,16:56:3:161,8.68,0.86,0.25,0.36,0.11,0.28,0.11,0.08,0.2
2212,16:56:4:162,5.94,0.23,0.31,0.19,0.07,0.25,0.08,0.14,0.34
2213,16:56:5:166,6.01,0.27,0.96,0.5,0.51,0.42,0.34,0.27,0.37
2214,16:56:6:172,6.06,0.3,0.7,0.9,0.26,0.51,0.27,0.15,0.15
2215,16:56:7:177,7.22,0.91,0.16,0.32,0.17,0.27,0.08,0.1,0.18
2216,16:56:8:177,7.87,0.67,0.24,0.21,0.11,0.17,0.16,0.17,0.15
2217,16:56:9:181,5.92,0.31,0.09,0.3,0.24,0.12,0.11,0.13,0.13
2218,16:56:10:189,6.11,0.2,0.49,0.35,0.2,0.21,0.09,0.11,0.18
2219,16:56:11:192,6.32,0.23,1.03,0.44,0.34,0.27,0.17,0.3,0.75
2220,16:56:12:196,16.41,2.23,0.24,0.33,0.11,0.18,0.08,0.2,1
2221,16:56:13:196,14.25,1.24,0.2,0.36,0.1,0.4,0.1,0.23,0.09
2222,16:56:14:202,6.3,0.29,0.44,0.35,0.08,0.27,0.17,0.11,0.15
2223,16:56:15:205,6.26,0.25,1.45,2.41,1.08,1.29,2.83,0.62,0.27
2224,16:56:16:213,6.19,0.18,1.58,1.98,0.8,0.92,0.83,0.53,0.26
2225,16:56:17:213,6.95,0.27,0.24,0.24,0.06,0.2,0.35,0.1,0.37
2226,16:56:18:218,8.3,0.35,0.19,0.4,0.19,0.29,0.1,0.21,0.14
2227,16:56:19:218,5.95,0.28,0.11,0.33,0.11,0.32,0.14,0.29,0.11
2228,16:56:20:227,5.98,0.27,0.39,0.58,0.58,0.33,0.1,0.15,0.28
2229,16:56:21:227,6.04,0.18,0.61,0.85,0.51,0.35,0.17,0.11,0.83
2230,16:56:22:232,9.53,0.21,0.12,0.33,0.17,0.35,0.09,0.13,0.23
2231,16:56:23:237,8.25,0.23,0.15,0.27,0.12,0.28,0.2,0.28,0.11
2232,16:56:24:245,6.03,0.14,0.25,0.3,0.23,0.14,0.28,0.06,0.23
2233,16:56:25:251,5.72,0.2,0.55,1.09,0.44,0.29,0.15,0.77,0.14
2234,16:56:26:257,6.66,0.31,0.59,1.23,0.5,0.39,0.23,0.14,0.11
2235,16:56:27:265,6.59,0.26,0.1,0.54,0.1,0.37,0.11,0.11,0.19
2236,16:56:28:270,8.68,0.26,0.18,0.35,0.21,0.11,0.09,0.09,0.36
2237,16:56:29:273,10.42,0.52,0.33,0.35,0.27,0.28,0.26,0.14,0.47
2238,16:56:30:275,13.89,0.66,0.32,0.66,0.21,0.31,0.24,0.12,0.22
2239,16:56:31:284,5.93,0.31,0.7,1.38,0.44,0.39,0.28,0.19,0.28
2240,16:56:32:284,6.68,0.2,1.5,0.74,1.1,0.49,0.27,0.4,0.17
2241,16:56:33:286,8.61,0.42,2.27,0.62,0.85,1.15,1.25,0.41,0.07
2242,16:56:34:293,5.47,0.23,0.29,0.47,0.11,0.16,0.09,0.15,0.23
2243,16:56:35:294,5.89,0.15,0.36,0.49,0.31,0.31,0.18,0.15,0.19
2244,16:56:36:296,10.04,0.47,0.72,1.7,0.2,0.23,0.2,0.15,0.16
2245,16:56:37:301,8.01,0.32,0.2,0.3,0.1,0.17,0.11,0.12,0.48
2246,16:56:38:304,9.37,0.58,0.2,0.27,0.16,0.26,0.12,0.23,0.14
2247,16:56:39:310,6.85,0.28,0.42,0.43,0.31,0.33,1.42,1.08,0.24
2248,16:56:40:316,5.9,0.25,0.24,0.63,0.25,0.19,0.81,0.48,0.25
2249,16:56:41:320,5.79,0.18,0.77,1.1,0.89,0.3,0.26,0.29,0.74
2250,16:56:42:329,17.18,1.28,0.48,0.46,0.23,0.24,0.12,0.15,0.58
2251,16:56:43:329,13.19,0.87,0.21,0.3,0.12,0.18,0.1,0.22,0.16
2252,16:56:44:336,6.24,0.38,0.21,0.49,0.16,0.12,0.07,0.14,0.25
2253,16:56:45:336,6.06,0.25,1.8,2.68,2.72,0.97,1.86,1.36,0.34
2254,16:56:46:340,5.69,0.16,1.18,1.54,1.4,0.85,1.33,0.33,0.1
2255,16:56:47:343,6.31,0.34,0.25,0.25,0.28,0.27,0.13,0.06,0.21
2256,16:56:48:344,8.7,0.33,0.14,0.44,0.16,0.27,0.08,0.07,0.1
2257,16:56:49:350,5.89,0.17,0.11,0.31,0.09,0.25,0.17,0.07,0.19
2258,16:56:50:352,5.86,0.25,0.26,0.47,0.41,0.17,0.09,0.16,3.03
2259,16:56:51:353,27.15,3.42,0.75,1.16,0.78,0.25,0.16,0.18,1.02
2260,16:56:52:362,10.65,0.75,0.16,0.3,0.12,0.22,0.17,0.27,1.08
2261,16:56:53:362,15.59,1.68,0.12,0.29,0.27,0.28,0.09,0.09,0.18
2262,16:56:54:368,6.49,0.24,3.02,3.16,4.41,2.57,2.92,1.53,0.17
2263,16:56:55:370,6.27,0.17,0.83,0.72,1.43,0.81,0.47,0.39,0.34
2264,16:56:56:373,5.74,0.14,1.92,1.09,1.54,1.34,1.12,0.55,0.2
2265,16:56:57:382,6.03,0.27,0.3,0.55,0.32,0.13,0.11,0.09,0.23
2266,16:56:58:387,8.83,1.17,0.3,0.38,0.12,0.38,0.21,0.15,0.08
2267,16:56:59:395,5.8,0.21,0.22,0.36,0.12,0.13,0.15,0.12,0.11
2268,16:57:0:403,6.37,0.26,0.37,0.36,0.13,0.21,0.13,0.11,0.19
2269,16:57:1:408,6.21,0.18,1.36,0.47,0.25,0.29,0.21,0.14,0.16
2270,16:57:2:410,6.41,0.28,0.26,0.37,0.16,0.25,0.13,0.1,0.28
2271,16:57:3:413,8.92,1.21,0.35,0.37,0.1,0.36,0.12,0.18,0.07
2272,16:57:4:419,5.49,0.2,0.33,0.38,0.14,0.36,0.1,0.16,0.25
2273,16:57:5:427,6.17,0.13,0.4,0.45,0.16,0.25,0.08,0.08,0.15
2274,16:57:6:431,6.04,0.14,1.43,0.49,0.15,0.22,0.21,0.14,0.12
2275,16:57:7:438,6.07,0.34,0.12,0.3,0.15,0.13,0.18,0.08,0.18
2276,16:57:8:442,8.71,0.98,0.25,0.47,0.18,0.25,0.17,0.1,0.14
2277,16:57:9:450,5.77,0.29,0.13,0.29,0.36,0.21,0.3,0.11,0.21
2278,16:57:10:452,5.56,0.16,0.2,0.34,0.14,0.25,0.2,0.1,0.12
2279,16:57:11:461,5.77,0.25,1.46,0.55,0.18,0.34,0.25,0.13,0.7
2280,16:57:12:467,19.25,2.16,0.21,0.27,0.2,0.18,0.12,0.1,0.34
2281,16:57:13:469,12.59,1.75,0.28,0.3,0.13,0.21,0.06,0.12,0.3
2282,16:57:14:469,12.22,0.93,0.21,0.38,0.13,0.18,0.1,0.17,0.31
2283,16:57:15:478,10.26,0.43,3.64,1.53,1.53,1.61,2.21,1.52,0.32
2284,16:57:16:481,5.66,0.22,1.38,0.9,0.66,1.04,0.76,0.42,0.38
2285,16:57:17:484,6.4,0.21,1.45,1.47,0.36,0.92,0.42,0.85,0.17
2286,16:57:18:485,8.99,1.84,0.83,0.55,1.46,0.37,0.87,0.24,0.16
2287,16:57:19:490,6.28,0.26,0.16,0.31,0.08,0.13,0.11,0.13,0.09
2288,16:57:20:495,5.51,0.26,0.23,0.34,0.1,0.26,0.15,0.17,0.14
2289,16:57:21:503,5.65,0.16,0.9,0.36,0.19,0.42,0.22,0.14,0.39
2290,16:57:22:504,7.15,0.18,0.24,0.38,0.11,0.39,0.1,0.14,0.18
2291,16:57:23:510,9.4,1.78,0.24,0.33,0.12,0.16,0.14,0.07,0.13
2292,16:57:24:511,5.92,0.21,0.19,0.27,0.09,0.26,0.27,0.09,0.1
2293,16:57:25:511,5.57,0.13,0.62,0.33,0.17,0.27,0.44,0.11,0.23
2294,16:57:26:517,5.59,0.17,1.06,0.43,0.18,0.34,0.22,0.24,0.6
2295,16:57:27:519,11.64,1.08,0.16,0.33,0.11,0.47,0.15,0.06,0.28
2296,16:57:28:522,9.32,1.7,0.28,0.22,0.2,0.27,0.05,0.13,0.23
2297,16:57:29:523,6.2,0.35,0.24,0.19,0.24,0.27,0.1,0.06,0.72
2298,16:57:30:529,9.75,0.65,1.07,1.06,0.79,0.85,0.36,0.4,0.4
2299,16:57:31:537,7.19,0.51,0.94,0.46,0.17,0.26,0.38,0.21,0.32
2300,16:57:32:540,7.66,0.5,0.22,0.28,0.18,0.22,0.11,0.12,0.6
2301,16:57:33:540,11.27,1.25,0.71,0.53,0.56,0.46,0.94,0.33,0.21
2302,16:57:34:541,6.7,0.36,0.28,0.33,0.2,0.24,0.29,0.35,0.14
2303,16:57:35:544,5.79,0.19,0.35,0.42,0.28,0.24,0.27,0.42,0.11
2304,16:57:36:549,5.89,0.14,1.72,0.77,0.55,0.43,0.47,0.46,0.27
2305,16:57:37:559,6.06,0.15,0.23,0.38,0.16,0.46,0.17,0.14,0.46
2306,16:57:38:558,8.92,1.62,0.32,0.32,0.14,0.22,0.07,0.07,0.21
2307,16:57:39:562,6.02,0.2,0.28,0.43,0.06,0.3,0.17,0.08,0.15
2308,16:57:40:566,5.61,0.13,0.21,0.37,0.28,0.15,0.1,0.1,0.21
2309,16:57:41:572,5.48,0.19,0.95,0.35,0.17,0.22,0.25,0.21,1.85
2310,16:57:42:578,20.4,1.33,0.18,0.34,0.21,0.21,0.12,0.32,0.18
2311,16:57:43:583,10.99,1.78,0.27,0.34,0.2,0.24,0.08,0.07,0.1
2312,16:57:44:587,5.59,0.15,0.11,0.35,0.12,0.19,0.08,0.1,0.13
2313,16:57:45:594,5.61,0.17,1.47,3.37,2.2,1.49,2.01,1.81,0.22
2314,16:57:46:600,5.78,0.28,1.05,0.51,0.33,0.84,0.34,0.36,0.24
2315,16:57:47:607,6.1,0.16,0.15,0.39,0.17,0.13,0.1,0.22,0.5
2316,16:57:48:612,9.18,0.97,0.21,0.43,0.06,0.18,0.07,0.1,0.12
2317,16:57:49:616,5.48,0.17,0.24,0.33,0.12,0.19,0.09,0.11,0.09
2318,16:57:50:619,5.41,0.2,0.32,0.31,0.11,0.21,0.21,0.11,0.23
2319,16:57:51:627,5.83,0.15,1.42,0.54,0.28,0.35,0.19,0.11,0.23
2320,16:57:52:630,6,0.2,0.12,0.36,0.18,0.24,0.09,0.11,0.24
2321,16:57:53:635,9.12,1.03,0.21,0.36,0.07,0.13,0.12,0.15,0.11
2322,16:57:54:642,6.24,0.17,0.2,0.24,0.07,0.39,0.16,0.1,0.23
2323,16:57:55:644,5.64,0.14,0.29,0.4,0.11,0.18,0.21,0.06,0.17
2324,16:57:56:644,5.56,0.32,1.51,0.74,0.25,0.31,0.21,0.1,0.24
2325,16:57:57:651,6.06,0.14,0.38,0.44,0.06,0.15,0.23,0.11,0.29
2326,16:57:58:655,8.57,1.77,0.19,0.37,0.11,0.2,0.07,0.08,0.3
2327,16:57:59:660,14.24,0.75,0.15,0.22,0.11,0.18,0.1,0.12,0.76
2328,16:58:0:660,12.23,1.82,0.36,0.38,0.16,0.26,0.15,0.15,1.25
2329,16:58:1:666,10.63,1.01,0.88,0.47,0.19,0.34,0.16,0.08,0.38
2330,16:58:2:671,6.61,0.22,1.63,1.92,1.39,0.82,0.35,0.97,0.36
2331,16:58:3:675,9.02,1.02,1.24,0.84,0.8,0.97,0.76,0.67,0.09
2332,16:58:4:680,5.8,0.16,0.89,0.99,0.54,0.75,0.44,0.4,0.1
2333,16:58:5:680,5.52,0.17,0.23,0.3,0.29,0.23,0.2,0.15,0.17
2334,16:58:6:686,6.1,0.2,1.33,0.58,0.22,0.36,0.26,0.24,0.26
2335,16:58:7:689,5.96,0.18,0.18,0.38,0.26,0.22,0.15,0.07,0.41
2336,16:58:8:691,10.91,1.4,0.26,0.4,0.14,0.11,0.11,0.09,0.2
2337,16:58:9:692,6.57,0.23,0.39,0.37,0.18,0.3,0.15,0.07,0.1
2338,16:58:10:695,5.78,0.22,0.21,0.42,0.13,0.23,0.12,0.12,0.65
2339,16:58:11:697,9.32,0.61,1.61,0.48,0.29,0.81,0.8,0.33,1
2340,16:58:12:699,20.03,0.9,0.35,0.43,0.16,0.45,0.13,0.15,0.66
2341,16:58:13:708,12.03,1.46,0.22,0.33,0.17,0.25,0.07,0.08,0.16
2342,16:58:14:716,5.78,0.14,0.77,0.8,0.37,0.42,0.52,0.35,0.16
2343,16:58:15:720,5.74,0.16,2.01,2.85,2.06,1.81,2.73,2.16,0.22
2344,16:58:16:728,5.58,0.14,1.05,0.98,1.7,0.34,0.19,0.36,0.28
2345,16:58:17:734,6.07,0.18,0.17,0.22,0.11,0.35,0.19,0.17,0.27
2346,16:58:18:736,9.19,0.73,0.27,0.25,0.22,0.14,0.12,0.1,0.12
2347,16:58:19:740,5.94,0.16,0.13,0.21,0.14,0.21,0.23,0.12,0.08
2348,16:58:20:744,5.63,0.15,0.16,0.38,0.16,0.32,0.21,0.1,0.22
2349,16:58:21:751,6.3,0.19,1.11,0.46,1.41,0.25,0.21,0.09,0.24
2350,16:58:22:752,6.03,0.25,0.25,0.28,0.13,0.28,0.15,0.16,0.36
2351,16:58:23:753,9.72,0.97,0.22,0.32,0.16,0.23,0.12,0.06,0.16
2352,16:58:24:758,5.81,0.17,0.21,0.26,0.31,0.26,0.09,0.44,0.1
2353,16:58:25:766,5.65,0.14,0.23,0.57,0.1,0.18,0.12,0.08,0.24
2354,16:58:26:770,5.75,0.13,1.13,0.37,1.3,0.29,0.18,0.18,0.38
2355,16:58:27:779,6.06,0.2,0.21,0.35,0.16,0.24,0.2,0.08,0.48
2356,16:58:28:785,13.29,0.8,0.17,0.38,0.24,0.22,0.13,0.08,0.15
2357,16:58:29:785,14.32,0.34,0.17,0.28,0.13,0.27,0.17,0.09,0.09
2358,16:58:30:785,6.04,0.29,0.2,0.34,0.13,0.25,0.16,0.13,0.1
2359,16:58:31:786,6,0.25,1.67,1.07,2.27,0.58,0.13,0.19,0.31
2360,16:58:32:792,6.5,0.19,1.1,1.61,0.26,1.03,1.74,1.58,0.24
2361,16:58:33:794,9.57,0.28,0.21,0.32,0.13,0.19,0.18,0.09,0.28
2362,16:58:34:796,7.52,0.39,0.24,0.28,0.15,0.34,0.07,0.29,0.15
2363,16:58:35:803,5.75,0.17,0.16,0.54,0.09,0.34,0.22,0.12,0.24
2364,16:58:36:805,6.17,0.19,0.88,0.39,2.22,0.52,0.16,0.1,0.35
2365,16:58:37:813,6.15,0.21,0.32,0.41,0.3,0.45,0.27,0.24,0.36
2366,16:58:38:813,9.83,0.3,0.18,0.35,0.1,0.25,0.14,0.09,0.16
2367,16:58:39:817,6.48,0.16,0.25,0.36,0.1,0.35,0.08,0.06,0.15
2368,16:58:40:820,6.41,0.25,0.15,0.35,0.12,0.23,0.21,0.14,0.24
2369,16:58:41:821,9.33,0.49,0.95,0.33,2.05,0.43,0.18,0.23,0.83
2370,16:58:42:824,18.09,2.26,0.2,0.28,0.14,0.38,0.14,0.23,0.38
2371,16:58:43:825,11.76,0.99,0.26,0.3,0.08,0.35,0.11,0.17,0.34
2372,16:58:44:831,16.25,1.06,0.53,0.73,0.55,0.76,1.24,0.6,0.19
2373,16:58:45:836,7.7,0.28,1.1,2.79,1.28,1.23,1.65,1.41,0.22
2374,16:58:46:838,5.99,0.24,1.02,0.61,1.63,0.74,0.26,0.23,0.26
2375,16:58:47:840,6.37,0.29,2.38,1.8,1.41,1.48,0.76,0.48,0.49
2376,16:58:48:844,9.62,0.38,0.48,0.42,0.18,0.23,0.47,0.1,0.14
2377,16:58:49:848,5.98,0.22,0.17,0.25,0.1,0.26,0.12,0.13,0.14
2378,16:58:50:852,5.7,0.11,0.16,0.33,0.17,0.4,0.09,0.17,0.1
2379,16:58:51:855,6.19,0.18,0.91,0.32,1.98,0.26,0.2,0.25,0.25
2380,16:58:52:856,6.38,0.17,0.23,0.26,0.13,0.2,0.09,0.23,0.42
2381,16:58:53:862,10.97,0.4,0.22,0.35,0.12,0.22,0.1,0.09,0.18
2382,16:58:54:864,6.29,0.29,0.29,0.32,0.29,0.26,0.1,0.09,0.1
2383,16:58:55:870,6.12,0.2,0.16,0.41,0.12,0.33,0.2,0.09,0.13
2384,16:58:56:876,5.95,0.21,1.54,0.52,2.08,0.42,0.19,0.13,0.3
2385,16:58:57:878,6.33,0.33,0.22,0.33,0.07,0.24,0.22,0.08,0.4
2386,16:58:58:880,9.91,0.86,0.17,0.27,0.22,0.3,0.15,0.16,0.1
2387,16:58:59:885,6,0.25,0.13,0.42,0.07,0.17,0.07,0.24,0.14
2388,16:59:0:889,6.25,0.19,0.18,0.31,0.08,0.29,0.15,0.09,0.12
2389,16:59:1:892,6.23,0.13,0.85,0.27,1.38,0.35,0.26,0.11,0.24
2390,16:59:2:894,6.31,0.13,0.24,0.3,0.23,0.26,0.17,0.09,0.35
2391,16:59:3:895,9.83,1.11,0.29,0.35,0.19,0.22,0.18,0.12,0.17
2392,16:59:4:898,5.98,0.23,0.18,0.34,0.15,0.32,0.27,0.22,0.09
2393,16:59:5:902,5.55,0.16,0.34,0.43,0.11,0.22,0.16,0.07,0.29
2394,16:59:6:904,6.35,0.22,0.86,0.35,1.34,0.39,0.1,0.09,0.26
2395,16:59:7:909,6.35,0.18,0.22,0.25,0.19,0.29,0.14,0.07,0.2
2396,16:59:8:917,10.32,0.44,0.19,0.33,0.1,0.21,0.08,0.16,0.15
2397,16:59:9:926,6.09,0.14,0.15,0.26,0.25,0.3,0.18,0.08,0.11
2398,16:59:10:931,6.28,0.16,0.14,0.39,0.16,0.26,0.13,0.21,0.55
2399,16:59:11:936,10.9,0.68,0.97,0.34,1.86,0.5,0.29,0.14,0.47
2400,16:59:12:942,17.86,1.41,0.11,0.22,0.1,0.37,0.11,0.24,0.27
2401,16:59:13:946,10.67,0.58,0.24,0.41,0.12,0.26,0.1,0.06,0.18
2402,16:59:14:948,6.47,0.21,0.38,0.7,0.67,1.14,1.92,0.94,0.11
2403,16:59:15:951,5.82,0.19,0.99,2.32,2.01,2.66,1.42,0.35,0.24
2404,16:59:16:957,5.89,0.17,0.99,0.51,1.95,0.37,0.63,0.17,0.37
2405,16:59:17:962,6.16,0.16,0.17,0.31,0.17,0.33,0.13,0.17,0.2
2406,16:59:18:966,10.24,0.5,0.2,0.4,0.12,0.23,0.09,0.08,0.16
2407,16:59:19:969,6.03,0.16,0.16,0.21,0.11,0.17,0.15,0.23,0.11
2408,16:59:20:972,5.69,0.2,0.17,0.26,0.18,0.33,0.15,0.09,0.23
2409,16:59:21:975,6.13,0.15,1,0.48,1.84,0.52,0.22,0.17,0.37
2410,16:59:22:976,6.29,0.16,0.22,0.34,0.1,0.14,0.23,0.14,0.41
2411,16:59:23:978,10.03,0.92,0.2,0.43,0.11,0.16,0.11,0.14,0.15
2412,16:59:24:985,6.12,0.23,0.25,0.27,0.13,0.27,0.14,0.11,0.09
2413,16:59:25:990,5.72,0.16,0.21,0.19,0.21,0.3,0.12,0.1,0.27
2414,16:59:26:994,5.96,0.17,0.91,0.36,0.95,0.37,0.59,0.19,0.46
2415,16:59:28:001,7.31,0.41,0.2,0.22,0.15,0.33,0.14,0.12,0.22
2416,16:59:29:008,10.1,1.16,0.2,0.37,0.13,0.27,0.08,0.16,0.67
2417,16:59:30:010,17.57,0.86,0.14,0.35,0.21,0.23,0.14,0.08,0.1
2418,16:59:31:016,6.48,0.33,0.31,0.44,0.21,0.34,0.24,0.22,0.23
2419,16:59:32:017,6.04,0.23,1.23,0.54,1.1,0.28,0.28,0.16,0.16
2420,16:59:33:025,6.41,0.2,2.95,1.46,1.28,1.55,0.48,1.47,0.23
2421,16:59:34:034,10.26,0.46,0.23,0.36,0.08,0.24,0.08,0.11,0.31
2422,16:59:35:042,6.09,0.28,0.23,0.34,0.14,0.18,0.08,0.15,0.08
2423,16:59:36:045,7.02,0.24,0.29,0.4,0.14,0.22,0.13,0.21,0.34
2424,16:59:37:051,6.18,0.14,1.13,0.56,1.87,0.27,0.09,0.15,0.38
2425,16:59:38:055,7.18,0.28,0.23,0.24,0.07,0.15,0.15,0.15,0.69
2426,16:59:39:061,10.34,0.51,0.19,0.38,0.28,0.64,0.11,0.12,0.16
2427,16:59:40:062,6.14,0.14,0.14,0.25,0.23,0.2,0.22,0.1,0.15
2428,16:59:41:067,5.96,0.18,0.3,0.21,0.18,0.62,0.13,0.18,0.45
2429,16:59:42:067,13.25,1.66,0.94,0.46,1.79,0.49,0.14,0.24,0.75
2430,16:59:43:075,15.42,1.49,0.26,0.3,0.2,0.27,0.17,0.17,0.15
2431,16:59:44:078,10.03,1.03,0.23,0.33,0.16,0.29,0.06,0.08,0.16
2432,16:59:45:083,6.18,0.25,0.95,0.64,0.8,0.83,2.43,1.05,0.18
2433,16:59:46:084,6.01,0.18,1.96,1.12,1.53,1.51,0.63,0.55,0.3
2434,16:59:47:090,6.3,0.31,1,0.41,1.24,0.36,0.17,0.11,0.23
2435,16:59:48:095,6.48,0.3,0.2,0.43,0.15,0.28,0.09,0.1,0.16
2436,16:59:49:099,9.99,0.27,0.25,0.29,0.12,0.29,0.11,0.1,0.12
2437,16:59:50:105,5.8,0.18,0.23,0.26,0.19,0.35,0.09,0.11,0.09
2438,16:59:51:111,6.17,0.23,0.16,0.37,0.13,0.35,0.14,0.24,0.33
2439,16:59:52:117,6.33,0.18,0.99,0.47,2.14,0.35,0.22,0.31,0.25
2440,16:59:53:121,6.7,0.37,0.21,0.31,0.08,0.26,0.16,0.21,0.12
2441,16:59:54:125,9.71,0.44,0.19,0.37,0.07,0.26,0.08,0.14,0.13
2442,16:59:55:128,6.12,0.28,0.25,0.29,0.14,0.26,0.21,0.1,0.1
2443,16:59:56:130,5.87,0.14,0.16,0.29,0.11,0.33,0.21,0.09,0.08
2444,16:59:57:137,5.68,0.16,1,0.34,1.87,0.36,0.22,0.19,0.3
2445,16:59:58:144,6.61,0.21,0.3,0.4,0.15,0.19,0.12,0.14,0.13
2446,16:59:59:150,9.7,0.36,0.18,0.25,0.17,0.28,0.14,0.17,0.18
2447,17:0:0:158,6.33,0.28,0.17,0.41,0.15,0.09,0.09,0.26,0.14
2448,17:0:1:163,5.82,0.16,0.19,0.36,0.21,0.27,0.23,0.15,0.24
2449,17:0:2:164,6.01,0.18,0.93,0.39,2.18,0.29,0.26,0.14,0.15
2450,17:0:3:168,6.3,0.16,0.16,0.35,0.18,0.22,0.15,0.14,0.19
2451,17:0:4:170,10.47,0.59,0.22,0.41,0.12,0.19,0.16,0.08,0.19
2452,17:0:5:175,5.97,0.16,0.27,0.31,0.15,0.23,0.13,0.12,0.09
2453,17:0:6:178,5.64,0.13,0.23,0.37,0.28,0.39,0.16,0.23,0.15
2454,17:0:7:182,6.22,0.19,1.06,0.5,1.85,0.35,0.18,0.14,0.22
2455,17:0:8:184,6.08,0.27,0.23,0.34,0.15,0.21,0.1,0.1,0.18
2456,17:0:9:187,9.48,0.82,0.18,0.36,0.18,0.21,0.08,0.1,0.11
2457,17:0:10:192,5.97,0.39,0.22,0.34,0.15,0.2,0.23,0.08,0.12
2458,17:0:11:196,5.69,0.15,0.17,0.36,0.15,0.26,0.12,0.15,0.48
2459,17:0:12:199,15.62,1.7,0.94,0.39,1.21,0.44,0.21,0.3,1.07
2460,17:0:13:205,13.54,0.68,0.16,0.29,0.13,0.26,0.19,0.09,0.33
2461,17:0:14:205,13.17,1.16,0.23,0.33,0.23,0.25,0.07,0.1,0.45
2462,17:0:15:213,15.07,0.58,2.75,1.53,1.11,0.53,2.18,1.19,0.09
2463,17:0:16:220,5.68,0.17,1.35,1.83,0.93,0.46,0.31,0.54,0.26
2464,17:0:17:227,5.75,0.13,1.59,0.91,1.91,0.95,0.42,0.46,0.22
2465,17:0:18:235,6.2,0.13,3.58,0.96,0.74,0.57,0.79,0.46,0.2
2466,17:0:19:242,9.79,0.95,0.25,0.3,0.06,0.08,0.08,0.23,0.17
2467,17:0:20:242,6.22,0.17,0.28,0.3,0.16,0.13,0.06,0.13,0.07
2468,17:0:21:248,5.74,0.16,0.36,0.41,0.14,0.22,0.15,0.1,0.14
2469,17:0:22:252,5.99,0.2,0.97,0.22,1.53,0.36,0.16,0.15,0.25
2470,17:0:23:258,7,0.36,0.18,0.31,0.13,0.29,0.16,0.2,0.45
2471,17:0:24:262,10.57,1.2,0.28,0.25,0.1,0.32,0.07,0.07,0.14
2472,17:0:25:270,6.13,0.18,0.23,0.43,0.08,0.17,0.25,0.16,0.11
2473,17:0:26:275,6.13,0.19,0.34,0.37,0.27,0.27,0.15,0.14,0.26
2474,17:0:27:276,6.25,0.25,0.84,0.33,1.25,0.54,0.49,0.21,0.12
2475,17:0:28:279,6.3,0.18,0.19,0.18,0.12,0.33,0.18,0.15,0.27
2476,17:0:29:287,9.94,1.01,0.33,0.37,0.21,0.14,0.17,0.09,0.1
2477,17:0:30:293,6.1,0.24,0.22,0.37,0.12,0.26,0.13,0.11,0.07
2478,17:0:31:296,5.85,0.19,0.14,0.37,0.15,0.28,0.25,0.2,0.1
2479,17:0:32:299,5.58,0.13,0.9,0.29,1.24,0.49,0.35,0.26,0.28
2480,17:0:33:302,6.33,0.15,0.14,0.27,0.19,0.26,0.26,0.11,0.22
2481,17:0:34:303,9.65,0.62,0.24,0.3,0.13,0.24,0.17,0.14,0.11
2482,17:0:35:309,6.45,0.18,0.23,0.34,0.13,0.2,0.11,0.19,0.07
2483,17:0:36:311,5.6,0.22,0.3,0.21,0.22,0.28,0.1,0.09,0.16
2484,17:0:37:318,6.26,0.25,0.93,0.37,1.63,0.34,0.24,0.08,0.29
2485,17:0:38:321,6.05,0.17,0.4,0.31,0.2,0.26,0.18,0.09,0.31
2486,17:0:39:323,10.25,0.66,0.23,0.35,0.07,0.18,0.12,0.12,0.08
2487,17:0:40:324,5.69,0.23,0.17,0.35,0.09,0.37,0.15,0.07,0.11
2488,17:0:41:333,5.95,0.18,0.2,0.3,0.07,0.24,0.11,0.22,0.61
2489,17:0:42:335,17.1,0.78,0.95,0.35,1.76,0.41,0.23,0.13,1.36
2490,17:0:43:335,11.48,0.93,0.18,0.35,0.06,0.26,0.11,0.17,0.19
2491,17:0:44:342,9.29,0.86,0.18,0.27,0.21,0.36,0.08,0.1,0.13
2492,17:0:45:351,6.79,0.26,1.63,1.89,1.58,1.01,2.19,3.21,0.13
2493,17:0:46:353,5.72,0.15,0.7,0.81,0.4,0.44,0.4,0.31,0.25
2494,17:0:47:359,5.95,0.13,1.12,0.47,0.96,0.42,0.13,0.12,0.23
2495,17:0:48:362,6.26,0.17,0.14,0.43,0.3,0.29,0.16,0.13,0.21
2496,17:0:49:367,9.98,1.22,0.34,0.26,0.13,0.11,0.11,0.07,0.12
2497,17:0:50:374,5.92,0.22,0.16,0.43,0.16,0.23,0.1,0.08,0.11
2498,17:0:51:380,5.92,0.21,0.31,0.28,0.13,0.44,0.12,0.08,0.09
2499,17:0:52:388,6.04,0.16,0.87,0.33,1.18,0.34,0.29,0.24,0.15
2500,17:0:53:393,6.54,0.2,0.16,0.18,0.23,0.27,0.15,0.13,0.4
2501,17:0:54:393,9.7,0.77,0.23,0.36,0.16,0.25,0.12,0.14,0.17
2502,17:0:55:395,6.37,0.21,0.25,0.29,0.39,0.21,0.17,0.08,0.08
2503,17:0:56:401,6,0.15,0.19,0.4,0.17,0.37,0.25,0.13,0.23
2504,17:0:57:405,6.13,0.2,0.91,0.34,1.27,0.2,0.32,0.24,0.12
2505,17:0:58:408,6.54,0.18,0.22,0.35,0.2,0.23,0.22,0.13,0.3
2506,17:0:59:414,13.49,1.17,0.21,0.3,0.2,0.19,0.13,0.1,0.38
2507,17:1:0:414,12.88,0.92,0.19,0.2,0.14,0.41,0.19,0.07,0.08
2508,17:1:1:419,6.01,0.17,0.38,0.32,0.24,0.22,0.12,0.17,0.22
2509,17:1:2:423,6.01,0.18,1.47,1.26,1.93,1.2,1.01,0.75,0.19
2510,17:1:3:426,6.49,0.21,1.52,1.04,1.08,0.33,0.64,0.26,0.13
2511,17:1:4:431,9.3,1.13,0.26,0.41,0.12,0.24,0.2,0.07,0.14
2512,17:1:5:438,5.89,0.17,0.21,0.42,0.12,0.29,0.09,0.08,0.07
2513,17:1:6:444,5.85,0.24,0.22,0.34,0.13,0.19,0.25,0.36,0.28
2514,17:1:7:444,5.77,0.18,0.92,0.37,0.91,0.42,0.28,0.11,0.24
2515,17:1:8:452,6.99,0.26,0.13,0.5,0.08,0.22,0.19,0.18,0.17
2516,17:1:9:458,10.59,1.12,0.29,0.38,0.11,0.16,0.08,0.07,0.15
2517,17:1:10:464,6.08,0.19,0.17,0.28,0.11,0.15,0.1,0.14,0.11
2518,17:1:11:467,6.08,0.14,0.51,0.51,0.16,0.35,0.17,0.11,0.4
2519,17:1:12:469,19.07,1.69,0.88,0.41,1.5,0.37,0.24,0.53,0.28
2520,17:1:13:476,10,0.97,0.17,0.36,0.17,0.22,0.13,0.17,0.54
2521,17:1:14:476,10.61,0.97,0.23,0.44,0.11,0.27,0.07,0.11,0.11
2522,17:1:15:482,6.32,0.24,3.55,1.84,2.03,1.42,2.25,1.1,0.08
2523,17:1:16:486,5.54,0.16,0.49,0.81,0.45,0.64,0.28,0.32,0.1
2524,17:1:17:492,6.18,0.18,0.95,0.48,1,0.34,0.28,0.43,0.1
2525,17:1:18:496,6.11,0.25,0.16,0.23,0.1,0.51,0.11,0.17,0.14
2526,17:1:19:497,9.9,1.05,0.22,0.32,0.16,0.12,0.09,0.12,0.09
2527,17:1:20:504,5.81,0.21,0.14,0.23,0.2,0.44,0.11,0.2,0.13
2528,17:1:21:504,5.81,0.12,0.19,0.39,0.11,0.34,0.08,0.17,0.23
2529,17:1:22:509,6.23,0.15,1.07,0.42,1.11,0.26,0.33,0.25,0.39
2530,17:1:23:509,6.78,0.33,0.12,0.31,0.19,0.39,0.1,0.08,0.32
2531,17:1:24:512,10.24,0.42,0.21,0.25,0.16,0.32,0.06,0.07,0.15
2532,17:1:25:516,6.11,0.25,0.23,0.5,0.16,0.25,0.08,0.09,0.11
2533,17:1:26:522,5.93,0.25,0.22,0.31,0.12,0.3,0.11,0.27,0.13
2534,17:1:27:528,6.2,0.21,1.02,0.4,1.94,0.49,0.19,0.17,0.13
2535,17:1:28:532,6.81,0.31,0.11,0.26,0.11,0.33,0.19,0.12,0.31
2536,17:1:29:532,10.36,0.64,0.19,0.34,0.12,0.17,0.09,0.13,0.09
2537,17:1:30:532,5.98,0.17,0.16,0.39,0.28,0.38,0.1,0.12,0.12
2538,17:1:31:534,5.65,0.12,0.21,0.33,0.14,0.38,0.32,0.22,0.12
2539,17:1:32:538,6.47,0.17,1,0.39,1.7,0.27,0.21,0.26,0.16
2540,17:1:33:542,6.37,0.14,0.25,0.28,0.22,0.16,0.14,0.11,0.14
2541,17:1:34:546,9.92,0.31,0.22,0.37,0.18,0.21,0.13,0.07,0.11
2542,17:1:35:548,6.13,0.14,0.16,0.42,0.19,0.52,0.07,0.08,0.15
2543,17:1:36:556,11.91,0.31,0.21,0.35,0.29,0.23,0.22,0.21,0.14
2544,17:1:37:559,6.15,0.24,0.88,0.38,2.35,0.34,0.22,0.1,0.25
2545,17:1:38:563,6.46,0.17,0.16,0.52,0.15,0.24,0.18,0.07,0.18
2546,17:1:39:568,10,1.14,0.7,0.46,0.17,2.12,1.23,0.16,0.15
2547,17:1:40:576,6.09,0.25,0.24,0.42,0.12,0.26,0.13,0.05,0.09
2548,17:1:41:581,5.83,0.14,0.23,0.46,0.12,0.3,0.13,0.2,0.89
2549,17:1:42:581,21.66,1.2,0.87,0.23,1.32,0.39,0.27,0.22,0.31
2550,17:1:43:583,8.55,0.31,0.15,0.25,0.2,0.38,0.07,0.12,0.27
2551,17:1:44:588,15.2,1.29,0.23,0.4,0.16,0.24,0.13,0.05,0.27
2552,17:1:45:591,10.7,0.39,3.04,2.62,3.99,1.57,2.08,1.02,0.14
2553,17:1:46:596,5.71,0.19,0.2,0.52,0.32,0.8,0.22,0.26,0.16
2554,17:1:47:601,6.06,0.25,1.94,2.98,2.3,0.71,0.56,0.41,0.28
2555,17:1:48:605,6.57,0.24,0.45,0.82,0.2,1.97,0.28,0.16,0.37
2556,17:1:49:605,9.63,0.7,0.15,0.21,0.13,0.27,0.1,0.1,0.34
2557,17:1:50:610,6.1,0.17,0.14,0.24,0.15,0.28,0.09,0.26,0.1
2558,17:1:51:616,5.75,0.21,0.16,0.44,0.13,0.23,0.15,0.2,0.11
2559,17:1:52:620,5.91,0.17,1.02,0.48,1.08,0.44,0.22,0.15,0.26
2560,17:1:53:629,6.81,0.26,0.2,0.3,0.1,0.17,0.19,0.17,0.16
2561,17:1:54:632,10.47,0.64,0.23,0.28,0.14,0.21,0.07,0.1,0.14
2562,17:1:55:635,6.23,0.18,0.19,0.22,0.21,0.38,0.07,0.2,0.11
2563,17:1:56:639,5.78,0.16,0.17,0.42,0.12,0.62,0.17,0.21,0.1
2564,17:1:57:643,6.21,0.41,1.43,0.56,1.3,0.5,0.23,0.16,0.27
2565,17:1:58:652,6.12,0.21,0.18,0.28,0.2,0.16,0.14,0.3,0.22
2566,17:1:59:654,9.64,1.14,0.23,0.31,0.14,0.23,0.13,0.06,0.16
2567,17:2:0:659,6.14,0.17,0.22,0.47,0.17,0.12,0.1,0.09,0.08
2568,17:2:1:664,6.24,0.18,0.33,0.3,0.18,0.14,0.14,0.09,0.13
2569,17:2:2:673,6.31,0.19,0.85,0.32,1.09,0.37,0.27,0.12,0.14
2570,17:2:3:680,6.79,0.24,0.17,0.48,0.18,0.16,0.2,0.14,0.51
2571,17:2:4:682,9.61,0.84,0.47,0.3,0.24,0.25,0.1,0.07,0.21
2572,17:2:5:686,6.06,0.22,0.27,0.33,0.22,0.32,0.1,0.08,0.08
2573,17:2:6:692,5.99,0.19,0.2,0.52,0.13,0.43,0.12,0.12,0.27
2574,17:2:7:692,6.12,0.13,0.97,0.39,1.23,0.32,0.22,0.11,0.24
2575,17:2:8:695,6.21,0.2,0.15,0.28,0.15,0.21,0.14,0.1,0.18
2576,17:2:9:694,10.4,0.77,0.44,0.38,0.1,0.14,0.18,0.09,0.18
2577,17:2:10:702,6.01,0.14,0.14,0.32,0.13,0.25,0.12,0.13,0.11
2578,17:2:11:709,5.85,0.29,0.29,0.38,0.09,0.16,0.11,0.12,0.91
2579,17:2:12:718,20.82,1.42,1.11,0.35,1.99,0.37,0.24,0.18,0.19
2580,17:2:13:726,7.91,0.42,0.23,0.33,0.18,0.29,0.14,0.07,0.31
2581,17:2:14:727,11.18,0.82,0.28,0.45,0.26,0.26,0.43,0.14,0.16
2582,17:2:15:728,6.3,0.16,2.76,2.32,2.01,1.37,2.42,1.77,0.22
2583,17:2:16:731,5.6,0.13,0.21,0.54,0.44,0.58,0.34,0.28,0.14
2584,17:2:17:736,5.87,0.31,1.32,0.54,1.12,0.26,0.53,0.18,0.15
2585,17:2:18:740,6.4,0.19,0.12,0.34,0.11,0.38,0.13,0.24,0.16
2586,17:2:19:742,9.52,0.85,0.16,0.32,0.1,0.11,0.1,0.09,0.11
2587,17:2:20:743,5.79,0.29,0.28,0.25,0.12,0.25,0.07,0.08,0.1
2588,17:2:21:749,6.13,0.15,0.17,0.68,0.08,0.18,0.15,0.09,0.31
2589,17:2:22:752,6.02,0.21,1.15,0.37,1.01,0.42,0.21,0.23,0.26
2590,17:2:23:753,6.53,0.18,0.21,0.22,0.11,0.23,0.22,0.06,0.4
2591,17:2:24:761,9.31,0.99,0.32,0.41,0.14,0.24,0.07,0.09,0.09
2592,17:2:25:764,6.11,0.19,0.21,0.39,0.13,0.18,0.09,0.11,0.08
2593,17:2:26:766,5.48,0.18,0.18,0.44,0.22,0.33,0.21,0.19,0.12
2594,17:2:27:771,6.55,0.36,0.84,0.4,1.06,0.37,0.15,0.09,0.22
2595,17:2:28:775,6.22,0.16,0.19,0.46,0.12,0.28,0.11,0.07,0.39
2596,17:2:29:775,17.41,1.45,0.28,0.3,0.14,0.16,0.07,0.11,0.25
2597,17:2:30:779,8.44,0.75,0.16,0.44,0.14,0.3,0.19,0.09,0.14
2598,17:2:31:784,6.65,0.14,0.15,0.28,0.1,0.49,0.19,0.08,0.15
2599,17:2:32:787,6.03,0.17,1.73,1.3,2.72,1.48,1.98,1.31,0.46
2600,17:2:33:792,6.52,0.38,0.32,0.36,0.27,0.28,0.41,0.16,0.13
2601,17:2:34:793,9.47,0.71,0.21,0.51,0.59,0.31,0.11,0.12,0.15
2602,17:2:35:796,6.25,0.22,0.2,0.21,0.13,0.28,0.08,0.23,0.08
2603,17:2:36:797,5.79,0.16,0.18,0.29,0.15,0.16,0.15,0.08,0.13
2604,17:2:37:806,5.98,0.17,0.89,0.21,1.96,0.35,0.25,0.12,0.17
2605,17:2:38:811,6.23,0.12,0.2,0.23,0.19,0.2,0.2,0.18,0.26
2606,17:2:39:810,10.56,0.72,0.19,0.36,0.13,0.21,0.06,0.23,0.24
2607,17:2:40:818,7.99,0.23,0.19,0.35,0.29,0.21,0.15,0.07,0.28
2608,17:2:41:819,7.96,0.31,0.12,0.32,0.25,0.44,0.24,0.13,0.67
2609,17:2:42:827,20.5,2.07,1.35,0.41,0.99,0.34,0.62,0.25,0.15
2610,17:2:43:835,6.96,0.23,0.65,0.77,0.14,0.3,0.13,0.24,0.3
2611,17:2:44:836,9.08,0.78,0.35,0.59,0.37,0.98,0.71,0.43,0.17
2612,17:2:45:838,6.82,0.33,3.11,2.1,2.54,1.77,1.45,0.45,0.07
2613,17:2:46:843,5.47,0.13,0.25,0.34,0.2,0.32,0.28,0.16,0.24
2614,17:2:47:851,5.87,0.22,0.77,0.6,1.34,0.26,0.18,0.19,0.21
2615,17:2:48:857,5.94,0.2,0.29,0.34,0.2,0.34,0.09,0.1,0.35
2616,17:2:49:862,8.55,0.89,0.19,0.29,0.17,0.19,0.13,0.07,0.11
2617,17:2:50:861,6.93,0.43,0.21,0.36,0.1,0.17,0.11,0.1,0.1
2618,17:2:51:867,5.81,0.29,0.13,0.31,0.16,0.17,0.13,0.31,0.09
2619,17:2:52:870,5.7,0.27,0.66,0.32,1,0.23,0.18,0.12,0.12
2620,17:2:53:875,6.28,0.15,0.29,0.32,0.23,0.42,0.14,0.14,0.33
2621,17:2:54:877,9.05,0.36,0.26,0.35,0.12,0.19,0.1,0.08,0.21
2622,17:2:55:880,7.67,0.14,0.21,0.36,0.11,0.09,0.19,0.09,0.07
2623,17:2:56:885,5.49,0.18,0.12,0.42,0.15,0.35,0.12,0.25,0.42
2624,17:2:57:889,6.29,0.25,0.75,0.4,1.68,0.28,0.14,0.08,0.21
2625,17:2:58:893,6.12,0.21,0.4,0.37,0.4,0.4,0.28,0.09,0.12
2626,17:2:59:900,8.16,0.57,0.24,0.19,0.17,0.2,0.06,0.09,0.15
2627,17:3:0:904,7.41,0.54,0.23,0.23,0.09,0.22,0.14,0.18,0.09
2628,17:3:1:905,6.05,0.2,0.15,0.42,0.12,0.28,0.08,0.09,0.09
2629,17:3:2:912,5.79,0.17,0.75,0.33,1.41,0.18,0.25,0.14,0.23
2630,17:3:3:915,10.21,1.19,0.39,0.33,0.33,0.42,0.15,0.1,0.22
2631,17:3:4:916,11.96,0.77,0.33,0.27,0.18,0.25,0.23,0.06,0.82
2632,17:3:5:924,21.12,1.66,0.26,0.32,0.11,0.14,0.08,0.25,0.45
2633,17:3:6:927,8.12,0.42,1,0.62,0.5,0.47,0.42,0.3,0.25
2634,17:3:7:930,6.69,0.36,1.06,2.67,1.64,1.13,0.62,0.43,0.24
2635,17:3:8:930,6.48,0.33,1.91,2.88,3.24,1.87,1.61,1.06,0.24
2636,17:3:9:930,7.94,0.52,0.25,0.47,0.35,0.32,0.1,0.14,0.13
2637,17:3:10:932,7.55,0.63,0.31,0.28,0.15,0.23,0.19,0.31,0.41
2638,17:3:11:933,9.72,0.53,0.15,0.27,0.14,0.34,0.18,0.14,2.69
2639,17:3:12:935,18.41,1.48,0.68,0.45,0.96,0.31,0.21,0.14,0.33
2640,17:3:13:937,8.78,0.44,0.49,0.35,0.27,0.47,0.13,0.13,1.55
2641,17:3:14:939,19.26,1.33,1.22,0.88,0.9,0.98,0.91,0.9,0.12
2642,17:3:15:942,7.76,0.72,2.16,0.8,0.56,1.01,1.39,1.47,0.15
2643,17:3:16:942,5.84,0.13,0.26,0.67,0.31,0.68,0.71,0.37,0.09
2644,17:3:17:946,5.6,0.13,3.47,1.45,1.43,0.91,0.96,1.13,0.28
2645,17:3:18:949,6.58,0.34,0.57,0.29,0.31,0.3,0.18,0.19,0.16
2646,17:3:19:958,7.7,0.38,0.33,0.23,0.17,0.22,0.07,0.09,0.15
2647,17:3:20:958,7.99,0.35,0.13,0.49,0.16,0.18,0.09,0.08,0.11
2648,17:3:21:965,5.89,0.18,0.24,0.4,0.11,0.33,0.17,0.06,0.3
2649,17:3:22:974,6.21,0.42,0.59,0.38,1.38,0.28,0.17,0.13,0.86
2650,17:3:23:981,8.11,0.2,0.66,0.38,0.54,0.33,0.2,0.08,0.16
2651,17:3:24:986,7.17,0.56,0.32,0.22,0.13,0.25,0.08,0.06,0.16
2652,17:3:25:993,8.17,0.81,0.12,0.28,0.08,0.17,0.08,0.15,0.09
2653,17:3:26:999,5.46,0.18,0.51,0.32,0.16,0.27,0.35,0.27,0.31
2654,17:3:28:002,6.24,0.18,0.48,0.46,0.52,0.21,0.16,0.18,0.14
2655,17:3:29:002,6.41,0.31,0.53,0.33,0.54,0.36,0.18,0.2,0.17
2656,17:3:30:008,7.44,0.51,0.22,0.44,0.13,0.13,0.07,0.07,0.12
2657,17:3:31:013,8.5,0.5,0.21,0.26,0.12,0.29,0.17,0.14,0.12
2658,17:3:32:019,5.88,0.15,0.29,0.38,0.11,0.23,0.25,0.09,0.1
2659,17:3:33:024,6.02,0.22,0.39,0.51,0.85,0.34,0.11,0.08,0.1
2660,17:3:34:027,6.35,0.25,0.64,0.27,1,0.32,0.16,0.19,0.33
2661,17:3:35:031,6.68,0.52,0.38,0.38,0.11,0.22,0.09,0.08,0.19
2662,17:3:36:032,8.73,0.5,0.15,0.37,0.09,0.14,0.11,0.28,0.09
2663,17:3:37:036,5.92,0.17,0.19,0.53,0.09,0.27,0.07,0.23,0.12
2664,17:3:38:036,6.01,0.17,0.32,0.24,0.56,0.32,0.3,0.09,0.17
2665,17:3:39:044,6.26,0.35,0.71,0.48,0.83,0.27,0.18,0.21,0.12
2666,17:3:40:050,6.94,0.35,0.21,0.34,0.15,0.22,0.17,0.07,0.39
2667,17:3:41:055,8.91,0.69,0.13,0.36,0.24,0.31,0.09,0.07,0.98
2668,17:3:42:055,12.49,0.71,0.22,0.22,0.16,0.27,0.3,0.1,0.29
2669,17:3:43:055,15.43,1.76,0.41,0.36,0.65,0.34,0.15,0.18,0.24
2670,17:3:44:057,7,0.21,0.74,0.31,0.67,0.35,0.25,0.18,0.3
2671,17:3:45:063,13.96,0.35,0.66,1.01,1.18,1.79,2.18,0.56,0.48
2672,17:3:46:068,12.34,0.93,1.2,2.31,1.55,1.25,0.34,0.45,0.11
2673,17:3:47:074,6.22,0.27,0.24,0.39,0.13,0.25,0.22,0.18,0.1
2674,17:3:48:079,6.41,0.18,0.34,0.5,0.69,1.45,3.59,0.77,0.21
2675,17:3:49:079,6.28,0.14,1.48,1.01,1.16,0.34,0.78,0.24,0.1
2676,17:3:50:081,6.2,0.42,0.23,0.33,0.13,0.24,0.17,0.15,0.33
2677,17:3:51:086,9.14,0.86,0.29,0.37,0.16,0.33,0.16,0.1,0.09
2678,17:3:52:086,6.81,0.18,0.18,0.31,0.3,0.31,0.16,0.15,0.23
2679,17:3:53:089,5.72,0.14,0.25,0.38,0.68,0.15,0.09,0.1,0.1
2680,17:3:54:093,6.05,0.25,0.71,0.29,0.75,0.38,0.2,0.18,0.11
2681,17:3:55:097,6.56,0.3,0.69,0.35,0.33,0.2,0.15,0.12,0.23
2682,17:3:56:101,9.37,1.23,0.17,0.28,0.21,0.14,0.22,0.08,0.08
2683,17:3:57:108,5.72,0.24,0.18,0.43,0.14,0.23,0.1,0.13,0.15
2684,17:3:58:114,6.28,0.37,0.2,0.47,0.53,0.25,0.1,0.15,0.16
2685,17:3:59:120,7.01,0.19,0.73,0.29,0.57,0.45,0.22,0.1,0.5
2686,17:4:0:128,17.35,0.63,0.17,0.36,0.14,0.22,0.19,0.08,0.18
2687,17:4:1:128,9.7,0.99,0.18,0.28,0.07,0.21,0.19,0.13,0.1
2688,17:4:2:131,5.94,0.18,0.67,0.49,0.5,0.84,0.26,0.23,0.1
2689,17:4:3:138,6.02,0.17,2.97,2.51,1.39,0.82,0.34,0.25,0.24
2690,17:4:4:145,6.51,0.19,0.86,0.43,0.88,0.37,0.2,0.35,0.15
2691,17:4:5:151,6.03,0.32,0.25,0.24,0.11,0.29,0.15,0.17,0.17
2692,17:4:6:151,9.26,1.18,0.44,0.3,0.17,0.16,0.09,0.08,0.08
2693,17:4:7:160,5.5,0.22,0.19,0.49,0.15,0.29,0.19,0.08,0.13
2694,17:4:8:160,6.62,0.17,0.17,0.36,0.38,0.16,0.15,0.1,0.23
2695,17:4:9:162,6.94,0.36,0.86,0.39,0.66,0.3,0.15,0.19,0.24
2696,17:4:10:163,6.33,0.17,0.18,0.27,0.12,0.26,0.09,0.08,0.14
2697,17:4:11:168,9.29,1.18,0.63,0.46,0.2,0.23,0.12,0.15,0.68
2698,17:4:12:174,14.32,0.78,0.47,0.42,0.18,0.3,0.14,0.19,0.26
2699,17:4:13:180,14.02,0.83,0.16,0.33,0.66,0.26,0.1,0.15,0.29
2700,17:4:14:180,7.73,0.38,0.9,0.24,0.83,0.29,0.18,0.23,0.22
2701,17:4:15:181,5.82,0.25,1.33,1.63,1.68,1.4,2.44,0.57,0.54
2702,17:4:16:186,9.5,1.16,1.7,1.03,2.24,1.02,0.29,0.44,0.23
2703,17:4:17:191,5.71,0.32,0.29,0.43,0.22,0.52,0.17,0.2,0.21
2704,17:4:18:198,5.71,0.21,0.2,0.19,0.37,0.15,0.09,0.19,0.22
2705,17:4:19:203,6.47,0.22,0.85,0.4,0.74,0.27,0.18,0.09,0.24
2706,17:4:20:208,6.13,0.31,0.14,0.22,0.07,0.13,0.1,0.11,0.39
2707,17:4:21:214,9.68,1.08,0.12,0.22,0.17,0.24,0.11,0.1,0.1
2708,17:4:22:216,6.22,0.19,0.15,0.3,0.28,0.5,0.09,0.1,0.12
2709,17:4:23:218,5.32,0.11,0.23,0.48,0.19,0.13,0.18,0.14,0.47
2710,17:4:24:222,6.54,0.16,0.97,0.29,0.92,0.36,0.17,0.14,0.37
2711,17:4:25:224,6.44,0.14,0.26,0.24,0.15,0.28,0.16,0.08,0.21
2712,17:4:26:226,9.52,1.02,0.15,0.38,0.12,0.19,0.08,0.09,0.12
2713,17:4:27:227,6.04,0.1,0.2,0.38,0.14,0.37,0.1,0.07,0.11
2714,17:4:28:235,5.72,0.29,0.18,0.36,0.22,0.22,0.21,0.11,0.14
2715,17:4:29:240,6.06,0.18,0.9,0.31,1.07,0.43,0.32,0.07,0.13
2716,17:4:30:244,6.26,0.3,0.31,0.32,0.16,0.26,0.14,0.17,0.32
2717,17:4:31:249,9.79,1.07,0.18,0.24,0.09,0.31,0.17,0.08,0.24
2718,17:4:32:251,6.25,0.16,0.21,0.28,0.13,0.3,0.13,0.12,0.1
2719,17:4:33:260,6.05,0.14,0.14,0.32,0.16,0.23,0.15,0.24,0.1
2720,17:4:34:266,6.34,0.23,0.85,0.4,1.18,0.4,0.2,0.12,0.29
2721,17:4:35:271,7.06,0.19,0.33,0.35,0.12,0.2,0.13,0.12,0.32
2722,17:4:36:272,9.79,1.08,0.18,0.27,0.13,0.34,0.08,0.16,0.2
2723,17:4:37:278,6.13,0.21,0.12,0.48,0.2,0.25,0.13,0.18,0.83
2724,17:4:38:282,12.58,1.17,0.29,0.46,0.21,0.42,0.13,0.19,0.15
2725,17:4:39:286,6.26,0.22,0.88,0.27,1.46,0.24,0.15,0.08,0.22
2726,17:4:40:286,6.39,0.21,0.2,0.29,0.15,0.28,0.18,0.07,0.36
2727,17:4:41:292,9.52,0.89,1.18,1.11,1.17,1.02,0.98,1.04,1.5
2728,17:4:42:296,15.96,0.86,0.18,0.37,0.12,0.37,0.13,0.11,0.74
2729,17:4:43:296,11.23,0.94,0.17,0.37,0.1,0.27,0.15,0.28,0.15
2730,17:4:44:299,10.22,0.89,0.95,0.43,1.05,0.35,0.16,0.22,0.42
2731,17:4:45:305,14.47,0.59,1.2,1.99,0.53,1.14,2.31,2.39,0.2
2732,17:4:46:312,9.91,1.29,0.64,0.64,0.4,0.87,0.44,0.7,0.25
2733,17:4:47:320,6.1,0.17,0.7,1.64,0.36,0.75,0.25,0.2,0.1
2734,17:4:48:324,5.59,0.25,1.36,2.25,0.99,1,0.32,0.41,0.22
2735,17:4:49:333,6.75,0.24,0.91,0.44,0.89,0.54,0.23,0.19,0.26
2736,17:4:50:341,6.11,0.16,0.23,0.26,0.16,0.19,0.11,0.12,0.14
2737,17:4:51:344,9.46,1.07,0.09,0.22,0.16,0.3,0.08,0.14,0.15
2738,17:4:52:346,6.72,0.14,0.17,0.46,0.22,0.24,0.21,0.26,0.11
2739,17:4:53:346,5.93,0.18,0.14,0.23,0.33,0.22,0.11,0.14,0.22
2740,17:4:54:349,6.4,0.3,0.82,0.41,1.11,0.44,0.23,0.23,0.24
2741,17:4:55:354,6.5,0.25,0.61,0.28,0.16,0.32,0.24,0.15,0.11
2742,17:4:56:363,9.93,0.84,0.17,0.38,0.09,0.19,0.13,0.07,0.12
2743,17:4:57:367,6.02,0.15,0.26,0.38,0.19,0.27,0.08,0.08,0.11
2744,17:4:58:369,5.51,0.15,0.21,0.4,0.11,0.28,0.14,0.14,0.11
2745,17:4:59:370,6.28,0.23,1.07,0.46,1.39,0.34,0.21,0.15,0.48
2746,17:5:0:373,7.28,0.2,0.26,0.31,0.11,0.34,0.13,0.21,0.16
2747,17:5:1:383,10.24,1.32,0.12,0.31,0.09,0.22,0.06,0.11,0.15
2748,17:5:2:386,6.1,0.21,0.2,0.39,0.13,0.23,0.09,0.23,0.17
2749,17:5:3:390,6.03,0.13,0.24,0.46,0.13,0.31,0.42,0.17,0.12
2750,17:5:4:397,6,0.2,0.98,0.53,1.32,0.27,0.21,0.27,0.16
2751,17:5:5:403,6.01,0.14,0.31,0.39,0.17,0.2,0.09,0.13,0.32
2752,17:5:6:407,9.52,1.11,0.13,0.46,0.14,0.16,0.18,0.08,0.13
2753,17:5:7:408,6.2,0.3,0.28,0.42,0.11,0.18,0.14,0.14,0.07
2754,17:5:8:413,5.19,0.18,0.15,0.27,0.1,0.46,0.14,0.22,0.25
2755,17:5:9:419,6.2,0.19,0.85,0.27,1.13,0.36,0.18,0.16,0.22
2756,17:5:10:423,6.19,0.14,0.17,0.22,0.24,0.37,0.12,0.12,0.46
2757,17:5:11:425,9.59,0.82,0.16,0.29,0.13,0.16,0.07,0.07,1.03
2758,17:5:12:426,17.98,1.24,0.27,0.33,0.17,0.16,0.21,0.1,0.55
2759,17:5:13:428,9.87,0.52,0.13,0.42,0.17,0.18,0.22,0.11,0.19
2760,17:5:14:432,7.92,0.27,0.92,0.3,1.15,0.38,0.19,0.2,0.26
2761,17:5:15:434,6.21,0.17,2.83,1.71,1.59,1.02,1.76,2.53,0.2
2762,17:5:16:434,9.5,0.78,0.9,0.55,0.3,0.91,0.32,0.19,0.3
2763,17:5:17:438,5.93,0.21,0.2,0.47,0.37,0.34,0.51,0.1,0.14
2764,17:5:18:442,5.76,0.19,0.23,0.24,0.14,0.18,0.17,0.29,0.22
2765,17:5:19:447,5.98,0.2,0.98,0.61,0.95,0.28,0.17,0.32,0.13
2766,17:5:20:454,6.29,0.37,0.15,0.25,0.1,0.29,0.12,0.08,0.16
2767,17:5:21:456,9.26,1.33,0.15,0.38,0.07,0.19,0.07,0.12,0.1
2768,17:5:22:458,6.21,0.21,0.25,0.51,0.13,0.14,0.08,0.08,0.09
2769,17:5:23:463,5.8,0.15,0.16,0.39,0.1,0.17,0.2,0.19,0.16
2770,17:5:24:467,6.38,0.21,0.78,0.42,1.09,0.37,0.2,0.08,0.24
2771,17:5:25:474,6.32,0.35,0.18,0.31,0.23,0.28,0.18,0.1,0.56
2772,17:5:26:480,9.81,0.97,0.16,0.26,0.07,0.35,0.1,0.21,0.2
2773,17:5:27:484,9.15,1.28,0.21,0.41,0.13,0.4,0.17,0.22,0.15
2774,17:5:28:490,7.09,1.07,0.19,0.44,0.14,0.18,0.09,0.08,0.59
2775,17:5:29:490,12.11,0.75,0.97,0.43,0.97,0.34,0.16,0.14,0.65
2776,17:5:30:493,12.02,0.35,0.68,0.65,0.54,0.39,0.14,0.25,0.26
2777,17:5:31:493,9.68,0.96,0.12,0.27,0.12,0.24,0.1,0.23,0.09
2778,17:5:32:498,6.25,0.23,1.52,1.1,0.58,0.56,1.18,0.35,0.07
2779,17:5:33:503,5.71,0.22,1.54,0.96,0.43,0.42,0.45,1.07,0.1
2780,17:5:34:509,6.1,0.24,0.88,0.53,1.19,0.47,0.17,0.1,0.14
2781,17:5:35:513,6.2,0.14,0.15,0.46,0.2,0.28,0.13,0.1,0.43
2782,17:5:36:520,9.65,1,0.13,0.23,0.09,0.35,0.09,0.11,0.17
2783,17:5:37:529,5.88,0.26,0.3,0.33,0.12,0.26,0.2,0.08,0.11
2784,17:5:38:534,6.52,0.43,0.19,0.24,0.21,0.25,0.23,0.22,0.17
2785,17:5:39:541,7.25,0.17,0.86,0.3,0.99,0.32,0.35,0.3,0.33
2786,17:5:40:546,6.1,0.14,0.18,0.43,0.08,0.17,0.07,0.13,0.32
2787,17:5:41:551,9.12,1.01,0.45,0.32,0.11,0.21,0.08,0.13,0.81
2788,17:5:42:554,19.04,2.03,0.6,0.3,0.19,0.3,0.19,0.37,0.14
2789,17:5:43:558,7.31,0.29,0.35,0.38,0.12,0.23,0.1,0.11,0.25
2790,17:5:44:563,6.17,0.19,0.97,0.49,0.94,0.28,0.1,0.08,0.23
2791,17:5:45:568,6.47,0.26,1.31,3.57,1.35,1.39,2.52,1.8,0.25
2792,17:5:46:568,9.64,0.91,0.42,0.36,0.1,0.3,0.15,0.15,0.16
2793,17:5:47:569,6.22,0.19,0.15,0.38,0.13,0.25,0.09,0.14,0.09
2794,17:5:48:570,5.74,0.23,0.25,0.45,0.13,0.22,0.16,0.1,0.17
2795,17:5:49:574,6.4,0.27,0.89,0.51,1.12,0.5,0.17,0.15,0.35
2796,17:5:50:578,6.01,0.15,0.2,0.34,0.14,0.3,0.1,0.11,0.23
2797,17:5:51:581,9.57,1.26,0.12,0.31,0.12,0.13,0.14,0.09,0.14
2798,17:5:52:590,6.35,0.19,0.18,0.31,0.15,0.29,0.08,0.19,0.1
2799,17:5:53:596,5.83,0.18,0.1,0.45,0.11,0.19,0.09,0.18,0.18
2800,17:5:54:599,5.81,0.18,0.91,0.32,1.17,0.32,0.2,0.09,0.26
2801,17:5:55:600,6.37,0.19,0.15,0.37,0.24,0.28,0.15,0.19,0.11
2802,17:5:56:607,9.37,1.28,0.12,0.43,0.19,0.2,0.14,0.07,0.14
2803,17:5:57:607,5.88,0.22,0.17,0.24,0.18,0.21,0.12,0.25,0.1
2804,17:5:58:612,6.36,0.17,0.23,0.33,0.12,0.22,0.33,0.13,0.11
2805,17:5:59:620,6.06,0.19,0.79,0.37,1.17,0.28,0.27,0.09,0.4
2806,17:6:0:621,6.44,0.22,0.14,0.37,0.11,0.25,0.12,0.21,0.19
2807,17:6:1:622,9.42,0.84,0.21,0.36,0.54,0.16,0.06,0.18,0.13
2808,17:6:2:626,6.4,0.22,0.16,0.57,0.11,0.16,0.14,0.1,0.08
2809,17:6:3:629,5.72,0.14,0.18,0.31,0.17,0.19,0.2,0.19,0.23
2810,17:6:4:632,6.09,0.24,1.1,0.59,1.17,0.28,0.14,0.1,0.23
2811,17:6:5:635,6.24,0.28,0.19,0.5,0.12,0.19,0.13,0.17,0.25
2812,17:6:6:643,9.33,0.94,0.14,0.49,0.08,0.13,0.08,0.28,0.19
2813,17:6:7:646,6.06,0.17,0.17,0.21,0.06,0.27,0.2,0.08,0.15
2814,17:6:8:648,6.04,0.16,0.18,0.4,0.18,0.18,0.15,0.14,0.11
2815,17:6:9:653,6,0.32,1,0.39,1.18,0.22,0.19,0.15,0.24
2816,17:6:10:662,6.31,0.19,0.19,0.4,0.13,0.12,0.27,0.16,0.32
2817,17:6:11:663,10.05,1.09,0.24,0.39,0.14,0.21,0.14,0.12,1.45
2818,17:6:12:670,20.21,1.45,0.16,0.36,0.1,0.3,0.1,0.11,0.18
2819,17:6:13:676,6.2,0.13,0.12,0.49,0.22,0.32,0.11,0.08,0.39
2820,17:6:14:681,15.83,0.57,0.99,0.45,1.28,0.24,0.21,0.36,0.38
2821,17:6:15:683,10.63,0.43,2.72,1.66,1.38,1.23,3.7,1.61,0.41
2822,17:6:16:686,9.6,0.86,0.19,0.39,0.2,0.56,0.16,0.09,0.16
2823,17:6:17:689,6.08,0.29,2.11,1.47,1.39,1.82,0.47,0.67,0.13
2824,17:6:18:690,5.29,0.17,1.18,1.53,0.54,0.23,0.2,0.22,0.26
2825,17:6:19:692,6.58,0.37,0.82,0.37,1.46,0.33,0.21,0.16,0.22
2826,17:6:20:695,5.91,0.23,0.18,0.27,0.17,0.25,0.11,0.12,0.43
2827,17:6:21:701,9.44,1.12,0.14,0.25,0.18,0.19,0.06,0.06,0.12
2828,17:6:22:708,6.11,0.29,0.24,0.44,0.24,0.14,0.16,0.09,0.13
2829,17:6:23:711,6.76,0.4,0.17,0.31,0.11,0.22,0.21,0.07,0.21
2830,17:6:24:711,7.11,0.21,0.89,0.38,1.15,0.48,0.15,0.09,0.26
2831,17:6:25:714,5.88,0.18,0.22,0.33,0.11,0.24,0.12,0.12,0.13
2832,17:6:26:714,9.49,1.01,0.32,0.44,0.2,0.54,0.19,0.13,0.14
2833,17:6:27:714,6.62,0.27,0.34,0.27,0.28,0.33,0.11,0.2,0.24
2834,17:6:28:722,6.3,0.32,0.15,0.47,0.14,0.13,0.11,0.1,0.25
2835,17:6:29:725,6.64,0.26,0.87,0.41,1.13,0.39,0.12,0.29,0.22
2836,17:6:30:730,6.05,0.19,0.19,0.28,0.19,0.42,0.14,0.21,0.31
2837,17:6:31:739,9.34,1.04,0.23,0.31,0.14,0.27,0.15,0.18,0.09
2838,17:6:32:743,5.82,0.19,0.21,0.33,0.22,0.4,0.11,0.13,0.23
2839,17:6:33:744,6.66,0.18,0.12,0.24,0.33,0.25,0.15,0.11,0.1
2840,17:6:34:748,6.2,0.22,0.81,0.58,0.99,0.35,0.16,0.15,0.3
2841,17:6:35:749,6.61,0.21,0.22,0.33,0.19,0.2,0.16,0.16,1.33
2842,17:6:36:748,14.75,1.05,0.2,0.31,0.27,0.29,0.29,0.16,0.09
2843,17:6:37:749,5.97,0.25,0.29,0.36,0.32,0.21,0.13,0.1,0.08
2844,17:6:38:756,5.59,0.21,0.16,0.4,0.21,0.32,0.1,0.36,0.17
2845,17:6:39:761,6.39,0.21,1.1,0.41,1.79,0.58,0.16,2.19,0.59
2846,17:6:40:763,10.01,1,0.17,0.34,0.08,0.27,0.1,0.23,0.55
2847,17:6:41:772,12.68,1.2,0.13,0.22,0.19,0.31,0.17,0.06,0.72
2848,17:6:42:780,20.44,1.39,0.17,0.32,0.31,0.21,0.17,0.11,0.15
2849,17:6:43:788,7.93,0.28,0.68,0.73,0.58,1.41,1.13,0.57,0.15
2850,17:6:44:790,6.2,0.19,1.03,0.48,1.32,0.64,1.55,0.39,0.36
2851,17:6:45:790,6.25,0.15,2.69,2.39,1.49,1.7,2.26,1.82,0.26
2852,17:6:46:796,9.32,0.7,0.35,0.5,0.31,0.62,0.21,0.13,0.15
2853,17:6:47:800,6.18,0.29,0.19,0.32,0.13,0.26,0.2,0.2,0.09
2854,17:6:48:804,5.9,0.16,0.16,0.36,0.14,0.29,0.14,0.1,0.17
2855,17:6:49:806,6.22,0.19,1.04,0.37,1.29,0.33,0.12,0.26,0.16
2856,17:6:50:806,6.67,0.23,0.17,0.31,0.17,0.3,0.14,0.1,0.22
2857,17:6:51:816,10.79,1.27,0.13,0.32,0.16,0.25,0.1,0.14,0.15
2858,17:6:52:821,6.02,0.24,0.2,0.21,0.12,0.41,0.19,0.08,0.1
2859,17:6:53:828,5.59,0.13,0.2,0.3,0.09,0.33,0.33,0.11,0.13
2860,17:6:54:830,6.12,0.15,1.46,0.53,1.05,0.52,0.35,0.16,0.23
2861,17:6:55:834,6.35,0.25,0.17,0.37,0.09,0.19,0.11,0.13,0.4
2862,17:6:56:839,9.22,1.12,0.11,0.48,0.13,0.14,0.1,0.07,0.12
2863,17:6:57:845,6.07,0.19,0.13,0.35,0.21,0.23,0.13,0.22,0.13
2864,17:6:58:850,5.74,0.2,0.27,0.25,0.17,0.42,0.09,0.1,0.76
2865,17:6:59:857,17.69,1.73,0.76,0.32,0.95,0.35,0.16,0.11,0.31
2866,17:7:0:859,8.89,0.34,0.26,0.28,0.18,0.18,0.09,0.25,0.24
2867,17:7:1:860,9.71,0.85,0.27,0.3,0.17,0.27,0.17,0.15,0.1
2868,17:7:2:865,6.12,0.23,3.32,1.88,0.6,1.21,0.75,0.52,0.09
2869,17:7:3:870,6.11,0.35,0.57,0.47,0.41,0.37,0.33,0.29,0.12
2870,17:7:4:874,6.12,0.18,0.9,0.41,1.29,0.27,0.49,0.13,0.47
2871,17:7:5:879,6.12,0.15,0.23,0.34,0.08,0.28,0.11,0.13,0.16
2872,17:7:6:880,9.78,1.07,0.28,0.24,0.21,0.23,0.14,0.14,0.17
2873,17:7:7:883,6.27,0.27,0.29,0.3,0.07,0.33,0.08,0.12,0.47
2874,17:7:8:883,7.38,0.26,0.12,0.37,0.12,0.33,0.08,0.1,0.29
2875,17:7:9:883,6.14,0.15,0.81,0.38,1.25,0.34,0.2,0.31,0.33
2876,17:7:10:889,6.26,0.15,0.17,0.3,0.16,0.26,0.18,0.11,0.52
2877,17:7:11:890,12.46,1.24,0.29,0.35,0.15,0.27,0.28,0.53,2.63
2878,17:7:12:897,17.98,0.92,0.26,0.23,0.22,0.16,0.11,0.11,0.12
2879,17:7:13:897,7.76,0.3,0.2,0.36,0.12,0.29,0.14,0.14,0.45
2880,17:7:14:902,7.5,0.34,1.44,1.09,1.53,0.66,0.33,0.64,0.41
2881,17:7:15:903,6.38,0.19,1.54,1.75,1.58,1.91,1.79,1.05,0.19
2882,17:7:16:908,9.65,0.98,0.2,0.55,0.33,0.26,0.45,0.11,0.12
2883,17:7:17:914,6.16,0.19,0.23,0.45,0.2,0.39,0.28,0.22,0.07
2884,17:7:18:918,6.16,0.2,0.17,0.34,0.2,0.32,0.13,0.09,0.11
2885,17:7:19:924,5.89,0.24,0.87,0.45,1.23,0.27,0.17,0.3,0.23
2886,17:7:20:932,6.25,0.14,0.34,0.34,0.1,0.22,0.12,0.17,0.19
2887,17:7:21:935,9.66,0.94,0.32,0.4,0.12,0.21,0.18,0.07,0.1
2888,17:7:22:938,6.04,0.2,0.13,0.23,0.2,0.28,0.22,0.1,0.16
2889,17:7:23:943,7.59,0.25,0.13,0.24,0.32,0.4,0.13,0.11,1.36
2890,17:7:24:950,10.56,0.79,0.86,0.38,1.23,0.36,0.42,0.19,0.14
2891,17:7:25:952,6.36,0.22,0.25,0.36,0.16,0.28,0.12,0.1,0.47
2892,17:7:26:953,9.43,1.04,0.21,0.48,0.16,0.77,0.24,0.14,0.17
2893,17:7:27:954,6.8,0.29,0.48,0.75,0.55,0.64,0.48,0.45,0.15
2894,17:7:28:960,6.05,0.14,0.18,0.39,0.13,0.32,0.1,0.26,0.13
2895,17:7:29:968,6.39,0.22,0.77,0.38,0.98,0.61,0.11,0.11,0.23
2896,17:7:30:971,6.37,0.14,0.29,0.4,0.1,0.31,0.21,0.12,0.38
2897,17:7:31:974,9.65,0.86,0.32,0.34,0.18,0.17,0.11,0.16,0.23
2898,17:7:32:979,6.15,0.16,0.16,0.47,0.15,0.17,0.2,0.17,0.16
2899,17:7:33:978,5.97,0.24,0.21,0.43,0.18,0.26,0.1,0.07,0.1
2900,17:7:34:986,5.95,0.2,0.92,0.38,1.24,0.38,0.4,0.14,0.24
2901,17:7:35:993,6.19,0.19,0.21,0.29,0.12,0.23,0.16,0.14,0.24
2902,17:7:36:998,9.71,0.95,0.18,0.33,0.24,0.24,0.07,0.07,0.15
2903,17:7:38:006,5.96,0.14,0.1,0.31,0.21,0.17,0.15,0.32,0.14
2904,17:7:39:010,5.93,0.14,0.21,0.38,0.09,0.23,0.11,0.33,0.24
2905,17:7:40:014,6.44,0.28,1.01,0.35,1.19,0.44,0.2,0.18,0.37
2906,17:7:41:017,6.49,0.21,0.2,0.32,0.18,0.33,0.08,0.15,0.73
2907,17:7:42:023,13.76,1.51,0.16,0.36,0.2,0.3,0.12,0.12,0.22
2908,17:7:43:023,15.63,0.98,0.14,0.36,0.28,0.24,0.15,0.09,0.29
2909,17:7:44:024,7.98,0.35,0.17,0.21,0.1,0.35,0.17,0.1,0.63
2910,17:7:45:030,17.07,1.9,2.03,1.42,1.87,1.05,1.35,0.59,0.28
2911,17:7:46:035,6.34,0.17,0.59,1.39,1.26,1.5,2.45,1.4,0.36
2912,17:7:47:037,9.73,1.1,0.18,0.57,0.32,0.42,0.19,0.27,0.15
2913,17:7:48:045,6.14,0.19,3.57,1.69,0.41,0.81,0.53,0.45,0.14
2914,17:7:49:050,5.61,0.11,0.15,0.3,0.14,0.35,0.09,0.25,0.21
2915,17:7:50:050,6.09,0.23,0.98,0.28,0.95,0.29,0.16,0.29,0.19
2916,17:7:51:056,6.58,0.55,0.19,0.27,0.21,0.37,0.09,0.09,0.17
2917,17:7:52:065,9.99,1.29,0.22,0.47,0.08,0.14,0.09,0.08,0.1
2918,17:7:53:064,5.93,0.23,0.14,0.31,0.2,0.21,0.1,0.15,0.09
2919,17:7:54:072,6.08,0.28,0.17,0.29,0.1,0.27,0.13,0.08,0.22
2920,17:7:55:077,5.99,0.19,1.13,0.44,0.85,0.36,0.51,0.31,0.25
2921,17:7:56:079,6.28,0.22,0.21,0.35,0.18,0.2,0.12,0.06,0.28
2922,17:7:57:080,9.72,1.15,0.18,0.23,0.12,0.31,0.11,0.07,0.13
2923,17:7:58:089,6.08,0.28,0.23,0.21,0.18,0.13,0.09,0.24,0.11
2924,17:7:59:092,5.92,0.23,0.31,0.19,0.22,0.26,0.12,0.12,0.62
2925,17:8:0:097,6.91,0.21,0.79,0.45,1.24,0.33,0.14,0.19,0.27
2926,17:8:1:097,6.92,0.15,0.12,0.26,0.08,0.23,0.29,0.17,0.17
2927,17:8:2:100,10.21,1.03,0.16,0.28,0.14,0.25,0.17,0.06,0.25
2928,17:8:3:104,6.63,0.26,0.19,0.33,0.19,0.33,0.22,0.13,0.15
2929,17:8:4:105,5.67,0.17,0.55,0.36,0.15,0.27,0.23,0.2,0.13
2930,17:8:5:110,6,0.17,0.99,0.53,1.17,0.36,0.17,0.43,0.24
2931,17:8:6:113,6.3,0.48,0.22,0.37,0.17,0.17,0.1,0.25,0.15
2932,17:8:7:115,8.99,0.99,0.16,0.19,0.16,0.25,0.08,0.15,0.17
2933,17:8:8:117,7.28,0.44,0.2,0.44,0.12,0.2,0.1,0.1,0.18
2934,17:8:9:118,6.15,0.17,0.18,0.4,0.12,0.25,0.1,0.08,0.13
2935,17:8:10:122,6.19,0.26,0.87,0.46,1.14,0.12,0.27,0.17,0.13
2936,17:8:11:123,5.97,0.12,0.36,0.35,0.21,0.34,0.23,0.11,1.3
2937,17:8:12:125,14.62,1.48,0.18,0.23,0.18,0.36,0.13,0.21,0.57
2938,17:8:13:125,14.91,1.41,0.31,0.26,0.16,0.22,0.15,0.11,0.16
2939,17:8:14:126,6.06,0.22,0.22,0.32,0.09,0.19,0.1,0.36,0.27
2940,17:8:15:128,7.52,0.33,1.32,1.79,1.67,0.96,2,1.18,0.24
2941,17:8:16:129,6.48,0.14,1.52,2.34,1.29,0.58,0.48,0.4,0.13
2942,17:8:17:132,8.48,0.65,0.22,0.31,0.28,0.16,0.09,0.13,0.2
2943,17:8:18:134,6.87,0.44,0.22,0.69,0.24,0.18,0.15,0.27,0.1
2944,17:8:19:135,5.78,0.19,0.2,0.31,0.32,0.26,0.11,0.12,0.1
2945,17:8:20:138,6,0.24,0.78,0.43,1.17,0.23,0.42,0.24,0.23
2946,17:8:21:145,6.02,0.15,0.33,0.25,0.18,0.34,0.12,0.06,0.47
2947,17:8:22:150,8.72,0.76,0.27,0.43,0.08,0.11,0.11,0.09,0.23
2948,17:8:23:156,7.04,0.4,0.2,0.27,0.16,0.37,0.1,0.09,0.42
2949,17:8:24:159,10.18,0.54,0.2,0.34,0.22,0.29,0.13,0.08,0.14
2950,17:8:25:164,6.93,0.31,0.82,0.42,0.94,0.42,0.18,0.1,0.23
2951,17:8:26:164,6.31,0.21,0.27,0.43,0.16,0.32,0.29,0.12,0.35
2952,17:8:27:167,8.32,0.82,0.53,0.75,0.45,0.4,1.14,0.57,0.54
2953,17:8:28:174,11.99,1.23,0.18,0.38,0.2,0.61,0.11,0.08,0.43
2954,17:8:29:182,16.87,1.35,0.15,0.49,0.17,0.32,0.15,0.15,0.51
2955,17:8:30:182,17.06,1.25,0.67,0.44,0.94,0.23,0.25,0.16,0.36
2956,17:8:31:186,6.79,0.24,0.93,0.54,1.87,0.46,0.61,0.3,0.2
2957,17:8:32:189,8.84,0.59,1.08,0.9,3.91,1.63,0.64,0.38,0.23
2958,17:8:33:190,7.41,0.4,2.85,0.54,0.67,1.02,1.68,1.26,0.12
2959,17:8:34:190,6.23,0.2,0.32,0.25,0.23,0.27,0.22,0.16,0.23
2960,17:8:35:192,5.96,0.16,1,0.51,1.15,0.17,0.26,0.16,0.17
2961,17:8:36:194,6.27,0.32,0.4,0.37,0.19,0.28,0.13,0.07,0.14
2962,17:8:37:197,8.17,0.8,0.18,0.37,0.13,0.32,0.09,0.07,0.27
2963,17:8:38:199,8.47,0.68,0.22,0.28,0.24,0.29,0.09,0.1,0.13
2964,17:8:39:200,6.62,0.22,0.14,0.26,0.36,0.2,0.21,0.14,0.18
2965,17:8:40:202,6.16,0.19,0.63,0.48,0.89,0.32,0.15,0.19,0.23
2966,17:8:41:211,6.11,0.21,0.89,0.28,0.34,0.29,0.19,0.09,0.76
2967,17:8:42:213,15.28,1.77,0.32,0.37,0.38,0.35,0.23,0.13,1.17
2968,17:8:43:219,15.52,1.45,0.17,0.31,0.23,0.22,0.21,0.08,0.14
2969,17:8:44:221,6.11,0.17,0.11,0.4,0.13,0.19,0.1,0.31,0.31
2970,17:8:45:225,6.37,0.21,2.31,2.5,1.75,1.1,0.95,1.57,0.13
2971,17:8:46:231,6.14,0.19,1.47,0.87,0.94,1.24,0.4,0.76,0.18
2972,17:8:47:240,8.03,0.81,0.26,0.34,0.13,0.26,0.14,0.1,0.24
2973,17:8:48:241,7.87,0.75,0.21,0.31,0.13,0.22,0.08,0.08,0.07
2974,17:8:49:246,5.82,0.21,0.15,0.41,0.21,0.25,0.11,0.19,0.22
2975,17:8:50:251,5.99,0.21,0.59,0.46,0.91,0.28,0.2,0.15,0.25
2976,17:8:51:256,5.86,0.23,0.5,0.25,0.28,0.45,0.17,0.07,0.23
2977,17:8:52:261,7.84,0.48,0.16,0.4,0.14,0.28,0.06,0.13,0.12
2978,17:8:53:263,7.71,0.6,0.21,0.38,0.07,0.24,0.13,0.07,0.07
2979,17:8:54:271,5.66,0.15,0.12,0.29,0.18,0.21,0.2,0.09,0.28
2980,17:8:55:271,5.82,0.26,0.78,0.41,0.83,0.27,0.18,0.09,0.29
2981,17:8:56:276,6.5,0.19,0.66,0.31,0.4,0.2,0.19,0.19,0.14
2982,17:8:57:281,7.42,0.61,0.14,0.38,0.16,0.17,0.09,0.07,0.15
2983,17:8:58:288,7.68,0.71,0.16,0.19,0.11,0.18,0.23,0.14,0.14
2984,17:8:59:291,5.86,0.14,0.17,0.45,0.15,0.11,0.25,0.12,0.26
2985,17:9:0:298,6.47,0.24,0.49,0.43,0.88,0.28,0.07,0.2,0.36
2986,17:9:1:305,6.4,0.2,0.51,0.35,0.36,0.34,0.13,0.16,0.14
2987,17:9:2:307,7.48,0.73,0.12,0.46,0.17,0.14,0.15,0.2,0.2
2988,17:9:3:309,7.78,0.59,0.33,0.33,0.2,0.33,0.2,0.23,0.09
2989,17:9:4:313,6.02,0.24,0.35,0.28,0.18,0.16,0.09,0.14,0.17
2990,17:9:5:318,5.73,0.15,0.57,0.35,0.77,0.45,0.09,0.08,0.31
2991,17:9:6:320,6.09,0.16,0.6,0.29,0.47,0.29,0.18,0.21,0.14
2992,17:9:7:327,6.91,0.38,0.23,0.55,0.07,0.18,0.08,0.1,0.31
2993,17:9:8:331,8.57,0.57,0.17,0.36,0.15,0.12,0.2,0.1,0.11
2994,17:9:9:334,5.79,0.19,0.2,0.25,0.22,0.39,0.11,0.1,0.23
2995,17:9:10:342,5.83,0.15,0.49,0.52,0.79,0.15,0.23,0.09,0.33
2997,17:9:12:348,17.32,1.72,0.86,0.41,0.37,0.36,0.15,0.09,0.71
2998,17:9:13:352,13.19,1.23,0.21,0.41,0.11,0.22,0.16,0.09,0.27
2999,17:9:14:356,8.99,0.68,0.15,0.22,0.26,0.14,0.09,0.11,0.77
3000,17:9:15:361,14.53,1.05,0.19,0.38,0.19,0.19,0.2,0.08,0.13
3001,17:9:16:364,6.19,0.13,2.52,1.52,1.56,0.66,1.96,1.74,0.13
3002,17:9:17:368,7.05,0.21,1.26,0.85,0.9,0.92,0.77,0.48,0.29
3003,17:9:18:370,8.49,0.19,0.84,0.33,0.26,1.19,0.74,0.18,0.11
3004,17:9:19:377,5.96,0.38,1.15,0.88,0.74,1.1,1.11,0.61,0.11
3005,17:9:20:383,5.95,0.16,0.21,0.35,0.1,0.38,0.15,0.25,0.23
3006,17:9:21:387,6.11,0.23,0.45,0.95,0.38,0.31,0.15,0.08,0.11
3007,17:9:22:394,6.51,0.31,0.88,0.89,0.28,0.26,0.28,0.09,0.22
3008,17:9:23:394,9.78,0.34,0.23,0.39,0.09,0.19,0.07,0.12,0.3
3009,17:9:24:399,6.58,0.24,0.15,0.43,0.2,0.15,0.08,0.09,0.11
3010,17:9:25:403,6.21,0.21,0.25,0.32,0.12,0.25,0.07,0.22,0.37
3011,17:9:26:404,6.24,0.22,0.56,0.68,0.17,0.28,0.11,0.22,0.16
3012,17:9:27:410,6.41,0.23,1.49,0.96,0.16,0.4,0.29,0.17,0.27
3013,17:9:28:410,9.31,0.21,0.25,0.48,0.15,0.25,0.13,0.28,0.09
3014,17:9:29:415,6.41,0.16,0.16,0.53,0.11,0.21,0.11,0.09,0.08
3015,17:9:30:418,5.81,0.27,0.17,0.32,0.19,0.16,0.13,0.12,0.29
3016,17:9:31:422,6.17,0.28,0.26,0.74,0.26,0.3,0.14,0.18,0.19
3017,17:9:32:428,6.67,0.17,1.49,0.64,0.21,0.4,0.2,0.39,0.23
3018,17:9:33:428,9.37,0.23,0.23,0.24,0.22,0.32,0.09,0.25,0.11
3019,17:9:34:429,6.12,0.23,0.15,0.27,0.12,0.33,0.1,0.11,0.18
3020,17:9:35:432,7.21,0.18,0.13,0.34,0.1,0.22,0.18,0.12,0.11
3021,17:9:36:434,6.01,0.31,0.3,0.73,0.1,0.21,0.37,0.09,0.12
3022,17:9:37:439,6.34,0.22,1.48,0.88,0.2,0.41,0.26,0.17,0.21
3023,17:9:38:442,9.52,0.2,0.22,0.38,0.23,0.23,0.15,0.1,0.17
3024,17:9:39:450,6.19,0.16,0.37,0.5,0.19,0.24,0.14,0.37,0.13
3025,17:9:40:456,5.96,0.23,0.31,0.34,0.08,0.14,0.12,0.21,0.19
3026,17:9:41:462,5.55,0.21,0.25,0.78,0.28,0.18,0.13,0.09,0.71
3027,17:9:42:468,18.72,1.51,1.49,1.14,0.19,0.38,0.18,0.15,0.34
3028,17:9:43:471,13.18,0.75,0.25,0.28,0.12,0.19,0.15,0.2,0.12
3029,17:9:44:475,5.81,0.21,0.27,0.29,0.13,0.23,0.24,0.06,0.14
3030,17:9:45:476,6.01,0.15,0.17,0.23,0.23,0.28,0.12,0.07,0.29
3031,17:9:46:480,6.8,0.3,2.02,3.35,2.97,0.96,2.24,0.88,0.16
3032,17:9:47:480,6.75,0.4,1.97,1.43,0.43,0.87,0.77,0.3,0.28
3033,17:9:48:481,9.67,0.27,0.2,0.3,0.14,0.19,0.15,0.08,0.12
3034,17:9:49:486,6.03,0.14,0.24,0.44,0.09,0.3,0.12,0.12,0.1
3035,17:9:50:491,5.28,0.18,0.15,0.36,0.1,0.37,0.18,0.11,0.15
3036,17:9:51:498,6,0.16,0.42,0.53,0.2,0.29,0.19,0.11,0.35
3037,17:9:52:506,6.96,0.15,1.47,1.08,0.44,0.37,0.18,0.12,0.18
3038,17:9:53:506,9.65,0.42,0.18,0.42,0.18,0.24,0.06,0.06,0.17
3039,17:9:54:507,5.84,0.14,0.13,0.32,0.16,0.33,0.08,0.07,0.13
3040,17:9:55:510,5.55,0.2,0.21,0.26,0.14,0.29,0.15,0.08,0.21
3041,17:9:56:513,6.03,0.29,0.38,0.68,0.25,0.27,0.19,0.09,0.26
3042,17:9:57:516,6.55,0.25,1.66,0.88,0.23,0.44,0.07,0.1,0.23
3043,17:9:58:520,9.18,0.18,0.14,0.37,0.09,0.19,0.16,0.1,1.44
3044,17:9:59:527,10.71,0.6,0.2,0.2,0.09,0.29,0.11,0.14,1.13
3045,17:10:0:533,11.93,0.58,0.22,0.52,0.09,0.12,0.15,0.08,0.09
3046,17:10:1:536,5.76,0.15,0.19,0.77,0.11,0.34,0.13,0.07,0.13
3047,17:10:2:540,6.64,0.19,1.27,1.28,0.3,0.25,0.14,0.18,0.29
3048,17:10:3:548,9.42,0.23,0.67,0.48,1.06,0.42,0.29,0.81,0.27
3049,17:10:4:556,5.67,0.15,1.14,1.43,0.18,0.32,0.54,0.35,0.13
3050,17:10:5:564,5.39,0.18,0.14,0.52,0.1,0.22,0.1,0.08,0.1
3051,17:10:6:564,5.63,0.21,0.41,0.51,0.13,0.25,0.21,0.13,0.37
3052,17:10:7:572,6.38,0.19,1.43,1.28,0.19,0.34,0.21,0.16,0.18
3053,17:10:8:576,10.01,0.35,0.13,0.22,0.18,0.2,0.11,0.07,0.26
3054,17:10:9:578,6.94,0.35,0.14,0.36,0.14,0.26,0.07,0.13,0.13
3055,17:10:10:585,5.57,0.17,0.16,0.25,0.07,0.26,0.18,0.12,0.18
3056,17:10:11:592,5.89,0.19,0.21,0.53,0.13,0.17,0.12,0.28,1.03
3057,17:10:12:592,19.92,1.07,1.48,1.17,0.17,0.58,0.17,0.21,0.25
3058,17:10:13:599,11.48,0.39,0.18,0.75,0.13,0.19,0.12,0.13,0.15
3059,17:10:14:600,6.32,0.2,0.16,0.5,0.14,0.21,0.08,0.09,0.12
3060,17:10:15:609,6.83,0.18,0.14,0.36,0.11,0.28,0.09,0.08,0.13
3061,17:10:16:615,5.83,0.28,3.03,2.64,2.08,2.38,2.21,1.33,0.27
3062,17:10:17:620,6.42,0.25,1.53,1.54,0.64,0.72,0.17,0.12,0.26
3063,17:10:18:628,9.28,0.23,0.26,0.34,0.11,0.22,0.19,0.2,0.2
3064,17:10:19:633,6.09,0.31,0.22,0.47,0.36,0.12,0.42,0.28,0.09
3065,17:10:20:639,5.52,0.21,0.22,0.3,0.28,0.14,0.08,0.09,0.24
3066,17:10:21:649,5.75,0.13,0.26,0.5,0.19,0.16,0.1,0.07,0.23
3067,17:10:22:656,6.11,0.27,1.51,1.07,0.37,0.34,0.09,0.17,0.18
3068,17:10:23:658,9.63,0.3,0.19,0.3,0.16,0.14,0.12,0.16,0.31
3069,17:10:24:660,6.2,0.22,0.13,0.25,0.11,0.31,0.12,0.08,0.14
3070,17:10:25:668,6.34,0.24,0.16,0.36,0.1,0.24,0.08,0.06,0.24
3071,17:10:26:674,5.94,0.19,0.42,0.45,0.11,0.16,0.13,0.07,0.26
3072,17:10:27:682,6.56,0.16,1.55,1.32,0.3,0.28,0.16,0.27,0.27
3073,17:10:28:688,9.18,0.38,0.16,0.31,0.18,0.31,0.11,0.07,0.24
3074,17:10:29:688,6.35,0.18,0.2,0.44,0.25,0.23,0.13,0.09,0.17
3075,17:10:30:696,5.73,0.14,0.17,0.37,0.16,0.13,0.06,0.12,0.22
3076,17:10:31:696,5.96,0.17,0.25,0.37,0.27,0.42,0.16,0.15,0.15
3077,17:10:32:698,6.49,0.31,1.91,0.86,0.32,0.25,0.09,0.2,0.21
3078,17:10:33:704,9.26,0.23,0.31,0.45,0.13,0.14,0.16,0.17,0.21
3079,17:10:34:712,5.72,0.14,0.22,0.26,0.14,0.16,0.14,0.11,0.09
3080,17:10:35:717,5.77,0.24,0.11,0.35,0.2,0.14,0.11,0.22,0.09
3081,17:10:36:724,5.86,0.16,0.24,0.4,0.37,0.13,0.13,0.08,0.25
3082,17:10:37:728,6.57,0.39,1.52,0.96,0.37,0.26,0.44,0.22,0.26
3083,17:10:38:732,9.13,0.29,0.24,0.36,0.2,0.15,0.1,0.09,0.15
3084,17:10:39:735,6.01,0.2,0.2,0.29,0.11,0.18,0.2,0.11,0.19
3085,17:10:40:739,5.66,0.22,0.29,0.35,0.14,0.21,0.2,0.09,0.32
3086,17:10:41:745,5.77,0.17,0.21,0.36,0.19,0.24,0.11,0.07,0.94
3087,17:10:42:745,21.43,2.29,1.4,1.26,0.49,0.37,0.1,0.13,0.34
3088,17:10:43:748,10.18,0.31,0.19,0.36,0.17,0.19,0.2,0.11,0.35
3089,17:10:44:750,15.12,0.84,0.21,0.29,0.07,0.18,0.07,0.13,0.23
3090,17:10:45:751,9.41,0.33,0.18,0.4,0.23,0.29,0.26,0.21,0.23
3091,17:10:46:754,5.63,0.14,2.77,2.28,2.03,1.13,3.16,0.98,0.33
3092,17:10:47:756,6.77,0.32,1.49,1.35,0.48,0.75,0.15,0.24,0.23
3093,17:10:48:759,9.23,0.27,1.56,1.46,0.45,1.6,0.5,1.82,0.17
3094,17:10:49:763,5.93,0.16,0.29,1.24,0.3,0.67,0.14,0.21,0.17
3095,17:10:50:767,9.25,0.7,0.18,0.28,0.09,0.26,0.09,0.17,1
3096,17:10:51:768,17.45,1.42,0.19,0.42,0.11,0.2,0.1,0.1,0.78
3097,17:10:52:774,16.91,2.09,1.43,1.44,0.37,0.32,0.14,0.11,1.96
3098,17:10:53:775,28.17,3.68,0.21,0.32,0.1,0.26,0.1,0.09,1.66
3099,17:10:54:780,23.95,1.99,0.83,0.62,0.48,0.7,0.84,0.33,0.96
3100,17:10:55:781,18.13,0.91,1.82,1.84,1.75,0.85,1.42,0.97,0.86
3101,17:10:56:781,13.33,0.58,1.76,1.42,1.44,1.16,0.62,0.73,0.66
3102,17:10:57:781,7.73,0.28,3.76,3.56,4.24,2.99,2.66,2.44,0.16
3103,17:10:58:790,9.62,0.31,1.69,2.59,2.39,2.86,2,1.83,0.19
3104,17:10:59:791,5.73,0.18,0.71,2.08,1.91,2.55,1.07,0.66,0.08
3105,17:11:0:799,6.06,0.27,0.47,1.06,0.75,0.9,0.86,1,0.45
3106,17:11:1:804,7.23,0.33,0.36,0.46,0.12,0.24,0.12,0.27,0.24
3107,17:11:2:808,6.75,0.24,1.42,1.46,0.39,0.27,0.36,0.11,0.17
3108,17:11:3:812,10.79,0.24,0.17,0.34,0.13,0.25,0.15,0.09,0.17
3109,17:11:4:815,5.87,0.14,0.26,0.4,0.14,0.17,0.07,0.17,0.07
3110,17:11:5:819,5.49,0.14,0.31,0.52,0.27,0.21,0.27,0.26,0.23
3111,17:11:6:822,5.85,0.21,0.28,0.4,0.28,0.65,0.12,0.14,0.51
3112,17:11:7:826,14.52,1.07,1.59,1.37,0.46,0.68,0.21,0.29,0.38
3113,17:11:8:829,12.36,0.38,0.14,0.4,0.13,0.23,0.14,0.1,0.16
3114,17:11:9:830,7.91,0.31,0.15,0.26,0.13,0.2,0.17,0.21,0.15
3115,17:11:10:835,5.62,0.16,0.12,0.3,0.13,0.15,0.08,0.23,0.25
3116,17:11:11:838,7.3,0.55,0.67,1.49,0.48,0.65,1.26,1.99,0.93
3117,17:11:12:848,22.33,1.56,1.71,1.77,0.62,0.87,0.38,0.22,0.94
3118,17:11:13:852,18.02,0.73,0.33,0.33,0.32,0.43,0.16,0.11,1.55
3119,17:11:14:854,20.55,1.26,0.2,0.39,0.13,0.18,0.08,0.07,0.3
3120,17:11:15:862,16.65,1.73,0.29,0.72,0.32,0.75,0.77,0.25,0.38
3121,17:11:16:872,11.46,0.64,3.55,2.35,1.87,2.21,2.05,1.4,0.24
3122,17:11:17:878,6.44,0.27,2.28,3.97,0.77,1.76,0.9,0.49,0.18
3123,17:11:18:886,9.74,0.49,1.23,4.05,1.1,2.02,2.32,0.86,0.21
3124,17:11:19:891,6.06,0.14,1.67,0.55,1.07,2.38,1.22,0.25,0.09
3125,17:11:20:896,5.85,0.14,0.34,0.19,0.12,2.66,0.69,0.29,0.26
3126,17:11:21:899,6.02,0.32,0.14,0.45,0.23,0.17,0.15,0.12,0.13
3127,17:11:22:903,6.39,0.35,1.64,1.3,0.22,0.4,0.16,0.19,0.35
3128,17:11:23:904,9.94,0.31,0.14,0.39,0.15,0.22,0.14,0.13,0.38
3129,17:11:24:910,6.34,0.17,0.21,0.28,0.15,0.17,0.25,0.06,0.09
3130,17:11:25:914,5.85,0.14,0.19,0.22,0.13,0.24,0.09,0.13,0.18
3131,17:11:26:918,5.99,0.22,0.22,0.4,0.16,0.25,0.15,0.2,0.26
3132,17:11:27:923,6.94,0.29,1.7,0.99,0.26,0.3,0.38,0.22,0.32
3133,17:11:28:928,9.84,0.31,0.21,0.39,0.12,0.31,0.09,0.13,1.13
3134,17:11:29:937,16.25,1.05,0.21,0.33,0.11,0.3,0.08,0.1,0.24
3135,17:11:30:941,7.22,0.32,0.16,0.27,0.11,0.19,0.12,0.24,0.32
3136,17:11:31:948,6.24,0.23,0.2,0.53,0.18,0.34,0.21,0.17,0.21
3137,17:11:32:955,6.2,0.2,1.56,1.25,0.17,0.48,0.25,0.21,0.55
3138,17:11:33:958,13.72,0.69,3.35,1.38,1.17,0.67,0.47,0.46,0.24
3139,17:11:34:965,6.54,0.19,0.85,0.28,0.15,0.15,0.08,0.1,0.26
3140,17:11:35:970,7.12,0.27,0.24,0.38,0.19,0.23,0.13,0.09,0.19
3141,17:11:36:970,10.63,0.46,0.12,0.27,0.34,0.34,0.1,0.2,0.09
3142,17:11:37:973,6.51,0.24,1.83,1.41,1.28,0.93,0.93,0.41,0.3
3143,17:11:38:977,11.33,0.28,0.24,0.35,0.13,0.25,0.14,0.17,0.13
3144,17:11:39:981,6.12,0.32,0.27,0.3,0.22,0.14,0.72,0.59,0.15
3145,17:11:40:988,5.87,0.18,0.33,0.45,0.18,0.22,1.18,1.16,0.46
3146,17:11:41:991,8.88,0.35,0.31,0.36,0.36,0.29,0.13,0.17,0.85
3147,17:11:42:992,19.37,0.91,2.24,1.54,0.38,0.49,0.24,0.16,0.31
3148,17:11:44:000,10.82,0.37,0.12,0.33,0.12,0.15,0.09,0.12,0.12
3149,17:11:45:003,6,0.22,0.24,0.3,0.13,0.27,0.07,0.05,0.07
3150,17:11:46:008,5.74,0.13,1.05,0.84,0.44,0.52,0.51,0.22,0.2
3151,17:11:47:009,6.01,0.18,2.24,1.7,0.99,2.69,3.21,1.15,0.27
3152,17:11:48:016,6.54,0.22,1.64,1.31,0.27,0.7,0.15,0.13,0.11
3153,17:11:49:018,9.85,0.18,0.25,0.19,0.21,0.11,0.16,0.2,0.32
3154,17:11:50:024,5.84,0.18,0.17,0.39,0.24,0.2,0.07,0.08,0.11
3155,17:11:51:028,5.94,0.16,0.14,0.41,0.08,0.23,0.08,0.13,0.13
3156,17:11:52:031,6.63,0.2,0.28,0.34,0.29,0.25,0.12,0.14,0.18
3157,17:11:53:038,7.14,0.23,1.63,0.97,0.66,0.43,0.22,0.19,0.29
3158,17:11:54:039,9.43,0.26,0.17,0.25,0.13,0.23,0.14,0.11,0.53
3159,17:11:55:042,7.3,0.15,0.32,0.24,0.15,0.16,0.1,0.06,0.1
3160,17:11:56:046,5.67,0.27,0.37,0.41,0.17,0.3,0.1,0.32,0.24
3161,17:11:57:049,5.65,0.28,0.44,0.32,0.14,0.34,0.24,0.27,0.19
3162,17:11:58:055,6.84,0.28,1.64,0.94,0.52,0.25,0.29,0.16,0.52
3163,17:11:59:060,9.15,0.31,0.17,0.25,0.37,0.57,0.18,0.13,0.09
3164,17:12:0:064,6.47,0.25,0.2,0.27,0.12,0.13,0.12,0.09,0.09
3165,17:12:1:067,5.73,0.21,0.14,0.19,0.11,0.34,0.06,0.06,0.23
3166,17:12:2:070,6.04,0.17,0.31,0.35,0.16,0.46,0.19,0.18,0.24
3167,17:12:3:077,6.22,0.17,1.35,1.28,0.24,0.29,0.12,0.12,0.28
3168,17:12:4:076,9.45,0.25,0.22,0.22,0.14,0.46,0.21,0.18,0.16
3169,17:12:5:084,5.55,0.18,0.21,0.3,0.09,0.23,0.13,0.07,0.12
3170,17:12:6:090,5.67,0.18,0.19,0.37,0.12,0.15,0.16,0.08,0.24
3171,17:12:7:095,6.07,0.15,0.22,0.5,0.14,0.26,0.12,0.16,0.99
3172,17:12:8:097,12.16,0.8,1.31,1.38,0.43,0.29,0.19,0.16,0.27
3173,17:12:9:104,9.5,0.32,0.15,0.35,0.12,0.2,0.13,0.11,0.11
3174,17:12:10:109,6.26,0.16,0.14,0.2,0.08,0.33,0.13,0.15,0.09
3175,17:12:11:113,5.89,0.25,0.21,0.39,0.16,0.19,0.07,0.11,0.38
3176,17:12:12:119,12.1,0.59,0.84,0.76,0.57,0.85,1.07,0.58,0.67
3177,17:12:13:122,15.97,1.29,1.34,1.38,0.3,0.36,0.2,0.18,0.29
3178,17:12:14:130,11.57,0.43,0.21,0.43,0.18,0.3,0.1,0.2,0.67
3179,17:12:15:137,17.48,0.71,0.23,0.28,0.15,0.17,0.16,0.06,0.24
3180,17:12:16:137,7.17,0.44,0.93,1,1.25,0.92,2.59,0.96,0.14
3181,17:12:17:140,6.33,0.29,2.88,1.08,2.73,0.53,0.3,0.52,0.24
3182,17:12:18:146,6.4,0.25,1.76,1.58,0.67,0.58,0.31,0.49,0.23
3183,17:12:19:148,9.4,0.28,2.81,1.02,0.47,0.72,2.2,1.41,0.14
3184,17:12:20:152,5.8,0.13,0.39,0.46,0.34,0.33,0.3,0.23,0.08
3185,17:12:21:155,5.58,0.14,0.17,0.26,0.15,0.33,0.14,0.08,0.19
3186,17:12:22:159,6.38,0.35,0.17,0.33,0.21,0.36,0.12,0.29,0.41
3187,17:12:23:166,7.08,0.32,1.54,1.22,0.4,0.3,0.23,0.25,0.4
3188,17:12:24:169,9.8,0.36,0.17,0.43,0.1,0.32,0.09,0.15,0.22
3189,17:12:25:174,6.09,0.19,0.2,0.34,0.17,0.14,0.1,0.11,0.11
3190,17:12:26:180,5.41,0.17,0.27,0.36,0.17,0.29,0.18,0.23,0.42
3191,17:12:27:186,7.6,0.3,0.23,0.3,0.29,0.16,0.58,0.16,0.71
3192,17:12:28:191,10.22,0.55,1.53,0.99,0.22,0.66,0.45,0.33,0.28
3193,17:12:29:200,10.1,0.22,0.15,0.36,0.14,0.27,0.26,0.09,0.23
3194,17:12:30:203,5.92,0.26,0.14,0.34,0.11,0.11,0.13,0.13,0.43
3195,17:12:31:207,9.8,0.45,0.34,0.57,0.43,0.38,0.73,0.46,0.16
3196,17:12:32:209,6.71,0.33,0.66,0.59,0.58,0.77,0.61,0.53,0.36
3197,17:12:33:213,6.17,0.2,1.66,1.35,0.4,0.39,0.25,0.09,0.72
3198,17:12:34:222,12.73,0.63,0.17,0.38,0.16,0.4,0.28,0.19,0.27
3199,17:12:35:225,6.06,0.18,0.59,0.86,0.5,0.67,0.5,0.26,0.1
3200,17:12:36:225,5.42,0.17,0.2,0.25,0.17,0.24,0.12,0.29,0.14
3201,17:12:37:227,5.69,0.31,0.2,0.32,0.1,0.3,0.16,0.19,0.13
3202,17:12:38:234,6.17,0.18,2.2,1.68,0.51,0.75,0.47,0.47,0.48
3203,17:12:39:237,9.3,0.28,0.24,0.21,0.13,0.27,0.18,0.17,0.2
3204,17:12:40:241,6.02,0.26,0.18,0.39,0.14,0.11,0.09,0.14,0.1
3205,17:12:41:246,5.34,0.22,0.16,0.33,0.19,0.12,0.12,0.07,0.54
3206,17:12:42:254,13.73,0.89,0.21,0.34,0.17,0.43,0.13,0.23,0.47
3207,17:12:43:257,12.28,1.59,1.35,1.16,0.33,0.36,0.18,0.27,0.23
3208,17:12:44:257,11.01,0.28,0.14,0.37,0.14,0.32,0.13,0.08,0.11
3209,17:12:45:263,5.65,0.16,0.14,0.32,0.1,0.11,0.1,0.08,0.15
3210,17:12:46:270,5.43,0.18,1.12,1.69,0.48,1.04,3.2,1.37,0.1
3211,17:12:47:273,5.86,0.25,1.29,1.42,0.54,0.57,0.32,0.77,0.35
3212,17:12:48:282,6.15,0.19,1.45,1.39,0.7,0.3,0.15,0.45,0.18
3213,17:12:49:285,9.01,0.23,0.18,0.34,0.07,0.37,0.14,0.12,0.15
3214,17:12:50:290,5.72,0.18,0.16,0.24,0.16,0.14,0.08,0.15,0.08
3215,17:12:51:294,5.61,0.18,0.14,0.43,0.12,0.13,0.23,0.08,0.09
3216,17:12:52:298,6.04,0.19,0.2,0.45,0.15,0.11,0.13,0.13,0.24
3217,17:12:53:303,6.34,0.23,1.45,1.38,0.38,0.34,0.18,0.16,0.21
3218,17:12:54:302,9.31,0.22,0.16,0.21,0.07,0.23,0.26,0.19,0.19
3219,17:12:55:311,5.67,0.17,0.12,0.34,0.09,0.26,0.1,0.13,0.09
3220,17:12:56:312,5.76,0.27,0.26,0.35,0.17,0.18,0.11,0.2,0.16
3221,17:12:57:319,5.69,0.22,0.25,0.33,0.28,0.19,0.08,0.2,0.15
3222,17:12:58:327,6.12,0.27,1.31,1.61,0.24,0.37,0.07,0.17,0.56
3223,17:12:59:331,12.11,0.78,0.18,0.31,0.25,0.16,0.07,0.2,0.42
3224,17:13:0:330,14.32,1.46,0.17,0.35,0.18,0.1,0.06,0.06,0.18
3225,17:13:1:333,5.74,0.18,0.13,0.37,0.09,0.29,0.06,0.11,0.18
3226,17:13:2:336,5.91,0.32,0.2,0.38,0.19,0.3,0.19,0.21,0.11
3227,17:13:3:340,6.38,0.26,1.99,1.2,0.81,0.48,0.47,0.35,0.31
3228,17:13:4:345,8.65,0.25,3.28,1.22,0.77,0.41,0.4,0.27,0.14
3229,17:13:5:347,5.93,0.15,0.16,0.26,0.19,0.14,0.08,0.18,0.17
3230,17:13:6:352,5.35,0.12,0.34,0.47,0.1,0.11,0.06,0.08,0.18
3231,17:13:7:355,5.69,0.17,0.23,0.39,0.3,0.38,0.13,0.13,0.55
3232,17:13:8:364,7.78,0.34,1.43,1.16,0.36,0.25,0.15,0.2,0.44
3233,17:13:9:366,10.1,0.31,0.14,0.31,0.18,0.2,0.27,0.11,0.11
3234,17:13:10:371,5.61,0.13,0.18,0.36,0.07,0.19,0.08,0.07,0.11
3235,17:13:11:376,5.54,0.31,0.16,0.21,0.17,0.19,0.11,0.21,1.58
3236,17:13:12:380,18.95,1.49,0.35,0.69,0.28,0.62,0.33,0.24,0.82
3237,17:13:13:382,11.4,1.16,1.64,1.08,0.42,0.4,0.37,0.39,0.37
3238,17:13:14:383,10.65,0.58,0.15,0.26,0.08,0.35,0.19,0.17,0.15
3239,17:13:15:386,7.38,0.26,0.13,0.31,0.14,0.2,0.12,0.07,0.08
3240,17:13:16:389,5.42,0.13,2.89,2.05,1.51,1.04,2.59,1.5,0.22
3241,17:13:17:396,5.72,0.27,0.74,0.85,0.36,1.18,0.31,0.41,0.26
3242,17:13:18:397,6.2,0.24,1.55,1.49,0.25,0.4,0.1,0.24,0.15
3243,17:13:19:402,8.82,0.25,0.47,0.49,0.13,0.44,0.19,0.21,0.16
3244,17:13:20:404,5.6,0.26,0.16,0.25,0.07,0.25,0.15,0.08,0.06
3245,17:13:21:409,5.5,0.14,0.13,0.21,0.25,0.22,0.13,0.08,0.25
3246,17:13:22:414,6.03,0.19,0.14,0.44,0.16,0.24,0.2,0.12,0.23
3247,17:13:23:421,6.44,0.19,1.54,1.23,0.49,0.4,0.17,0.17,0.46
3248,17:13:24:425,9.19,0.24,0.18,0.32,0.17,0.16,0.06,0.1,0.13
3249,17:13:25:426,6.07,0.22,0.17,0.27,0.11,0.2,0.09,0.17,0.19
3250,17:13:26:430,5.51,0.19,0.24,0.23,0.09,0.31,0.16,0.09,0.18
3251,17:13:27:439,6.17,0.17,0.17,0.38,0.33,0.41,0.1,0.15,0.17
3252,17:13:28:442,6.58,0.15,1.45,1.16,0.47,0.5,0.18,0.08,0.16
3253,17:13:29:451,9.56,0.35,0.13,0.37,0.11,0.28,0.21,0.08,0.17
3254,17:13:30:457,8.1,0.18,0.13,0.24,0.08,0.24,0.11,0.11,0.41
3255,17:13:31:458,15.14,0.38,0.19,0.3,0.2,0.34,0.09,0.13,0.61
3256,17:13:32:461,7.21,0.28,0.38,0.32,0.27,0.34,0.14,0.23,0.32
3257,17:13:33:468,6.14,0.24,1.57,1.14,0.58,0.36,0.32,0.32,0.25
3258,17:13:34:474,8.93,0.2,0.31,0.58,0.51,0.76,0.23,0.75,0.09
3259,17:13:35:476,5.88,0.26,0.22,3.33,1.76,1.01,0.13,0.25,0.16
3260,17:13:36:484,5.42,0.15,0.28,0.24,0.09,0.56,0.14,0.2,0.27
3261,17:13:37:492,5.66,0.18,0.17,0.4,0.09,0.25,0.08,0.22,0.14
3262,17:13:38:493,6.58,0.25,1.4,1.27,0.45,0.37,0.23,0.08,0.17
3263,17:13:39:497,9.35,0.34,0.21,0.25,0.19,0.3,0.19,0.08,0.28
3264,17:13:40:500,5.81,0.12,0.15,0.25,0.19,0.22,0.1,0.09,0.12
3265,17:13:41:506,5.68,0.2,0.21,0.37,0.08,0.19,0.1,0.08,0.94
3266,17:13:42:513,18.06,0.71,0.31,0.39,0.26,0.26,0.2,0.15,0.22
3267,17:13:43:522,8.69,0.36,1.38,1.27,0.29,0.66,0.26,0.13,0.52
3268,17:13:44:522,14.37,0.69,0.14,0.3,0.13,0.39,0.14,0.07,0.26
3269,17:13:45:530,12.62,0.78,0.22,0.28,0.1,0.17,0.15,0.11,0.23
3270,17:13:46:537,5.99,0.2,2.73,3.47,2.19,1.17,1.7,1.78,0.09
3271,17:13:47:542,5.98,0.22,0.7,0.45,0.42,0.54,0.68,0.27,0.11
3272,17:13:48:548,6.15,0.16,2.46,1.88,0.8,0.87,1.32,0.35,0.12
3273,17:13:49:556,9,0.33,2.62,1.03,0.7,0.55,0.32,0.29,0.28
3274,17:13:50:560,5.77,0.18,0.14,0.27,0.18,0.31,0.07,0.05,0.08
3275,17:13:51:561,5.44,0.21,0.12,0.46,0.2,0.19,0.29,0.09,0.14
3276,17:13:52:566,6.11,0.41,0.33,0.32,0.16,0.5,0.09,0.08,0.29
3277,17:13:53:572,6.73,0.33,1.78,0.88,0.35,0.32,0.34,0.13,0.36
3278,17:13:54:572,10.15,0.21,0.15,0.35,0.13,0.25,0.07,0.11,0.14
3279,17:13:55:573,5.81,0.19,0.14,0.25,0.18,0.24,0.1,0.11,0.09
3280,17:13:56:580,5.4,0.13,0.16,0.32,0.21,0.17,0.22,0.12,0.25
3281,17:13:57:582,5.71,0.14,0.43,0.24,0.19,0.19,0.13,0.46,0.37
3282,17:13:58:583,6.58,0.19,1.98,0.75,0.71,0.42,0.36,0.2,0.27
3283,17:13:59:587,9.28,0.27,0.2,0.36,0.16,0.22,0.1,0.14,0.11
3284,17:14:0:590,6.13,0.25,0.19,0.33,0.1,0.19,0.12,0.09,0.07
3285,17:14:1:594,5.62,0.19,0.16,0.37,0.16,0.19,0.09,0.12,0.1
3286,17:14:2:599,5.95,0.36,0.21,0.31,0.09,0.43,0.11,0.24,0.25
3287,17:14:3:605,6.09,0.15,1.59,1.12,0.37,0.28,0.33,0.2,0.34
3288,17:14:4:609,8.97,0.21,0.35,0.31,0.25,0.25,0.17,0.1,0.12
3289,17:14:5:611,5.73,0.18,0.15,0.33,0.19,0.21,0.07,0.07,0.12
3290,17:14:6:615,5.48,0.17,0.17,0.31,0.1,0.19,0.07,0.23,0.23
3291,17:14:7:619,5.65,0.33,0.32,0.4,0.13,0.32,0.16,0.11,0.27
3292,17:14:8:620,6.14,0.27,1.32,1.15,0.68,0.25,0.26,0.13,0.25
3293,17:14:9:622,9.38,0.28,0.21,0.35,0.19,0.22,0.11,0.14,0.21
3294,17:14:10:628,5.82,0.22,0.15,0.22,0.18,0.21,0.16,0.08,0.17
3295,17:14:11:635,5.5,0.2,0.16,0.25,0.14,0.16,0.07,0.07,0.64
3296,17:14:12:642,18.95,1.77,0.2,0.31,0.13,0.23,0.11,0.25,0.28
3297,17:14:13:644,7.11,0.42,1.47,1.43,0.19,0.25,0.31,0.3,0.88
3298,17:14:14:653,10.74,0.33,0.21,0.32,0.09,0.15,0.18,0.08,0.33
3299,17:14:15:658,7.07,0.34,0.14,0.26,0.15,0.09,0.1,0.11,0.09
3300,17:14:16:666,5.45,0.21,2.48,3.51,2.01,1,2.8,0.82,0.12
3301,17:14:17:666,5.54,0.14,0.39,0.44,0.2,0.26,0.22,0.08,0.23
3302,17:14:18:672,6.26,0.22,1.52,1.45,0.32,0.37,0.24,0.12,0.37
3303,17:14:19:674,8.77,0.38,0.14,0.48,0.2,0.29,0.15,0.39,0.11
3304,17:14:20:676,6.18,0.24,0.12,0.32,0.16,0.14,0.07,0.11,0.08
3305,17:14:21:682,5.61,0.16,0.14,0.26,0.09,0.16,0.22,0.23,0.14
3306,17:14:22:684,5.73,0.17,0.3,0.42,0.09,0.28,0.12,0.11,0.26
3307,17:14:23:691,6.4,0.21,1.17,1.26,0.43,0.29,0.32,0.13,0.34
3308,17:14:24:695,9.29,0.27,0.1,0.3,0.09,0.44,0.11,0.22,0.11
3309,17:14:25:700,5.56,0.22,0.12,0.35,0.17,0.23,0.14,0.05,0.08
3310,17:14:26:705,5.48,0.2,0.2,0.38,0.21,0.22,0.12,0.09,0.25
3311,17:14:27:712,5.99,0.26,0.19,0.45,0.2,0.24,0.17,0.12,0.41
3312,17:14:28:717,7.03,0.34,1.78,0.99,0.24,0.5,0.2,0.14,0.67
3313,17:14:29:717,15.08,0.71,0.16,0.31,0.2,0.26,0.07,0.09,0.79
3314,17:14:30:723,10.58,0.36,0.14,0.33,0.11,0.29,0.11,0.06,0.12
3315,17:14:31:726,5.66,0.18,0.14,0.26,0.22,0.29,0.11,0.12,0.18
3316,17:14:32:730,6.67,0.36,0.44,0.35,0.26,0.36,0.22,0.13,0.34
3317,17:14:33:733,6.52,0.22,3.61,1.44,1.02,0.79,1.42,1.25,0.38
3318,17:14:34:742,9.52,0.21,1.14,0.48,1.08,0.47,0.25,0.16,0.14
3319,17:14:35:743,6.02,0.19,0.15,0.32,0.21,0.22,0.13,0.1,0.12
3320,17:14:36:748,6.21,0.16,0.45,0.32,0.26,0.31,0.09,0.14,0.82
3321,17:14:37:753,10.85,0.97,0.2,0.27,0.21,0.37,0.15,0.09,0.2
3322,17:14:38:758,7.34,0.47,1.55,1.32,0.4,0.43,0.15,0.18,0.16
3323,17:14:39:764,9.31,0.36,0.19,0.59,0.13,0.26,0.16,0.14,0.31
3324,17:14:40:768,6.88,0.34,0.19,0.39,0.12,0.15,0.11,0.15,0.08
3325,17:14:41:774,5.37,0.17,1.04,1.07,0.93,0.98,0.85,0.89,1
3326,17:14:42:779,19.65,2.7,0.33,0.45,0.14,0.2,0.2,0.18,0.27
3327,17:14:43:783,7.98,0.25,1.7,1.17,0.36,0.39,0.13,0.2,0.27
3328,17:14:44:792,9.48,0.28,0.44,0.63,0.12,0.24,0.3,0.12,0.24
3329,17:14:45:795,5.98,0.24,0.19,0.34,0.14,0.27,0.3,0.11,0.13
3330,17:14:46:798,5.58,0.19,2.14,3.83,1.84,1.55,1.4,0.53,0.22
3331,17:14:47:802,5.81,0.2,0.53,0.38,0.34,0.45,0.26,0.26,0.12
3332,17:14:48:805,6.11,0.23,1.58,1.23,0.39,0.54,0.18,0.1,0.11
3333,17:14:49:814,8.97,0.54,0.23,0.24,0.14,0.33,0.09,0.11,0.15
3334,17:14:50:818,5.84,0.17,0.23,0.32,0.13,0.2,0.09,0.1,0.09
3335,17:14:51:819,6.06,0.24,0.21,0.23,0.08,0.32,0.12,0.1,0.09
3336,17:14:52:820,5.78,0.23,0.42,0.27,0.13,0.32,0.26,0.2,0.13
3337,17:14:53:828,5.89,0.23,1.5,0.99,0.13,0.41,0.3,0.28,0.32
3338,17:14:54:833,9.13,0.22,0.23,0.35,0.09,0.29,0.09,0.16,0.11
3339,17:14:55:836,5.96,0.23,0.29,0.39,0.1,0.21,0.09,0.17,0.09
3340,17:14:56:839,5.36,0.15,0.11,0.43,0.17,0.28,0.08,0.09,0.26
3341,17:14:57:849,5.94,0.25,0.3,0.19,0.22,0.29,0.26,0.12,0.18
3342,17:14:58:856,5.98,0.31,1.38,1.39,0.24,0.41,0.23,0.14,0.45
3343,17:14:59:862,8.92,0.23,0.14,0.44,0.18,0.3,0.14,0.12,0.2
3344,17:15:0:862,6.3,0.31,0.18,0.29,0.15,0.18,0.09,0.07,0.13
3345,17:15:1:868,5.82,0.2,0.15,0.43,0.09,0.22,0.09,0.13,0.11
3346,17:15:2:872,5.65,0.18,0.17,0.24,0.24,0.28,0.11,0.29,0.12
3347,17:15:3:872,6.19,0.24,1.82,1.02,0.14,0.29,0.17,0.21,0.18
3348,17:15:4:874,8.88,0.31,0.17,0.39,0.09,0.34,0.16,0.06,0.19
3349,17:15:5:880,6.05,0.18,0.25,0.29,0.2,0.2,0.1,0.1,0.07
3350,17:15:6:888,5.5,0.18,0.11,0.34,0.07,0.32,0.16,0.08,0.1
3351,17:15:7:894,5.7,0.26,0.35,0.33,0.09,0.36,0.21,0.15,0.16
3352,17:15:8:897,6.15,0.14,1.68,1.03,0.22,0.61,0.17,0.1,0.16
3353,17:15:9:901,9.09,0.33,0.18,0.22,0.18,0.29,0.2,0.2,0.16
3354,17:15:10:903,6.29,0.2,0.18,0.36,0.15,0.18,0.08,0.08,0.51
3355,17:15:11:911,8.67,0.55,0.14,0.44,0.16,0.21,0.1,0.13,0.93
3356,17:15:12:920,17.83,2.21,0.27,0.48,0.16,0.24,0.12,0.26,0.18
3357,17:15:13:929,8.33,0.36,1.44,1.45,0.14,0.47,0.27,0.27,0.34
3358,17:15:14:939,16.61,0.57,0.17,0.29,0.15,0.26,0.26,0.12,0.24
3359,17:15:15:940,9.25,0.8,0.74,0.69,0.48,0.61,1.27,0.45,0.08
3360,17:15:16:945,5.52,0.17,0.65,3.85,1.38,1.17,1.51,1.2,0.26
3361,17:15:17:952,5.89,0.15,0.33,0.56,0.31,0.58,0.24,0.33,0.25
3362,17:15:18:955,6.4,0.26,3.88,2.36,2.16,0.75,0.79,1.44,0.34
3363,17:15:19:954,8.52,0.2,0.7,0.47,0.22,0.38,0.48,0.28,0.72
3364,17:15:20:955,11.84,0.82,0.23,0.38,0.16,0.16,0.13,0.06,0.15
3365,17:15:21:958,7.24,0.22,0.15,0.25,0.12,0.34,0.11,0.17,0.1
3366,17:15:22:962,5.79,0.14,0.24,0.42,0.11,0.29,0.22,0.21,0.36
3367,17:15:23:970,6.33,0.21,1.31,1.14,0.41,0.41,0.21,0.15,0.32
3368,17:15:24:973,8.28,0.23,0.94,1.05,0.53,1.93,1.34,0.94,0.12
3369,17:15:25:975,6.72,0.25,0.18,0.65,0.26,0.27,0.26,0.12,0.08
3370,17:15:26:981,5.47,0.15,0.16,0.26,0.15,0.3,0.07,0.33,0.27
3371,17:15:27:989,5.87,0.16,0.23,0.43,0.16,0.18,0.18,0.18,0.25
3372,17:15:28:991,6.34,0.29,1.23,1.32,0.36,0.36,0.13,0.13,0.31
3373,17:15:29:995,8.48,0.26,0.33,0.46,0.15,0.26,0.22,0.2,0.31
3374,17:15:31:005,9.15,0.51,0.11,0.36,0.07,0.27,0.14,0.06,0.1
3375,17:15:32:009,5.98,0.23,0.14,0.4,0.08,0.33,0.12,0.18,0.24
3376,17:15:33:013,5.97,0.15,0.28,0.41,0.13,0.38,0.1,0.1,0.1
3377,17:15:34:019,6.81,0.2,1.15,1.41,0.66,0.2,0.16,0.2,0.18
3378,17:15:35:027,8.05,0.56,0.56,0.74,0.38,0.48,0.38,0.28,0.19
3379,17:15:36:031,7.45,0.33,0.29,0.16,0.23,0.23,0.14,0.13,0.08
3380,17:15:37:038,5.93,0.24,0.22,0.3,0.09,0.34,0.07,0.08,0.09
3381,17:15:38:041,5.9,0.18,0.13,0.37,0.14,0.31,0.12,0.4,0.26
3382,17:15:39:043,6.72,0.29,1.09,1.15,0.21,0.29,0.12,0.09,0.27
3383,17:15:40:049,8.11,0.23,0.42,0.39,0.12,0.34,0.21,0.22,0.28
3384,17:15:41:057,7.36,0.32,0.13,0.54,0.08,0.16,0.11,0.08,0.28
3385,17:15:42:061,10.19,0.41,0.14,0.41,0.15,0.28,0.08,0.15,1.59
3386,17:15:43:063,16.73,0.64,0.4,0.28,0.2,0.29,0.15,0.12,0.3
3387,17:15:44:062,8.47,0.41,1.28,0.98,0.55,0.32,0.1,0.13,0.13
3388,17:15:45:066,7.92,0.25,0.4,0.38,0.13,0.31,0.23,0.19,0.17
3389,17:15:46:069,7.28,0.3,1.92,0.87,0.8,0.56,0.85,0.56,0.12
3390,17:15:47:071,5.83,0.25,2.03,1.19,1.41,0.55,2.75,0.65,0.1
3391,17:15:48:073,6.11,0.16,0.31,0.49,0.34,0.49,0.15,0.22,0.11
3392,17:15:49:082,6.49,0.4,1.19,1.27,0.31,0.21,0.31,0.17,0.1
3393,17:15:50:083,7.74,0.14,0.39,0.47,0.15,0.29,0.1,0.19,0.16
3394,17:15:51:093,7.7,0.28,0.16,0.31,0.17,0.11,0.11,0.13,0.08
3395,17:15:52:097,6.23,0.16,0.16,0.27,0.1,0.42,0.18,0.13,0.13
3396,17:15:53:103,5.98,0.31,0.18,0.39,0.22,0.26,0.14,0.15,0.26
3397,17:15:54:109,6.54,0.24,1.08,1.22,0.23,0.24,0.11,0.17,0.16
3398,17:15:55:110,7.65,0.27,0.71,0.54,0.37,0.27,0.09,0.22,0.14
3399,17:15:56:116,7.48,0.24,0.18,0.42,0.23,0.24,0.11,0.09,0.12
3400,17:15:57:116,5.71,0.2,0.25,0.32,0.1,0.31,0.11,0.07,0.16
3401,17:15:58:125,5.9,0.17,0.26,0.27,0.2,0.32,0.09,0.26,0.31
3402,17:15:59:127,6.62,0.27,1.02,1.2,0.16,0.19,0.16,0.11,0.45
3403,17:16:0:127,18.43,1.48,0.78,0.38,0.18,0.44,0.17,0.14,0.19
3404,17:16:1:129,8.65,0.28,0.16,0.21,0.06,0.29,0.07,0.09,0.08
3405,17:16:2:132,5.72,0.14,0.28,0.43,0.08,0.22,0.11,0.18,0.14
3406,17:16:3:135,5.78,0.12,0.34,0.26,0.1,0.23,0.16,0.56,0.11
3407,17:16:4:135,6.41,0.21,1.99,2.75,1.66,1.06,0.64,1.53,0.29
3408,17:16:5:143,7.41,0.24,0.72,0.96,0.27,0.27,0.19,0.25,0.29
3409,17:16:6:152,11.52,0.51,0.2,0.39,0.14,0.14,0.13,0.07,0.11
3410,17:16:7:152,5.67,0.16,0.13,0.38,0.16,0.24,0.07,0.19,0.44
3411,17:16:8:155,9.55,0.77,0.23,0.29,0.12,0.46,0.09,0.3,0.31
3412,17:16:9:162,8.12,0.31,0.7,0.75,0.23,0.48,0.1,0.21,0.1
3413,17:16:10:164,6.9,0.33,1.68,1.02,0.7,0.63,0.45,0.45,0.16
3414,17:16:11:170,8.72,0.22,0.11,0.43,0.22,0.09,0.12,0.07,0.99
3415,17:16:12:169,11.67,1.35,0.47,0.97,0.3,0.23,0.45,0.13,1.52
3416,17:16:13:178,14.93,0.71,0.69,0.52,0.21,0.5,0.18,0.15,0.17
3417,17:16:14:185,8.33,0.43,0.82,0.51,0.22,0.25,0.13,0.22,0.11
3418,17:16:15:185,6.58,0.19,1.12,0.88,0.23,0.34,0.22,0.19,0.25
3419,17:16:16:187,9.65,0.49,1.35,1.33,1.01,0.81,0.49,0.41,0.13
3420,17:16:17:196,5.89,0.26,0.39,1.61,0.61,1.52,2.02,0.54,0.22
3421,17:16:18:204,5.59,0.14,0.35,0.65,0.22,0.61,0.13,0.2,0.2
3422,17:16:19:205,6.33,0.42,0.47,0.89,0.25,0.24,0.18,0.12,0.12
3423,17:16:20:206,6.66,0.22,1.05,0.78,0.34,0.58,0.32,0.26,0.2
3424,17:16:21:209,8.71,0.2,0.17,0.27,0.12,0.2,0.08,0.06,0.14
3425,17:16:22:212,5.77,0.16,0.14,0.43,0.2,0.14,0.09,0.11,0.09
3426,17:16:23:216,5.89,0.17,0.16,0.3,0.19,0.31,0.08,0.08,0.11
3427,17:16:24:221,7,0.18,0.57,0.66,0.33,0.25,0.19,0.13,0.3
3428,17:16:25:230,6.6,0.2,1.11,1.05,0.12,0.34,0.26,0.13,0.14
3429,17:16:26:239,9.1,0.26,0.21,0.28,0.14,0.3,0.05,0.09,0.08
3430,17:16:27:243,5.82,0.29,0.18,0.26,0.28,0.35,0.09,0.1,0.1
3431,17:16:28:251,5.84,0.18,0.29,0.44,0.33,0.54,0.14,0.07,0.34
3432,17:16:29:254,7.08,0.24,0.44,0.55,0.26,0.26,0.35,0.07,0.1
3433,17:16:30:262,6.36,0.15,1,1.12,0.3,0.34,0.26,0.2,0.17
3434,17:16:31:265,9.44,0.22,0.16,0.21,0.2,0.29,0.08,0.1,0.09
3435,17:16:32:267,6.27,0.25,0.18,0.28,0.22,0.2,0.11,0.23,0.23
3436,17:16:33:275,5.99,0.27,0.31,0.36,0.13,0.29,0.12,0.24,0.23
3437,17:16:34:277,6.24,0.19,0.29,0.71,0.22,0.28,0.16,0.12,0.24
3438,17:16:35:279,6.51,0.25,1.48,0.75,0.35,0.4,0.24,0.26,0.54
3439,17:16:36:280,14.18,0.47,0.22,0.38,0.15,0.3,0.08,0.14,0.11
3440,17:16:37:283,7.25,0.27,0.14,0.33,0.21,0.22,0.07,0.07,0.21
3441,17:16:38:288,6.06,0.2,0.25,0.23,0.15,0.3,0.1,0.16,0.14
3442,17:16:39:296,6.49,0.2,0.35,0.49,0.11,0.27,0.15,0.08,0.12
3443,17:16:40:298,6.01,0.23,1.81,0.88,0.37,0.33,1.78,1.18,0.15
3444,17:16:41:305,9.16,0.29,0.17,0.41,0.09,0.12,0.42,0.32,0.71
3445,17:16:42:309,15.06,1.62,0.17,0.32,0.2,0.27,0.06,0.14,0.87
3446,17:16:43:309,11.78,0.96,0.25,0.25,0.27,0.46,0.19,0.17,0.46
3447,17:16:44:317,10.01,0.48,0.35,0.38,0.17,0.25,0.11,0.11,0.48
3448,17:16:45:319,15.53,1.21,1.47,0.97,0.22,0.45,0.26,0.17,0.2
3449,17:16:46:328,9.2,0.27,2.14,1.3,1.44,1.71,0.69,1.51,0.1
3450,17:16:47:330,5.7,0.24,0.56,0.76,1.02,0.87,0.52,0.52,0.23
3451,17:16:48:332,6.08,0.25,0.53,0.58,0.5,0.92,0.95,0.38,0.23
3452,17:16:49:336,6.74,0.29,1.13,0.97,0.37,1.36,1.1,1.82,0.1
3453,17:16:50:337,5.78,0.16,1.29,1.29,0.16,0.26,0.17,0.25,0.23
3454,17:16:51:342,9.2,0.28,0.12,0.35,0.15,0.16,0.07,0.16,0.07
3455,17:16:52:346,5.89,0.18,0.19,0.34,0.25,0.12,0.07,0.09,0.49
3456,17:16:53:348,6.8,0.17,0.22,0.41,0.1,0.34,0.08,0.16,0.2
3457,17:16:54:353,6.55,0.26,0.33,0.57,0.21,0.09,0.2,0.11,0.16
3458,17:16:55:353,6.29,0.32,1.18,0.89,0.38,0.25,0.41,0.3,0.34
3459,17:16:56:358,9.15,0.34,0.26,0.33,0.09,0.32,0.08,0.05,0.08
3460,17:16:57:365,5.54,0.18,0.27,0.38,0.11,0.23,0.18,0.2,0.13
3461,17:16:58:369,5.87,0.14,0.27,0.48,0.31,0.46,0.1,0.11,0.11
3462,17:16:59:370,6.35,0.17,0.23,0.44,0.15,0.2,0.07,0.15,0.28
3463,17:17:0:370,6.57,0.17,1.54,0.99,0.28,0.31,0.23,0.17,0.32
3464,17:17:1:371,10.3,0.35,0.12,0.26,0.17,0.27,0.09,0.1,0.13
3465,17:17:2:374,6.38,0.23,0.11,0.43,0.23,0.16,0.11,0.12,0.09
3466,17:17:3:377,5.67,0.13,0.34,0.39,0.16,0.18,0.18,0.1,0.12
3467,17:17:4:381,5.91,0.16,0.3,0.41,0.26,0.32,0.19,0.1,0.23
3468,17:17:5:388,6.47,0.2,1.54,0.68,0.75,0.46,0.29,0.34,0.41
3469,17:17:6:389,9.66,0.26,0.22,0.35,0.2,0.18,0.07,0.08,0.16
3470,17:17:7:390,5.9,0.16,0.21,0.19,0.12,0.5,0.13,0.21,0.15
3471,17:17:8:395,5.97,0.17,0.15,0.36,0.12,0.2,0.12,0.12,0.11
3472,17:17:9:400,6.34,0.26,0.21,0.38,0.32,0.41,0.11,0.12,0.26
3473,17:17:10:401,6.15,0.21,1.31,1.37,0.18,0.42,0.22,0.15,0.28
3474,17:17:11:406,9.74,0.42,0.15,0.25,0.15,0.19,0.08,0.17,1.41
3475,17:17:12:409,16.55,1.43,0.18,0.42,0.08,0.22,0.16,0.12,0.71
3476,17:17:13:410,9.89,0.58,0.25,0.29,0.22,0.23,0.22,0.1,0.22
3477,17:17:14:414,7.76,0.33,0.12,0.34,0.25,0.27,0.1,0.07,0.18
3478,17:17:15:418,6.2,0.37,1.34,1.44,0.24,0.3,0.26,0.14,0.45
3479,17:17:16:426,10.28,0.56,2.19,1.63,2.08,0.65,1.59,1.12,0.09
3480,17:17:17:436,5.78,0.24,0.43,0.49,0.36,0.23,0.78,0.8,0.12
3481,17:17:18:440,5.39,0.15,0.55,0.53,0.26,0.19,0.11,0.36,0.11
3482,17:17:19:445,6.07,0.34,0.31,0.29,0.12,0.25,0.09,0.09,0.24
3483,17:17:20:450,6.14,0.36,1.65,1.02,0.54,0.33,0.35,0.42,0.33
3484,17:17:21:454,9.34,0.23,0.17,0.27,0.12,0.28,0.06,0.21,0.13
3485,17:17:22:458,6.33,0.23,0.2,0.27,0.18,0.14,0.09,0.1,0.09
3486,17:17:23:464,5.91,0.19,0.35,0.27,0.17,0.12,0.07,0.16,0.43
3487,17:17:24:473,6.09,0.15,0.26,0.33,0.15,0.14,0.07,0.12,0.14
3488,17:17:25:477,6.26,0.5,1.26,1.31,0.29,0.3,0.26,0.21,0.14
3489,17:17:26:480,9.45,0.32,0.3,0.28,0.24,0.2,0.1,0.13,0.22
3490,17:17:27:481,6.11,0.19,0.12,0.39,0.12,0.31,0.12,0.12,0.17
3491,17:17:28:485,6.04,0.13,0.18,0.36,0.11,0.2,0.11,0.1,0.29
3492,17:17:29:490,10.1,0.53,0.16,0.22,0.12,0.31,0.13,0.1,0.28
3493,17:17:30:491,13.44,0.67,1.62,0.96,0.28,0.38,0.48,0.2,0.45
3494,17:17:31:492,9.71,0.45,0.18,0.23,0.15,0.22,0.11,0.19,0.14
3495,17:17:32:500,6.09,0.16,0.19,0.31,0.22,0.24,0.13,0.18,0.07
3496,17:17:33:507,5.67,0.2,1.01,0.53,0.54,0.46,1.17,0.33,0.21
3497,17:17:34:513,6,0.27,1.61,0.61,0.92,1.16,0.53,1.24,0.25
3498,17:17:35:518,5.97,0.16,1.32,1.2,0.29,0.23,0.25,0.27,0.21
3499,17:17:36:521,9.6,0.47,0.27,0.37,0.13,0.29,0.12,0.07,0.14
3500,17:17:37:525,5.81,0.26,0.19,0.29,0.17,0.18,0.11,0.08,0.29
3501,17:17:38:528,6.86,0.34,0.24,0.15,0.2,0.27,0.15,0.06,0.16
3502,17:17:39:532,6.87,0.27,0.16,0.32,0.15,0.38,0.08,0.09,0.26
3503,17:17:40:538,6.61,0.23,1.41,1.23,0.35,0.25,0.15,0.17,0.36
3504,17:17:41:538,9.61,0.24,0.16,0.41,0.21,0.16,0.06,0.09,0.81
3505,17:17:42:546,18.26,2.22,0.43,0.22,0.14,0.23,0.17,0.14,0.56
3506,17:17:43:546,9.71,0.39,0.36,0.5,0.27,0.47,0.14,0.15,0.12
3507,17:17:44:552,6.1,0.18,0.28,0.39,0.09,0.23,0.13,0.1,0.22
3508,17:17:45:556,5.91,0.18,1.41,1.43,0.41,0.3,0.11,0.15,0.16
3509,17:17:46:559,9.43,0.36,2.29,1.14,1.3,0.71,2.25,2.74,0.14
3510,17:17:47:562,6.08,0.24,0.76,0.48,0.33,0.88,0.24,0.4,0.07
3511,17:17:48:562,5.9,0.18,0.25,0.28,0.1,0.28,0.21,0.21,0.28
3512,17:17:49:566,5.95,0.15,0.17,0.35,0.1,0.3,0.07,0.2,0.1
3513,17:17:50:573,6.25,0.18,1.48,1.22,0.23,0.29,0.32,0.28,0.31
3514,17:17:51:578,9.58,0.38,0.16,0.32,0.08,0.27,0.2,0.07,0.13
3515,17:17:52:587,6.03,0.19,0.22,0.3,0.21,0.27,0.08,0.1,0.11
3516,17:17:53:595,5.77,0.19,0.26,0.39,0.09,0.12,0.13,0.06,0.22
3517,17:17:54:600,6.41,0.15,0.33,0.36,0.09,0.23,0.1,0.3,0.25
3518,17:17:55:604,6.28,0.24,1.8,0.79,0.42,0.34,0.35,0.11,0.24
3519,17:17:56:613,9.25,0.26,0.14,0.43,0.19,0.27,0.14,0.08,0.18
3520,17:17:57:621,5.87,0.16,0.21,0.34,0.23,0.14,0.08,0.07,0.14
3521,17:17:58:627,6.01,0.18,0.28,0.33,0.12,0.32,0.11,0.13,0.2
3522,17:17:59:630,5.59,0.19,0.16,0.36,0.38,0.18,0.15,0.12,0.11
3523,17:18:0:634,6.2,0.21,1.47,1.06,0.38,0.49,0.25,0.12,0.15
3524,17:18:1:638,9.39,0.34,0.24,0.31,0.09,0.2,0.14,0.17,0.09
3525,17:18:2:641,6.3,0.2,0.16,0.34,0.15,0.22,0.07,0.09,0.14
3526,17:18:3:645,6.09,0.25,0.24,0.27,0.19,0.15,0.1,0.07,0.28
3527,17:18:4:646,6.24,0.2,0.2,0.51,0.13,0.26,0.23,0.14,0.2
3528,17:18:5:654,6.05,0.36,1.45,1.23,0.43,0.35,0.28,0.13,0.31
3529,17:18:6:655,9.26,0.34,0.37,0.42,0.17,0.15,0.25,0.16,0.16
3530,17:18:7:655,5.92,0.22,0.16,0.36,0.09,0.29,0.08,0.09,0.11
3531,17:18:8:663,6.88,0.32,0.15,0.41,0.11,0.26,0.13,0.1,0.23
3532,17:18:9:671,6.53,0.28,0.25,0.32,0.17,0.17,0.1,0.08,0.13
3533,17:18:10:677,6.29,0.21,1.32,1.34,0.12,0.28,0.34,0.14,0.27
3534,17:18:11:677,9.51,0.34,0.19,0.3,0.09,0.3,0.06,0.18,1.07
3535,17:18:12:678,19.86,1.05,0.21,0.45,0.27,0.18,0.18,0.24,0.41
3536,17:18:13:686,8.97,0.32,0.19,0.36,0.19,0.33,0.11,0.12,0.9
3537,17:18:14:690,12.66,0.83,0.11,0.57,0.09,0.23,0.22,0.1,0.37
3538,17:18:15:697,11.22,1.44,1.52,1.13,0.39,0.41,0.15,0.2,0.24
3539,17:18:16:706,9.55,0.38,1.09,2.04,3.64,1.79,3.39,0.75,0.12
3540,17:18:17:709,5.91,0.21,0.53,0.56,0.23,0.71,0.15,0.14,0.14
3541,17:18:18:711,5.89,0.17,1.35,1.88,0.34,0.33,0.43,0.62,0.2
3542,17:18:19:717,6.68,0.24,0.94,1.08,0.58,0.47,0.43,0.48,0.22
3543,17:18:20:722,5.99,0.23,1.5,1.24,0.31,0.25,0.24,0.21,0.25
3544,17:18:21:725,9.35,0.3,0.22,0.29,0.13,0.22,0.09,0.11,0.18
3545,17:18:22:728,6.02,0.19,0.12,0.43,0.1,0.25,0.08,0.16,0.1
3546,17:18:23:732,6.43,0.25,0.18,0.45,0.2,0.29,0.11,0.08,0.43
3547,17:18:24:733,7.12,0.26,0.14,0.35,0.13,0.2,0.19,0.13,0.26
3548,17:18:25:738,6.01,0.13,1.48,1.22,0.36,0.43,0.15,0.16,0.12
3549,17:18:26:741,9.42,0.29,0.23,0.36,0.1,0.3,0.13,0.11,0.13
3550,17:18:27:742,5.96,0.19,0.37,0.37,0.29,0.27,0.17,0.12,0.18
3551,17:18:28:743,5.54,0.18,0.28,0.58,0.2,0.2,0.14,0.14,0.21
3552,17:18:29:750,6.22,0.26,0.2,0.39,0.1,0.21,0.12,0.21,0.24
3553,17:18:30:753,6.33,0.18,1.69,0.92,0.63,0.41,0.12,0.21,0.25
3554,17:18:31:758,9.48,0.33,0.2,0.37,0.16,0.21,0.23,0.14,0.21
3555,17:18:32:760,6.5,0.25,0.19,0.23,0.12,0.25,0.06,0.07,0.14
3556,17:18:33:761,5.99,0.17,0.22,0.34,0.13,0.33,0.1,0.15,0.3
3557,17:18:34:767,6.33,0.16,0.16,0.37,0.16,0.37,0.12,0.09,0.21
3558,17:18:35:769,6.25,0.33,1.44,1.26,0.37,0.46,0.29,0.12,0.18
3559,17:18:36:771,9.06,0.3,0.31,0.17,0.15,0.33,0.14,0.16,0.11
3560,17:18:37:776,6.01,0.24,0.17,0.32,0.16,0.16,0.08,0.15,0.15
3561,17:18:38:784,6.72,0.55,0.17,0.32,0.1,0.28,0.13,0.13,0.18
3562,17:18:39:791,6.24,0.18,0.16,0.45,0.08,0.18,0.15,0.13,0.25
3563,17:18:40:797,6.25,0.21,1.4,1.21,0.26,0.37,0.32,0.32,0.18
3564,17:18:41:801,9.46,0.4,0.14,0.43,0.1,0.24,0.13,0.21,1.41
3565,17:18:42:809,20.4,1.94,0.23,0.35,0.18,0.15,0.06,0.2,0.15
3566,17:18:43:813,7.65,0.27,0.27,0.44,0.19,0.21,0.17,0.14,0.15
3567,17:18:44:822,5.99,0.27,0.14,0.41,0.29,0.19,0.14,0.07,0.13
3568,17:18:45:824,6.3,0.2,1.43,1.44,0.36,0.34,0.19,0.18,0.14
3569,17:18:46:832,9.55,0.29,2.85,3.28,1.56,1.35,1.76,0.89,0.12
3570,17:18:47:838,6.27,0.15,0.4,0.58,0.22,0.61,0.16,0.1,0.1
3571,17:18:48:841,5.82,0.19,0.24,0.36,0.09,0.08,0.18,0.1,0.2
3572,17:18:49:844,6.32,0.18,0.33,0.38,0.27,0.18,0.11,0.09,0.33
3573,17:18:50:849,6.46,0.17,1.54,1.35,0.3,0.25,0.2,0.15,0.27
3574,17:18:51:858,9.73,0.43,0.27,0.2,0.25,0.22,0.13,0.22,0.11
3575,17:18:52:866,6.08,0.15,0.23,0.27,0.08,0.21,0.19,0.11,0.1
3576,17:18:53:869,5.84,0.17,0.17,0.45,0.18,0.17,0.1,0.13,0.11
3577,17:18:54:876,6.21,0.15,0.2,0.25,0.12,0.32,0.11,0.21,0.1
3578,17:18:55:884,6.36,0.13,1.7,1.09,0.33,0.41,0.19,0.17,0.15
3579,17:18:56:888,9.4,0.33,0.18,0.24,0.13,0.41,0.08,0.15,0.22
3580,17:18:57:891,6.04,0.24,0.19,0.31,0.09,0.24,0.18,0.07,0.09
3581,17:18:58:893,5.71,0.15,0.18,0.51,0.28,0.15,0.06,0.15,0.53
3582,17:18:59:895,14.5,0.39,0.18,0.48,0.27,0.17,0.15,0.24,0.59
