Aug-23 00:37:35.076 [main] DEBUG nextflow.cli.Launcher - $> nextflow run nf-core/chipseq -r 2.0.0 -profile test,docker --outdir chipseq_out -with-trace chipseq_trace.txt -c trace.config
Aug-23 00:37:35.113 [main] INFO  nextflow.cli.CmdRun - N E X T F L O W  ~  version 23.10.1
Aug-23 00:37:35.127 [main] DEBUG nextflow.plugin.PluginsFacade - Setting up plugin manager > mode=prod; embedded=false; plugins-dir=/home/ahmed/.nextflow/plugins; core-plugins: nf-amazon@2.1.4,nf-azure@1.3.3,nf-cloudcache@0.3.0,nf-codecommit@0.1.5,nf-console@1.0.6,nf-ga4gh@1.1.0,nf-google@1.8.3,nf-tower@1.6.3,nf-wave@1.0.1
Aug-23 00:37:35.133 [main] INFO  o.pf4j.DefaultPluginStatusProvider - Enabled plugins: []
Aug-23 00:37:35.134 [main] INFO  o.pf4j.DefaultPluginStatusProvider - Disabled plugins: []
Aug-23 00:37:35.136 [main] INFO  org.pf4j.DefaultPluginManager - PF4J version 3.4.1 in 'deployment' mode
Aug-23 00:37:35.141 [main] INFO  org.pf4j.AbstractPluginManager - No plugins
Aug-23 00:37:35.151 [main] DEBUG nextflow.scm.ProviderConfig - Using SCM config path: /home/ahmed/.nextflow/scm
Aug-23 00:37:35.687 [main] DEBUG nextflow.scm.AssetManager - Git config: /home/ahmed/.nextflow/assets/nf-core/chipseq/.git/config; branch: master; remote: origin; url: https://github.com/nf-core/chipseq.git
Aug-23 00:37:35.698 [main] DEBUG nextflow.scm.RepositoryFactory - Found Git repository result: [RepositoryFactory]
Aug-23 00:37:35.702 [main] DEBUG nextflow.scm.AssetManager - Git config: /home/ahmed/.nextflow/assets/nf-core/chipseq/.git/config; branch: master; remote: origin; url: https://github.com/nf-core/chipseq.git
Aug-23 00:37:36.451 [main] DEBUG nextflow.config.ConfigBuilder - Found config base: /home/ahmed/.nextflow/assets/nf-core/chipseq/nextflow.config
Aug-23 00:37:36.453 [main] DEBUG nextflow.config.ConfigBuilder - User config file: /home/ahmed/pranay/trace.config
Aug-23 00:37:36.454 [main] DEBUG nextflow.config.ConfigBuilder - Parsing config file: /home/ahmed/.nextflow/assets/nf-core/chipseq/nextflow.config
Aug-23 00:37:36.454 [main] DEBUG nextflow.config.ConfigBuilder - Parsing config file: /home/ahmed/pranay/trace.config
Aug-23 00:37:36.465 [main] DEBUG nextflow.config.ConfigBuilder - Applying config profile: `test,docker`
Aug-23 00:37:37.275 [main] DEBUG nextflow.config.ConfigBuilder - Applying config profile: `test,docker`
Aug-23 00:37:37.286 [main] DEBUG nextflow.config.ConfigBuilder - Available config profiles: [bih, cfc_dev, uzl_omics, ifb_core, embl_hd, mcw_rcc, denbi_qbic, alice, mjolnir_globe, uppmax, giga, verily_workbench, incliva, ilifu, ki_luria, uge, icr_alma, rosalind_uge, lugh, mccleary, unibe_ibu, vai, czbiohub_aws, jax, roslin, iris, tes, unc_longleaf, tigem, tubingen_apg, apollo, ipop_up, vsc_calcua, pdc_kth, ceci_nic5, ccga_cau, humantechnopole, stjude, daisybio, eddie, medair, biowulf, mahuika, bi, bigpurple, adcra, cedars, pawsey_setonix, vsc_kul_uhasselt, purdue_gautschi, rki, ucl_myriad, charliecloud, fred_hutch, seattlechildrens, ceres, purdue_negishi, munin, rosalind, hasta, cfc, uzh, shu_bmrc, ebi_codon_slurm, ebc, ccga_dx, crick, ku_sund_danhead, marvin, lrz_cm4, purdue_bell, biohpc_gen, shifter, kelvin2, mana, mamba, york_viking, unc_lccc, wehi, awsbatch, arcc, ceci_dragon2, imperial, maestro, cannon, genotoul, nci_gadi, abims, eva_grace, janelia, nu_genomics, googlebatch, oist, sahmri, kaust, alliance_canada, mpcdf, leicester, vsc_ugent, create, sage, cambridge, jex, podman, ebi_codon, cheaha, xanadu, nyu_hpc, test, marjorie, palmetto, computerome, ucd_sonic, seg_globe, mssm, sanger, dkfz, bluebear, pasteur, einstein, ethz_euler, m3c, test_full, imb, ucl_cscluster, tuos_stanage, azurebatch, seadragon, crukmi, csiro_petrichor, qmul_apocrita, docker, engaging, gis, hypatia, psmn, eva, unity, cropdiversityhpc, nygc, fgcz, conda, crg, singularity, mpcdf_viper, dirac, self_hosted_runner, tufts, uw_hyak_pedslabs, binac2, hki_genie, debug, genouest, cbe, unsw_katana, utd_juno, hazel, phoenix, gitpod, seawulf, uod_hpc, fub_curta, lovelace, uct_hpc, aws_tower, fsu_draco]
Aug-23 00:37:37.310 [main] DEBUG nextflow.cli.CmdRun - Applied DSL=2 from script declararion
Aug-23 00:37:37.311 [main] INFO  nextflow.cli.CmdRun - Launching `https://github.com/nf-core/chipseq` [scruffy_crick] DSL2 - revision: 51eba00b32 [2.0.0]
Aug-23 00:37:37.311 [main] DEBUG nextflow.plugin.PluginsFacade - Plugins default=[]
Aug-23 00:37:37.311 [main] DEBUG nextflow.plugin.PluginsFacade - Plugins resolved requirement=[]
Aug-23 00:37:37.314 [main] DEBUG n.secret.LocalSecretsProvider - Secrets store: /home/ahmed/.nextflow/secrets/store.json
Aug-23 00:37:37.316 [main] DEBUG nextflow.secret.SecretsLoader - Discovered secrets providers: [nextflow.secret.LocalSecretsProvider@acb5508] - activable => nextflow.secret.LocalSecretsProvider@acb5508
Aug-23 00:37:37.370 [main] DEBUG nextflow.Session - Session UUID: 9d564ae2-342e-46bc-a31b-75e63ca1b976
Aug-23 00:37:37.370 [main] DEBUG nextflow.Session - Run name: scruffy_crick
Aug-23 00:37:37.371 [main] DEBUG nextflow.Session - Executor pool size: 12
Aug-23 00:37:37.375 [main] DEBUG nextflow.file.FilePorter - File porter settings maxRetries=3; maxTransfers=50; pollTimeout=null
Aug-23 00:37:37.377 [main] DEBUG nextflow.util.ThreadPoolBuilder - Creating thread pool 'FileTransfer' minSize=10; maxSize=36; workQueue=LinkedBlockingQueue[10000]; allowCoreThreadTimeout=false
Aug-23 00:37:37.388 [main] DEBUG nextflow.cli.CmdRun - 
  Version: 23.10.1 build 5891
  Created: 12-01-2024 22:01 UTC (22:01 BST)
  System: Linux 7.0.11-arch1-1
  Runtime: Groovy 3.0.19 on OpenJDK 64-Bit Server VM 17.0.20.1+1
  Encoding: UTF-8 (UTF-8)
  Process: 242414@archlinux [10.39.1.95]
  CPUs: 12 - Mem: 31.1 GB (8.3 GB) - Swap: 4 GB (4 GB)
Aug-23 00:37:37.397 [main] DEBUG nextflow.Session - Work-dir: /home/ahmed/pranay/work [ext2/ext3]
Aug-23 00:37:37.408 [main] DEBUG nextflow.executor.ExecutorFactory - Extension executors providers=[]
Aug-23 00:37:37.414 [main] DEBUG nextflow.Session - Observer factory: DefaultObserverFactory
Aug-23 00:37:37.459 [main] DEBUG nextflow.cache.CacheFactory - Using Nextflow cache factory: nextflow.cache.DefaultCacheFactory
Aug-23 00:37:37.466 [main] DEBUG nextflow.util.CustomThreadPool - Creating default thread pool > poolSize: 13; maxThreads: 1000
Aug-23 00:37:37.518 [main] DEBUG nextflow.Session - Session start
Aug-23 00:37:37.521 [main] DEBUG nextflow.trace.TraceFileObserver - Workflow started -- trace file: /home/ahmed/pranay/chipseq_trace.txt
Aug-23 00:37:37.526 [main] DEBUG nextflow.Session - Using default localLib path: /home/ahmed/.nextflow/assets/nf-core/chipseq/lib
Aug-23 00:37:37.528 [main] DEBUG nextflow.Session - Adding to the classpath library: /home/ahmed/.nextflow/assets/nf-core/chipseq/lib
Aug-23 00:37:37.528 [main] DEBUG nextflow.Session - Adding to the classpath library: /home/ahmed/.nextflow/assets/nf-core/chipseq/lib/nfcore_external_java_deps.jar
Aug-23 00:37:38.020 [main] DEBUG nextflow.script.ScriptRunner - > Launching execution
Aug-23 00:37:38.110 [main] INFO  nextflow.Nextflow - 

-[2m----------------------------------------------------[0m-
                                        [0;32m,--.[0;30m/[0;32m,-.[0m
[0;34m        ___     __   __   __   ___     [0;32m/,-._.--~'[0m
[0;34m  |\ | |__  __ /  ` /  \ |__) |__         [0;33m}  {[0m
[0;34m  | \| |       \__, \__/ |  \ |___     [0;32m\`-._,-`-,[0m
                                        [0;32m`._,._,'[0m
[0;35m  nf-core/chipseq v2.0.0[0m
-[2m----------------------------------------------------[0m-
[1mCore Nextflow options[0m
  [0;34mrevision                  : [0;32m2.0.0[0m
  [0;34mrunName                   : [0;32mscruffy_crick[0m
  [0;34mcontainerEngine           : [0;32mdocker[0m
  [0;34mlaunchDir                 : [0;32m/home/ahmed/pranay[0m
  [0;34mworkDir                   : [0;32m/home/ahmed/pranay/work[0m
  [0;34mprojectDir                : [0;32m/home/ahmed/.nextflow/assets/nf-core/chipseq[0m
  [0;34muserName                  : [0;32mahmed[0m
  [0;34mprofile                   : [0;32mtest,docker[0m
  [0;34mconfigFiles               : [0;32m/home/ahmed/.nextflow/assets/nf-core/chipseq/nextflow.config, /home/ahmed/pranay/trace.config[0m

[1mInput/output options[0m
  [0;34minput                     : [0;32mhttps://raw.githubusercontent.com/nf-core/test-datasets/chipseq/samplesheet/v2.0/samplesheet_test.csv[0m
  [0;34mread_length               : [0;32m50[0m
  [0;34moutdir                    : [0;32mchipseq_out[0m

[1mReference genome options[0m
  [0;34mfasta                     : [0;32mhttps://raw.githubusercontent.com/nf-core/test-datasets/atacseq/reference/genome.fa[0m
  [0;34mgtf                       : [0;32mhttps://raw.githubusercontent.com/nf-core/test-datasets/atacseq/reference/genes.gtf[0m

[1mProcess skipping options[0m
  [0;34mskip_preseq               : [0;32mtrue[0m

[1mInstitutional config options[0m
  [0;34mconfig_profile_name       : [0;32mTest profile[0m
  [0;34mconfig_profile_description: [0;32mMinimal test dataset to check pipeline function[0m

[1mMax job request options[0m
  [0;34mmax_cpus                  : [0;32m2[0m
  [0;34mmax_memory                : [0;32m6.GB[0m
  [0;34mmax_time                  : [0;32m6.h[0m

[1mGeneric options[0m
  [0;34mfingerprint_bins          : [0;32m100[0m

!! Only displaying parameters that differ from the pipeline defaults !!
-[2m----------------------------------------------------[0m-
If you use nf-core/chipseq for your analysis please cite:

* The pipeline
  https://doi.org/10.5281/zenodo.3240506

* The nf-core framework
  https://doi.org/10.1038/s41587-020-0439-x

* Software dependencies
  https://github.com/nf-core/chipseq/blob/master/CITATIONS.md
-[2m----------------------------------------------------[0m-
Aug-23 00:37:38.734 [main] WARN  nextflow.Nextflow - =============================================================================
  --macs_gsize parameter has not been provided.
  It will be auto-calculated by 'khmer unique-kmers.py' using the '--read_length' parameter.
  Explicitly provide '--macs_gsize' to change this behaviour.
===================================================================================
Aug-23 00:37:42.931 [main] DEBUG nextflow.script.ProcessConfig - Config settings `withLabel:process_low` matches labels `process_low` for process with name NFCORE_CHIPSEQ:CHIPSEQ:PREPARE_GENOME:GTF2BED
Aug-23 00:37:42.932 [main] DEBUG nextflow.script.ProcessConfig - Config settings `withName:GTF2BED` matches process NFCORE_CHIPSEQ:CHIPSEQ:PREPARE_GENOME:GTF2BED
Aug-23 00:37:42.939 [main] DEBUG nextflow.executor.ExecutorFactory - << taskConfig executor: null
Aug-23 00:37:42.940 [main] DEBUG nextflow.executor.ExecutorFactory - >> processorType: 'local'
Aug-23 00:37:42.943 [main] DEBUG nextflow.executor.Executor - [warm up] executor > local
Aug-23 00:37:42.946 [main] DEBUG n.processor.LocalPollingMonitor - Creating local task monitor for executor 'local' > cpus=12; memory=31.1 GB; capacity=12; pollInterval=100ms; dumpInterval=5m
Aug-23 00:37:42.947 [main] DEBUG n.processor.TaskPollingMonitor - >>> barrier register (monitor: local)
Aug-23 00:37:42.996 [main] DEBUG nextflow.script.ProcessConfig - Config settings `withLabel:process_low` matches labels `process_low` for process with name NFCORE_CHIPSEQ:CHIPSEQ:PREPARE_GENOME:CUSTOM_GETCHROMSIZES
Aug-23 00:37:42.997 [main] DEBUG nextflow.script.ProcessConfig - Config settings `withName:CUSTOM_GETCHROMSIZES` matches process NFCORE_CHIPSEQ:CHIPSEQ:PREPARE_GENOME:CUSTOM_GETCHROMSIZES
Aug-23 00:37:42.998 [main] DEBUG nextflow.executor.ExecutorFactory - << taskConfig executor: null
Aug-23 00:37:42.998 [main] DEBUG nextflow.executor.ExecutorFactory - >> processorType: 'local'
Aug-23 00:37:43.012 [main] DEBUG nextflow.script.ProcessConfig - Config settings `withName:GENOME_BLACKLIST_REGIONS` matches process NFCORE_CHIPSEQ:CHIPSEQ:PREPARE_GENOME:GENOME_BLACKLIST_REGIONS
Aug-23 00:37:43.014 [main] DEBUG nextflow.executor.ExecutorFactory - << taskConfig executor: null
Aug-23 00:37:43.014 [main] DEBUG nextflow.executor.ExecutorFactory - >> processorType: 'local'
Aug-23 00:37:43.017 [main] DEBUG nextflow.script.ProcessConfig - Config settings `withLabel:process_high` matches labels `process_high` for process with name NFCORE_CHIPSEQ:CHIPSEQ:PREPARE_GENOME:BWA_INDEX
Aug-23 00:37:43.017 [main] DEBUG nextflow.script.ProcessConfig - Config settings `withName:BWA_INDEX|BOWTIE2_BUILD|STAR_GENOMEGENERATE` matches process NFCORE_CHIPSEQ:CHIPSEQ:PREPARE_GENOME:BWA_INDEX
Aug-23 00:37:43.018 [main] DEBUG nextflow.executor.ExecutorFactory - << taskConfig executor: null
Aug-23 00:37:43.019 [main] DEBUG nextflow.executor.ExecutorFactory - >> processorType: 'local'
Aug-23 00:37:43.024 [main] DEBUG nextflow.script.ProcessConfig - Config settings `withName:NFCORE_CHIPSEQ:CHIPSEQ:INPUT_CHECK:SAMPLESHEET_CHECK` matches process NFCORE_CHIPSEQ:CHIPSEQ:INPUT_CHECK:SAMPLESHEET_CHECK
Aug-23 00:37:43.025 [main] DEBUG nextflow.executor.ExecutorFactory - << taskConfig executor: null
Aug-23 00:37:43.025 [main] DEBUG nextflow.executor.ExecutorFactory - >> processorType: 'local'
Aug-23 00:37:43.047 [main] DEBUG nextflow.script.ProcessConfig - Config settings `withLabel:process_medium` matches labels `process_medium` for process with name NFCORE_CHIPSEQ:CHIPSEQ:FASTQC_TRIMGALORE:FASTQC
Aug-23 00:37:43.047 [main] DEBUG nextflow.script.ProcessConfig - Config settings `withName:.*:FASTQC_TRIMGALORE:FASTQC` matches process NFCORE_CHIPSEQ:CHIPSEQ:FASTQC_TRIMGALORE:FASTQC
Aug-23 00:37:43.049 [main] DEBUG nextflow.executor.ExecutorFactory - << taskConfig executor: null
Aug-23 00:37:43.049 [main] DEBUG nextflow.executor.ExecutorFactory - >> processorType: 'local'
Aug-23 00:37:43.056 [main] DEBUG nextflow.script.ProcessConfig - Config settings `withLabel:process_high` matches labels `process_high` for process with name NFCORE_CHIPSEQ:CHIPSEQ:FASTQC_TRIMGALORE:TRIMGALORE
Aug-23 00:37:43.057 [main] DEBUG nextflow.script.ProcessConfig - Config settings `withName:.*:FASTQC_TRIMGALORE:TRIMGALORE` matches process NFCORE_CHIPSEQ:CHIPSEQ:FASTQC_TRIMGALORE:TRIMGALORE
Aug-23 00:37:43.058 [main] DEBUG nextflow.executor.ExecutorFactory - << taskConfig executor: null
Aug-23 00:37:43.058 [main] DEBUG nextflow.executor.ExecutorFactory - >> processorType: 'local'
Aug-23 00:37:43.064 [main] DEBUG nextflow.script.ProcessConfig - Config settings `withLabel:process_high` matches labels `process_high` for process with name NFCORE_CHIPSEQ:CHIPSEQ:ALIGN_BWA_MEM:BWA_MEM
Aug-23 00:37:43.064 [main] DEBUG nextflow.script.ProcessConfig - Config settings `withName:BWA_MEM` matches process NFCORE_CHIPSEQ:CHIPSEQ:ALIGN_BWA_MEM:BWA_MEM
Aug-23 00:37:43.065 [main] DEBUG nextflow.executor.ExecutorFactory - << taskConfig executor: null
Aug-23 00:37:43.065 [main] DEBUG nextflow.executor.ExecutorFactory - >> processorType: 'local'
Aug-23 00:37:43.069 [main] DEBUG nextflow.script.ProcessConfig - Config settings `withLabel:process_medium` matches labels `process_medium` for process with name NFCORE_CHIPSEQ:CHIPSEQ:ALIGN_BWA_MEM:BAM_SORT_SAMTOOLS:SAMTOOLS_SORT
Aug-23 00:37:43.069 [main] DEBUG nextflow.script.ProcessConfig - Config settings `withName:NFCORE_CHIPSEQ:CHIPSEQ:ALIGN_.*:BAM_SORT_SAMTOOLS:SAMTOOLS_SORT` matches process NFCORE_CHIPSEQ:CHIPSEQ:ALIGN_BWA_MEM:BAM_SORT_SAMTOOLS:SAMTOOLS_SORT
Aug-23 00:37:43.070 [main] DEBUG nextflow.executor.ExecutorFactory - << taskConfig executor: null
Aug-23 00:37:43.070 [main] DEBUG nextflow.executor.ExecutorFactory - >> processorType: 'local'
Aug-23 00:37:43.074 [main] DEBUG nextflow.script.ProcessConfig - Config settings `withLabel:process_low` matches labels `process_low` for process with name NFCORE_CHIPSEQ:CHIPSEQ:ALIGN_BWA_MEM:BAM_SORT_SAMTOOLS:SAMTOOLS_INDEX
Aug-23 00:37:43.074 [main] DEBUG nextflow.script.ProcessConfig - Config settings `withName:NFCORE_CHIPSEQ:CHIPSEQ:ALIGN_.*:BAM_SORT_SAMTOOLS:SAMTOOLS_INDEX` matches process NFCORE_CHIPSEQ:CHIPSEQ:ALIGN_BWA_MEM:BAM_SORT_SAMTOOLS:SAMTOOLS_INDEX
Aug-23 00:37:43.075 [main] DEBUG nextflow.executor.ExecutorFactory - << taskConfig executor: null
Aug-23 00:37:43.075 [main] DEBUG nextflow.executor.ExecutorFactory - >> processorType: 'local'
Aug-23 00:37:43.081 [main] DEBUG nextflow.script.ProcessConfig - Config settings `withLabel:process_low` matches labels `process_low` for process with name NFCORE_CHIPSEQ:CHIPSEQ:ALIGN_BWA_MEM:BAM_SORT_SAMTOOLS:BAM_STATS_SAMTOOLS:SAMTOOLS_STATS
Aug-23 00:37:43.081 [main] DEBUG nextflow.script.ProcessConfig - Config settings `withName:NFCORE_CHIPSEQ:CHIPSEQ:ALIGN_.*:BAM_SORT_SAMTOOLS:BAM_STATS_SAMTOOLS:SAMTOOLS_.*` matches process NFCORE_CHIPSEQ:CHIPSEQ:ALIGN_BWA_MEM:BAM_SORT_SAMTOOLS:BAM_STATS_SAMTOOLS:SAMTOOLS_STATS
Aug-23 00:37:43.082 [main] DEBUG nextflow.executor.ExecutorFactory - << taskConfig executor: null
Aug-23 00:37:43.082 [main] DEBUG nextflow.executor.ExecutorFactory - >> processorType: 'local'
Aug-23 00:37:43.085 [main] DEBUG nextflow.script.ProcessConfig - Config settings `withLabel:process_low` matches labels `process_low` for process with name NFCORE_CHIPSEQ:CHIPSEQ:ALIGN_BWA_MEM:BAM_SORT_SAMTOOLS:BAM_STATS_SAMTOOLS:SAMTOOLS_FLAGSTAT
Aug-23 00:37:43.086 [main] DEBUG nextflow.script.ProcessConfig - Config settings `withName:NFCORE_CHIPSEQ:CHIPSEQ:ALIGN_.*:BAM_SORT_SAMTOOLS:BAM_STATS_SAMTOOLS:SAMTOOLS_.*` matches process NFCORE_CHIPSEQ:CHIPSEQ:ALIGN_BWA_MEM:BAM_SORT_SAMTOOLS:BAM_STATS_SAMTOOLS:SAMTOOLS_FLAGSTAT
Aug-23 00:37:43.086 [main] DEBUG nextflow.executor.ExecutorFactory - << taskConfig executor: null
Aug-23 00:37:43.086 [main] DEBUG nextflow.executor.ExecutorFactory - >> processorType: 'local'
Aug-23 00:37:43.089 [main] DEBUG nextflow.script.ProcessConfig - Config settings `withLabel:process_low` matches labels `process_low` for process with name NFCORE_CHIPSEQ:CHIPSEQ:ALIGN_BWA_MEM:BAM_SORT_SAMTOOLS:BAM_STATS_SAMTOOLS:SAMTOOLS_IDXSTATS
Aug-23 00:37:43.090 [main] DEBUG nextflow.script.ProcessConfig - Config settings `withName:NFCORE_CHIPSEQ:CHIPSEQ:ALIGN_.*:BAM_SORT_SAMTOOLS:BAM_STATS_SAMTOOLS:SAMTOOLS_.*` matches process NFCORE_CHIPSEQ:CHIPSEQ:ALIGN_BWA_MEM:BAM_SORT_SAMTOOLS:BAM_STATS_SAMTOOLS:SAMTOOLS_IDXSTATS
Aug-23 00:37:43.090 [main] DEBUG nextflow.executor.ExecutorFactory - << taskConfig executor: null
Aug-23 00:37:43.090 [main] DEBUG nextflow.executor.ExecutorFactory - >> processorType: 'local'
Aug-23 00:37:43.098 [main] DEBUG nextflow.script.ProcessConfig - Config settings `withLabel:process_medium` matches labels `process_medium` for process with name NFCORE_CHIPSEQ:CHIPSEQ:PICARD_MERGESAMFILES
Aug-23 00:37:43.099 [main] DEBUG nextflow.script.ProcessConfig - Config settings `withName:PICARD_MERGESAMFILES` matches process NFCORE_CHIPSEQ:CHIPSEQ:PICARD_MERGESAMFILES
Aug-23 00:37:43.099 [main] DEBUG nextflow.executor.ExecutorFactory - << taskConfig executor: null
Aug-23 00:37:43.099 [main] DEBUG nextflow.executor.ExecutorFactory - >> processorType: 'local'
Aug-23 00:37:43.103 [main] DEBUG nextflow.script.ProcessConfig - Config settings `withLabel:process_medium` matches labels `process_medium` for process with name NFCORE_CHIPSEQ:CHIPSEQ:MARK_DUPLICATES_PICARD:PICARD_MARKDUPLICATES
Aug-23 00:37:43.104 [main] DEBUG nextflow.script.ProcessConfig - Config settings `withName:.*:MARK_DUPLICATES_PICARD:PICARD_MARKDUPLICATES` matches process NFCORE_CHIPSEQ:CHIPSEQ:MARK_DUPLICATES_PICARD:PICARD_MARKDUPLICATES
Aug-23 00:37:43.104 [main] DEBUG nextflow.executor.ExecutorFactory - << taskConfig executor: null
Aug-23 00:37:43.104 [main] DEBUG nextflow.executor.ExecutorFactory - >> processorType: 'local'
Aug-23 00:37:43.108 [main] DEBUG nextflow.script.ProcessConfig - Config settings `withLabel:process_low` matches labels `process_low` for process with name NFCORE_CHIPSEQ:CHIPSEQ:MARK_DUPLICATES_PICARD:SAMTOOLS_INDEX
Aug-23 00:37:43.108 [main] DEBUG nextflow.script.ProcessConfig - Config settings `withName:.*:MARK_DUPLICATES_PICARD:SAMTOOLS_INDEX` matches process NFCORE_CHIPSEQ:CHIPSEQ:MARK_DUPLICATES_PICARD:SAMTOOLS_INDEX
Aug-23 00:37:43.109 [main] DEBUG nextflow.executor.ExecutorFactory - << taskConfig executor: null
Aug-23 00:37:43.109 [main] DEBUG nextflow.executor.ExecutorFactory - >> processorType: 'local'
Aug-23 00:37:43.114 [main] DEBUG nextflow.script.ProcessConfig - Config settings `withLabel:process_low` matches labels `process_low` for process with name NFCORE_CHIPSEQ:CHIPSEQ:MARK_DUPLICATES_PICARD:BAM_STATS_SAMTOOLS:SAMTOOLS_STATS
Aug-23 00:37:43.115 [main] DEBUG nextflow.script.ProcessConfig - Config settings `withName:.*:MARK_DUPLICATES_PICARD:BAM_STATS_SAMTOOLS:.*` matches process NFCORE_CHIPSEQ:CHIPSEQ:MARK_DUPLICATES_PICARD:BAM_STATS_SAMTOOLS:SAMTOOLS_STATS
Aug-23 00:37:43.115 [main] DEBUG nextflow.executor.ExecutorFactory - << taskConfig executor: null
Aug-23 00:37:43.115 [main] DEBUG nextflow.executor.ExecutorFactory - >> processorType: 'local'
Aug-23 00:37:43.119 [main] DEBUG nextflow.script.ProcessConfig - Config settings `withLabel:process_low` matches labels `process_low` for process with name NFCORE_CHIPSEQ:CHIPSEQ:MARK_DUPLICATES_PICARD:BAM_STATS_SAMTOOLS:SAMTOOLS_FLAGSTAT
Aug-23 00:37:43.119 [main] DEBUG nextflow.script.ProcessConfig - Config settings `withName:.*:MARK_DUPLICATES_PICARD:BAM_STATS_SAMTOOLS:.*` matches process NFCORE_CHIPSEQ:CHIPSEQ:MARK_DUPLICATES_PICARD:BAM_STATS_SAMTOOLS:SAMTOOLS_FLAGSTAT
Aug-23 00:37:43.120 [main] DEBUG nextflow.executor.ExecutorFactory - << taskConfig executor: null
Aug-23 00:37:43.120 [main] DEBUG nextflow.executor.ExecutorFactory - >> processorType: 'local'
Aug-23 00:37:43.122 [main] DEBUG nextflow.script.ProcessConfig - Config settings `withLabel:process_low` matches labels `process_low` for process with name NFCORE_CHIPSEQ:CHIPSEQ:MARK_DUPLICATES_PICARD:BAM_STATS_SAMTOOLS:SAMTOOLS_IDXSTATS
Aug-23 00:37:43.123 [main] DEBUG nextflow.script.ProcessConfig - Config settings `withName:.*:MARK_DUPLICATES_PICARD:BAM_STATS_SAMTOOLS:.*` matches process NFCORE_CHIPSEQ:CHIPSEQ:MARK_DUPLICATES_PICARD:BAM_STATS_SAMTOOLS:SAMTOOLS_IDXSTATS
Aug-23 00:37:43.123 [main] DEBUG nextflow.executor.ExecutorFactory - << taskConfig executor: null
Aug-23 00:37:43.123 [main] DEBUG nextflow.executor.ExecutorFactory - >> processorType: 'local'
Aug-23 00:37:43.128 [main] DEBUG nextflow.script.ProcessConfig - Config settings `withLabel:process_medium` matches labels `process_medium` for process with name NFCORE_CHIPSEQ:CHIPSEQ:FILTER_BAM_BAMTOOLS:BAM_FILTER
Aug-23 00:37:43.128 [main] DEBUG nextflow.script.ProcessConfig - Config settings `withName:BAM_FILTER` matches process NFCORE_CHIPSEQ:CHIPSEQ:FILTER_BAM_BAMTOOLS:BAM_FILTER
Aug-23 00:37:43.129 [main] DEBUG nextflow.executor.ExecutorFactory - << taskConfig executor: null
Aug-23 00:37:43.129 [main] DEBUG nextflow.executor.ExecutorFactory - >> processorType: 'local'
Aug-23 00:37:43.131 [main] DEBUG nextflow.script.ProcessConfig - Config settings `withLabel:process_medium` matches labels `process_medium` for process with name NFCORE_CHIPSEQ:CHIPSEQ:FILTER_BAM_BAMTOOLS:BAM_REMOVE_ORPHANS
Aug-23 00:37:43.132 [main] DEBUG nextflow.script.ProcessConfig - Config settings `withName:BAM_REMOVE_ORPHANS` matches process NFCORE_CHIPSEQ:CHIPSEQ:FILTER_BAM_BAMTOOLS:BAM_REMOVE_ORPHANS
Aug-23 00:37:43.132 [main] DEBUG nextflow.executor.ExecutorFactory - << taskConfig executor: null
Aug-23 00:37:43.132 [main] DEBUG nextflow.executor.ExecutorFactory - >> processorType: 'local'
Aug-23 00:37:43.135 [main] DEBUG nextflow.script.ProcessConfig - Config settings `withLabel:process_medium` matches labels `process_medium` for process with name NFCORE_CHIPSEQ:CHIPSEQ:FILTER_BAM_BAMTOOLS:BAM_SORT_SAMTOOLS:SAMTOOLS_SORT
Aug-23 00:37:43.136 [main] DEBUG nextflow.script.ProcessConfig - Config settings `withName:NFCORE_CHIPSEQ:CHIPSEQ:FILTER_BAM_BAMTOOLS:BAM_SORT_SAMTOOLS:SAMTOOLS_SORT` matches process NFCORE_CHIPSEQ:CHIPSEQ:FILTER_BAM_BAMTOOLS:BAM_SORT_SAMTOOLS:SAMTOOLS_SORT
Aug-23 00:37:43.136 [main] DEBUG nextflow.executor.ExecutorFactory - << taskConfig executor: null
Aug-23 00:37:43.136 [main] DEBUG nextflow.executor.ExecutorFactory - >> processorType: 'local'
Aug-23 00:37:43.140 [main] DEBUG nextflow.script.ProcessConfig - Config settings `withLabel:process_low` matches labels `process_low` for process with name NFCORE_CHIPSEQ:CHIPSEQ:FILTER_BAM_BAMTOOLS:BAM_SORT_SAMTOOLS:SAMTOOLS_INDEX
Aug-23 00:37:43.140 [main] DEBUG nextflow.script.ProcessConfig - Config settings `withName:NFCORE_CHIPSEQ:CHIPSEQ:FILTER_BAM_BAMTOOLS:BAM_SORT_SAMTOOLS:SAMTOOLS_INDEX` matches process NFCORE_CHIPSEQ:CHIPSEQ:FILTER_BAM_BAMTOOLS:BAM_SORT_SAMTOOLS:SAMTOOLS_INDEX
Aug-23 00:37:43.141 [main] DEBUG nextflow.executor.ExecutorFactory - << taskConfig executor: null
Aug-23 00:37:43.141 [main] DEBUG nextflow.executor.ExecutorFactory - >> processorType: 'local'
Aug-23 00:37:43.144 [main] DEBUG nextflow.script.ProcessConfig - Config settings `withLabel:process_low` matches labels `process_low` for process with name NFCORE_CHIPSEQ:CHIPSEQ:FILTER_BAM_BAMTOOLS:BAM_SORT_SAMTOOLS:BAM_STATS_SAMTOOLS:SAMTOOLS_STATS
Aug-23 00:37:43.145 [main] DEBUG nextflow.script.ProcessConfig - Config settings `withName:NFCORE_CHIPSEQ:CHIPSEQ:FILTER_BAM_BAMTOOLS:BAM_SORT_SAMTOOLS:BAM_STATS_SAMTOOLS:.*` matches process NFCORE_CHIPSEQ:CHIPSEQ:FILTER_BAM_BAMTOOLS:BAM_SORT_SAMTOOLS:BAM_STATS_SAMTOOLS:SAMTOOLS_STATS
Aug-23 00:37:43.145 [main] DEBUG nextflow.executor.ExecutorFactory - << taskConfig executor: null
Aug-23 00:37:43.145 [main] DEBUG nextflow.executor.ExecutorFactory - >> processorType: 'local'
Aug-23 00:37:43.148 [main] DEBUG nextflow.script.ProcessConfig - Config settings `withLabel:process_low` matches labels `process_low` for process with name NFCORE_CHIPSEQ:CHIPSEQ:FILTER_BAM_BAMTOOLS:BAM_SORT_SAMTOOLS:BAM_STATS_SAMTOOLS:SAMTOOLS_FLAGSTAT
Aug-23 00:37:43.149 [main] DEBUG nextflow.script.ProcessConfig - Config settings `withName:NFCORE_CHIPSEQ:CHIPSEQ:FILTER_BAM_BAMTOOLS:BAM_SORT_SAMTOOLS:BAM_STATS_SAMTOOLS:.*` matches process NFCORE_CHIPSEQ:CHIPSEQ:FILTER_BAM_BAMTOOLS:BAM_SORT_SAMTOOLS:BAM_STATS_SAMTOOLS:SAMTOOLS_FLAGSTAT
Aug-23 00:37:43.149 [main] DEBUG nextflow.executor.ExecutorFactory - << taskConfig executor: null
Aug-23 00:37:43.149 [main] DEBUG nextflow.executor.ExecutorFactory - >> processorType: 'local'
Aug-23 00:37:43.152 [main] DEBUG nextflow.script.ProcessConfig - Config settings `withLabel:process_low` matches labels `process_low` for process with name NFCORE_CHIPSEQ:CHIPSEQ:FILTER_BAM_BAMTOOLS:BAM_SORT_SAMTOOLS:BAM_STATS_SAMTOOLS:SAMTOOLS_IDXSTATS
Aug-23 00:37:43.152 [main] DEBUG nextflow.script.ProcessConfig - Config settings `withName:NFCORE_CHIPSEQ:CHIPSEQ:FILTER_BAM_BAMTOOLS:BAM_SORT_SAMTOOLS:BAM_STATS_SAMTOOLS:.*` matches process NFCORE_CHIPSEQ:CHIPSEQ:FILTER_BAM_BAMTOOLS:BAM_SORT_SAMTOOLS:BAM_STATS_SAMTOOLS:SAMTOOLS_IDXSTATS
Aug-23 00:37:43.153 [main] DEBUG nextflow.executor.ExecutorFactory - << taskConfig executor: null
Aug-23 00:37:43.153 [main] DEBUG nextflow.executor.ExecutorFactory - >> processorType: 'local'
Aug-23 00:37:43.158 [main] DEBUG nextflow.script.ProcessConfig - Config settings `withLabel:process_medium` matches labels `process_medium` for process with name NFCORE_CHIPSEQ:CHIPSEQ:PICARD_COLLECTMULTIPLEMETRICS
Aug-23 00:37:43.158 [main] DEBUG nextflow.script.ProcessConfig - Config settings `withName:PICARD_COLLECTMULTIPLEMETRICS` matches process NFCORE_CHIPSEQ:CHIPSEQ:PICARD_COLLECTMULTIPLEMETRICS
Aug-23 00:37:43.158 [main] DEBUG nextflow.executor.ExecutorFactory - << taskConfig executor: null
Aug-23 00:37:43.158 [main] DEBUG nextflow.executor.ExecutorFactory - >> processorType: 'local'
Aug-23 00:37:43.162 [main] DEBUG nextflow.script.ProcessConfig - Config settings `withLabel:process_medium` matches labels `process_medium` for process with name NFCORE_CHIPSEQ:CHIPSEQ:PHANTOMPEAKQUALTOOLS
Aug-23 00:37:43.162 [main] DEBUG nextflow.script.ProcessConfig - Config settings `withName:PHANTOMPEAKQUALTOOLS` matches process NFCORE_CHIPSEQ:CHIPSEQ:PHANTOMPEAKQUALTOOLS
Aug-23 00:37:43.162 [main] DEBUG nextflow.executor.ExecutorFactory - << taskConfig executor: null
Aug-23 00:37:43.162 [main] DEBUG nextflow.executor.ExecutorFactory - >> processorType: 'local'
Aug-23 00:37:43.166 [main] DEBUG nextflow.script.ProcessConfig - Config settings `withName:MULTIQC_CUSTOM_PHANTOMPEAKQUALTOOLS` matches process NFCORE_CHIPSEQ:CHIPSEQ:MULTIQC_CUSTOM_PHANTOMPEAKQUALTOOLS
Aug-23 00:37:43.167 [main] DEBUG nextflow.executor.ExecutorFactory - << taskConfig executor: null
Aug-23 00:37:43.167 [main] DEBUG nextflow.executor.ExecutorFactory - >> processorType: 'local'
Aug-23 00:37:43.169 [main] DEBUG nextflow.script.ProcessConfig - Config settings `withLabel:process_medium` matches labels `process_medium` for process with name NFCORE_CHIPSEQ:CHIPSEQ:BEDTOOLS_GENOMECOV
Aug-23 00:37:43.170 [main] DEBUG nextflow.script.ProcessConfig - Config settings `withName:BEDTOOLS_GENOMECOV` matches process NFCORE_CHIPSEQ:CHIPSEQ:BEDTOOLS_GENOMECOV
Aug-23 00:37:43.170 [main] DEBUG nextflow.executor.ExecutorFactory - << taskConfig executor: null
Aug-23 00:37:43.170 [main] DEBUG nextflow.executor.ExecutorFactory - >> processorType: 'local'
Aug-23 00:37:43.173 [main] DEBUG nextflow.script.ProcessConfig - Config settings `withLabel:process_medium` matches labels `process_medium` for process with name NFCORE_CHIPSEQ:CHIPSEQ:UCSC_BEDGRAPHTOBIGWIG
Aug-23 00:37:43.173 [main] DEBUG nextflow.script.ProcessConfig - Config settings `withName:UCSC_BEDGRAPHTOBIGWIG` matches process NFCORE_CHIPSEQ:CHIPSEQ:UCSC_BEDGRAPHTOBIGWIG
Aug-23 00:37:43.173 [main] DEBUG nextflow.executor.ExecutorFactory - << taskConfig executor: null
Aug-23 00:37:43.173 [main] DEBUG nextflow.executor.ExecutorFactory - >> processorType: 'local'
Aug-23 00:37:43.176 [main] DEBUG nextflow.script.ProcessConfig - Config settings `withLabel:process_high` matches labels `process_high` for process with name NFCORE_CHIPSEQ:CHIPSEQ:DEEPTOOLS_COMPUTEMATRIX
Aug-23 00:37:43.177 [main] DEBUG nextflow.script.ProcessConfig - Config settings `withName:DEEPTOOLS_COMPUTEMATRIX` matches process NFCORE_CHIPSEQ:CHIPSEQ:DEEPTOOLS_COMPUTEMATRIX
Aug-23 00:37:43.177 [main] DEBUG nextflow.executor.ExecutorFactory - << taskConfig executor: null
Aug-23 00:37:43.177 [main] DEBUG nextflow.executor.ExecutorFactory - >> processorType: 'local'
Aug-23 00:37:43.180 [main] DEBUG nextflow.script.ProcessConfig - Config settings `withLabel:process_low` matches labels `process_low` for process with name NFCORE_CHIPSEQ:CHIPSEQ:DEEPTOOLS_PLOTPROFILE
Aug-23 00:37:43.180 [main] DEBUG nextflow.script.ProcessConfig - Config settings `withName:DEEPTOOLS_PLOTPROFILE` matches process NFCORE_CHIPSEQ:CHIPSEQ:DEEPTOOLS_PLOTPROFILE
Aug-23 00:37:43.180 [main] DEBUG nextflow.executor.ExecutorFactory - << taskConfig executor: null
Aug-23 00:37:43.181 [main] DEBUG nextflow.executor.ExecutorFactory - >> processorType: 'local'
Aug-23 00:37:43.183 [main] DEBUG nextflow.script.ProcessConfig - Config settings `withLabel:process_low` matches labels `process_low` for process with name NFCORE_CHIPSEQ:CHIPSEQ:DEEPTOOLS_PLOTHEATMAP
Aug-23 00:37:43.183 [main] DEBUG nextflow.script.ProcessConfig - Config settings `withName:DEEPTOOLS_PLOTHEATMAP` matches process NFCORE_CHIPSEQ:CHIPSEQ:DEEPTOOLS_PLOTHEATMAP
Aug-23 00:37:43.184 [main] DEBUG nextflow.executor.ExecutorFactory - << taskConfig executor: null
Aug-23 00:37:43.184 [main] DEBUG nextflow.executor.ExecutorFactory - >> processorType: 'local'
Aug-23 00:37:43.192 [main] DEBUG nextflow.script.ProcessConfig - Config settings `withLabel:process_high` matches labels `process_high` for process with name NFCORE_CHIPSEQ:CHIPSEQ:DEEPTOOLS_PLOTFINGERPRINT
Aug-23 00:37:43.192 [main] DEBUG nextflow.script.ProcessConfig - Config settings `withName:DEEPTOOLS_PLOTFINGERPRINT` matches process NFCORE_CHIPSEQ:CHIPSEQ:DEEPTOOLS_PLOTFINGERPRINT
Aug-23 00:37:43.193 [main] DEBUG nextflow.executor.ExecutorFactory - << taskConfig executor: null
Aug-23 00:37:43.193 [main] DEBUG nextflow.executor.ExecutorFactory - >> processorType: 'local'
Aug-23 00:37:43.196 [main] DEBUG nextflow.script.ProcessConfig - Config settings `withLabel:process_low` matches labels `process_low` for process with name NFCORE_CHIPSEQ:CHIPSEQ:KHMER_UNIQUEKMERS
Aug-23 00:37:43.196 [main] DEBUG nextflow.script.ProcessConfig - Config settings `withName:KHMER_UNIQUEKMERS` matches process NFCORE_CHIPSEQ:CHIPSEQ:KHMER_UNIQUEKMERS
Aug-23 00:37:43.197 [main] DEBUG nextflow.executor.ExecutorFactory - << taskConfig executor: null
Aug-23 00:37:43.197 [main] DEBUG nextflow.executor.ExecutorFactory - >> processorType: 'local'
Aug-23 00:37:43.201 [main] DEBUG nextflow.script.ProcessConfig - Config settings `withLabel:process_medium` matches labels `process_medium` for process with name NFCORE_CHIPSEQ:CHIPSEQ:MACS2_CALLPEAK
Aug-23 00:37:43.201 [main] DEBUG nextflow.script.ProcessConfig - Config settings `withName:MACS2_CALLPEAK` matches process NFCORE_CHIPSEQ:CHIPSEQ:MACS2_CALLPEAK
Aug-23 00:37:43.202 [main] DEBUG nextflow.executor.ExecutorFactory - << taskConfig executor: null
Aug-23 00:37:43.202 [main] DEBUG nextflow.executor.ExecutorFactory - >> processorType: 'local'
Aug-23 00:37:43.207 [main] DEBUG nextflow.script.ProcessConfig - Config settings `withLabel:process_medium` matches labels `process_medium` for process with name NFCORE_CHIPSEQ:CHIPSEQ:FRIP_SCORE
Aug-23 00:37:43.207 [main] DEBUG nextflow.script.ProcessConfig - Config settings `withName:FRIP_SCORE` matches process NFCORE_CHIPSEQ:CHIPSEQ:FRIP_SCORE
Aug-23 00:37:43.208 [main] DEBUG nextflow.executor.ExecutorFactory - << taskConfig executor: null
Aug-23 00:37:43.208 [main] DEBUG nextflow.executor.ExecutorFactory - >> processorType: 'local'
Aug-23 00:37:43.212 [main] DEBUG nextflow.script.ProcessConfig - Config settings `withName:MULTIQC_CUSTOM_PEAKS` matches process NFCORE_CHIPSEQ:CHIPSEQ:MULTIQC_CUSTOM_PEAKS
Aug-23 00:37:43.213 [main] DEBUG nextflow.executor.ExecutorFactory - << taskConfig executor: null
Aug-23 00:37:43.213 [main] DEBUG nextflow.executor.ExecutorFactory - >> processorType: 'local'
Aug-23 00:37:43.215 [main] DEBUG nextflow.script.ProcessConfig - Config settings `withLabel:process_medium` matches labels `process_medium` for process with name NFCORE_CHIPSEQ:CHIPSEQ:HOMER_ANNOTATEPEAKS_MACS2
Aug-23 00:37:43.215 [main] DEBUG nextflow.script.ProcessConfig - Config settings `withName:HOMER_ANNOTATEPEAKS_MACS2` matches process NFCORE_CHIPSEQ:CHIPSEQ:HOMER_ANNOTATEPEAKS_MACS2
Aug-23 00:37:43.216 [main] DEBUG nextflow.executor.ExecutorFactory - << taskConfig executor: null
Aug-23 00:37:43.216 [main] DEBUG nextflow.executor.ExecutorFactory - >> processorType: 'local'
Aug-23 00:37:43.223 [main] DEBUG nextflow.script.ProcessConfig - Config settings `withLabel:process_medium` matches labels `process_medium` for process with name NFCORE_CHIPSEQ:CHIPSEQ:PLOT_MACS2_QC
Aug-23 00:37:43.223 [main] DEBUG nextflow.script.ProcessConfig - Config settings `withName:PLOT_MACS2_QC` matches process NFCORE_CHIPSEQ:CHIPSEQ:PLOT_MACS2_QC
Aug-23 00:37:43.223 [main] DEBUG nextflow.executor.ExecutorFactory - << taskConfig executor: null
Aug-23 00:37:43.223 [main] DEBUG nextflow.executor.ExecutorFactory - >> processorType: 'local'
Aug-23 00:37:43.226 [main] DEBUG nextflow.script.ProcessConfig - Config settings `withLabel:process_medium` matches labels `process_medium` for process with name NFCORE_CHIPSEQ:CHIPSEQ:PLOT_HOMER_ANNOTATEPEAKS
Aug-23 00:37:43.226 [main] DEBUG nextflow.script.ProcessConfig - Config settings `withName:PLOT_HOMER_ANNOTATEPEAKS` matches process NFCORE_CHIPSEQ:CHIPSEQ:PLOT_HOMER_ANNOTATEPEAKS
Aug-23 00:37:43.227 [main] DEBUG nextflow.executor.ExecutorFactory - << taskConfig executor: null
Aug-23 00:37:43.227 [main] DEBUG nextflow.executor.ExecutorFactory - >> processorType: 'local'
Aug-23 00:37:43.233 [main] DEBUG nextflow.script.ProcessConfig - Config settings `withLabel:process_long` matches labels `process_long` for process with name NFCORE_CHIPSEQ:CHIPSEQ:MACS2_CONSENSUS
Aug-23 00:37:43.233 [main] DEBUG nextflow.script.ProcessConfig - Config settings `withName:MACS2_CONSENSUS` matches process NFCORE_CHIPSEQ:CHIPSEQ:MACS2_CONSENSUS
Aug-23 00:37:43.233 [main] DEBUG nextflow.executor.ExecutorFactory - << taskConfig executor: null
Aug-23 00:37:43.233 [main] DEBUG nextflow.executor.ExecutorFactory - >> processorType: 'local'
Aug-23 00:37:43.236 [main] DEBUG nextflow.script.ProcessConfig - Config settings `withLabel:process_medium` matches labels `process_medium` for process with name NFCORE_CHIPSEQ:CHIPSEQ:HOMER_ANNOTATEPEAKS_CONSENSUS
Aug-23 00:37:43.237 [main] DEBUG nextflow.script.ProcessConfig - Config settings `withName:HOMER_ANNOTATEPEAKS_CONSENSUS` matches process NFCORE_CHIPSEQ:CHIPSEQ:HOMER_ANNOTATEPEAKS_CONSENSUS
Aug-23 00:37:43.237 [main] DEBUG nextflow.executor.ExecutorFactory - << taskConfig executor: null
Aug-23 00:37:43.237 [main] DEBUG nextflow.executor.ExecutorFactory - >> processorType: 'local'
Aug-23 00:37:43.240 [main] DEBUG nextflow.script.ProcessConfig - Config settings `withLabel:process_low` matches labels `process_low` for process with name NFCORE_CHIPSEQ:CHIPSEQ:ANNOTATE_BOOLEAN_PEAKS
Aug-23 00:37:43.240 [main] DEBUG nextflow.script.ProcessConfig - Config settings `withName:ANNOTATE_BOOLEAN_PEAKS` matches process NFCORE_CHIPSEQ:CHIPSEQ:ANNOTATE_BOOLEAN_PEAKS
Aug-23 00:37:43.241 [main] DEBUG nextflow.executor.ExecutorFactory - << taskConfig executor: null
Aug-23 00:37:43.241 [main] DEBUG nextflow.executor.ExecutorFactory - >> processorType: 'local'
Aug-23 00:37:43.246 [main] DEBUG nextflow.script.ProcessConfig - Config settings `withLabel:process_medium` matches labels `process_medium` for process with name NFCORE_CHIPSEQ:CHIPSEQ:SUBREAD_FEATURECOUNTS
Aug-23 00:37:43.246 [main] DEBUG nextflow.script.ProcessConfig - Config settings `withName:SUBREAD_FEATURECOUNTS` matches process NFCORE_CHIPSEQ:CHIPSEQ:SUBREAD_FEATURECOUNTS
Aug-23 00:37:43.247 [main] DEBUG nextflow.executor.ExecutorFactory - << taskConfig executor: null
Aug-23 00:37:43.247 [main] DEBUG nextflow.executor.ExecutorFactory - >> processorType: 'local'
Aug-23 00:37:43.250 [main] DEBUG nextflow.script.ProcessConfig - Config settings `withLabel:process_medium` matches labels `process_medium` for process with name NFCORE_CHIPSEQ:CHIPSEQ:DESEQ2_QC
Aug-23 00:37:43.250 [main] DEBUG nextflow.script.ProcessConfig - Config settings `withName:DESEQ2_QC` matches process NFCORE_CHIPSEQ:CHIPSEQ:DESEQ2_QC
Aug-23 00:37:43.251 [main] DEBUG nextflow.executor.ExecutorFactory - << taskConfig executor: null
Aug-23 00:37:43.251 [main] DEBUG nextflow.executor.ExecutorFactory - >> processorType: 'local'
Aug-23 00:37:43.258 [main] DEBUG nextflow.script.ProcessConfig - Config settings `withName:IGV` matches process NFCORE_CHIPSEQ:CHIPSEQ:IGV
Aug-23 00:37:43.259 [main] DEBUG nextflow.executor.ExecutorFactory - << taskConfig executor: null
Aug-23 00:37:43.259 [main] DEBUG nextflow.executor.ExecutorFactory - >> processorType: 'local'
Aug-23 00:37:43.274 [main] DEBUG nextflow.script.ProcessConfig - Config settings `withLabel:process_low` matches labels `process_low` for process with name NFCORE_CHIPSEQ:CHIPSEQ:CUSTOM_DUMPSOFTWAREVERSIONS
Aug-23 00:37:43.275 [main] DEBUG nextflow.script.ProcessConfig - Config settings `withName:CUSTOM_DUMPSOFTWAREVERSIONS` matches process NFCORE_CHIPSEQ:CHIPSEQ:CUSTOM_DUMPSOFTWAREVERSIONS
Aug-23 00:37:43.275 [main] DEBUG nextflow.executor.ExecutorFactory - << taskConfig executor: null
Aug-23 00:37:43.275 [main] DEBUG nextflow.executor.ExecutorFactory - >> processorType: 'local'
Aug-23 00:37:43.302 [main] DEBUG nextflow.script.ProcessConfig - Config settings `withLabel:process_medium` matches labels `process_medium` for process with name NFCORE_CHIPSEQ:CHIPSEQ:MULTIQC
Aug-23 00:37:43.302 [main] DEBUG nextflow.script.ProcessConfig - Config settings `withName:MULTIQC` matches process NFCORE_CHIPSEQ:CHIPSEQ:MULTIQC
Aug-23 00:37:43.303 [main] DEBUG nextflow.executor.ExecutorFactory - << taskConfig executor: null
Aug-23 00:37:43.303 [main] DEBUG nextflow.executor.ExecutorFactory - >> processorType: 'local'
Aug-23 00:37:43.312 [main] DEBUG nextflow.Session - Workflow process names [dsl2]: NFCORE_CHIPSEQ:CHIPSEQ:UCSC_BEDGRAPHTOBIGWIG, NFCORE_CHIPSEQ:CHIPSEQ:MACS2_CALLPEAK, NFCORE_CHIPSEQ:CHIPSEQ:MULTIQC_CUSTOM_PHANTOMPEAKQUALTOOLS, PLOT_MACS2_QC, NFCORE_CHIPSEQ:CHIPSEQ:PICARD_MERGESAMFILES, NFCORE_CHIPSEQ:CHIPSEQ:MARK_DUPLICATES_PICARD:BAM_STATS_SAMTOOLS:SAMTOOLS_FLAGSTAT, NFCORE_CHIPSEQ:CHIPSEQ:ALIGN_BWA_MEM:BAM_SORT_SAMTOOLS:BAM_STATS_SAMTOOLS:SAMTOOLS_FLAGSTAT, BWA_MEM, GFFREAD, NFCORE_CHIPSEQ:CHIPSEQ:SUBREAD_FEATURECOUNTS, NFCORE_CHIPSEQ:CHIPSEQ:KHMER_UNIQUEKMERS, BAM_REMOVE_ORPHANS, GUNZIP, SAMTOOLS_STATS, GUNZIP_GFF, NFCORE_CHIPSEQ:CHIPSEQ:MULTIQC_CUSTOM_PEAKS, PICARD_MERGESAMFILES, TRIMGALORE, BEDTOOLS_GENOMECOV, NFCORE_CHIPSEQ:CHIPSEQ:FILTER_BAM_BAMTOOLS:BAM_SORT_SAMTOOLS:BAM_STATS_SAMTOOLS:SAMTOOLS_STATS, CHROMAP_CHROMAP, NFCORE_CHIPSEQ:CHIPSEQ:ALIGN_BWA_MEM:BAM_SORT_SAMTOOLS:BAM_STATS_SAMTOOLS:SAMTOOLS_IDXSTATS, BOWTIE2_ALIGN, MACS2_CONSENSUS, HOMER_ANNOTATEPEAKS_MACS2, SAMTOOLS_INDEX, PRESEQ_LCEXTRAP, NFCORE_CHIPSEQ:CHIPSEQ:MACS2_CONSENSUS, FASTQC, NFCORE_CHIPSEQ:CHIPSEQ:HOMER_ANNOTATEPEAKS_MACS2, NFCORE_CHIPSEQ:CHIPSEQ:PHANTOMPEAKQUALTOOLS, NFCORE_CHIPSEQ:CHIPSEQ:DEEPTOOLS_PLOTPROFILE, UCSC_BEDGRAPHTOBIGWIG, DEEPTOOLS_PLOTFINGERPRINT, MULTIQC, GTF2BED, PHANTOMPEAKQUALTOOLS, GUNZIP_GTF, UNTAR_BOWTIE2_INDEX, NFCORE_CHIPSEQ:CHIPSEQ:ALIGN_BWA_MEM:BAM_SORT_SAMTOOLS:SAMTOOLS_INDEX, NFCORE_CHIPSEQ:CHIPSEQ:ALIGN_BWA_MEM:BAM_SORT_SAMTOOLS:BAM_STATS_SAMTOOLS:SAMTOOLS_STATS, NFCORE_CHIPSEQ:CHIPSEQ:FILTER_BAM_BAMTOOLS:BAM_REMOVE_ORPHANS, NFCORE_CHIPSEQ:CHIPSEQ:PLOT_MACS2_QC, GENOME_BLACKLIST_REGIONS, NFCORE_CHIPSEQ:CHIPSEQ:ALIGN_BWA_MEM:BAM_SORT_SAMTOOLS:SAMTOOLS_SORT, SAMTOOLS_FLAGSTAT, SAMPLESHEET_CHECK, NFCORE_CHIPSEQ:CHIPSEQ:FILTER_BAM_BAMTOOLS:BAM_SORT_SAMTOOLS:SAMTOOLS_SORT, GUNZIP_FASTA, DEEPTOOLS_COMPUTEMATRIX, MACS2_CALLPEAK, NFCORE_CHIPSEQ:CHIPSEQ:PREPARE_GENOME:GTF2BED, HOMER_ANNOTATEPEAKS_CONSENSUS, NFCORE_CHIPSEQ:CHIPSEQ:PLOT_HOMER_ANNOTATEPEAKS, NFCORE_CHIPSEQ:CHIPSEQ:FASTQC_TRIMGALORE:FASTQC, NFCORE_CHIPSEQ:CHIPSEQ:FILTER_BAM_BAMTOOLS:BAM_SORT_SAMTOOLS:BAM_STATS_SAMTOOLS:SAMTOOLS_FLAGSTAT, DEEPTOOLS_PLOTPROFILE, HOMER_ANNOTATEPEAKS, NFCORE_CHIPSEQ:CHIPSEQ:MARK_DUPLICATES_PICARD:PICARD_MARKDUPLICATES, NFCORE_CHIPSEQ:CHIPSEQ:MULTIQC, ANNOTATE_BOOLEAN_PEAKS, KHMER_UNIQUEKMERS, NFCORE_CHIPSEQ:CHIPSEQ:FILTER_BAM_BAMTOOLS:BAM_FILTER, DESEQ2_QC, PICARD_MARKDUPLICATES, NFCORE_CHIPSEQ:CHIPSEQ:FRIP_SCORE, UNTAR_CHROMAP_INDEX, UNTAR, DEEPTOOLS_PLOTHEATMAP, NFCORE_CHIPSEQ:CHIPSEQ:MARK_DUPLICATES_PICARD:BAM_STATS_SAMTOOLS:SAMTOOLS_STATS, NFCORE_CHIPSEQ:CHIPSEQ:INPUT_CHECK:SAMPLESHEET_CHECK, NFCORE_CHIPSEQ:CHIPSEQ:BEDTOOLS_GENOMECOV, NFCORE_CHIPSEQ:CHIPSEQ:PREPARE_GENOME:BWA_INDEX, NFCORE_CHIPSEQ:CHIPSEQ:DEEPTOOLS_PLOTHEATMAP, NFCORE_CHIPSEQ:CHIPSEQ:DEEPTOOLS_COMPUTEMATRIX, NFCORE_CHIPSEQ:CHIPSEQ:PREPARE_GENOME:CUSTOM_GETCHROMSIZES, NFCORE_CHIPSEQ:CHIPSEQ:DESEQ2_QC, STAR_ALIGN, NFCORE_CHIPSEQ:CHIPSEQ:ALIGN_BWA_MEM:BWA_MEM, NFCORE_CHIPSEQ:CHIPSEQ:FASTQC_TRIMGALORE:TRIMGALORE, GUNZIP_BLACKLIST, PICARD_COLLECTMULTIPLEMETRICS, BOWTIE2_BUILD, CUSTOM_GETCHROMSIZES, FRIP_SCORE, SAMTOOLS_SORT, NFCORE_CHIPSEQ:CHIPSEQ:HOMER_ANNOTATEPEAKS_CONSENSUS, SUBREAD_FEATURECOUNTS, NFCORE_CHIPSEQ:CHIPSEQ:ANNOTATE_BOOLEAN_PEAKS, MULTIQC_CUSTOM_PEAKS, GUNZIP_GENE_BED, UNTAR_STAR_INDEX, NFCORE_CHIPSEQ:CHIPSEQ:PICARD_COLLECTMULTIPLEMETRICS, BWA_INDEX, NFCORE_CHIPSEQ:CHIPSEQ:FILTER_BAM_BAMTOOLS:BAM_SORT_SAMTOOLS:BAM_STATS_SAMTOOLS:SAMTOOLS_IDXSTATS, NFCORE_CHIPSEQ:CHIPSEQ:PREPARE_GENOME:GENOME_BLACKLIST_REGIONS, NFCORE_CHIPSEQ:CHIPSEQ:IGV, NFCORE_CHIPSEQ:CHIPSEQ:MARK_DUPLICATES_PICARD:SAMTOOLS_INDEX, UNTAR_BWA_INDEX, NFCORE_CHIPSEQ:CHIPSEQ:CUSTOM_DUMPSOFTWAREVERSIONS, PLOT_HOMER_ANNOTATEPEAKS, NFCORE_CHIPSEQ:CHIPSEQ:FILTER_BAM_BAMTOOLS:BAM_SORT_SAMTOOLS:SAMTOOLS_INDEX, CHROMAP_INDEX, NFCORE_CHIPSEQ:CHIPSEQ:DEEPTOOLS_PLOTFINGERPRINT, SAMTOOLS_IDXSTATS, IGV, MULTIQC_CUSTOM_PHANTOMPEAKQUALTOOLS, CUSTOM_DUMPSOFTWAREVERSIONS, STAR_GENOMEGENERATE, NFCORE_CHIPSEQ:CHIPSEQ:MARK_DUPLICATES_PICARD:BAM_STATS_SAMTOOLS:SAMTOOLS_IDXSTATS, BAM_FILTER
Aug-23 00:37:43.316 [main] DEBUG nextflow.Session - Igniting dataflow network (93)
Aug-23 00:37:43.316 [main] DEBUG nextflow.processor.TaskProcessor - Starting process > NFCORE_CHIPSEQ:CHIPSEQ:PREPARE_GENOME:GTF2BED
Aug-23 00:37:43.317 [main] DEBUG nextflow.processor.TaskProcessor - Starting process > NFCORE_CHIPSEQ:CHIPSEQ:PREPARE_GENOME:CUSTOM_GETCHROMSIZES
Aug-23 00:37:43.317 [main] DEBUG nextflow.processor.TaskProcessor - Starting process > NFCORE_CHIPSEQ:CHIPSEQ:PREPARE_GENOME:GENOME_BLACKLIST_REGIONS
Aug-23 00:37:43.317 [main] DEBUG nextflow.processor.TaskProcessor - Starting process > NFCORE_CHIPSEQ:CHIPSEQ:PREPARE_GENOME:BWA_INDEX
Aug-23 00:37:43.317 [main] DEBUG nextflow.processor.TaskProcessor - Starting process > NFCORE_CHIPSEQ:CHIPSEQ:INPUT_CHECK:SAMPLESHEET_CHECK
Aug-23 00:37:43.317 [main] DEBUG nextflow.processor.TaskProcessor - Starting process > NFCORE_CHIPSEQ:CHIPSEQ:FASTQC_TRIMGALORE:FASTQC
Aug-23 00:37:43.317 [main] DEBUG nextflow.processor.TaskProcessor - Starting process > NFCORE_CHIPSEQ:CHIPSEQ:FASTQC_TRIMGALORE:TRIMGALORE
Aug-23 00:37:43.317 [main] DEBUG nextflow.processor.TaskProcessor - Starting process > NFCORE_CHIPSEQ:CHIPSEQ:ALIGN_BWA_MEM:BWA_MEM
Aug-23 00:37:43.317 [main] DEBUG nextflow.processor.TaskProcessor - Starting process > NFCORE_CHIPSEQ:CHIPSEQ:ALIGN_BWA_MEM:BAM_SORT_SAMTOOLS:SAMTOOLS_SORT
Aug-23 00:37:43.317 [main] DEBUG nextflow.processor.TaskProcessor - Starting process > NFCORE_CHIPSEQ:CHIPSEQ:ALIGN_BWA_MEM:BAM_SORT_SAMTOOLS:SAMTOOLS_INDEX
Aug-23 00:37:43.317 [main] DEBUG nextflow.processor.TaskProcessor - Starting process > NFCORE_CHIPSEQ:CHIPSEQ:ALIGN_BWA_MEM:BAM_SORT_SAMTOOLS:BAM_STATS_SAMTOOLS:SAMTOOLS_STATS
Aug-23 00:37:43.317 [main] DEBUG nextflow.processor.TaskProcessor - Starting process > NFCORE_CHIPSEQ:CHIPSEQ:ALIGN_BWA_MEM:BAM_SORT_SAMTOOLS:BAM_STATS_SAMTOOLS:SAMTOOLS_FLAGSTAT
Aug-23 00:37:43.317 [main] DEBUG nextflow.processor.TaskProcessor - Starting process > NFCORE_CHIPSEQ:CHIPSEQ:ALIGN_BWA_MEM:BAM_SORT_SAMTOOLS:BAM_STATS_SAMTOOLS:SAMTOOLS_IDXSTATS
Aug-23 00:37:43.318 [main] DEBUG nextflow.processor.TaskProcessor - Starting process > NFCORE_CHIPSEQ:CHIPSEQ:PICARD_MERGESAMFILES
Aug-23 00:37:43.318 [main] DEBUG nextflow.processor.TaskProcessor - Starting process > NFCORE_CHIPSEQ:CHIPSEQ:MARK_DUPLICATES_PICARD:PICARD_MARKDUPLICATES
Aug-23 00:37:43.318 [main] DEBUG nextflow.processor.TaskProcessor - Starting process > NFCORE_CHIPSEQ:CHIPSEQ:MARK_DUPLICATES_PICARD:SAMTOOLS_INDEX
Aug-23 00:37:43.318 [main] DEBUG nextflow.processor.TaskProcessor - Starting process > NFCORE_CHIPSEQ:CHIPSEQ:MARK_DUPLICATES_PICARD:BAM_STATS_SAMTOOLS:SAMTOOLS_STATS
Aug-23 00:37:43.318 [main] DEBUG nextflow.processor.TaskProcessor - Starting process > NFCORE_CHIPSEQ:CHIPSEQ:MARK_DUPLICATES_PICARD:BAM_STATS_SAMTOOLS:SAMTOOLS_FLAGSTAT
Aug-23 00:37:43.318 [main] DEBUG nextflow.processor.TaskProcessor - Starting process > NFCORE_CHIPSEQ:CHIPSEQ:MARK_DUPLICATES_PICARD:BAM_STATS_SAMTOOLS:SAMTOOLS_IDXSTATS
Aug-23 00:37:43.318 [main] DEBUG nextflow.processor.TaskProcessor - Starting process > NFCORE_CHIPSEQ:CHIPSEQ:FILTER_BAM_BAMTOOLS:BAM_FILTER
Aug-23 00:37:43.318 [main] DEBUG nextflow.processor.TaskProcessor - Starting process > NFCORE_CHIPSEQ:CHIPSEQ:FILTER_BAM_BAMTOOLS:BAM_REMOVE_ORPHANS
Aug-23 00:37:43.318 [main] DEBUG nextflow.processor.TaskProcessor - Starting process > NFCORE_CHIPSEQ:CHIPSEQ:FILTER_BAM_BAMTOOLS:BAM_SORT_SAMTOOLS:SAMTOOLS_SORT
Aug-23 00:37:43.318 [main] DEBUG nextflow.processor.TaskProcessor - Starting process > NFCORE_CHIPSEQ:CHIPSEQ:FILTER_BAM_BAMTOOLS:BAM_SORT_SAMTOOLS:SAMTOOLS_INDEX
Aug-23 00:37:43.318 [main] DEBUG nextflow.processor.TaskProcessor - Starting process > NFCORE_CHIPSEQ:CHIPSEQ:FILTER_BAM_BAMTOOLS:BAM_SORT_SAMTOOLS:BAM_STATS_SAMTOOLS:SAMTOOLS_STATS
Aug-23 00:37:43.318 [main] DEBUG nextflow.processor.TaskProcessor - Starting process > NFCORE_CHIPSEQ:CHIPSEQ:FILTER_BAM_BAMTOOLS:BAM_SORT_SAMTOOLS:BAM_STATS_SAMTOOLS:SAMTOOLS_FLAGSTAT
Aug-23 00:37:43.318 [main] DEBUG nextflow.processor.TaskProcessor - Starting process > NFCORE_CHIPSEQ:CHIPSEQ:FILTER_BAM_BAMTOOLS:BAM_SORT_SAMTOOLS:BAM_STATS_SAMTOOLS:SAMTOOLS_IDXSTATS
Aug-23 00:37:43.318 [main] DEBUG nextflow.processor.TaskProcessor - Starting process > NFCORE_CHIPSEQ:CHIPSEQ:PICARD_COLLECTMULTIPLEMETRICS
Aug-23 00:37:43.318 [main] DEBUG nextflow.processor.TaskProcessor - Starting process > NFCORE_CHIPSEQ:CHIPSEQ:PHANTOMPEAKQUALTOOLS
Aug-23 00:37:43.318 [main] DEBUG nextflow.processor.TaskProcessor - Starting process > NFCORE_CHIPSEQ:CHIPSEQ:MULTIQC_CUSTOM_PHANTOMPEAKQUALTOOLS
Aug-23 00:37:43.318 [main] DEBUG nextflow.processor.TaskProcessor - Starting process > NFCORE_CHIPSEQ:CHIPSEQ:BEDTOOLS_GENOMECOV
Aug-23 00:37:43.318 [main] DEBUG nextflow.processor.TaskProcessor - Starting process > NFCORE_CHIPSEQ:CHIPSEQ:UCSC_BEDGRAPHTOBIGWIG
Aug-23 00:37:43.318 [main] DEBUG nextflow.processor.TaskProcessor - Starting process > NFCORE_CHIPSEQ:CHIPSEQ:DEEPTOOLS_COMPUTEMATRIX
Aug-23 00:37:43.318 [main] DEBUG nextflow.processor.TaskProcessor - Starting process > NFCORE_CHIPSEQ:CHIPSEQ:DEEPTOOLS_PLOTPROFILE
Aug-23 00:37:43.318 [main] DEBUG nextflow.processor.TaskProcessor - Starting process > NFCORE_CHIPSEQ:CHIPSEQ:DEEPTOOLS_PLOTHEATMAP
Aug-23 00:37:43.318 [main] DEBUG nextflow.processor.TaskProcessor - Starting process > NFCORE_CHIPSEQ:CHIPSEQ:DEEPTOOLS_PLOTFINGERPRINT
Aug-23 00:37:43.318 [main] DEBUG nextflow.processor.TaskProcessor - Starting process > NFCORE_CHIPSEQ:CHIPSEQ:KHMER_UNIQUEKMERS
Aug-23 00:37:43.318 [main] DEBUG nextflow.processor.TaskProcessor - Starting process > NFCORE_CHIPSEQ:CHIPSEQ:MACS2_CALLPEAK
Aug-23 00:37:43.318 [main] DEBUG nextflow.processor.TaskProcessor - Starting process > NFCORE_CHIPSEQ:CHIPSEQ:FRIP_SCORE
Aug-23 00:37:43.318 [main] DEBUG nextflow.processor.TaskProcessor - Starting process > NFCORE_CHIPSEQ:CHIPSEQ:MULTIQC_CUSTOM_PEAKS
Aug-23 00:37:43.318 [main] DEBUG nextflow.processor.TaskProcessor - Starting process > NFCORE_CHIPSEQ:CHIPSEQ:HOMER_ANNOTATEPEAKS_MACS2
Aug-23 00:37:43.318 [main] DEBUG nextflow.processor.TaskProcessor - Starting process > NFCORE_CHIPSEQ:CHIPSEQ:PLOT_MACS2_QC
Aug-23 00:37:43.318 [main] DEBUG nextflow.processor.TaskProcessor - Starting process > NFCORE_CHIPSEQ:CHIPSEQ:PLOT_HOMER_ANNOTATEPEAKS
Aug-23 00:37:43.318 [main] DEBUG nextflow.processor.TaskProcessor - Starting process > NFCORE_CHIPSEQ:CHIPSEQ:MACS2_CONSENSUS
Aug-23 00:37:43.318 [main] DEBUG nextflow.processor.TaskProcessor - Starting process > NFCORE_CHIPSEQ:CHIPSEQ:HOMER_ANNOTATEPEAKS_CONSENSUS
Aug-23 00:37:43.318 [main] DEBUG nextflow.processor.TaskProcessor - Starting process > NFCORE_CHIPSEQ:CHIPSEQ:ANNOTATE_BOOLEAN_PEAKS
Aug-23 00:37:43.318 [main] DEBUG nextflow.processor.TaskProcessor - Starting process > NFCORE_CHIPSEQ:CHIPSEQ:SUBREAD_FEATURECOUNTS
Aug-23 00:37:43.318 [main] DEBUG nextflow.processor.TaskProcessor - Starting process > NFCORE_CHIPSEQ:CHIPSEQ:DESEQ2_QC
Aug-23 00:37:43.318 [main] DEBUG nextflow.processor.TaskProcessor - Starting process > NFCORE_CHIPSEQ:CHIPSEQ:IGV
Aug-23 00:37:43.318 [main] DEBUG nextflow.processor.TaskProcessor - Starting process > NFCORE_CHIPSEQ:CHIPSEQ:CUSTOM_DUMPSOFTWAREVERSIONS
Aug-23 00:37:43.319 [main] DEBUG nextflow.processor.TaskProcessor - Starting process > NFCORE_CHIPSEQ:CHIPSEQ:MULTIQC
Aug-23 00:37:43.319 [main] DEBUG nextflow.script.ScriptRunner - Parsed script files:
  Script_eadda96460fc5f4c: /home/ahmed/.nextflow/assets/nf-core/chipseq/./workflows/../subworkflows/local/../../modules/local/genome_blacklist_regions.nf
  Script_a1fbbc9445a9cdfc: /home/ahmed/.nextflow/assets/nf-core/chipseq/./workflows/../subworkflows/local/../../modules/nf-core/modules/bwa/index/main.nf
  Script_984acc84f9652c38: /home/ahmed/.nextflow/assets/nf-core/chipseq/./workflows/../modules/local/multiqc.nf
  Script_8bcb4559d68923cb: /home/ahmed/.nextflow/assets/nf-core/chipseq/./workflows/../subworkflows/nf-core/../../modules/nf-core/modules/bwa/mem/main.nf
  Script_e0adf63e17a67187: /home/ahmed/.nextflow/assets/nf-core/chipseq/./workflows/../modules/local/igv.nf
  Script_c5d081f0412ba54b: /home/ahmed/.nextflow/assets/nf-core/chipseq/./workflows/../subworkflows/nf-core/../../modules/nf-core/modules/trimgalore/main.nf
  Script_03bf00ba5e8c469d: /home/ahmed/.nextflow/assets/nf-core/chipseq/./workflows/../modules/local/multiqc_custom_phantompeakqualtools.nf
  Script_1a487997fe3206c9: /home/ahmed/.nextflow/assets/nf-core/chipseq/./workflows/../subworkflows/local/../../modules/nf-core/modules/custom/getchromsizes/main.nf
  Script_80b8512d4ca6ca09: /home/ahmed/.nextflow/assets/nf-core/chipseq/./workflows/../subworkflows/nf-core/../../modules/nf-core/modules/fastqc/main.nf
  Script_13b7d2c683d4a568: /home/ahmed/.nextflow/assets/nf-core/chipseq/./workflows/../modules/nf-core/modules/ucsc/bedgraphtobigwig/main.nf
  Script_ab080941efafd44a: /home/ahmed/.nextflow/assets/nf-core/chipseq/./workflows/../subworkflows/nf-core/../../modules/local/star_align.nf
  Script_59d2bb05a3827065: /home/ahmed/.nextflow/assets/nf-core/chipseq/./workflows/../subworkflows/local/../../modules/nf-core/modules/gunzip/main.nf
  Script_3a6ab55388337fd9: /home/ahmed/.nextflow/assets/nf-core/chipseq/./workflows/../modules/nf-core/modules/deeptools/plotprofile/main.nf
  Script_789d580cd77cfb97: /home/ahmed/.nextflow/assets/nf-core/chipseq/./workflows/../subworkflows/nf-core/./../../modules/nf-core/modules/samtools/index/main.nf
  Script_a4ac03fe38eac9dc: /home/ahmed/.nextflow/assets/nf-core/chipseq/./workflows/../modules/local/macs2_consensus.nf
  Script_c77e755b58f27838: /home/ahmed/.nextflow/assets/nf-core/chipseq/./workflows/../subworkflows/local/../../modules/nf-core/modules/bowtie2/build/main.nf
  Script_3996f7ab68691d8b: /home/ahmed/.nextflow/assets/nf-core/chipseq/./workflows/../subworkflows/nf-core/./../../modules/nf-core/modules/samtools/idxstats/main.nf
  Script_91694f7e0cea98f9: /home/ahmed/.nextflow/assets/nf-core/chipseq/./workflows/chipseq.nf
  Script_07d45839c37d09c0: /home/ahmed/.nextflow/assets/nf-core/chipseq/./workflows/../modules/local/multiqc_custom_peaks.nf
  Script_8437a3c8c7a82451: /home/ahmed/.nextflow/assets/nf-core/chipseq/./workflows/../modules/nf-core/modules/phantompeakqualtools/main.nf
  Script_1ca32c925c3de05b: /home/ahmed/.nextflow/assets/nf-core/chipseq/./workflows/../subworkflows/nf-core/align_bwa_mem.nf
  Script_96ebb986ddb37fa7: /home/ahmed/.nextflow/assets/nf-core/chipseq/./workflows/../subworkflows/nf-core/fastqc_trimgalore.nf
  Script_26710ed726f63406: /home/ahmed/.nextflow/assets/nf-core/chipseq/./workflows/../modules/nf-core/modules/deeptools/computematrix/main.nf
  Script_06db092a4431efaf: /home/ahmed/.nextflow/assets/nf-core/chipseq/./workflows/../modules/nf-core/modules/preseq/lcextrap/main.nf
  Script_02ccc282826a12c1: /home/ahmed/.nextflow/assets/nf-core/chipseq/./workflows/../modules/nf-core/modules/homer/annotatepeaks/main.nf
  Script_63c3d3eae464ca70: /home/ahmed/.nextflow/assets/nf-core/chipseq/./workflows/../modules/local/plot_homer_annotatepeaks.nf
  Script_bf6042d66d22737f: /home/ahmed/.nextflow/assets/nf-core/chipseq/./workflows/../subworkflows/nf-core/../../modules/nf-core/modules/bowtie2/align/main.nf
  Script_ab30fcaf4c8b4bb5: /home/ahmed/.nextflow/assets/nf-core/chipseq/./workflows/../subworkflows/local/../../modules/local/samplesheet_check.nf
  Script_8d3247ee52d0ddbd: /home/ahmed/.nextflow/assets/nf-core/chipseq/./workflows/../subworkflows/nf-core/../../modules/nf-core/modules/chromap/chromap/main.nf
  Script_2d391fc354b2d476: /home/ahmed/.nextflow/assets/nf-core/chipseq/./workflows/../modules/nf-core/modules/deeptools/plotfingerprint/main.nf
  Script_567c6566805efc9f: /home/ahmed/.nextflow/assets/nf-core/chipseq/./workflows/../modules/nf-core/modules/khmer/uniquekmers/main.nf
  Script_1b321a50c01fd9c9: /home/ahmed/.nextflow/assets/nf-core/chipseq/./workflows/../modules/local/deseq2_qc.nf
  Script_fa79cde50823c7ed: /home/ahmed/.nextflow/assets/nf-core/chipseq/./workflows/../subworkflows/local/../../modules/local/bam_filter.nf
  Script_2ae79230f5196aed: /home/ahmed/.nextflow/assets/nf-core/chipseq/./workflows/../modules/nf-core/modules/deeptools/plotheatmap/main.nf
  Script_8f985b394b51effc: /home/ahmed/.nextflow/assets/nf-core/chipseq/./workflows/../subworkflows/nf-core/./bam_stats_samtools.nf
  Script_91e574264fb0d6a7: /home/ahmed/.nextflow/assets/nf-core/chipseq/./workflows/../subworkflows/local/../../modules/local/bam_remove_orphans.nf
  Script_893aa74c4a400673: /home/ahmed/.nextflow/assets/nf-core/chipseq/./workflows/../modules/local/frip_score.nf
  Script_d0b11dfaa2cefbf3: /home/ahmed/.nextflow/assets/nf-core/chipseq/./workflows/../modules/nf-core/modules/macs2/callpeak/main.nf
  Script_65011f086a75d9ab: /home/ahmed/.nextflow/assets/nf-core/chipseq/./workflows/../subworkflows/local/../../modules/local/gtf2bed.nf
  Script_23d977a0d99a5b8a: /home/ahmed/.nextflow/assets/nf-core/chipseq/./workflows/../subworkflows/local/../../modules/nf-core/modules/gffread/main.nf
  Script_8e376b504a6e6528: /home/ahmed/.nextflow/assets/nf-core/chipseq/./workflows/../subworkflows/nf-core/././../../modules/nf-core/modules/samtools/flagstat/main.nf
  Script_7c99ee0f9177b6ed: /home/ahmed/.nextflow/assets/nf-core/chipseq/./workflows/../modules/local/plot_macs2_qc.nf
  Script_a178e8528a3244f8: /home/ahmed/.nextflow/assets/nf-core/chipseq/./workflows/../subworkflows/nf-core/mark_duplicates_picard.nf
  Script_e2b79d3d6447ba69: /home/ahmed/.nextflow/assets/nf-core/chipseq/./workflows/../subworkflows/nf-core/align_star.nf
  Script_62e0257ca40a914b: /home/ahmed/.nextflow/assets/nf-core/chipseq/./workflows/../modules/local/bedtools_genomecov.nf
  Script_bc8a80d5fd2f328c: /home/ahmed/.nextflow/assets/nf-core/chipseq/./workflows/../subworkflows/local/input_check.nf
  Script_3fd2df6a6acd1718: /home/ahmed/.nextflow/assets/nf-core/chipseq/./workflows/../subworkflows/local/../../modules/nf-core/modules/untar/main.nf
  Script_ec8d546ef7b03103: /home/ahmed/.nextflow/assets/nf-core/chipseq/./workflows/../subworkflows/nf-core/./bam_sort_samtools.nf
  Script_12669a19368c24a8: /home/ahmed/.nextflow/assets/nf-core/chipseq/./workflows/../subworkflows/local/../../modules/nf-core/modules/chromap/index/main.nf
  Script_278f891c241eb415: /home/ahmed/.nextflow/assets/nf-core/chipseq/./workflows/../modules/local/annotate_boolean_peaks.nf
  Script_00d13fe9ecb095a1: /home/ahmed/.nextflow/assets/nf-core/chipseq/./workflows/../modules/nf-core/modules/custom/dumpsoftwareversions/main.nf
  Script_6d11fe8732f11577: /home/ahmed/.nextflow/assets/nf-core/chipseq/./workflows/../subworkflows/nf-core/./../../modules/nf-core/modules/samtools/sort/main.nf
  Script_d086046df1bb7457: /home/ahmed/.nextflow/assets/nf-core/chipseq/./workflows/../subworkflows/local/filter_bam_bamtools.nf
  Script_21c77a7a7e25929d: /home/ahmed/.nextflow/assets/nf-core/chipseq/./workflows/../subworkflows/local/prepare_genome.nf
  Script_05154a2ea712eb9a: /home/ahmed/.nextflow/assets/nf-core/chipseq/./workflows/../modules/nf-core/modules/subread/featurecounts/main.nf
  Script_809147fb4929e27b: /home/ahmed/.nextflow/assets/nf-core/chipseq/./workflows/../subworkflows/nf-core/align_bowtie2.nf
  Script_db77d1a495da7404: /home/ahmed/.nextflow/assets/nf-core/chipseq/./workflows/../subworkflows/nf-core/align_chromap.nf
  Script_641e4983c20218ab: /home/ahmed/.nextflow/assets/nf-core/chipseq/./workflows/../subworkflows/nf-core/././../../modules/nf-core/modules/samtools/stats/main.nf
  Script_2ef2ceafddaa57d4: /home/ahmed/.nextflow/assets/nf-core/chipseq/./workflows/../modules/nf-core/modules/picard/collectmultiplemetrics/main.nf
  Script_da9dce2a03636334: /home/ahmed/.nextflow/assets/nf-core/chipseq/main.nf
  Script_52579ec3005e7ce9: /home/ahmed/.nextflow/assets/nf-core/chipseq/./workflows/../modules/nf-core/modules/picard/mergesamfiles/main.nf
  Script_ae5ab881d83869d9: /home/ahmed/.nextflow/assets/nf-core/chipseq/./workflows/../subworkflows/local/../../modules/local/star_genomegenerate.nf
  Script_c0f232d8a8513efd: /home/ahmed/.nextflow/assets/nf-core/chipseq/./workflows/../subworkflows/nf-core/../../modules/nf-core/modules/picard/markduplicates/main.nf
Aug-23 00:37:43.319 [main] DEBUG nextflow.script.ScriptRunner - > Awaiting termination 
Aug-23 00:37:43.319 [main] DEBUG nextflow.Session - Session await
Aug-23 00:37:43.371 [Actor Thread 14] DEBUG nextflow.sort.BigSort - Sort completed -- entries: 1; slices: 1; internal sort time: 0.0 s; external sort time: 0.008 s; total time: 0.008 s
Aug-23 00:37:43.373 [Actor Thread 14] DEBUG nextflow.file.FileCollector - Saved collect-files list to: /home/ahmed/pranay/work/collect-file/ecf962139e2bedc7852640394b06ba9e
Aug-23 00:37:43.376 [Actor Thread 14] DEBUG nextflow.file.FileCollector - Deleting file collector temp dir: /tmp/nxf-13993345118349112909
Aug-23 00:37:43.590 [FileTransfer-1] DEBUG nextflow.file.FilePorter - Copying foreign file https://raw.githubusercontent.com/nf-core/test-datasets/chipseq/samplesheet/v2.0/samplesheet_test.csv to work dir: /home/ahmed/pranay/work/stage-9d564ae2-342e-46bc-a31b-75e63ca1b976/6f/2fdaf2bb3644043c46a0f1512b99f3/samplesheet_test.csv
Aug-23 00:37:43.590 [FileTransfer-2] DEBUG nextflow.file.FilePorter - Copying foreign file https://raw.githubusercontent.com/nf-core/test-datasets/atacseq/reference/genome.fa to work dir: /home/ahmed/pranay/work/stage-9d564ae2-342e-46bc-a31b-75e63ca1b976/29/40a03cb14bfacad86c1a9f7afb94b7/genome.fa
Aug-23 00:37:43.590 [FileTransfer-3] DEBUG nextflow.file.FilePorter - Copying foreign file https://raw.githubusercontent.com/nf-core/test-datasets/atacseq/reference/genes.gtf to work dir: /home/ahmed/pranay/work/stage-9d564ae2-342e-46bc-a31b-75e63ca1b976/be/c6e88909d8cc7a95827ecfea0ef7b7/genes.gtf
Aug-23 00:37:43.696 [Actor Thread 9] DEBUG nextflow.util.CacheHelper - Hash asset file sha-256: /home/ahmed/.nextflow/assets/nf-core/chipseq/bin/check_samplesheet.py
Aug-23 00:37:43.733 [Task submitter] DEBUG n.executor.local.LocalTaskHandler - Launch cmd line: /bin/bash -ue .command.run
Aug-23 00:37:43.734 [Task submitter] INFO  nextflow.Session - [e5/a48f83] Submitted process > NFCORE_CHIPSEQ:CHIPSEQ:INPUT_CHECK:SAMPLESHEET_CHECK (samplesheet_test.csv)
Aug-23 00:37:45.374 [Task submitter] DEBUG n.executor.local.LocalTaskHandler - Launch cmd line: /bin/bash -ue .command.run
Aug-23 00:37:45.374 [Task submitter] INFO  nextflow.Session - [a6/20453e] Submitted process > NFCORE_CHIPSEQ:CHIPSEQ:KHMER_UNIQUEKMERS (genome.fa)
Aug-23 00:37:45.377 [Task submitter] DEBUG n.executor.local.LocalTaskHandler - Launch cmd line: /bin/bash -ue .command.run
Aug-23 00:37:45.377 [Task submitter] INFO  nextflow.Session - [a4/7c8017] Submitted process > NFCORE_CHIPSEQ:CHIPSEQ:PREPARE_GENOME:BWA_INDEX (genome.fa)
Aug-23 00:37:45.380 [Task submitter] DEBUG n.executor.local.LocalTaskHandler - Launch cmd line: /bin/bash -ue .command.run
Aug-23 00:37:45.380 [Task submitter] INFO  nextflow.Session - [c6/d982e6] Submitted process > NFCORE_CHIPSEQ:CHIPSEQ:PREPARE_GENOME:CUSTOM_GETCHROMSIZES (genome.fa)
Aug-23 00:37:45.591 [Actor Thread 1] INFO  nextflow.file.FilePorter - Staging foreign file: https://raw.githubusercontent.com/nf-core/test-datasets/atacseq/reference/genes.gtf
Aug-23 00:37:45.794 [Actor Thread 1] DEBUG nextflow.util.CacheHelper - Hash asset file sha-256: /home/ahmed/.nextflow/assets/nf-core/chipseq/bin/gtf2bed
Aug-23 00:37:45.797 [Task submitter] DEBUG n.executor.local.LocalTaskHandler - Launch cmd line: /bin/bash -ue .command.run
Aug-23 00:37:45.797 [Task submitter] INFO  nextflow.Session - [02/413c9f] Submitted process > NFCORE_CHIPSEQ:CHIPSEQ:PREPARE_GENOME:GTF2BED (genes.gtf)
Aug-23 00:37:47.680 [Task monitor] DEBUG n.processor.TaskPollingMonitor - Task completed > TaskHandler[id: 5; name: NFCORE_CHIPSEQ:CHIPSEQ:INPUT_CHECK:SAMPLESHEET_CHECK (samplesheet_test.csv); status: COMPLETED; exit: 0; error: -; workDir: /home/ahmed/pranay/work/e5/a48f836d768a0f818b51e1a68b4f83]
Aug-23 00:37:47.715 [Task monitor] DEBUG nextflow.util.ThreadPoolBuilder - Creating thread pool 'PublishDir' minSize=10; maxSize=36; workQueue=LinkedBlockingQueue[10000]; allowCoreThreadTimeout=false
Aug-23 00:37:48.073 [Task monitor] DEBUG n.processor.TaskPollingMonitor - Task completed > TaskHandler[id: 4; name: NFCORE_CHIPSEQ:CHIPSEQ:PREPARE_GENOME:CUSTOM_GETCHROMSIZES (genome.fa); status: COMPLETED; exit: 0; error: -; workDir: /home/ahmed/pranay/work/c6/d982e6413c87880a0f7ded57b0a806]
Aug-23 00:37:48.080 [Task submitter] DEBUG n.executor.local.LocalTaskHandler - Launch cmd line: /bin/bash -ue .command.run
Aug-23 00:37:48.080 [Task submitter] INFO  nextflow.Session - [ce/7f0bc4] Submitted process > NFCORE_CHIPSEQ:CHIPSEQ:PREPARE_GENOME:GENOME_BLACKLIST_REGIONS (genome.fa.sizes)
Aug-23 00:37:48.607 [Task monitor] DEBUG n.processor.TaskPollingMonitor - Task completed > TaskHandler[id: 1; name: NFCORE_CHIPSEQ:CHIPSEQ:KHMER_UNIQUEKMERS (genome.fa); status: COMPLETED; exit: 0; error: -; workDir: /home/ahmed/pranay/work/a6/20453e907082c25029774301046e21]
Aug-23 00:37:48.631 [FileTransfer-4] DEBUG nextflow.file.FilePorter - Copying foreign file https://raw.githubusercontent.com/nf-core/test-datasets/chipseq/testdata/SRR5204809_Spt5-ChIP_Input1_SacCer_ChIP-Seq_ss100k_R1.fastq.gz to work dir: /home/ahmed/pranay/work/stage-9d564ae2-342e-46bc-a31b-75e63ca1b976/56/3136f676cf6f35a2b68a319cdb207a/SRR5204809_Spt5-ChIP_Input1_SacCer_ChIP-Seq_ss100k_R1.fastq.gz
Aug-23 00:37:48.631 [FileTransfer-5] DEBUG nextflow.file.FilePorter - Copying foreign file https://raw.githubusercontent.com/nf-core/test-datasets/chipseq/testdata/SRR5204809_Spt5-ChIP_Input1_SacCer_ChIP-Seq_ss100k_R2.fastq.gz to work dir: /home/ahmed/pranay/work/stage-9d564ae2-342e-46bc-a31b-75e63ca1b976/14/989dd5f173df04b0c5c5a1f8a49593/SRR5204809_Spt5-ChIP_Input1_SacCer_ChIP-Seq_ss100k_R2.fastq.gz
Aug-23 00:37:48.899 [FileTransfer-6] DEBUG nextflow.file.FilePorter - Copying foreign file https://raw.githubusercontent.com/nf-core/test-datasets/chipseq/testdata/SRR5204810_Spt5-ChIP_Input2_SacCer_ChIP-Seq_ss100k_R1.fastq.gz to work dir: /home/ahmed/pranay/work/stage-9d564ae2-342e-46bc-a31b-75e63ca1b976/9c/cd6cd944bfc427886a75710d033646/SRR5204810_Spt5-ChIP_Input2_SacCer_ChIP-Seq_ss100k_R1.fastq.gz
Aug-23 00:37:48.899 [FileTransfer-7] DEBUG nextflow.file.FilePorter - Copying foreign file https://raw.githubusercontent.com/nf-core/test-datasets/chipseq/testdata/SRR5204810_Spt5-ChIP_Input2_SacCer_ChIP-Seq_ss100k_R2.fastq.gz to work dir: /home/ahmed/pranay/work/stage-9d564ae2-342e-46bc-a31b-75e63ca1b976/50/f2d8437e1f3637a3a36d8ffd61bcf8/SRR5204810_Spt5-ChIP_Input2_SacCer_ChIP-Seq_ss100k_R2.fastq.gz
Aug-23 00:37:49.157 [Task monitor] DEBUG n.processor.TaskPollingMonitor - Task completed > TaskHandler[id: 3; name: NFCORE_CHIPSEQ:CHIPSEQ:PREPARE_GENOME:GTF2BED (genes.gtf); status: COMPLETED; exit: 0; error: -; workDir: /home/ahmed/pranay/work/02/413c9fbe52ff9ddaa7a29dd402b123]
Aug-23 00:37:49.393 [Task monitor] DEBUG n.processor.TaskPollingMonitor - Task completed > TaskHandler[id: 8; name: NFCORE_CHIPSEQ:CHIPSEQ:PREPARE_GENOME:GENOME_BLACKLIST_REGIONS (genome.fa.sizes); status: COMPLETED; exit: 0; error: -; workDir: /home/ahmed/pranay/work/ce/7f0bc438aee27902f43ce9a3fd45cd]
Aug-23 00:37:49.749 [Task submitter] DEBUG n.executor.local.LocalTaskHandler - Launch cmd line: /bin/bash -ue .command.run
Aug-23 00:37:49.749 [Task submitter] INFO  nextflow.Session - [6d/f9c913] Submitted process > NFCORE_CHIPSEQ:CHIPSEQ:FASTQC_TRIMGALORE:FASTQC (SPT5_INPUT_REP1_T1)
Aug-23 00:37:49.765 [Task submitter] DEBUG n.executor.local.LocalTaskHandler - Launch cmd line: /bin/bash -ue .command.run
Aug-23 00:37:49.766 [Task submitter] INFO  nextflow.Session - [8d/228c85] Submitted process > NFCORE_CHIPSEQ:CHIPSEQ:FASTQC_TRIMGALORE:TRIMGALORE (SPT5_INPUT_REP1_T1)
Aug-23 00:37:50.291 [FileTransfer-8] DEBUG nextflow.file.FilePorter - Copying foreign file https://raw.githubusercontent.com/nf-core/test-datasets/atacseq/testdata/SRR1822153_1.fastq.gz to work dir: /home/ahmed/pranay/work/stage-9d564ae2-342e-46bc-a31b-75e63ca1b976/24/e42554010ca1e379987b903f39aa27/SRR1822153_1.fastq.gz
Aug-23 00:37:50.291 [FileTransfer-9] DEBUG nextflow.file.FilePorter - Copying foreign file https://raw.githubusercontent.com/nf-core/test-datasets/atacseq/testdata/SRR1822153_2.fastq.gz to work dir: /home/ahmed/pranay/work/stage-9d564ae2-342e-46bc-a31b-75e63ca1b976/05/46bb463e3eee0e4261762c3a5d7f01/SRR1822153_2.fastq.gz
Aug-23 00:37:50.416 [Task submitter] DEBUG n.executor.local.LocalTaskHandler - Launch cmd line: /bin/bash -ue .command.run
Aug-23 00:37:50.417 [Task submitter] INFO  nextflow.Session - [49/4d2866] Submitted process > NFCORE_CHIPSEQ:CHIPSEQ:FASTQC_TRIMGALORE:FASTQC (SPT5_INPUT_REP2_T1)
Aug-23 00:37:50.419 [Task submitter] DEBUG n.executor.local.LocalTaskHandler - Launch cmd line: /bin/bash -ue .command.run
Aug-23 00:37:50.419 [Task submitter] INFO  nextflow.Session - [c9/4eca6c] Submitted process > NFCORE_CHIPSEQ:CHIPSEQ:FASTQC_TRIMGALORE:TRIMGALORE (SPT5_INPUT_REP2_T1)
Aug-23 00:37:51.226 [FileTransfer-1] DEBUG nextflow.file.FilePorter - Copying foreign file https://raw.githubusercontent.com/nf-core/test-datasets/atacseq/testdata/SRR1822154_2.fastq.gz to work dir: /home/ahmed/pranay/work/stage-9d564ae2-342e-46bc-a31b-75e63ca1b976/29/7bb7e657f9dde6f6395a4daa664129/SRR1822154_2.fastq.gz
Aug-23 00:37:51.226 [FileTransfer-10] DEBUG nextflow.file.FilePorter - Copying foreign file https://raw.githubusercontent.com/nf-core/test-datasets/atacseq/testdata/SRR1822154_1.fastq.gz to work dir: /home/ahmed/pranay/work/stage-9d564ae2-342e-46bc-a31b-75e63ca1b976/30/5b86520d0741a6549923d5f035f752/SRR1822154_1.fastq.gz
Aug-23 00:37:51.798 [FileTransfer-2] DEBUG nextflow.file.FilePorter - Copying foreign file https://raw.githubusercontent.com/nf-core/test-datasets/atacseq/testdata/SRR1822157_1.fastq.gz to work dir: /home/ahmed/pranay/work/stage-9d564ae2-342e-46bc-a31b-75e63ca1b976/3b/deb5f5bdedb996c4523d1b0ab04671/SRR1822157_1.fastq.gz
Aug-23 00:37:51.798 [FileTransfer-3] DEBUG nextflow.file.FilePorter - Copying foreign file https://raw.githubusercontent.com/nf-core/test-datasets/atacseq/testdata/SRR1822157_2.fastq.gz to work dir: /home/ahmed/pranay/work/stage-9d564ae2-342e-46bc-a31b-75e63ca1b976/01/9ccec1593c27e1bb4e960cb5e51232/SRR1822157_2.fastq.gz
Aug-23 00:37:51.799 [FileTransfer-4] DEBUG nextflow.file.FilePorter - Copying foreign file https://raw.githubusercontent.com/nf-core/test-datasets/atacseq/testdata/SRR1822158_1.fastq.gz to work dir: /home/ahmed/pranay/work/stage-9d564ae2-342e-46bc-a31b-75e63ca1b976/5f/6cb34e6e3b9731ec8200508b710879/SRR1822158_1.fastq.gz
Aug-23 00:37:51.799 [FileTransfer-5] DEBUG nextflow.file.FilePorter - Copying foreign file https://raw.githubusercontent.com/nf-core/test-datasets/atacseq/testdata/SRR1822158_2.fastq.gz to work dir: /home/ahmed/pranay/work/stage-9d564ae2-342e-46bc-a31b-75e63ca1b976/04/1d502ae29bd78e58f9d649397fca7d/SRR1822158_2.fastq.gz
Aug-23 00:37:53.640 [Task monitor] DEBUG n.processor.TaskPollingMonitor - Task completed > TaskHandler[id: 7; name: NFCORE_CHIPSEQ:CHIPSEQ:FASTQC_TRIMGALORE:FASTQC (SPT5_INPUT_REP1_T1); status: COMPLETED; exit: 0; error: -; workDir: /home/ahmed/pranay/work/6d/f9c91327346a79e4a5c15963f1e44e]
Aug-23 00:37:53.642 [Task submitter] DEBUG n.executor.local.LocalTaskHandler - Launch cmd line: /bin/bash -ue .command.run
Aug-23 00:37:53.643 [Task submitter] INFO  nextflow.Session - [30/a23414] Submitted process > NFCORE_CHIPSEQ:CHIPSEQ:FASTQC_TRIMGALORE:FASTQC (SPT5_T0_REP1_T1)
Aug-23 00:37:53.798 [Actor Thread 3] INFO  nextflow.file.FilePorter - Staging foreign file: https://raw.githubusercontent.com/nf-core/test-datasets/atacseq/testdata/SRR1822157_1.fastq.gz
Aug-23 00:37:53.798 [Actor Thread 12] INFO  nextflow.file.FilePorter - Staging foreign file: https://raw.githubusercontent.com/nf-core/test-datasets/atacseq/testdata/SRR1822158_1.fastq.gz
Aug-23 00:37:54.179 [Actor Thread 16] INFO  nextflow.file.FilePorter - Staging foreign file: https://raw.githubusercontent.com/nf-core/test-datasets/atacseq/testdata/SRR1822154_2.fastq.gz
Aug-23 00:37:54.528 [Task monitor] DEBUG n.processor.TaskPollingMonitor - Task completed > TaskHandler[id: 2; name: NFCORE_CHIPSEQ:CHIPSEQ:PREPARE_GENOME:BWA_INDEX (genome.fa); status: COMPLETED; exit: 0; error: -; workDir: /home/ahmed/pranay/work/a4/7c80171e52a0cb95d9f2be50c6ad3e]
Aug-23 00:37:54.535 [Task submitter] DEBUG n.executor.local.LocalTaskHandler - Launch cmd line: /bin/bash -ue .command.run
Aug-23 00:37:54.535 [Task submitter] INFO  nextflow.Session - [73/9e847d] Submitted process > NFCORE_CHIPSEQ:CHIPSEQ:FASTQC_TRIMGALORE:TRIMGALORE (SPT5_T0_REP1_T1)
Aug-23 00:37:54.645 [Task monitor] DEBUG n.processor.TaskPollingMonitor - Task completed > TaskHandler[id: 9; name: NFCORE_CHIPSEQ:CHIPSEQ:FASTQC_TRIMGALORE:FASTQC (SPT5_INPUT_REP2_T1); status: COMPLETED; exit: 0; error: -; workDir: /home/ahmed/pranay/work/49/4d286699477a16c8c4aa06779a01aa]
Aug-23 00:37:54.647 [Task submitter] DEBUG n.executor.local.LocalTaskHandler - Launch cmd line: /bin/bash -ue .command.run
Aug-23 00:37:54.647 [Task submitter] INFO  nextflow.Session - [cc/22a9c7] Submitted process > NFCORE_CHIPSEQ:CHIPSEQ:FASTQC_TRIMGALORE:FASTQC (SPT5_T15_REP1_T1)
Aug-23 00:38:00.730 [Task monitor] DEBUG n.processor.TaskPollingMonitor - Task completed > TaskHandler[id: 12; name: NFCORE_CHIPSEQ:CHIPSEQ:FASTQC_TRIMGALORE:FASTQC (SPT5_T0_REP1_T1); status: COMPLETED; exit: 0; error: -; workDir: /home/ahmed/pranay/work/30/a234144dffa1c8affddd8c81895664]
Aug-23 00:38:00.733 [Task submitter] DEBUG n.executor.local.LocalTaskHandler - Launch cmd line: /bin/bash -ue .command.run
Aug-23 00:38:00.733 [Task submitter] INFO  nextflow.Session - [91/f7a5df] Submitted process > NFCORE_CHIPSEQ:CHIPSEQ:FASTQC_TRIMGALORE:TRIMGALORE (SPT5_T15_REP1_T1)
Aug-23 00:38:00.828 [Task monitor] DEBUG n.processor.TaskPollingMonitor - Task completed > TaskHandler[id: 15; name: NFCORE_CHIPSEQ:CHIPSEQ:FASTQC_TRIMGALORE:FASTQC (SPT5_T15_REP1_T1); status: COMPLETED; exit: 0; error: -; workDir: /home/ahmed/pranay/work/cc/22a9c75fc085e52d3bbe3100952da2]
Aug-23 00:38:00.830 [Task submitter] DEBUG n.executor.local.LocalTaskHandler - Launch cmd line: /bin/bash -ue .command.run
Aug-23 00:38:00.830 [Task submitter] INFO  nextflow.Session - [0b/4e8c2a] Submitted process > NFCORE_CHIPSEQ:CHIPSEQ:FASTQC_TRIMGALORE:TRIMGALORE (SPT5_T15_REP2_T1)
Aug-23 00:38:00.858 [Task monitor] DEBUG n.processor.TaskPollingMonitor - Task completed > TaskHandler[id: 6; name: NFCORE_CHIPSEQ:CHIPSEQ:FASTQC_TRIMGALORE:TRIMGALORE (SPT5_INPUT_REP1_T1); status: COMPLETED; exit: 0; error: -; workDir: /home/ahmed/pranay/work/8d/228c85eb9761e98d967e48bf12e90c]
Aug-23 00:38:00.860 [Task submitter] DEBUG n.executor.local.LocalTaskHandler - Launch cmd line: /bin/bash -ue .command.run
Aug-23 00:38:00.861 [Task submitter] INFO  nextflow.Session - [7a/603f7c] Submitted process > NFCORE_CHIPSEQ:CHIPSEQ:FASTQC_TRIMGALORE:FASTQC (SPT5_T15_REP2_T1)
Aug-23 00:38:00.928 [Task monitor] DEBUG nextflow.processor.TaskProcessor - Process NFCORE_CHIPSEQ:CHIPSEQ:FASTQC_TRIMGALORE:TRIMGALORE > Skipping output binding because one or more optional files are missing: fileoutparam<3:1>
Aug-23 00:38:00.932 [Task monitor] DEBUG n.processor.TaskPollingMonitor - Task completed > TaskHandler[id: 10; name: NFCORE_CHIPSEQ:CHIPSEQ:FASTQC_TRIMGALORE:TRIMGALORE (SPT5_INPUT_REP2_T1); status: COMPLETED; exit: 0; error: -; workDir: /home/ahmed/pranay/work/c9/4eca6cbd18de926d9a0c494b750200]
Aug-23 00:38:00.934 [Task submitter] DEBUG n.executor.local.LocalTaskHandler - Launch cmd line: /bin/bash -ue .command.run
Aug-23 00:38:00.934 [Task submitter] INFO  nextflow.Session - [5e/a85f8c] Submitted process > NFCORE_CHIPSEQ:CHIPSEQ:FASTQC_TRIMGALORE:FASTQC (SPT5_T0_REP2_T1)
Aug-23 00:38:00.935 [Task monitor] DEBUG nextflow.processor.TaskProcessor - Process NFCORE_CHIPSEQ:CHIPSEQ:FASTQC_TRIMGALORE:TRIMGALORE > Skipping output binding because one or more optional files are missing: fileoutparam<3:1>
Aug-23 00:38:05.079 [Task monitor] DEBUG n.processor.TaskPollingMonitor - Task completed > TaskHandler[id: 11; name: NFCORE_CHIPSEQ:CHIPSEQ:FASTQC_TRIMGALORE:TRIMGALORE (SPT5_T0_REP1_T1); status: COMPLETED; exit: 0; error: -; workDir: /home/ahmed/pranay/work/73/9e847dda8b7d024734a8a1a0314be3]
Aug-23 00:38:05.081 [Task submitter] DEBUG n.executor.local.LocalTaskHandler - Launch cmd line: /bin/bash -ue .command.run
Aug-23 00:38:05.081 [Task submitter] INFO  nextflow.Session - [a5/4f0d73] Submitted process > NFCORE_CHIPSEQ:CHIPSEQ:FASTQC_TRIMGALORE:TRIMGALORE (SPT5_T0_REP2_T1)
Aug-23 00:38:05.081 [Task monitor] DEBUG nextflow.processor.TaskProcessor - Process NFCORE_CHIPSEQ:CHIPSEQ:FASTQC_TRIMGALORE:TRIMGALORE > Skipping output binding because one or more optional files are missing: fileoutparam<3:1>
Aug-23 00:38:05.521 [Task monitor] DEBUG n.processor.TaskPollingMonitor - Task completed > TaskHandler[id: 18; name: NFCORE_CHIPSEQ:CHIPSEQ:FASTQC_TRIMGALORE:FASTQC (SPT5_T15_REP2_T1); status: COMPLETED; exit: 0; error: -; workDir: /home/ahmed/pranay/work/7a/603f7c8067ac01acbd33a74c3c9695]
Aug-23 00:38:05.523 [Task submitter] DEBUG n.executor.local.LocalTaskHandler - Launch cmd line: /bin/bash -ue .command.run
Aug-23 00:38:05.523 [Task submitter] INFO  nextflow.Session - [0c/de405d] Submitted process > NFCORE_CHIPSEQ:CHIPSEQ:ALIGN_BWA_MEM:BWA_MEM (SPT5_INPUT_REP1_T1)
Aug-23 00:38:05.590 [Task monitor] DEBUG n.processor.TaskPollingMonitor - Task completed > TaskHandler[id: 13; name: NFCORE_CHIPSEQ:CHIPSEQ:FASTQC_TRIMGALORE:FASTQC (SPT5_T0_REP2_T1); status: COMPLETED; exit: 0; error: -; workDir: /home/ahmed/pranay/work/5e/a85f8c9af4a07abd58370c19262d5f]
Aug-23 00:38:05.592 [Task submitter] DEBUG n.executor.local.LocalTaskHandler - Launch cmd line: /bin/bash -ue .command.run
Aug-23 00:38:05.592 [Task submitter] INFO  nextflow.Session - [2f/9de382] Submitted process > NFCORE_CHIPSEQ:CHIPSEQ:ALIGN_BWA_MEM:BWA_MEM (SPT5_INPUT_REP2_T1)
Aug-23 00:38:12.530 [Task monitor] DEBUG n.processor.TaskPollingMonitor - Task completed > TaskHandler[id: 19; name: NFCORE_CHIPSEQ:CHIPSEQ:ALIGN_BWA_MEM:BWA_MEM (SPT5_INPUT_REP1_T1); status: COMPLETED; exit: 0; error: -; workDir: /home/ahmed/pranay/work/0c/de405dd8ed3ae4e81546a01d20004a]
Aug-23 00:38:12.533 [Task submitter] DEBUG n.executor.local.LocalTaskHandler - Launch cmd line: /bin/bash -ue .command.run
Aug-23 00:38:12.533 [Task submitter] INFO  nextflow.Session - [9c/da1b12] Submitted process > NFCORE_CHIPSEQ:CHIPSEQ:ALIGN_BWA_MEM:BWA_MEM (SPT5_T0_REP1_T1)
Aug-23 00:38:12.541 [Task monitor] DEBUG n.processor.TaskPollingMonitor - Task completed > TaskHandler[id: 20; name: NFCORE_CHIPSEQ:CHIPSEQ:ALIGN_BWA_MEM:BWA_MEM (SPT5_INPUT_REP2_T1); status: COMPLETED; exit: 0; error: -; workDir: /home/ahmed/pranay/work/2f/9de382454d29fc3de5306852ee7f54]
Aug-23 00:38:12.544 [Task submitter] DEBUG n.executor.local.LocalTaskHandler - Launch cmd line: /bin/bash -ue .command.run
Aug-23 00:38:12.544 [Task submitter] INFO  nextflow.Session - [79/5de0b9] Submitted process > NFCORE_CHIPSEQ:CHIPSEQ:ALIGN_BWA_MEM:BAM_SORT_SAMTOOLS:SAMTOOLS_SORT (SPT5_INPUT_REP1_T1)
Aug-23 00:38:12.719 [Task monitor] DEBUG n.processor.TaskPollingMonitor - Task completed > TaskHandler[id: 17; name: NFCORE_CHIPSEQ:CHIPSEQ:FASTQC_TRIMGALORE:TRIMGALORE (SPT5_T15_REP2_T1); status: COMPLETED; exit: 0; error: -; workDir: /home/ahmed/pranay/work/0b/4e8c2a1f9dabdd3723ed8e02847d00]
Aug-23 00:38:12.722 [Task submitter] DEBUG n.executor.local.LocalTaskHandler - Launch cmd line: /bin/bash -ue .command.run
Aug-23 00:38:12.722 [Task submitter] INFO  nextflow.Session - [16/d0afe7] Submitted process > NFCORE_CHIPSEQ:CHIPSEQ:ALIGN_BWA_MEM:BAM_SORT_SAMTOOLS:SAMTOOLS_SORT (SPT5_INPUT_REP2_T1)
Aug-23 00:38:12.722 [Task monitor] DEBUG nextflow.processor.TaskProcessor - Process NFCORE_CHIPSEQ:CHIPSEQ:FASTQC_TRIMGALORE:TRIMGALORE > Skipping output binding because one or more optional files are missing: fileoutparam<3:1>
Aug-23 00:38:12.817 [Task monitor] DEBUG n.processor.TaskPollingMonitor - Task completed > TaskHandler[id: 16; name: NFCORE_CHIPSEQ:CHIPSEQ:FASTQC_TRIMGALORE:TRIMGALORE (SPT5_T15_REP1_T1); status: COMPLETED; exit: 0; error: -; workDir: /home/ahmed/pranay/work/91/f7a5dfe88c1e6584861f450e4ae8ef]
Aug-23 00:38:12.826 [Task submitter] DEBUG n.executor.local.LocalTaskHandler - Launch cmd line: /bin/bash -ue .command.run
Aug-23 00:38:12.826 [Task submitter] INFO  nextflow.Session - [01/a4a610] Submitted process > NFCORE_CHIPSEQ:CHIPSEQ:ALIGN_BWA_MEM:BWA_MEM (SPT5_T15_REP2_T1)
Aug-23 00:38:12.829 [Task monitor] DEBUG nextflow.processor.TaskProcessor - Process NFCORE_CHIPSEQ:CHIPSEQ:FASTQC_TRIMGALORE:TRIMGALORE > Skipping output binding because one or more optional files are missing: fileoutparam<3:1>
Aug-23 00:38:14.441 [Task monitor] DEBUG n.processor.TaskPollingMonitor - Task completed > TaskHandler[id: 22; name: NFCORE_CHIPSEQ:CHIPSEQ:ALIGN_BWA_MEM:BAM_SORT_SAMTOOLS:SAMTOOLS_SORT (SPT5_INPUT_REP1_T1); status: COMPLETED; exit: 0; error: -; workDir: /home/ahmed/pranay/work/79/5de0b9fb695f22dce282c304f95351]
Aug-23 00:38:14.443 [Task submitter] DEBUG n.executor.local.LocalTaskHandler - Launch cmd line: /bin/bash -ue .command.run
Aug-23 00:38:14.443 [Task submitter] INFO  nextflow.Session - [16/5ac397] Submitted process > NFCORE_CHIPSEQ:CHIPSEQ:ALIGN_BWA_MEM:BWA_MEM (SPT5_T15_REP1_T1)
Aug-23 00:38:14.742 [Task monitor] DEBUG n.processor.TaskPollingMonitor - Task completed > TaskHandler[id: 23; name: NFCORE_CHIPSEQ:CHIPSEQ:ALIGN_BWA_MEM:BAM_SORT_SAMTOOLS:SAMTOOLS_SORT (SPT5_INPUT_REP2_T1); status: COMPLETED; exit: 0; error: -; workDir: /home/ahmed/pranay/work/16/d0afe7cee1a9a3763082bf5cb13cc0]
Aug-23 00:38:14.750 [Task submitter] DEBUG n.executor.local.LocalTaskHandler - Launch cmd line: /bin/bash -ue .command.run
Aug-23 00:38:14.750 [Task submitter] INFO  nextflow.Session - [90/890bbd] Submitted process > NFCORE_CHIPSEQ:CHIPSEQ:ALIGN_BWA_MEM:BAM_SORT_SAMTOOLS:SAMTOOLS_INDEX (SPT5_INPUT_REP1_T1)
Aug-23 00:38:15.160 [Task monitor] DEBUG n.processor.TaskPollingMonitor - Task completed > TaskHandler[id: 26; name: NFCORE_CHIPSEQ:CHIPSEQ:ALIGN_BWA_MEM:BAM_SORT_SAMTOOLS:SAMTOOLS_INDEX (SPT5_INPUT_REP1_T1); status: COMPLETED; exit: 0; error: -; workDir: /home/ahmed/pranay/work/90/890bbdc87571c2bd51a83f579395da]
Aug-23 00:38:15.162 [Task submitter] DEBUG n.executor.local.LocalTaskHandler - Launch cmd line: /bin/bash -ue .command.run
Aug-23 00:38:15.162 [Task submitter] INFO  nextflow.Session - [ae/f6e687] Submitted process > NFCORE_CHIPSEQ:CHIPSEQ:ALIGN_BWA_MEM:BAM_SORT_SAMTOOLS:SAMTOOLS_INDEX (SPT5_INPUT_REP2_T1)
Aug-23 00:38:15.162 [Task monitor] DEBUG nextflow.processor.TaskProcessor - Process NFCORE_CHIPSEQ:CHIPSEQ:ALIGN_BWA_MEM:BAM_SORT_SAMTOOLS:SAMTOOLS_INDEX > Skipping output binding because one or more optional files are missing: fileoutparam<1:1>
Aug-23 00:38:15.162 [Task monitor] DEBUG nextflow.processor.TaskProcessor - Process NFCORE_CHIPSEQ:CHIPSEQ:ALIGN_BWA_MEM:BAM_SORT_SAMTOOLS:SAMTOOLS_INDEX > Skipping output binding because one or more optional files are missing: fileoutparam<2:1>
Aug-23 00:38:15.473 [Task monitor] DEBUG n.processor.TaskPollingMonitor - Task completed > TaskHandler[id: 14; name: NFCORE_CHIPSEQ:CHIPSEQ:FASTQC_TRIMGALORE:TRIMGALORE (SPT5_T0_REP2_T1); status: COMPLETED; exit: 0; error: -; workDir: /home/ahmed/pranay/work/a5/4f0d732b6d262ea33fc487a7045081]
Aug-23 00:38:15.475 [Task submitter] DEBUG n.executor.local.LocalTaskHandler - Launch cmd line: /bin/bash -ue .command.run
Aug-23 00:38:15.475 [Task submitter] INFO  nextflow.Session - [2b/81821e] Submitted process > NFCORE_CHIPSEQ:CHIPSEQ:ALIGN_BWA_MEM:BAM_SORT_SAMTOOLS:BAM_STATS_SAMTOOLS:SAMTOOLS_IDXSTATS (SPT5_INPUT_REP1_T1)
Aug-23 00:38:15.476 [Task monitor] DEBUG nextflow.processor.TaskProcessor - Process NFCORE_CHIPSEQ:CHIPSEQ:FASTQC_TRIMGALORE:TRIMGALORE > Skipping output binding because one or more optional files are missing: fileoutparam<3:1>
Aug-23 00:38:15.549 [Task monitor] DEBUG n.processor.TaskPollingMonitor - Task completed > TaskHandler[id: 27; name: NFCORE_CHIPSEQ:CHIPSEQ:ALIGN_BWA_MEM:BAM_SORT_SAMTOOLS:SAMTOOLS_INDEX (SPT5_INPUT_REP2_T1); status: COMPLETED; exit: 0; error: -; workDir: /home/ahmed/pranay/work/ae/f6e687085ac661d6155670e693dfb4]
Aug-23 00:38:15.550 [Task monitor] DEBUG nextflow.processor.TaskProcessor - Process NFCORE_CHIPSEQ:CHIPSEQ:ALIGN_BWA_MEM:BAM_SORT_SAMTOOLS:SAMTOOLS_INDEX > Skipping output binding because one or more optional files are missing: fileoutparam<1:1>
Aug-23 00:38:15.550 [Task monitor] DEBUG nextflow.processor.TaskProcessor - Process NFCORE_CHIPSEQ:CHIPSEQ:ALIGN_BWA_MEM:BAM_SORT_SAMTOOLS:SAMTOOLS_INDEX > Skipping output binding because one or more optional files are missing: fileoutparam<2:1>
Aug-23 00:38:15.551 [Task submitter] DEBUG n.executor.local.LocalTaskHandler - Launch cmd line: /bin/bash -ue .command.run
Aug-23 00:38:15.551 [Task submitter] INFO  nextflow.Session - [36/e2765a] Submitted process > NFCORE_CHIPSEQ:CHIPSEQ:ALIGN_BWA_MEM:BAM_SORT_SAMTOOLS:BAM_STATS_SAMTOOLS:SAMTOOLS_STATS (SPT5_INPUT_REP1_T1)
Aug-23 00:38:15.810 [Task monitor] DEBUG n.processor.TaskPollingMonitor - Task completed > TaskHandler[id: 30; name: NFCORE_CHIPSEQ:CHIPSEQ:ALIGN_BWA_MEM:BAM_SORT_SAMTOOLS:BAM_STATS_SAMTOOLS:SAMTOOLS_IDXSTATS (SPT5_INPUT_REP1_T1); status: COMPLETED; exit: 0; error: -; workDir: /home/ahmed/pranay/work/2b/81821e1a7be1b70b05bc86f02bc216]
Aug-23 00:38:15.813 [Task submitter] DEBUG n.executor.local.LocalTaskHandler - Launch cmd line: /bin/bash -ue .command.run
Aug-23 00:38:15.813 [Task submitter] INFO  nextflow.Session - [f9/175b34] Submitted process > NFCORE_CHIPSEQ:CHIPSEQ:ALIGN_BWA_MEM:BAM_SORT_SAMTOOLS:BAM_STATS_SAMTOOLS:SAMTOOLS_FLAGSTAT (SPT5_INPUT_REP1_T1)
Aug-23 00:38:16.111 [Task monitor] DEBUG n.processor.TaskPollingMonitor - Task completed > TaskHandler[id: 28; name: NFCORE_CHIPSEQ:CHIPSEQ:ALIGN_BWA_MEM:BAM_SORT_SAMTOOLS:BAM_STATS_SAMTOOLS:SAMTOOLS_STATS (SPT5_INPUT_REP1_T1); status: COMPLETED; exit: 0; error: -; workDir: /home/ahmed/pranay/work/36/e2765a73462f128210df26c06655ae]
Aug-23 00:38:16.114 [Task submitter] DEBUG n.executor.local.LocalTaskHandler - Launch cmd line: /bin/bash -ue .command.run
Aug-23 00:38:16.114 [Task submitter] INFO  nextflow.Session - [e0/38994d] Submitted process > NFCORE_CHIPSEQ:CHIPSEQ:ALIGN_BWA_MEM:BWA_MEM (SPT5_T0_REP2_T1)
Aug-23 00:38:16.206 [Task monitor] DEBUG n.processor.TaskPollingMonitor - Task completed > TaskHandler[id: 29; name: NFCORE_CHIPSEQ:CHIPSEQ:ALIGN_BWA_MEM:BAM_SORT_SAMTOOLS:BAM_STATS_SAMTOOLS:SAMTOOLS_FLAGSTAT (SPT5_INPUT_REP1_T1); status: COMPLETED; exit: 0; error: -; workDir: /home/ahmed/pranay/work/f9/175b34e234dd7b1c1355d72282eacf]
Aug-23 00:38:16.208 [Task submitter] DEBUG n.executor.local.LocalTaskHandler - Launch cmd line: /bin/bash -ue .command.run
Aug-23 00:38:16.208 [Task submitter] INFO  nextflow.Session - [9a/ce560c] Submitted process > NFCORE_CHIPSEQ:CHIPSEQ:ALIGN_BWA_MEM:BAM_SORT_SAMTOOLS:BAM_STATS_SAMTOOLS:SAMTOOLS_STATS (SPT5_INPUT_REP2_T1)
Aug-23 00:38:19.168 [Task monitor] DEBUG n.processor.TaskPollingMonitor - Task completed > TaskHandler[id: 33; name: NFCORE_CHIPSEQ:CHIPSEQ:ALIGN_BWA_MEM:BAM_SORT_SAMTOOLS:BAM_STATS_SAMTOOLS:SAMTOOLS_STATS (SPT5_INPUT_REP2_T1); status: COMPLETED; exit: 0; error: -; workDir: /home/ahmed/pranay/work/9a/ce560cb5ff05210a5bdbf98b23ff75]
Aug-23 00:38:19.170 [Task submitter] DEBUG n.executor.local.LocalTaskHandler - Launch cmd line: /bin/bash -ue .command.run
Aug-23 00:38:19.170 [Task submitter] INFO  nextflow.Session - [59/8c1670] Submitted process > NFCORE_CHIPSEQ:CHIPSEQ:ALIGN_BWA_MEM:BAM_SORT_SAMTOOLS:BAM_STATS_SAMTOOLS:SAMTOOLS_FLAGSTAT (SPT5_INPUT_REP2_T1)
Aug-23 00:38:19.487 [Task monitor] DEBUG n.processor.TaskPollingMonitor - Task completed > TaskHandler[id: 32; name: NFCORE_CHIPSEQ:CHIPSEQ:ALIGN_BWA_MEM:BAM_SORT_SAMTOOLS:BAM_STATS_SAMTOOLS:SAMTOOLS_FLAGSTAT (SPT5_INPUT_REP2_T1); status: COMPLETED; exit: 0; error: -; workDir: /home/ahmed/pranay/work/59/8c1670958d64d10017cd25d0d97dd1]
Aug-23 00:38:19.489 [Task submitter] DEBUG n.executor.local.LocalTaskHandler - Launch cmd line: /bin/bash -ue .command.run
Aug-23 00:38:19.489 [Task submitter] INFO  nextflow.Session - [5a/e0b326] Submitted process > NFCORE_CHIPSEQ:CHIPSEQ:ALIGN_BWA_MEM:BAM_SORT_SAMTOOLS:BAM_STATS_SAMTOOLS:SAMTOOLS_IDXSTATS (SPT5_INPUT_REP2_T1)
Aug-23 00:38:19.752 [Task monitor] DEBUG n.processor.TaskPollingMonitor - Task completed > TaskHandler[id: 34; name: NFCORE_CHIPSEQ:CHIPSEQ:ALIGN_BWA_MEM:BAM_SORT_SAMTOOLS:BAM_STATS_SAMTOOLS:SAMTOOLS_IDXSTATS (SPT5_INPUT_REP2_T1); status: COMPLETED; exit: 0; error: -; workDir: /home/ahmed/pranay/work/5a/e0b3268c9a35e640fc394c1c8264e9]
Aug-23 00:38:19.867 [Task monitor] DEBUG n.processor.TaskPollingMonitor - Task completed > TaskHandler[id: 21; name: NFCORE_CHIPSEQ:CHIPSEQ:ALIGN_BWA_MEM:BWA_MEM (SPT5_T0_REP1_T1); status: COMPLETED; exit: 0; error: -; workDir: /home/ahmed/pranay/work/9c/da1b12f8abbdf8138c140ba0be1e6f]
Aug-23 00:38:19.871 [Task submitter] DEBUG n.executor.local.LocalTaskHandler - Launch cmd line: /bin/bash -ue .command.run
Aug-23 00:38:19.871 [Task submitter] INFO  nextflow.Session - [ae/5cdb73] Submitted process > NFCORE_CHIPSEQ:CHIPSEQ:ALIGN_BWA_MEM:BAM_SORT_SAMTOOLS:SAMTOOLS_SORT (SPT5_T0_REP1_T1)
Aug-23 00:38:20.004 [Task monitor] DEBUG n.processor.TaskPollingMonitor - Task completed > TaskHandler[id: 24; name: NFCORE_CHIPSEQ:CHIPSEQ:ALIGN_BWA_MEM:BWA_MEM (SPT5_T15_REP2_T1); status: COMPLETED; exit: 0; error: -; workDir: /home/ahmed/pranay/work/01/a4a610700e8e6c015303a81eefeb48]
Aug-23 00:38:20.008 [Task submitter] DEBUG n.executor.local.LocalTaskHandler - Launch cmd line: /bin/bash -ue .command.run
Aug-23 00:38:20.009 [Task submitter] INFO  nextflow.Session - [00/d3e3f6] Submitted process > NFCORE_CHIPSEQ:CHIPSEQ:ALIGN_BWA_MEM:BAM_SORT_SAMTOOLS:SAMTOOLS_SORT (SPT5_T15_REP2_T1)
Aug-23 00:38:20.014 [Task monitor] DEBUG n.processor.TaskPollingMonitor - Task completed > TaskHandler[id: 25; name: NFCORE_CHIPSEQ:CHIPSEQ:ALIGN_BWA_MEM:BWA_MEM (SPT5_T15_REP1_T1); status: COMPLETED; exit: 0; error: -; workDir: /home/ahmed/pranay/work/16/5ac397d06470e002bccfa802374ddc]
Aug-23 00:38:20.019 [Task submitter] DEBUG n.executor.local.LocalTaskHandler - Launch cmd line: /bin/bash -ue .command.run
Aug-23 00:38:20.019 [Task submitter] INFO  nextflow.Session - [f3/2b1565] Submitted process > NFCORE_CHIPSEQ:CHIPSEQ:ALIGN_BWA_MEM:BAM_SORT_SAMTOOLS:SAMTOOLS_SORT (SPT5_T15_REP1_T1)
Aug-23 00:38:20.495 [Task monitor] DEBUG n.processor.TaskPollingMonitor - Task completed > TaskHandler[id: 35; name: NFCORE_CHIPSEQ:CHIPSEQ:ALIGN_BWA_MEM:BAM_SORT_SAMTOOLS:SAMTOOLS_SORT (SPT5_T0_REP1_T1); status: COMPLETED; exit: 0; error: -; workDir: /home/ahmed/pranay/work/ae/5cdb735c7817d0bfbc7ad63a82e9e7]
Aug-23 00:38:20.499 [Task submitter] DEBUG n.executor.local.LocalTaskHandler - Launch cmd line: /bin/bash -ue .command.run
Aug-23 00:38:20.499 [Task submitter] INFO  nextflow.Session - [bd/5a919c] Submitted process > NFCORE_CHIPSEQ:CHIPSEQ:ALIGN_BWA_MEM:BAM_SORT_SAMTOOLS:SAMTOOLS_INDEX (SPT5_T0_REP1_T1)
Aug-23 00:38:21.927 [Task monitor] DEBUG n.processor.TaskPollingMonitor - Task completed > TaskHandler[id: 37; name: NFCORE_CHIPSEQ:CHIPSEQ:ALIGN_BWA_MEM:BAM_SORT_SAMTOOLS:SAMTOOLS_SORT (SPT5_T15_REP1_T1); status: COMPLETED; exit: 0; error: -; workDir: /home/ahmed/pranay/work/f3/2b156552953ba04568828fa7356da2]
Aug-23 00:38:21.931 [Task submitter] DEBUG n.executor.local.LocalTaskHandler - Launch cmd line: /bin/bash -ue .command.run
Aug-23 00:38:21.932 [Task submitter] INFO  nextflow.Session - [6e/42c910] Submitted process > NFCORE_CHIPSEQ:CHIPSEQ:ALIGN_BWA_MEM:BAM_SORT_SAMTOOLS:SAMTOOLS_INDEX (SPT5_T15_REP1_T1)
Aug-23 00:38:21.937 [Task monitor] DEBUG n.processor.TaskPollingMonitor - Task completed > TaskHandler[id: 36; name: NFCORE_CHIPSEQ:CHIPSEQ:ALIGN_BWA_MEM:BAM_SORT_SAMTOOLS:SAMTOOLS_SORT (SPT5_T15_REP2_T1); status: COMPLETED; exit: 0; error: -; workDir: /home/ahmed/pranay/work/00/d3e3f62d74acdd040049950d567c99]
Aug-23 00:38:21.943 [Task submitter] DEBUG n.executor.local.LocalTaskHandler - Launch cmd line: /bin/bash -ue .command.run
Aug-23 00:38:21.943 [Task submitter] INFO  nextflow.Session - [34/8da0d8] Submitted process > NFCORE_CHIPSEQ:CHIPSEQ:ALIGN_BWA_MEM:BAM_SORT_SAMTOOLS:SAMTOOLS_INDEX (SPT5_T15_REP2_T1)
Aug-23 00:38:22.193 [Task monitor] DEBUG n.processor.TaskPollingMonitor - Task completed > TaskHandler[id: 38; name: NFCORE_CHIPSEQ:CHIPSEQ:ALIGN_BWA_MEM:BAM_SORT_SAMTOOLS:SAMTOOLS_INDEX (SPT5_T0_REP1_T1); status: COMPLETED; exit: 0; error: -; workDir: /home/ahmed/pranay/work/bd/5a919cfe3c416f0fa90d1bb248908c]
Aug-23 00:38:22.197 [Task monitor] DEBUG nextflow.processor.TaskProcessor - Process NFCORE_CHIPSEQ:CHIPSEQ:ALIGN_BWA_MEM:BAM_SORT_SAMTOOLS:SAMTOOLS_INDEX > Skipping output binding because one or more optional files are missing: fileoutparam<1:1>
Aug-23 00:38:22.197 [Task monitor] DEBUG nextflow.processor.TaskProcessor - Process NFCORE_CHIPSEQ:CHIPSEQ:ALIGN_BWA_MEM:BAM_SORT_SAMTOOLS:SAMTOOLS_INDEX > Skipping output binding because one or more optional files are missing: fileoutparam<2:1>
Aug-23 00:38:22.212 [Task submitter] DEBUG n.executor.local.LocalTaskHandler - Launch cmd line: /bin/bash -ue .command.run
Aug-23 00:38:22.212 [Task submitter] INFO  nextflow.Session - [65/044cef] Submitted process > NFCORE_CHIPSEQ:CHIPSEQ:ALIGN_BWA_MEM:BAM_SORT_SAMTOOLS:BAM_STATS_SAMTOOLS:SAMTOOLS_IDXSTATS (SPT5_T0_REP1_T1)
Aug-23 00:38:22.219 [Task submitter] DEBUG n.executor.local.LocalTaskHandler - Launch cmd line: /bin/bash -ue .command.run
Aug-23 00:38:22.220 [Task submitter] INFO  nextflow.Session - [38/7d1539] Submitted process > NFCORE_CHIPSEQ:CHIPSEQ:ALIGN_BWA_MEM:BAM_SORT_SAMTOOLS:BAM_STATS_SAMTOOLS:SAMTOOLS_STATS (SPT5_T0_REP1_T1)
Aug-23 00:38:22.447 [Task monitor] DEBUG n.processor.TaskPollingMonitor - Task completed > TaskHandler[id: 40; name: NFCORE_CHIPSEQ:CHIPSEQ:ALIGN_BWA_MEM:BAM_SORT_SAMTOOLS:SAMTOOLS_INDEX (SPT5_T15_REP2_T1); status: COMPLETED; exit: 0; error: -; workDir: /home/ahmed/pranay/work/34/8da0d81013d1f06aafcd77e5d509e4]
Aug-23 00:38:22.448 [Task monitor] DEBUG nextflow.processor.TaskProcessor - Process NFCORE_CHIPSEQ:CHIPSEQ:ALIGN_BWA_MEM:BAM_SORT_SAMTOOLS:SAMTOOLS_INDEX > Skipping output binding because one or more optional files are missing: fileoutparam<1:1>
Aug-23 00:38:22.448 [Task monitor] DEBUG nextflow.processor.TaskProcessor - Process NFCORE_CHIPSEQ:CHIPSEQ:ALIGN_BWA_MEM:BAM_SORT_SAMTOOLS:SAMTOOLS_INDEX > Skipping output binding because one or more optional files are missing: fileoutparam<2:1>
Aug-23 00:38:22.449 [Task submitter] DEBUG n.executor.local.LocalTaskHandler - Launch cmd line: /bin/bash -ue .command.run
Aug-23 00:38:22.449 [Task submitter] INFO  nextflow.Session - [28/a5206d] Submitted process > NFCORE_CHIPSEQ:CHIPSEQ:ALIGN_BWA_MEM:BAM_SORT_SAMTOOLS:BAM_STATS_SAMTOOLS:SAMTOOLS_FLAGSTAT (SPT5_T0_REP1_T1)
Aug-23 00:38:22.460 [Task monitor] DEBUG n.processor.TaskPollingMonitor - Task completed > TaskHandler[id: 39; name: NFCORE_CHIPSEQ:CHIPSEQ:ALIGN_BWA_MEM:BAM_SORT_SAMTOOLS:SAMTOOLS_INDEX (SPT5_T15_REP1_T1); status: COMPLETED; exit: 0; error: -; workDir: /home/ahmed/pranay/work/6e/42c910e41598db7f7b028b90d23632]
Aug-23 00:38:22.462 [Task submitter] DEBUG n.executor.local.LocalTaskHandler - Launch cmd line: /bin/bash -ue .command.run
Aug-23 00:38:22.462 [Task monitor] DEBUG nextflow.processor.TaskProcessor - Process NFCORE_CHIPSEQ:CHIPSEQ:ALIGN_BWA_MEM:BAM_SORT_SAMTOOLS:SAMTOOLS_INDEX > Skipping output binding because one or more optional files are missing: fileoutparam<1:1>
Aug-23 00:38:22.462 [Task submitter] INFO  nextflow.Session - [bb/4a644d] Submitted process > NFCORE_CHIPSEQ:CHIPSEQ:ALIGN_BWA_MEM:BAM_SORT_SAMTOOLS:BAM_STATS_SAMTOOLS:SAMTOOLS_IDXSTATS (SPT5_T15_REP2_T1)
Aug-23 00:38:22.462 [Task monitor] DEBUG nextflow.processor.TaskProcessor - Process NFCORE_CHIPSEQ:CHIPSEQ:ALIGN_BWA_MEM:BAM_SORT_SAMTOOLS:SAMTOOLS_INDEX > Skipping output binding because one or more optional files are missing: fileoutparam<2:1>
Aug-23 00:38:22.638 [Task monitor] DEBUG n.processor.TaskPollingMonitor - Task completed > TaskHandler[id: 41; name: NFCORE_CHIPSEQ:CHIPSEQ:ALIGN_BWA_MEM:BAM_SORT_SAMTOOLS:BAM_STATS_SAMTOOLS:SAMTOOLS_IDXSTATS (SPT5_T0_REP1_T1); status: COMPLETED; exit: 0; error: -; workDir: /home/ahmed/pranay/work/65/044cef87cb5a2193041b53b2ac11e5]
Aug-23 00:38:22.640 [Task submitter] DEBUG n.executor.local.LocalTaskHandler - Launch cmd line: /bin/bash -ue .command.run
Aug-23 00:38:22.640 [Task submitter] INFO  nextflow.Session - [09/4c5643] Submitted process > NFCORE_CHIPSEQ:CHIPSEQ:ALIGN_BWA_MEM:BAM_SORT_SAMTOOLS:BAM_STATS_SAMTOOLS:SAMTOOLS_STATS (SPT5_T15_REP2_T1)
Aug-23 00:38:22.838 [Task monitor] DEBUG n.processor.TaskPollingMonitor - Task completed > TaskHandler[id: 42; name: NFCORE_CHIPSEQ:CHIPSEQ:ALIGN_BWA_MEM:BAM_SORT_SAMTOOLS:BAM_STATS_SAMTOOLS:SAMTOOLS_STATS (SPT5_T0_REP1_T1); status: COMPLETED; exit: 0; error: -; workDir: /home/ahmed/pranay/work/38/7d1539cb733eeade4795980e3d107b]
Aug-23 00:38:22.843 [Task submitter] DEBUG n.executor.local.LocalTaskHandler - Launch cmd line: /bin/bash -ue .command.run
Aug-23 00:38:22.843 [Task submitter] INFO  nextflow.Session - [2f/bca978] Submitted process > NFCORE_CHIPSEQ:CHIPSEQ:ALIGN_BWA_MEM:BAM_SORT_SAMTOOLS:BAM_STATS_SAMTOOLS:SAMTOOLS_FLAGSTAT (SPT5_T15_REP2_T1)
Aug-23 00:38:22.875 [Task monitor] DEBUG n.processor.TaskPollingMonitor - Task completed > TaskHandler[id: 44; name: NFCORE_CHIPSEQ:CHIPSEQ:ALIGN_BWA_MEM:BAM_SORT_SAMTOOLS:BAM_STATS_SAMTOOLS:SAMTOOLS_IDXSTATS (SPT5_T15_REP2_T1); status: COMPLETED; exit: 0; error: -; workDir: /home/ahmed/pranay/work/bb/4a644dec81d881ecd4c960eadc5fd4]
Aug-23 00:38:22.877 [Task submitter] DEBUG n.executor.local.LocalTaskHandler - Launch cmd line: /bin/bash -ue .command.run
Aug-23 00:38:22.877 [Task submitter] INFO  nextflow.Session - [02/255dfd] Submitted process > NFCORE_CHIPSEQ:CHIPSEQ:ALIGN_BWA_MEM:BAM_SORT_SAMTOOLS:BAM_STATS_SAMTOOLS:SAMTOOLS_IDXSTATS (SPT5_T15_REP1_T1)
Aug-23 00:38:22.918 [Task monitor] DEBUG n.processor.TaskPollingMonitor - Task completed > TaskHandler[id: 43; name: NFCORE_CHIPSEQ:CHIPSEQ:ALIGN_BWA_MEM:BAM_SORT_SAMTOOLS:BAM_STATS_SAMTOOLS:SAMTOOLS_FLAGSTAT (SPT5_T0_REP1_T1); status: COMPLETED; exit: 0; error: -; workDir: /home/ahmed/pranay/work/28/a5206da7f7c7281cb5c7c1154a2c76]
Aug-23 00:38:22.924 [Task submitter] DEBUG n.executor.local.LocalTaskHandler - Launch cmd line: /bin/bash -ue .command.run
Aug-23 00:38:22.924 [Task submitter] INFO  nextflow.Session - [19/8c52b7] Submitted process > NFCORE_CHIPSEQ:CHIPSEQ:ALIGN_BWA_MEM:BAM_SORT_SAMTOOLS:BAM_STATS_SAMTOOLS:SAMTOOLS_FLAGSTAT (SPT5_T15_REP1_T1)
Aug-23 00:38:23.090 [Task monitor] DEBUG n.processor.TaskPollingMonitor - Task completed > TaskHandler[id: 31; name: NFCORE_CHIPSEQ:CHIPSEQ:ALIGN_BWA_MEM:BWA_MEM (SPT5_T0_REP2_T1); status: COMPLETED; exit: 0; error: -; workDir: /home/ahmed/pranay/work/e0/38994d533bee9d1401df36b5a9c949]
Aug-23 00:38:23.092 [Task submitter] DEBUG n.executor.local.LocalTaskHandler - Launch cmd line: /bin/bash -ue .command.run
Aug-23 00:38:23.092 [Task submitter] INFO  nextflow.Session - [a5/d58418] Submitted process > NFCORE_CHIPSEQ:CHIPSEQ:ALIGN_BWA_MEM:BAM_SORT_SAMTOOLS:BAM_STATS_SAMTOOLS:SAMTOOLS_STATS (SPT5_T15_REP1_T1)
Aug-23 00:38:25.724 [Task monitor] DEBUG n.processor.TaskPollingMonitor - Task completed > TaskHandler[id: 45; name: NFCORE_CHIPSEQ:CHIPSEQ:ALIGN_BWA_MEM:BAM_SORT_SAMTOOLS:BAM_STATS_SAMTOOLS:SAMTOOLS_STATS (SPT5_T15_REP2_T1); status: COMPLETED; exit: 0; error: -; workDir: /home/ahmed/pranay/work/09/4c5643ee748c6a1e7624a172fabd04]
Aug-23 00:38:25.726 [Task submitter] DEBUG n.executor.local.LocalTaskHandler - Launch cmd line: /bin/bash -ue .command.run
Aug-23 00:38:25.726 [Task submitter] INFO  nextflow.Session - [95/745461] Submitted process > NFCORE_CHIPSEQ:CHIPSEQ:ALIGN_BWA_MEM:BAM_SORT_SAMTOOLS:SAMTOOLS_SORT (SPT5_T0_REP2_T1)
Aug-23 00:38:25.752 [Task monitor] DEBUG n.processor.TaskPollingMonitor - Task completed > TaskHandler[id: 49; name: NFCORE_CHIPSEQ:CHIPSEQ:ALIGN_BWA_MEM:BAM_SORT_SAMTOOLS:BAM_STATS_SAMTOOLS:SAMTOOLS_IDXSTATS (SPT5_T15_REP1_T1); status: COMPLETED; exit: 0; error: -; workDir: /home/ahmed/pranay/work/02/255dfde46ff0fa3d3d1f821bc72485]
Aug-23 00:38:25.783 [Task monitor] DEBUG n.processor.TaskPollingMonitor - Task completed > TaskHandler[id: 46; name: NFCORE_CHIPSEQ:CHIPSEQ:ALIGN_BWA_MEM:BAM_SORT_SAMTOOLS:BAM_STATS_SAMTOOLS:SAMTOOLS_FLAGSTAT (SPT5_T15_REP2_T1); status: COMPLETED; exit: 0; error: -; workDir: /home/ahmed/pranay/work/2f/bca978106448bcd5d9b115f92f853a]
Aug-23 00:38:25.875 [Task monitor] DEBUG n.processor.TaskPollingMonitor - Task completed > TaskHandler[id: 47; name: NFCORE_CHIPSEQ:CHIPSEQ:ALIGN_BWA_MEM:BAM_SORT_SAMTOOLS:BAM_STATS_SAMTOOLS:SAMTOOLS_FLAGSTAT (SPT5_T15_REP1_T1); status: COMPLETED; exit: 0; error: -; workDir: /home/ahmed/pranay/work/19/8c52b7767cc9afbf8c7894807c5514]
Aug-23 00:38:26.124 [Task monitor] DEBUG n.processor.TaskPollingMonitor - Task completed > TaskHandler[id: 48; name: NFCORE_CHIPSEQ:CHIPSEQ:ALIGN_BWA_MEM:BAM_SORT_SAMTOOLS:BAM_STATS_SAMTOOLS:SAMTOOLS_STATS (SPT5_T15_REP1_T1); status: COMPLETED; exit: 0; error: -; workDir: /home/ahmed/pranay/work/a5/d5841894942b0cb74ac422b8c8fd31]
Aug-23 00:38:26.346 [Task monitor] DEBUG n.processor.TaskPollingMonitor - Task completed > TaskHandler[id: 50; name: NFCORE_CHIPSEQ:CHIPSEQ:ALIGN_BWA_MEM:BAM_SORT_SAMTOOLS:SAMTOOLS_SORT (SPT5_T0_REP2_T1); status: COMPLETED; exit: 0; error: -; workDir: /home/ahmed/pranay/work/95/745461e4958b448781355838c70779]
Aug-23 00:38:26.359 [Task submitter] DEBUG n.executor.local.LocalTaskHandler - Launch cmd line: /bin/bash -ue .command.run
Aug-23 00:38:26.359 [Task submitter] INFO  nextflow.Session - [79/5e033b] Submitted process > NFCORE_CHIPSEQ:CHIPSEQ:ALIGN_BWA_MEM:BAM_SORT_SAMTOOLS:SAMTOOLS_INDEX (SPT5_T0_REP2_T1)
Aug-23 00:38:26.371 [Task submitter] DEBUG n.executor.local.LocalTaskHandler - Launch cmd line: /bin/bash -ue .command.run
Aug-23 00:38:26.372 [Task submitter] INFO  nextflow.Session - [a4/93f003] Submitted process > NFCORE_CHIPSEQ:CHIPSEQ:PICARD_MERGESAMFILES (SPT5_INPUT_REP1)
Aug-23 00:38:26.377 [Task submitter] DEBUG n.executor.local.LocalTaskHandler - Launch cmd line: /bin/bash -ue .command.run
Aug-23 00:38:26.377 [Task submitter] INFO  nextflow.Session - [b8/b43514] Submitted process > NFCORE_CHIPSEQ:CHIPSEQ:PICARD_MERGESAMFILES (SPT5_T0_REP1)
Aug-23 00:38:26.383 [Task submitter] DEBUG n.executor.local.LocalTaskHandler - Launch cmd line: /bin/bash -ue .command.run
Aug-23 00:38:26.384 [Task submitter] INFO  nextflow.Session - [a4/b30036] Submitted process > NFCORE_CHIPSEQ:CHIPSEQ:PICARD_MERGESAMFILES (SPT5_T15_REP1)
Aug-23 00:38:26.390 [Task submitter] DEBUG n.executor.local.LocalTaskHandler - Launch cmd line: /bin/bash -ue .command.run
Aug-23 00:38:26.390 [Task submitter] INFO  nextflow.Session - [39/7ffb90] Submitted process > NFCORE_CHIPSEQ:CHIPSEQ:PICARD_MERGESAMFILES (SPT5_T15_REP2)
Aug-23 00:38:26.932 [Task monitor] DEBUG n.processor.TaskPollingMonitor - Task completed > TaskHandler[id: 51; name: NFCORE_CHIPSEQ:CHIPSEQ:ALIGN_BWA_MEM:BAM_SORT_SAMTOOLS:SAMTOOLS_INDEX (SPT5_T0_REP2_T1); status: COMPLETED; exit: 0; error: -; workDir: /home/ahmed/pranay/work/79/5e033b4b77cf64d665e124d9c804b2]
Aug-23 00:38:26.934 [Task monitor] DEBUG nextflow.processor.TaskProcessor - Process NFCORE_CHIPSEQ:CHIPSEQ:ALIGN_BWA_MEM:BAM_SORT_SAMTOOLS:SAMTOOLS_INDEX > Skipping output binding because one or more optional files are missing: fileoutparam<1:1>
Aug-23 00:38:26.934 [Task monitor] DEBUG nextflow.processor.TaskProcessor - Process NFCORE_CHIPSEQ:CHIPSEQ:ALIGN_BWA_MEM:BAM_SORT_SAMTOOLS:SAMTOOLS_INDEX > Skipping output binding because one or more optional files are missing: fileoutparam<2:1>
Aug-23 00:38:26.934 [Task submitter] DEBUG n.executor.local.LocalTaskHandler - Launch cmd line: /bin/bash -ue .command.run
Aug-23 00:38:26.934 [Task submitter] INFO  nextflow.Session - [67/83cb69] Submitted process > NFCORE_CHIPSEQ:CHIPSEQ:PICARD_MERGESAMFILES (SPT5_T0_REP2)
Aug-23 00:38:28.804 [Task monitor] DEBUG n.processor.TaskPollingMonitor - Task completed > TaskHandler[id: 55; name: NFCORE_CHIPSEQ:CHIPSEQ:PICARD_MERGESAMFILES (SPT5_T15_REP1); status: COMPLETED; exit: 0; error: -; workDir: /home/ahmed/pranay/work/a4/b300369f7b3e3790a8aa529507440c]
Aug-23 00:38:28.806 [Task submitter] DEBUG n.executor.local.LocalTaskHandler - Launch cmd line: /bin/bash -ue .command.run
Aug-23 00:38:28.806 [Task submitter] INFO  nextflow.Session - [1d/6b08f5] Submitted process > NFCORE_CHIPSEQ:CHIPSEQ:PICARD_MERGESAMFILES (SPT5_INPUT_REP2)
Aug-23 00:38:28.818 [Task monitor] DEBUG n.processor.TaskPollingMonitor - Task completed > TaskHandler[id: 54; name: NFCORE_CHIPSEQ:CHIPSEQ:PICARD_MERGESAMFILES (SPT5_T0_REP1); status: COMPLETED; exit: 0; error: -; workDir: /home/ahmed/pranay/work/b8/b43514d6745f36e2ba8cdd6057fdb8]
Aug-23 00:38:28.820 [Task submitter] DEBUG n.executor.local.LocalTaskHandler - Launch cmd line: /bin/bash -ue .command.run
Aug-23 00:38:28.820 [Task submitter] INFO  nextflow.Session - [29/c8809a] Submitted process > NFCORE_CHIPSEQ:CHIPSEQ:ALIGN_BWA_MEM:BAM_SORT_SAMTOOLS:BAM_STATS_SAMTOOLS:SAMTOOLS_STATS (SPT5_T0_REP2_T1)
Aug-23 00:38:28.831 [Task monitor] DEBUG n.processor.TaskPollingMonitor - Task completed > TaskHandler[id: 56; name: NFCORE_CHIPSEQ:CHIPSEQ:PICARD_MERGESAMFILES (SPT5_T15_REP2); status: COMPLETED; exit: 0; error: -; workDir: /home/ahmed/pranay/work/39/7ffb900aee59fdd744717b84fb3edf]
Aug-23 00:38:28.833 [Task submitter] DEBUG n.executor.local.LocalTaskHandler - Launch cmd line: /bin/bash -ue .command.run
Aug-23 00:38:28.833 [Task submitter] INFO  nextflow.Session - [e1/15d92b] Submitted process > NFCORE_CHIPSEQ:CHIPSEQ:ALIGN_BWA_MEM:BAM_SORT_SAMTOOLS:BAM_STATS_SAMTOOLS:SAMTOOLS_IDXSTATS (SPT5_T0_REP2_T1)
Aug-23 00:38:28.925 [Task monitor] DEBUG n.processor.TaskPollingMonitor - Task completed > TaskHandler[id: 52; name: NFCORE_CHIPSEQ:CHIPSEQ:PICARD_MERGESAMFILES (SPT5_INPUT_REP1); status: COMPLETED; exit: 0; error: -; workDir: /home/ahmed/pranay/work/a4/93f003d9715e4807c8ef7bcb7ede21]
Aug-23 00:38:28.928 [Task submitter] DEBUG n.executor.local.LocalTaskHandler - Launch cmd line: /bin/bash -ue .command.run
Aug-23 00:38:28.928 [Task submitter] INFO  nextflow.Session - [9f/a6eb4c] Submitted process > NFCORE_CHIPSEQ:CHIPSEQ:ALIGN_BWA_MEM:BAM_SORT_SAMTOOLS:BAM_STATS_SAMTOOLS:SAMTOOLS_FLAGSTAT (SPT5_T0_REP2_T1)
Aug-23 00:38:30.409 [Task monitor] DEBUG n.processor.TaskPollingMonitor - Task completed > TaskHandler[id: 57; name: NFCORE_CHIPSEQ:CHIPSEQ:PICARD_MERGESAMFILES (SPT5_T0_REP2); status: COMPLETED; exit: 0; error: -; workDir: /home/ahmed/pranay/work/67/83cb69df68f6f0983f57d7eb0779fb]
Aug-23 00:38:30.412 [Task submitter] DEBUG n.executor.local.LocalTaskHandler - Launch cmd line: /bin/bash -ue .command.run
Aug-23 00:38:30.412 [Task submitter] INFO  nextflow.Session - [e8/1af78f] Submitted process > NFCORE_CHIPSEQ:CHIPSEQ:MARK_DUPLICATES_PICARD:PICARD_MARKDUPLICATES (SPT5_T15_REP1)
Aug-23 00:38:30.477 [Task monitor] DEBUG n.processor.TaskPollingMonitor - Task completed > TaskHandler[id: 58; name: NFCORE_CHIPSEQ:CHIPSEQ:ALIGN_BWA_MEM:BAM_SORT_SAMTOOLS:BAM_STATS_SAMTOOLS:SAMTOOLS_IDXSTATS (SPT5_T0_REP2_T1); status: COMPLETED; exit: 0; error: -; workDir: /home/ahmed/pranay/work/e1/15d92b2741938c22d205f626df16d7]
Aug-23 00:38:30.479 [Task submitter] DEBUG n.executor.local.LocalTaskHandler - Launch cmd line: /bin/bash -ue .command.run
Aug-23 00:38:30.479 [Task submitter] INFO  nextflow.Session - [06/308b92] Submitted process > NFCORE_CHIPSEQ:CHIPSEQ:MARK_DUPLICATES_PICARD:PICARD_MARKDUPLICATES (SPT5_T0_REP1)
Aug-23 00:38:30.541 [Task monitor] DEBUG n.processor.TaskPollingMonitor - Task completed > TaskHandler[id: 59; name: NFCORE_CHIPSEQ:CHIPSEQ:ALIGN_BWA_MEM:BAM_SORT_SAMTOOLS:BAM_STATS_SAMTOOLS:SAMTOOLS_STATS (SPT5_T0_REP2_T1); status: COMPLETED; exit: 0; error: -; workDir: /home/ahmed/pranay/work/29/c8809ad12af4ec3eed3461ce4350d8]
Aug-23 00:38:30.543 [Task submitter] DEBUG n.executor.local.LocalTaskHandler - Launch cmd line: /bin/bash -ue .command.run
Aug-23 00:38:30.543 [Task submitter] INFO  nextflow.Session - [bc/9b13ae] Submitted process > NFCORE_CHIPSEQ:CHIPSEQ:MARK_DUPLICATES_PICARD:PICARD_MARKDUPLICATES (SPT5_T15_REP2)
Aug-23 00:38:30.626 [Task monitor] DEBUG n.processor.TaskPollingMonitor - Task completed > TaskHandler[id: 60; name: NFCORE_CHIPSEQ:CHIPSEQ:ALIGN_BWA_MEM:BAM_SORT_SAMTOOLS:BAM_STATS_SAMTOOLS:SAMTOOLS_FLAGSTAT (SPT5_T0_REP2_T1); status: COMPLETED; exit: 0; error: -; workDir: /home/ahmed/pranay/work/9f/a6eb4c86c4f9e014ba7a35a2e5521d]
Aug-23 00:38:30.628 [Task submitter] DEBUG n.executor.local.LocalTaskHandler - Launch cmd line: /bin/bash -ue .command.run
Aug-23 00:38:30.628 [Task submitter] INFO  nextflow.Session - [2c/77c2bf] Submitted process > NFCORE_CHIPSEQ:CHIPSEQ:MARK_DUPLICATES_PICARD:PICARD_MARKDUPLICATES (SPT5_INPUT_REP1)
Aug-23 00:38:32.088 [Task monitor] DEBUG n.processor.TaskPollingMonitor - Task completed > TaskHandler[id: 53; name: NFCORE_CHIPSEQ:CHIPSEQ:PICARD_MERGESAMFILES (SPT5_INPUT_REP2); status: COMPLETED; exit: 0; error: -; workDir: /home/ahmed/pranay/work/1d/6b08f599d61e423a76dda8c2ef0193]
Aug-23 00:38:32.090 [Task submitter] DEBUG n.executor.local.LocalTaskHandler - Launch cmd line: /bin/bash -ue .command.run
Aug-23 00:38:32.091 [Task submitter] INFO  nextflow.Session - [5d/b2858d] Submitted process > NFCORE_CHIPSEQ:CHIPSEQ:MARK_DUPLICATES_PICARD:PICARD_MARKDUPLICATES (SPT5_T0_REP2)
Aug-23 00:38:37.322 [Task monitor] DEBUG n.processor.TaskPollingMonitor - Task completed > TaskHandler[id: 62; name: NFCORE_CHIPSEQ:CHIPSEQ:MARK_DUPLICATES_PICARD:PICARD_MARKDUPLICATES (SPT5_T0_REP1); status: COMPLETED; exit: 0; error: -; workDir: /home/ahmed/pranay/work/06/308b92acba8621a0d1049064e865f2]
Aug-23 00:38:37.326 [Task monitor] DEBUG nextflow.processor.TaskProcessor - Process NFCORE_CHIPSEQ:CHIPSEQ:MARK_DUPLICATES_PICARD:PICARD_MARKDUPLICATES > Skipping output binding because one or more optional files are missing: fileoutparam<1:1>
Aug-23 00:38:37.327 [Task submitter] DEBUG n.executor.local.LocalTaskHandler - Launch cmd line: /bin/bash -ue .command.run
Aug-23 00:38:37.327 [Task submitter] INFO  nextflow.Session - [aa/eab29f] Submitted process > NFCORE_CHIPSEQ:CHIPSEQ:MARK_DUPLICATES_PICARD:PICARD_MARKDUPLICATES (SPT5_INPUT_REP2)
Aug-23 00:38:37.444 [Task monitor] DEBUG n.processor.TaskPollingMonitor - Task completed > TaskHandler[id: 61; name: NFCORE_CHIPSEQ:CHIPSEQ:MARK_DUPLICATES_PICARD:PICARD_MARKDUPLICATES (SPT5_T15_REP1); status: COMPLETED; exit: 0; error: -; workDir: /home/ahmed/pranay/work/e8/1af78f16a60ef49fedd997885ee2db]
Aug-23 00:38:37.445 [Task monitor] DEBUG nextflow.processor.TaskProcessor - Process NFCORE_CHIPSEQ:CHIPSEQ:MARK_DUPLICATES_PICARD:PICARD_MARKDUPLICATES > Skipping output binding because one or more optional files are missing: fileoutparam<1:1>
Aug-23 00:38:37.446 [Task submitter] DEBUG n.executor.local.LocalTaskHandler - Launch cmd line: /bin/bash -ue .command.run
Aug-23 00:38:37.446 [Task submitter] INFO  nextflow.Session - [11/16aa05] Submitted process > NFCORE_CHIPSEQ:CHIPSEQ:MARK_DUPLICATES_PICARD:SAMTOOLS_INDEX (SPT5_T0_REP1)
Aug-23 00:38:40.068 [Task monitor] DEBUG n.processor.TaskPollingMonitor - Task completed > TaskHandler[id: 63; name: NFCORE_CHIPSEQ:CHIPSEQ:MARK_DUPLICATES_PICARD:PICARD_MARKDUPLICATES (SPT5_T15_REP2); status: COMPLETED; exit: 0; error: -; workDir: /home/ahmed/pranay/work/bc/9b13aefa01b472d71ac4c3614bd5c3]
Aug-23 00:38:40.070 [Task monitor] DEBUG nextflow.processor.TaskProcessor - Process NFCORE_CHIPSEQ:CHIPSEQ:MARK_DUPLICATES_PICARD:PICARD_MARKDUPLICATES > Skipping output binding because one or more optional files are missing: fileoutparam<1:1>
Aug-23 00:38:40.070 [Task submitter] DEBUG n.executor.local.LocalTaskHandler - Launch cmd line: /bin/bash -ue .command.run
Aug-23 00:38:40.070 [Task submitter] INFO  nextflow.Session - [ea/3a78d2] Submitted process > NFCORE_CHIPSEQ:CHIPSEQ:MARK_DUPLICATES_PICARD:SAMTOOLS_INDEX (SPT5_T15_REP1)
Aug-23 00:38:40.085 [Task monitor] DEBUG n.processor.TaskPollingMonitor - Task completed > TaskHandler[id: 64; name: NFCORE_CHIPSEQ:CHIPSEQ:MARK_DUPLICATES_PICARD:PICARD_MARKDUPLICATES (SPT5_INPUT_REP1); status: COMPLETED; exit: 0; error: -; workDir: /home/ahmed/pranay/work/2c/77c2bff04595787d52743a18f2145f]
Aug-23 00:38:40.086 [Task monitor] DEBUG nextflow.processor.TaskProcessor - Process NFCORE_CHIPSEQ:CHIPSEQ:MARK_DUPLICATES_PICARD:PICARD_MARKDUPLICATES > Skipping output binding because one or more optional files are missing: fileoutparam<1:1>
Aug-23 00:38:40.086 [Task submitter] DEBUG n.executor.local.LocalTaskHandler - Launch cmd line: /bin/bash -ue .command.run
Aug-23 00:38:40.086 [Task submitter] INFO  nextflow.Session - [64/ff85a4] Submitted process > NFCORE_CHIPSEQ:CHIPSEQ:MARK_DUPLICATES_PICARD:SAMTOOLS_INDEX (SPT5_T15_REP2)
Aug-23 00:38:40.297 [Task monitor] DEBUG n.processor.TaskPollingMonitor - Task completed > TaskHandler[id: 67; name: NFCORE_CHIPSEQ:CHIPSEQ:MARK_DUPLICATES_PICARD:SAMTOOLS_INDEX (SPT5_T0_REP1); status: COMPLETED; exit: 0; error: -; workDir: /home/ahmed/pranay/work/11/16aa05e238871c95d2d715b4e4aa5a]
Aug-23 00:38:40.299 [Task monitor] DEBUG nextflow.processor.TaskProcessor - Process NFCORE_CHIPSEQ:CHIPSEQ:MARK_DUPLICATES_PICARD:SAMTOOLS_INDEX > Skipping output binding because one or more optional files are missing: fileoutparam<1:1>
Aug-23 00:38:40.299 [Task monitor] DEBUG nextflow.processor.TaskProcessor - Process NFCORE_CHIPSEQ:CHIPSEQ:MARK_DUPLICATES_PICARD:SAMTOOLS_INDEX > Skipping output binding because one or more optional files are missing: fileoutparam<2:1>
Aug-23 00:38:40.299 [Task submitter] DEBUG n.executor.local.LocalTaskHandler - Launch cmd line: /bin/bash -ue .command.run
Aug-23 00:38:40.299 [Task submitter] INFO  nextflow.Session - [66/7599e2] Submitted process > NFCORE_CHIPSEQ:CHIPSEQ:MARK_DUPLICATES_PICARD:SAMTOOLS_INDEX (SPT5_INPUT_REP1)
Aug-23 00:38:40.312 [Actor Thread 8] DEBUG nextflow.util.CacheHelper - Hash asset file sha-256: /home/ahmed/.nextflow/assets/nf-core/chipseq/assets/bamtools_filter_se.json
Aug-23 00:38:40.313 [Actor Thread 8] DEBUG nextflow.util.CacheHelper - Hash asset file sha-256: /home/ahmed/.nextflow/assets/nf-core/chipseq/assets/bamtools_filter_pe.json
Aug-23 00:38:40.563 [Task monitor] DEBUG n.processor.TaskPollingMonitor - Task completed > TaskHandler[id: 69; name: NFCORE_CHIPSEQ:CHIPSEQ:MARK_DUPLICATES_PICARD:SAMTOOLS_INDEX (SPT5_T15_REP2); status: COMPLETED; exit: 0; error: -; workDir: /home/ahmed/pranay/work/64/ff85a42b65d5452a6fd6d7ccd82d5a]
Aug-23 00:38:40.564 [Task monitor] DEBUG nextflow.processor.TaskProcessor - Process NFCORE_CHIPSEQ:CHIPSEQ:MARK_DUPLICATES_PICARD:SAMTOOLS_INDEX > Skipping output binding because one or more optional files are missing: fileoutparam<1:1>
Aug-23 00:38:40.565 [Task monitor] DEBUG nextflow.processor.TaskProcessor - Process NFCORE_CHIPSEQ:CHIPSEQ:MARK_DUPLICATES_PICARD:SAMTOOLS_INDEX > Skipping output binding because one or more optional files are missing: fileoutparam<2:1>
Aug-23 00:38:40.565 [Task submitter] DEBUG n.executor.local.LocalTaskHandler - Launch cmd line: /bin/bash -ue .command.run
Aug-23 00:38:40.565 [Task submitter] INFO  nextflow.Session - [7f/6f0fad] Submitted process > NFCORE_CHIPSEQ:CHIPSEQ:MARK_DUPLICATES_PICARD:BAM_STATS_SAMTOOLS:SAMTOOLS_STATS (SPT5_T0_REP1)
Aug-23 00:38:40.576 [Task monitor] DEBUG n.processor.TaskPollingMonitor - Task completed > TaskHandler[id: 68; name: NFCORE_CHIPSEQ:CHIPSEQ:MARK_DUPLICATES_PICARD:SAMTOOLS_INDEX (SPT5_T15_REP1); status: COMPLETED; exit: 0; error: -; workDir: /home/ahmed/pranay/work/ea/3a78d24ca83a60d8a09f81bd55d478]
Aug-23 00:38:40.578 [Task submitter] DEBUG n.executor.local.LocalTaskHandler - Launch cmd line: /bin/bash -ue .command.run
Aug-23 00:38:40.578 [Task submitter] INFO  nextflow.Session - [07/2c9e38] Submitted process > NFCORE_CHIPSEQ:CHIPSEQ:MARK_DUPLICATES_PICARD:BAM_STATS_SAMTOOLS:SAMTOOLS_FLAGSTAT (SPT5_T0_REP1)
Aug-23 00:38:40.580 [Task monitor] DEBUG nextflow.processor.TaskProcessor - Process NFCORE_CHIPSEQ:CHIPSEQ:MARK_DUPLICATES_PICARD:SAMTOOLS_INDEX > Skipping output binding because one or more optional files are missing: fileoutparam<1:1>
Aug-23 00:38:40.580 [Task monitor] DEBUG nextflow.processor.TaskProcessor - Process NFCORE_CHIPSEQ:CHIPSEQ:MARK_DUPLICATES_PICARD:SAMTOOLS_INDEX > Skipping output binding because one or more optional files are missing: fileoutparam<2:1>
Aug-23 00:38:40.850 [Task monitor] DEBUG n.processor.TaskPollingMonitor - Task completed > TaskHandler[id: 70; name: NFCORE_CHIPSEQ:CHIPSEQ:MARK_DUPLICATES_PICARD:SAMTOOLS_INDEX (SPT5_INPUT_REP1); status: COMPLETED; exit: 0; error: -; workDir: /home/ahmed/pranay/work/66/7599e2d9d3ad95f49c55e89032a509]
Aug-23 00:38:40.852 [Task monitor] DEBUG nextflow.processor.TaskProcessor - Process NFCORE_CHIPSEQ:CHIPSEQ:MARK_DUPLICATES_PICARD:SAMTOOLS_INDEX > Skipping output binding because one or more optional files are missing: fileoutparam<1:1>
Aug-23 00:38:40.852 [Task submitter] DEBUG n.executor.local.LocalTaskHandler - Launch cmd line: /bin/bash -ue .command.run
Aug-23 00:38:40.852 [Task monitor] DEBUG nextflow.processor.TaskProcessor - Process NFCORE_CHIPSEQ:CHIPSEQ:MARK_DUPLICATES_PICARD:SAMTOOLS_INDEX > Skipping output binding because one or more optional files are missing: fileoutparam<2:1>
Aug-23 00:38:40.852 [Task submitter] INFO  nextflow.Session - [c2/618f5d] Submitted process > NFCORE_CHIPSEQ:CHIPSEQ:MARK_DUPLICATES_PICARD:BAM_STATS_SAMTOOLS:SAMTOOLS_IDXSTATS (SPT5_T0_REP1)
Aug-23 00:38:40.862 [Task monitor] DEBUG n.processor.TaskPollingMonitor - Task completed > TaskHandler[id: 65; name: NFCORE_CHIPSEQ:CHIPSEQ:MARK_DUPLICATES_PICARD:PICARD_MARKDUPLICATES (SPT5_T0_REP2); status: COMPLETED; exit: 0; error: -; workDir: /home/ahmed/pranay/work/5d/b2858d873fd6fce8d71c8a779ba0d4]
Aug-23 00:38:40.863 [Task monitor] DEBUG nextflow.processor.TaskProcessor - Process NFCORE_CHIPSEQ:CHIPSEQ:MARK_DUPLICATES_PICARD:PICARD_MARKDUPLICATES > Skipping output binding because one or more optional files are missing: fileoutparam<1:1>
Aug-23 00:38:40.864 [Task submitter] DEBUG n.executor.local.LocalTaskHandler - Launch cmd line: /bin/bash -ue .command.run
Aug-23 00:38:40.864 [Task submitter] INFO  nextflow.Session - [d7/2db9f9] Submitted process > NFCORE_CHIPSEQ:CHIPSEQ:FILTER_BAM_BAMTOOLS:BAM_FILTER (SPT5_T0_REP1)
Aug-23 00:38:41.063 [Task monitor] DEBUG n.processor.TaskPollingMonitor - Task completed > TaskHandler[id: 73; name: NFCORE_CHIPSEQ:CHIPSEQ:MARK_DUPLICATES_PICARD:BAM_STATS_SAMTOOLS:SAMTOOLS_FLAGSTAT (SPT5_T0_REP1); status: COMPLETED; exit: 0; error: -; workDir: /home/ahmed/pranay/work/07/2c9e38ab5289ee35f7ffdf90dc1c12]
Aug-23 00:38:41.064 [Task submitter] DEBUG n.executor.local.LocalTaskHandler - Launch cmd line: /bin/bash -ue .command.run
Aug-23 00:38:41.064 [Task submitter] INFO  nextflow.Session - [31/a95ccf] Submitted process > NFCORE_CHIPSEQ:CHIPSEQ:MARK_DUPLICATES_PICARD:BAM_STATS_SAMTOOLS:SAMTOOLS_STATS (SPT5_T15_REP2)
Aug-23 00:38:41.182 [Task monitor] DEBUG n.processor.TaskPollingMonitor - Task completed > TaskHandler[id: 72; name: NFCORE_CHIPSEQ:CHIPSEQ:MARK_DUPLICATES_PICARD:BAM_STATS_SAMTOOLS:SAMTOOLS_STATS (SPT5_T0_REP1); status: COMPLETED; exit: 0; error: -; workDir: /home/ahmed/pranay/work/7f/6f0fade045c97ccaa68d9e4d4fa29d]
Aug-23 00:38:41.184 [Task submitter] DEBUG n.executor.local.LocalTaskHandler - Launch cmd line: /bin/bash -ue .command.run
Aug-23 00:38:41.184 [Task submitter] INFO  nextflow.Session - [a3/336a1c] Submitted process > NFCORE_CHIPSEQ:CHIPSEQ:MARK_DUPLICATES_PICARD:BAM_STATS_SAMTOOLS:SAMTOOLS_FLAGSTAT (SPT5_T15_REP2)
Aug-23 00:38:41.240 [Task monitor] DEBUG n.processor.TaskPollingMonitor - Task completed > TaskHandler[id: 74; name: NFCORE_CHIPSEQ:CHIPSEQ:MARK_DUPLICATES_PICARD:BAM_STATS_SAMTOOLS:SAMTOOLS_IDXSTATS (SPT5_T0_REP1); status: COMPLETED; exit: 0; error: -; workDir: /home/ahmed/pranay/work/c2/618f5d82b8d972f24c77f0004d0d3a]
Aug-23 00:38:41.241 [Task submitter] DEBUG n.executor.local.LocalTaskHandler - Launch cmd line: /bin/bash -ue .command.run
Aug-23 00:38:41.242 [Task submitter] INFO  nextflow.Session - [52/40ddd6] Submitted process > NFCORE_CHIPSEQ:CHIPSEQ:FILTER_BAM_BAMTOOLS:BAM_FILTER (SPT5_T15_REP2)
Aug-23 00:38:41.595 [Task monitor] DEBUG n.processor.TaskPollingMonitor - Task completed > TaskHandler[id: 78; name: NFCORE_CHIPSEQ:CHIPSEQ:MARK_DUPLICATES_PICARD:BAM_STATS_SAMTOOLS:SAMTOOLS_FLAGSTAT (SPT5_T15_REP2); status: COMPLETED; exit: 0; error: -; workDir: /home/ahmed/pranay/work/a3/336a1cd0df19a9c7b99b08712cc7c8]
Aug-23 00:38:41.596 [Task submitter] DEBUG n.executor.local.LocalTaskHandler - Launch cmd line: /bin/bash -ue .command.run
Aug-23 00:38:41.596 [Task submitter] INFO  nextflow.Session - [20/840ad5] Submitted process > NFCORE_CHIPSEQ:CHIPSEQ:MARK_DUPLICATES_PICARD:BAM_STATS_SAMTOOLS:SAMTOOLS_IDXSTATS (SPT5_T15_REP2)
Aug-23 00:38:42.944 [Task monitor] DEBUG n.processor.TaskPollingMonitor - Task completed > TaskHandler[id: 77; name: NFCORE_CHIPSEQ:CHIPSEQ:MARK_DUPLICATES_PICARD:BAM_STATS_SAMTOOLS:SAMTOOLS_STATS (SPT5_T15_REP2); status: COMPLETED; exit: 0; error: -; workDir: /home/ahmed/pranay/work/31/a95ccfee49e701b437ca5f1bd536ba]
Aug-23 00:38:42.946 [Task submitter] DEBUG n.executor.local.LocalTaskHandler - Launch cmd line: /bin/bash -ue .command.run
Aug-23 00:38:42.946 [Task submitter] INFO  nextflow.Session - [e2/0e3dce] Submitted process > NFCORE_CHIPSEQ:CHIPSEQ:MARK_DUPLICATES_PICARD:BAM_STATS_SAMTOOLS:SAMTOOLS_IDXSTATS (SPT5_T15_REP1)
Aug-23 00:38:43.080 [Task monitor] DEBUG n.processor.TaskPollingMonitor - Task completed > TaskHandler[id: 71; name: NFCORE_CHIPSEQ:CHIPSEQ:FILTER_BAM_BAMTOOLS:BAM_FILTER (SPT5_T0_REP1); status: COMPLETED; exit: 0; error: -; workDir: /home/ahmed/pranay/work/d7/2db9f9c33b4eb3735a67c9b5ef251c]
Aug-23 00:38:43.082 [Task submitter] DEBUG n.executor.local.LocalTaskHandler - Launch cmd line: /bin/bash -ue .command.run
Aug-23 00:38:43.082 [Task submitter] INFO  nextflow.Session - [ae/6de353] Submitted process > NFCORE_CHIPSEQ:CHIPSEQ:FILTER_BAM_BAMTOOLS:BAM_FILTER (SPT5_T15_REP1)
Aug-23 00:38:43.083 [Actor Thread 16] DEBUG nextflow.util.CacheHelper - Hash asset file sha-256: /home/ahmed/.nextflow/assets/nf-core/chipseq/bin/bampe_rm_orphan.py
Aug-23 00:38:43.111 [Task monitor] DEBUG n.processor.TaskPollingMonitor - Task completed > TaskHandler[id: 76; name: NFCORE_CHIPSEQ:CHIPSEQ:FILTER_BAM_BAMTOOLS:BAM_FILTER (SPT5_T15_REP2); status: COMPLETED; exit: 0; error: -; workDir: /home/ahmed/pranay/work/52/40ddd6f8a7f667635feac862f0c7ec]
Aug-23 00:38:43.113 [Task submitter] DEBUG n.executor.local.LocalTaskHandler - Launch cmd line: /bin/bash -ue .command.run
Aug-23 00:38:43.113 [Task submitter] INFO  nextflow.Session - [33/1aa93c] Submitted process > NFCORE_CHIPSEQ:CHIPSEQ:MARK_DUPLICATES_PICARD:BAM_STATS_SAMTOOLS:SAMTOOLS_FLAGSTAT (SPT5_T15_REP1)
Aug-23 00:38:43.297 [Task monitor] DEBUG n.processor.TaskPollingMonitor - Task completed > TaskHandler[id: 75; name: NFCORE_CHIPSEQ:CHIPSEQ:MARK_DUPLICATES_PICARD:BAM_STATS_SAMTOOLS:SAMTOOLS_IDXSTATS (SPT5_T15_REP2); status: COMPLETED; exit: 0; error: -; workDir: /home/ahmed/pranay/work/20/840ad51d60a24ddd31d286326c0623]
Aug-23 00:38:43.298 [Task submitter] DEBUG n.executor.local.LocalTaskHandler - Launch cmd line: /bin/bash -ue .command.run
Aug-23 00:38:43.298 [Task submitter] INFO  nextflow.Session - [02/48da5d] Submitted process > NFCORE_CHIPSEQ:CHIPSEQ:MARK_DUPLICATES_PICARD:BAM_STATS_SAMTOOLS:SAMTOOLS_STATS (SPT5_T15_REP1)
Aug-23 00:38:43.421 [Task monitor] DEBUG n.processor.TaskPollingMonitor - Task completed > TaskHandler[id: 79; name: NFCORE_CHIPSEQ:CHIPSEQ:MARK_DUPLICATES_PICARD:BAM_STATS_SAMTOOLS:SAMTOOLS_IDXSTATS (SPT5_T15_REP1); status: COMPLETED; exit: 0; error: -; workDir: /home/ahmed/pranay/work/e2/0e3dceec3640df962ab5282db859a3]
Aug-23 00:38:43.423 [Task submitter] DEBUG n.executor.local.LocalTaskHandler - Launch cmd line: /bin/bash -ue .command.run
Aug-23 00:38:43.423 [Task submitter] INFO  nextflow.Session - [82/55d595] Submitted process > NFCORE_CHIPSEQ:CHIPSEQ:MARK_DUPLICATES_PICARD:BAM_STATS_SAMTOOLS:SAMTOOLS_FLAGSTAT (SPT5_INPUT_REP1)
Aug-23 00:38:43.593 [Task monitor] DEBUG n.processor.TaskPollingMonitor - Task completed > TaskHandler[id: 80; name: NFCORE_CHIPSEQ:CHIPSEQ:MARK_DUPLICATES_PICARD:BAM_STATS_SAMTOOLS:SAMTOOLS_FLAGSTAT (SPT5_T15_REP1); status: COMPLETED; exit: 0; error: -; workDir: /home/ahmed/pranay/work/33/1aa93cc40ec75ae72ff840f9c7fd37]
Aug-23 00:38:43.595 [Task submitter] DEBUG n.executor.local.LocalTaskHandler - Launch cmd line: /bin/bash -ue .command.run
Aug-23 00:38:43.596 [Task submitter] INFO  nextflow.Session - [83/256517] Submitted process > NFCORE_CHIPSEQ:CHIPSEQ:MARK_DUPLICATES_PICARD:BAM_STATS_SAMTOOLS:SAMTOOLS_STATS (SPT5_INPUT_REP1)
Aug-23 00:38:43.861 [Task monitor] DEBUG n.processor.TaskPollingMonitor - Task completed > TaskHandler[id: 83; name: NFCORE_CHIPSEQ:CHIPSEQ:MARK_DUPLICATES_PICARD:BAM_STATS_SAMTOOLS:SAMTOOLS_FLAGSTAT (SPT5_INPUT_REP1); status: COMPLETED; exit: 0; error: -; workDir: /home/ahmed/pranay/work/82/55d595b0ff36aa8d41e10041465e7e]
Aug-23 00:38:43.862 [Task submitter] DEBUG n.executor.local.LocalTaskHandler - Launch cmd line: /bin/bash -ue .command.run
Aug-23 00:38:43.862 [Task submitter] INFO  nextflow.Session - [42/6e056f] Submitted process > NFCORE_CHIPSEQ:CHIPSEQ:FILTER_BAM_BAMTOOLS:BAM_FILTER (SPT5_INPUT_REP1)
Aug-23 00:38:43.869 [Task monitor] DEBUG n.processor.TaskPollingMonitor - Task completed > TaskHandler[id: 82; name: NFCORE_CHIPSEQ:CHIPSEQ:MARK_DUPLICATES_PICARD:BAM_STATS_SAMTOOLS:SAMTOOLS_STATS (SPT5_T15_REP1); status: COMPLETED; exit: 0; error: -; workDir: /home/ahmed/pranay/work/02/48da5da26e2517bda899cf97a1a89e]
Aug-23 00:38:43.871 [Task submitter] DEBUG n.executor.local.LocalTaskHandler - Launch cmd line: /bin/bash -ue .command.run
Aug-23 00:38:43.871 [Task submitter] INFO  nextflow.Session - [1a/699d29] Submitted process > NFCORE_CHIPSEQ:CHIPSEQ:MARK_DUPLICATES_PICARD:BAM_STATS_SAMTOOLS:SAMTOOLS_IDXSTATS (SPT5_INPUT_REP1)
Aug-23 00:38:44.161 [Task monitor] DEBUG n.processor.TaskPollingMonitor - Task completed > TaskHandler[id: 84; name: NFCORE_CHIPSEQ:CHIPSEQ:MARK_DUPLICATES_PICARD:BAM_STATS_SAMTOOLS:SAMTOOLS_STATS (SPT5_INPUT_REP1); status: COMPLETED; exit: 0; error: -; workDir: /home/ahmed/pranay/work/83/256517614eda046dafc805d3e4c529]
Aug-23 00:38:44.163 [Task submitter] DEBUG n.executor.local.LocalTaskHandler - Launch cmd line: /bin/bash -ue .command.run
Aug-23 00:38:44.163 [Task submitter] INFO  nextflow.Session - [7c/1dd949] Submitted process > NFCORE_CHIPSEQ:CHIPSEQ:MARK_DUPLICATES_PICARD:SAMTOOLS_INDEX (SPT5_T0_REP2)
Aug-23 00:38:44.267 [Task monitor] DEBUG n.processor.TaskPollingMonitor - Task completed > TaskHandler[id: 85; name: NFCORE_CHIPSEQ:CHIPSEQ:MARK_DUPLICATES_PICARD:BAM_STATS_SAMTOOLS:SAMTOOLS_IDXSTATS (SPT5_INPUT_REP1); status: COMPLETED; exit: 0; error: -; workDir: /home/ahmed/pranay/work/1a/699d290f41c32d68773dd849a22b3e]
Aug-23 00:38:44.268 [Task submitter] DEBUG n.executor.local.LocalTaskHandler - Launch cmd line: /bin/bash -ue .command.run
Aug-23 00:38:44.269 [Task submitter] INFO  nextflow.Session - [4d/bd9cd9] Submitted process > NFCORE_CHIPSEQ:CHIPSEQ:FILTER_BAM_BAMTOOLS:BAM_REMOVE_ORPHANS (SPT5_T0_REP1)
Aug-23 00:38:47.102 [Task monitor] DEBUG n.processor.TaskPollingMonitor - Task completed > TaskHandler[id: 81; name: NFCORE_CHIPSEQ:CHIPSEQ:FILTER_BAM_BAMTOOLS:BAM_FILTER (SPT5_T15_REP1); status: COMPLETED; exit: 0; error: -; workDir: /home/ahmed/pranay/work/ae/6de353087e9a973f1cadb056eabb11]
Aug-23 00:38:47.103 [Task submitter] DEBUG n.executor.local.LocalTaskHandler - Launch cmd line: /bin/bash -ue .command.run
Aug-23 00:38:47.103 [Task submitter] INFO  nextflow.Session - [82/042d7f] Submitted process > NFCORE_CHIPSEQ:CHIPSEQ:FILTER_BAM_BAMTOOLS:BAM_REMOVE_ORPHANS (SPT5_T15_REP2)
Aug-23 00:38:47.104 [Task monitor] DEBUG n.processor.TaskPollingMonitor - Task completed > TaskHandler[id: 87; name: NFCORE_CHIPSEQ:CHIPSEQ:MARK_DUPLICATES_PICARD:SAMTOOLS_INDEX (SPT5_T0_REP2); status: COMPLETED; exit: 0; error: -; workDir: /home/ahmed/pranay/work/7c/1dd94904982bfa43248ecb391c16bc]
Aug-23 00:38:47.105 [Task monitor] DEBUG nextflow.processor.TaskProcessor - Process NFCORE_CHIPSEQ:CHIPSEQ:MARK_DUPLICATES_PICARD:SAMTOOLS_INDEX > Skipping output binding because one or more optional files are missing: fileoutparam<1:1>
Aug-23 00:38:47.105 [Task monitor] DEBUG nextflow.processor.TaskProcessor - Process NFCORE_CHIPSEQ:CHIPSEQ:MARK_DUPLICATES_PICARD:SAMTOOLS_INDEX > Skipping output binding because one or more optional files are missing: fileoutparam<2:1>
Aug-23 00:38:47.106 [Task submitter] DEBUG n.executor.local.LocalTaskHandler - Launch cmd line: /bin/bash -ue .command.run
Aug-23 00:38:47.106 [Task submitter] INFO  nextflow.Session - [df/8e3299] Submitted process > NFCORE_CHIPSEQ:CHIPSEQ:FILTER_BAM_BAMTOOLS:BAM_REMOVE_ORPHANS (SPT5_T15_REP1)
Aug-23 00:38:47.204 [Task monitor] DEBUG n.processor.TaskPollingMonitor - Task completed > TaskHandler[id: 86; name: NFCORE_CHIPSEQ:CHIPSEQ:FILTER_BAM_BAMTOOLS:BAM_FILTER (SPT5_INPUT_REP1); status: COMPLETED; exit: 0; error: -; workDir: /home/ahmed/pranay/work/42/6e056f0a49f5ce7c884533781f8b9c]
Aug-23 00:38:47.206 [Task submitter] DEBUG n.executor.local.LocalTaskHandler - Launch cmd line: /bin/bash -ue .command.run
Aug-23 00:38:47.206 [Task submitter] INFO  nextflow.Session - [df/63c9fc] Submitted process > NFCORE_CHIPSEQ:CHIPSEQ:MARK_DUPLICATES_PICARD:BAM_STATS_SAMTOOLS:SAMTOOLS_STATS (SPT5_T0_REP2)
Aug-23 00:38:47.636 [Task monitor] DEBUG n.processor.TaskPollingMonitor - Task completed > TaskHandler[id: 88; name: NFCORE_CHIPSEQ:CHIPSEQ:FILTER_BAM_BAMTOOLS:BAM_REMOVE_ORPHANS (SPT5_T0_REP1); status: COMPLETED; exit: 0; error: -; workDir: /home/ahmed/pranay/work/4d/bd9cd9291e5ffd8faa255dfa07015b]
Aug-23 00:38:47.638 [Task submitter] DEBUG n.executor.local.LocalTaskHandler - Launch cmd line: /bin/bash -ue .command.run
Aug-23 00:38:47.638 [Task submitter] INFO  nextflow.Session - [ec/e29e8e] Submitted process > NFCORE_CHIPSEQ:CHIPSEQ:MARK_DUPLICATES_PICARD:BAM_STATS_SAMTOOLS:SAMTOOLS_FLAGSTAT (SPT5_T0_REP2)
Aug-23 00:38:47.650 [Task monitor] DEBUG n.processor.TaskPollingMonitor - Task completed > TaskHandler[id: 66; name: NFCORE_CHIPSEQ:CHIPSEQ:MARK_DUPLICATES_PICARD:PICARD_MARKDUPLICATES (SPT5_INPUT_REP2); status: COMPLETED; exit: 0; error: -; workDir: /home/ahmed/pranay/work/aa/eab29f609442d49020ca713cd2182f]
Aug-23 00:38:47.652 [Task monitor] DEBUG nextflow.processor.TaskProcessor - Process NFCORE_CHIPSEQ:CHIPSEQ:MARK_DUPLICATES_PICARD:PICARD_MARKDUPLICATES > Skipping output binding because one or more optional files are missing: fileoutparam<1:1>
Aug-23 00:38:47.652 [Task submitter] DEBUG n.executor.local.LocalTaskHandler - Launch cmd line: /bin/bash -ue .command.run
Aug-23 00:38:47.652 [Task submitter] INFO  nextflow.Session - [01/e4c9f1] Submitted process > NFCORE_CHIPSEQ:CHIPSEQ:FILTER_BAM_BAMTOOLS:BAM_FILTER (SPT5_T0_REP2)
Aug-23 00:38:47.767 [Task monitor] DEBUG n.processor.TaskPollingMonitor - Task completed > TaskHandler[id: 91; name: NFCORE_CHIPSEQ:CHIPSEQ:MARK_DUPLICATES_PICARD:BAM_STATS_SAMTOOLS:SAMTOOLS_STATS (SPT5_T0_REP2); status: COMPLETED; exit: 0; error: -; workDir: /home/ahmed/pranay/work/df/63c9fc3bc4b749073868fb48eea8a6]
Aug-23 00:38:47.768 [Task submitter] DEBUG n.executor.local.LocalTaskHandler - Launch cmd line: /bin/bash -ue .command.run
Aug-23 00:38:47.769 [Task submitter] INFO  nextflow.Session - [ac/9078e0] Submitted process > NFCORE_CHIPSEQ:CHIPSEQ:MARK_DUPLICATES_PICARD:BAM_STATS_SAMTOOLS:SAMTOOLS_IDXSTATS (SPT5_T0_REP2)
Aug-23 00:38:48.084 [Task monitor] DEBUG n.processor.TaskPollingMonitor - Task completed > TaskHandler[id: 94; name: NFCORE_CHIPSEQ:CHIPSEQ:MARK_DUPLICATES_PICARD:BAM_STATS_SAMTOOLS:SAMTOOLS_FLAGSTAT (SPT5_T0_REP2); status: COMPLETED; exit: 0; error: -; workDir: /home/ahmed/pranay/work/ec/e29e8ed2cf7bb753f1c21bf3cdeb10]
Aug-23 00:38:48.089 [Task submitter] DEBUG n.executor.local.LocalTaskHandler - Launch cmd line: /bin/bash -ue .command.run
Aug-23 00:38:48.089 [Task submitter] INFO  nextflow.Session - [b5/e1250b] Submitted process > NFCORE_CHIPSEQ:CHIPSEQ:FILTER_BAM_BAMTOOLS:BAM_REMOVE_ORPHANS (SPT5_INPUT_REP1)
Aug-23 00:38:49.339 [Task monitor] DEBUG n.processor.TaskPollingMonitor - Task completed > TaskHandler[id: 93; name: NFCORE_CHIPSEQ:CHIPSEQ:MARK_DUPLICATES_PICARD:BAM_STATS_SAMTOOLS:SAMTOOLS_IDXSTATS (SPT5_T0_REP2); status: COMPLETED; exit: 0; error: -; workDir: /home/ahmed/pranay/work/ac/9078e05ef2c1718facc1bdfd39398a]
Aug-23 00:38:49.346 [Task submitter] DEBUG n.executor.local.LocalTaskHandler - Launch cmd line: /bin/bash -ue .command.run
Aug-23 00:38:49.346 [Task submitter] INFO  nextflow.Session - [82/268737] Submitted process > NFCORE_CHIPSEQ:CHIPSEQ:FILTER_BAM_BAMTOOLS:BAM_SORT_SAMTOOLS:SAMTOOLS_SORT (SPT5_T0_REP1)
Aug-23 00:38:49.451 [Task monitor] DEBUG n.processor.TaskPollingMonitor - Task completed > TaskHandler[id: 90; name: NFCORE_CHIPSEQ:CHIPSEQ:FILTER_BAM_BAMTOOLS:BAM_REMOVE_ORPHANS (SPT5_T15_REP1); status: COMPLETED; exit: 0; error: -; workDir: /home/ahmed/pranay/work/df/8e3299e37e950fc0ae99553fd37cf5]
Aug-23 00:38:49.458 [Task submitter] DEBUG n.executor.local.LocalTaskHandler - Launch cmd line: /bin/bash -ue .command.run
Aug-23 00:38:49.458 [Task submitter] INFO  nextflow.Session - [d6/647588] Submitted process > NFCORE_CHIPSEQ:CHIPSEQ:MARK_DUPLICATES_PICARD:SAMTOOLS_INDEX (SPT5_INPUT_REP2)
Aug-23 00:38:49.483 [Task monitor] DEBUG n.processor.TaskPollingMonitor - Task completed > TaskHandler[id: 89; name: NFCORE_CHIPSEQ:CHIPSEQ:FILTER_BAM_BAMTOOLS:BAM_REMOVE_ORPHANS (SPT5_T15_REP2); status: COMPLETED; exit: 0; error: -; workDir: /home/ahmed/pranay/work/82/042d7f655d4d993064880b365fccc2]
Aug-23 00:38:49.487 [Task submitter] DEBUG n.executor.local.LocalTaskHandler - Launch cmd line: /bin/bash -ue .command.run
Aug-23 00:38:49.487 [Task submitter] INFO  nextflow.Session - [50/5ae807] Submitted process > NFCORE_CHIPSEQ:CHIPSEQ:FILTER_BAM_BAMTOOLS:BAM_SORT_SAMTOOLS:SAMTOOLS_SORT (SPT5_T15_REP1)
Aug-23 00:38:49.498 [Task monitor] DEBUG n.processor.TaskPollingMonitor - Task completed > TaskHandler[id: 92; name: NFCORE_CHIPSEQ:CHIPSEQ:FILTER_BAM_BAMTOOLS:BAM_FILTER (SPT5_T0_REP2); status: COMPLETED; exit: 0; error: -; workDir: /home/ahmed/pranay/work/01/e4c9f18a4a5632672f7411c4ef9097]
Aug-23 00:38:49.502 [Task submitter] DEBUG n.executor.local.LocalTaskHandler - Launch cmd line: /bin/bash -ue .command.run
Aug-23 00:38:49.502 [Task submitter] INFO  nextflow.Session - [04/13047e] Submitted process > NFCORE_CHIPSEQ:CHIPSEQ:FILTER_BAM_BAMTOOLS:BAM_SORT_SAMTOOLS:SAMTOOLS_SORT (SPT5_T15_REP2)
Aug-23 00:38:49.985 [Task monitor] DEBUG n.processor.TaskPollingMonitor - Task completed > TaskHandler[id: 97; name: NFCORE_CHIPSEQ:CHIPSEQ:MARK_DUPLICATES_PICARD:SAMTOOLS_INDEX (SPT5_INPUT_REP2); status: COMPLETED; exit: 0; error: -; workDir: /home/ahmed/pranay/work/d6/6475889c517f998a1abc4ee40ab771]
Aug-23 00:38:49.987 [Task monitor] DEBUG nextflow.processor.TaskProcessor - Process NFCORE_CHIPSEQ:CHIPSEQ:MARK_DUPLICATES_PICARD:SAMTOOLS_INDEX > Skipping output binding because one or more optional files are missing: fileoutparam<1:1>
Aug-23 00:38:49.987 [Task monitor] DEBUG nextflow.processor.TaskProcessor - Process NFCORE_CHIPSEQ:CHIPSEQ:MARK_DUPLICATES_PICARD:SAMTOOLS_INDEX > Skipping output binding because one or more optional files are missing: fileoutparam<2:1>
Aug-23 00:38:50.009 [Task submitter] DEBUG n.executor.local.LocalTaskHandler - Launch cmd line: /bin/bash -ue .command.run
Aug-23 00:38:50.009 [Task submitter] INFO  nextflow.Session - [2f/ea9c5c] Submitted process > NFCORE_CHIPSEQ:CHIPSEQ:FILTER_BAM_BAMTOOLS:BAM_REMOVE_ORPHANS (SPT5_T0_REP2)
Aug-23 00:38:50.036 [Task monitor] DEBUG n.processor.TaskPollingMonitor - Task completed > TaskHandler[id: 96; name: NFCORE_CHIPSEQ:CHIPSEQ:FILTER_BAM_BAMTOOLS:BAM_SORT_SAMTOOLS:SAMTOOLS_SORT (SPT5_T0_REP1); status: COMPLETED; exit: 0; error: -; workDir: /home/ahmed/pranay/work/82/2687370600fa19508d6696c48f59cb]
Aug-23 00:38:50.038 [Task submitter] DEBUG n.executor.local.LocalTaskHandler - Launch cmd line: /bin/bash -ue .command.run
Aug-23 00:38:50.038 [Task submitter] INFO  nextflow.Session - [38/183084] Submitted process > NFCORE_CHIPSEQ:CHIPSEQ:MARK_DUPLICATES_PICARD:BAM_STATS_SAMTOOLS:SAMTOOLS_IDXSTATS (SPT5_INPUT_REP2)
Aug-23 00:38:50.189 [Task monitor] DEBUG n.processor.TaskPollingMonitor - Task completed > TaskHandler[id: 98; name: NFCORE_CHIPSEQ:CHIPSEQ:FILTER_BAM_BAMTOOLS:BAM_SORT_SAMTOOLS:SAMTOOLS_SORT (SPT5_T15_REP1); status: COMPLETED; exit: 0; error: -; workDir: /home/ahmed/pranay/work/50/5ae807873b0f3e274f45d6531e1b05]
Aug-23 00:38:50.190 [Task submitter] DEBUG n.executor.local.LocalTaskHandler - Launch cmd line: /bin/bash -ue .command.run
Aug-23 00:38:50.190 [Task submitter] INFO  nextflow.Session - [6e/060b80] Submitted process > NFCORE_CHIPSEQ:CHIPSEQ:MARK_DUPLICATES_PICARD:BAM_STATS_SAMTOOLS:SAMTOOLS_FLAGSTAT (SPT5_INPUT_REP2)
Aug-23 00:38:50.203 [Task monitor] DEBUG n.processor.TaskPollingMonitor - Task completed > TaskHandler[id: 99; name: NFCORE_CHIPSEQ:CHIPSEQ:FILTER_BAM_BAMTOOLS:BAM_SORT_SAMTOOLS:SAMTOOLS_SORT (SPT5_T15_REP2); status: COMPLETED; exit: 0; error: -; workDir: /home/ahmed/pranay/work/04/13047eb284740bbadcfd196d8ec67e]
Aug-23 00:38:50.205 [Task submitter] DEBUG n.executor.local.LocalTaskHandler - Launch cmd line: /bin/bash -ue .command.run
Aug-23 00:38:50.205 [Task submitter] INFO  nextflow.Session - [74/657209] Submitted process > NFCORE_CHIPSEQ:CHIPSEQ:MARK_DUPLICATES_PICARD:BAM_STATS_SAMTOOLS:SAMTOOLS_STATS (SPT5_INPUT_REP2)
Aug-23 00:38:52.998 [Task monitor] DEBUG n.processor.TaskPollingMonitor - Task completed > TaskHandler[id: 104; name: NFCORE_CHIPSEQ:CHIPSEQ:MARK_DUPLICATES_PICARD:BAM_STATS_SAMTOOLS:SAMTOOLS_IDXSTATS (SPT5_INPUT_REP2); status: COMPLETED; exit: 0; error: -; workDir: /home/ahmed/pranay/work/38/183084d49abd53ca0eed24cdf117d3]
Aug-23 00:38:53.000 [Task submitter] DEBUG n.executor.local.LocalTaskHandler - Launch cmd line: /bin/bash -ue .command.run
Aug-23 00:38:53.000 [Task submitter] INFO  nextflow.Session - [99/0f27f8] Submitted process > NFCORE_CHIPSEQ:CHIPSEQ:FILTER_BAM_BAMTOOLS:BAM_FILTER (SPT5_INPUT_REP2)
Aug-23 00:38:53.101 [Task monitor] DEBUG n.processor.TaskPollingMonitor - Task completed > TaskHandler[id: 95; name: NFCORE_CHIPSEQ:CHIPSEQ:FILTER_BAM_BAMTOOLS:BAM_REMOVE_ORPHANS (SPT5_INPUT_REP1); status: COMPLETED; exit: 0; error: -; workDir: /home/ahmed/pranay/work/b5/e1250b70960119e52f2a94664a10f0]
Aug-23 00:38:53.102 [Task submitter] DEBUG n.executor.local.LocalTaskHandler - Launch cmd line: /bin/bash -ue .command.run
Aug-23 00:38:53.102 [Task submitter] INFO  nextflow.Session - [95/748d34] Submitted process > NFCORE_CHIPSEQ:CHIPSEQ:PHANTOMPEAKQUALTOOLS (SPT5_T0_REP1)
Aug-23 00:38:53.223 [Task monitor] DEBUG n.processor.TaskPollingMonitor - Task completed > TaskHandler[id: 102; name: NFCORE_CHIPSEQ:CHIPSEQ:MARK_DUPLICATES_PICARD:BAM_STATS_SAMTOOLS:SAMTOOLS_FLAGSTAT (SPT5_INPUT_REP2); status: COMPLETED; exit: 0; error: -; workDir: /home/ahmed/pranay/work/6e/060b807e7d0939653e713b4f04482b]
Aug-23 00:38:53.224 [Task submitter] DEBUG n.executor.local.LocalTaskHandler - Launch cmd line: /bin/bash -ue .command.run
Aug-23 00:38:53.225 [Task submitter] INFO  nextflow.Session - [20/ab8165] Submitted process > NFCORE_CHIPSEQ:CHIPSEQ:FILTER_BAM_BAMTOOLS:BAM_SORT_SAMTOOLS:SAMTOOLS_INDEX (SPT5_T0_REP1)
Aug-23 00:38:53.316 [Task monitor] DEBUG n.processor.TaskPollingMonitor - Task completed > TaskHandler[id: 103; name: NFCORE_CHIPSEQ:CHIPSEQ:MARK_DUPLICATES_PICARD:BAM_STATS_SAMTOOLS:SAMTOOLS_STATS (SPT5_INPUT_REP2); status: COMPLETED; exit: 0; error: -; workDir: /home/ahmed/pranay/work/74/65720922f346f6cc32d6e0ec93b250]
Aug-23 00:38:53.317 [Task submitter] DEBUG n.executor.local.LocalTaskHandler - Launch cmd line: /bin/bash -ue .command.run
Aug-23 00:38:53.318 [Task submitter] INFO  nextflow.Session - [8c/b1d7cf] Submitted process > NFCORE_CHIPSEQ:CHIPSEQ:PHANTOMPEAKQUALTOOLS (SPT5_T15_REP1)
Aug-23 00:38:53.439 [Task monitor] DEBUG n.processor.TaskPollingMonitor - Task completed > TaskHandler[id: 100; name: NFCORE_CHIPSEQ:CHIPSEQ:FILTER_BAM_BAMTOOLS:BAM_REMOVE_ORPHANS (SPT5_T0_REP2); status: COMPLETED; exit: 0; error: -; workDir: /home/ahmed/pranay/work/2f/ea9c5cf0db7acb0b3708418106728a]
Aug-23 00:38:53.441 [Task submitter] DEBUG n.executor.local.LocalTaskHandler - Launch cmd line: /bin/bash -ue .command.run
Aug-23 00:38:53.441 [Task submitter] INFO  nextflow.Session - [62/102854] Submitted process > NFCORE_CHIPSEQ:CHIPSEQ:FILTER_BAM_BAMTOOLS:BAM_SORT_SAMTOOLS:SAMTOOLS_INDEX (SPT5_T15_REP1)
Aug-23 00:38:53.639 [Task monitor] DEBUG n.processor.TaskPollingMonitor - Task completed > TaskHandler[id: 105; name: NFCORE_CHIPSEQ:CHIPSEQ:FILTER_BAM_BAMTOOLS:BAM_SORT_SAMTOOLS:SAMTOOLS_INDEX (SPT5_T0_REP1); status: COMPLETED; exit: 0; error: -; workDir: /home/ahmed/pranay/work/20/ab8165b74f882f08394952b813b224]
Aug-23 00:38:53.640 [Task monitor] DEBUG nextflow.processor.TaskProcessor - Process NFCORE_CHIPSEQ:CHIPSEQ:FILTER_BAM_BAMTOOLS:BAM_SORT_SAMTOOLS:SAMTOOLS_INDEX > Skipping output binding because one or more optional files are missing: fileoutparam<1:1>
Aug-23 00:38:53.640 [Task monitor] DEBUG nextflow.processor.TaskProcessor - Process NFCORE_CHIPSEQ:CHIPSEQ:FILTER_BAM_BAMTOOLS:BAM_SORT_SAMTOOLS:SAMTOOLS_INDEX > Skipping output binding because one or more optional files are missing: fileoutparam<2:1>
Aug-23 00:38:53.640 [Task submitter] DEBUG n.executor.local.LocalTaskHandler - Launch cmd line: /bin/bash -ue .command.run
Aug-23 00:38:53.640 [Task submitter] INFO  nextflow.Session - [1f/eda8c4] Submitted process > NFCORE_CHIPSEQ:CHIPSEQ:FILTER_BAM_BAMTOOLS:BAM_SORT_SAMTOOLS:SAMTOOLS_INDEX (SPT5_T15_REP2)
Aug-23 00:38:53.876 [Task monitor] DEBUG n.processor.TaskPollingMonitor - Task completed > TaskHandler[id: 108; name: NFCORE_CHIPSEQ:CHIPSEQ:FILTER_BAM_BAMTOOLS:BAM_SORT_SAMTOOLS:SAMTOOLS_INDEX (SPT5_T15_REP1); status: COMPLETED; exit: 0; error: -; workDir: /home/ahmed/pranay/work/62/102854a805ca8503019d16c4995954]
Aug-23 00:38:53.878 [Task submitter] DEBUG n.executor.local.LocalTaskHandler - Launch cmd line: /bin/bash -ue .command.run
Aug-23 00:38:53.878 [Task submitter] INFO  nextflow.Session - [73/ce7959] Submitted process > NFCORE_CHIPSEQ:CHIPSEQ:PHANTOMPEAKQUALTOOLS (SPT5_T15_REP2)
Aug-23 00:38:53.882 [Task monitor] DEBUG nextflow.processor.TaskProcessor - Process NFCORE_CHIPSEQ:CHIPSEQ:FILTER_BAM_BAMTOOLS:BAM_SORT_SAMTOOLS:SAMTOOLS_INDEX > Skipping output binding because one or more optional files are missing: fileoutparam<1:1>
Aug-23 00:38:53.882 [Task monitor] DEBUG nextflow.processor.TaskProcessor - Process NFCORE_CHIPSEQ:CHIPSEQ:FILTER_BAM_BAMTOOLS:BAM_SORT_SAMTOOLS:SAMTOOLS_INDEX > Skipping output binding because one or more optional files are missing: fileoutparam<2:1>
Aug-23 00:38:55.229 [Task monitor] DEBUG n.processor.TaskPollingMonitor - Task completed > TaskHandler[id: 113; name: NFCORE_CHIPSEQ:CHIPSEQ:FILTER_BAM_BAMTOOLS:BAM_SORT_SAMTOOLS:SAMTOOLS_INDEX (SPT5_T15_REP2); status: COMPLETED; exit: 0; error: -; workDir: /home/ahmed/pranay/work/1f/eda8c4bfa23fa3cb26cb913cb5a6a9]
Aug-23 00:38:55.231 [Task monitor] DEBUG nextflow.processor.TaskProcessor - Process NFCORE_CHIPSEQ:CHIPSEQ:FILTER_BAM_BAMTOOLS:BAM_SORT_SAMTOOLS:SAMTOOLS_INDEX > Skipping output binding because one or more optional files are missing: fileoutparam<1:1>
Aug-23 00:38:55.231 [Task monitor] DEBUG nextflow.processor.TaskProcessor - Process NFCORE_CHIPSEQ:CHIPSEQ:FILTER_BAM_BAMTOOLS:BAM_SORT_SAMTOOLS:SAMTOOLS_INDEX > Skipping output binding because one or more optional files are missing: fileoutparam<2:1>
Aug-23 00:38:55.231 [Task submitter] DEBUG n.executor.local.LocalTaskHandler - Launch cmd line: /bin/bash -ue .command.run
Aug-23 00:38:55.231 [Task submitter] INFO  nextflow.Session - [4f/f44006] Submitted process > NFCORE_CHIPSEQ:CHIPSEQ:PICARD_COLLECTMULTIPLEMETRICS (SPT5_T0_REP1)
Aug-23 00:38:55.662 [Task monitor] DEBUG n.processor.TaskPollingMonitor - Task completed > TaskHandler[id: 101; name: NFCORE_CHIPSEQ:CHIPSEQ:FILTER_BAM_BAMTOOLS:BAM_FILTER (SPT5_INPUT_REP2); status: COMPLETED; exit: 0; error: -; workDir: /home/ahmed/pranay/work/99/0f27f811f6567247ecf602a2116e24]
Aug-23 00:38:55.664 [Task submitter] DEBUG n.executor.local.LocalTaskHandler - Launch cmd line: /bin/bash -ue .command.run
Aug-23 00:38:55.664 [Task submitter] INFO  nextflow.Session - [32/e38ba7] Submitted process > NFCORE_CHIPSEQ:CHIPSEQ:PICARD_COLLECTMULTIPLEMETRICS (SPT5_T15_REP2)
Aug-23 00:38:56.512 [Task monitor] DEBUG n.processor.TaskPollingMonitor - Task completed > TaskHandler[id: 107; name: NFCORE_CHIPSEQ:CHIPSEQ:PHANTOMPEAKQUALTOOLS (SPT5_T0_REP1); status: COMPLETED; exit: 0; error: -; workDir: /home/ahmed/pranay/work/95/748d34ba38977a11b1da7d5256262b]
Aug-23 00:38:56.515 [Task submitter] DEBUG n.executor.local.LocalTaskHandler - Launch cmd line: /bin/bash -ue .command.run
Aug-23 00:38:56.515 [Task submitter] INFO  nextflow.Session - [14/45610f] Submitted process > NFCORE_CHIPSEQ:CHIPSEQ:PICARD_COLLECTMULTIPLEMETRICS (SPT5_T15_REP1)
Aug-23 00:38:56.520 [Actor Thread 9] DEBUG nextflow.util.CacheHelper - Hash asset file sha-256: /home/ahmed/.nextflow/assets/nf-core/chipseq/assets/multiqc/spp_nsc_header.txt
Aug-23 00:38:56.520 [Actor Thread 9] DEBUG nextflow.util.CacheHelper - Hash asset file sha-256: /home/ahmed/.nextflow/assets/nf-core/chipseq/assets/multiqc/spp_rsc_header.txt
Aug-23 00:38:56.520 [Actor Thread 9] DEBUG nextflow.util.CacheHelper - Hash asset file sha-256: /home/ahmed/.nextflow/assets/nf-core/chipseq/assets/multiqc/spp_correlation_header.txt
Aug-23 00:38:58.247 [Task monitor] DEBUG n.processor.TaskPollingMonitor - Task completed > TaskHandler[id: 109; name: NFCORE_CHIPSEQ:CHIPSEQ:PHANTOMPEAKQUALTOOLS (SPT5_T15_REP1); status: COMPLETED; exit: 0; error: -; workDir: /home/ahmed/pranay/work/8c/b1d7cf8c68358e884badb6a6b32a8d]
Aug-23 00:38:58.249 [Task submitter] DEBUG n.executor.local.LocalTaskHandler - Launch cmd line: /bin/bash -ue .command.run
Aug-23 00:38:58.249 [Task submitter] INFO  nextflow.Session - [3c/6e4395] Submitted process > NFCORE_CHIPSEQ:CHIPSEQ:FILTER_BAM_BAMTOOLS:BAM_SORT_SAMTOOLS:SAMTOOLS_SORT (SPT5_INPUT_REP1)
Aug-23 00:38:58.988 [Task monitor] DEBUG n.processor.TaskPollingMonitor - Task completed > TaskHandler[id: 114; name: NFCORE_CHIPSEQ:CHIPSEQ:FILTER_BAM_BAMTOOLS:BAM_SORT_SAMTOOLS:SAMTOOLS_SORT (SPT5_INPUT_REP1); status: COMPLETED; exit: 0; error: -; workDir: /home/ahmed/pranay/work/3c/6e43951aad8d2dd02e29c4ec2e462e]
Aug-23 00:38:59.001 [Task submitter] DEBUG n.executor.local.LocalTaskHandler - Launch cmd line: /bin/bash -ue .command.run
Aug-23 00:38:59.002 [Task submitter] INFO  nextflow.Session - [b7/92eafa] Submitted process > NFCORE_CHIPSEQ:CHIPSEQ:FILTER_BAM_BAMTOOLS:BAM_SORT_SAMTOOLS:SAMTOOLS_SORT (SPT5_T0_REP2)
Aug-23 00:38:59.112 [Task monitor] DEBUG n.processor.TaskPollingMonitor - Task completed > TaskHandler[id: 111; name: NFCORE_CHIPSEQ:CHIPSEQ:PHANTOMPEAKQUALTOOLS (SPT5_T15_REP2); status: COMPLETED; exit: 0; error: -; workDir: /home/ahmed/pranay/work/73/ce795945cecada3cc7d687c2f50735]
Aug-23 00:38:59.116 [Task submitter] DEBUG n.executor.local.LocalTaskHandler - Launch cmd line: /bin/bash -ue .command.run
Aug-23 00:38:59.116 [Task submitter] INFO  nextflow.Session - [f4/258d53] Submitted process > NFCORE_CHIPSEQ:CHIPSEQ:FILTER_BAM_BAMTOOLS:BAM_SORT_SAMTOOLS:BAM_STATS_SAMTOOLS:SAMTOOLS_FLAGSTAT (SPT5_T0_REP1)
Aug-23 00:38:59.592 [Task monitor] DEBUG n.processor.TaskPollingMonitor - Task completed > TaskHandler[id: 116; name: NFCORE_CHIPSEQ:CHIPSEQ:FILTER_BAM_BAMTOOLS:BAM_SORT_SAMTOOLS:BAM_STATS_SAMTOOLS:SAMTOOLS_FLAGSTAT (SPT5_T0_REP1); status: COMPLETED; exit: 0; error: -; workDir: /home/ahmed/pranay/work/f4/258d533cb6530858a09fed19fdcaca]
Aug-23 00:38:59.594 [Task submitter] DEBUG n.executor.local.LocalTaskHandler - Launch cmd line: /bin/bash -ue .command.run
Aug-23 00:38:59.594 [Task submitter] INFO  nextflow.Session - [45/691fdc] Submitted process > NFCORE_CHIPSEQ:CHIPSEQ:FILTER_BAM_BAMTOOLS:BAM_SORT_SAMTOOLS:BAM_STATS_SAMTOOLS:SAMTOOLS_IDXSTATS (SPT5_T0_REP1)
Aug-23 00:38:59.649 [Task monitor] DEBUG n.processor.TaskPollingMonitor - Task completed > TaskHandler[id: 115; name: NFCORE_CHIPSEQ:CHIPSEQ:FILTER_BAM_BAMTOOLS:BAM_SORT_SAMTOOLS:SAMTOOLS_SORT (SPT5_T0_REP2); status: COMPLETED; exit: 0; error: -; workDir: /home/ahmed/pranay/work/b7/92eafab840e7650a4f31c8893fc698]
Aug-23 00:38:59.651 [Task submitter] DEBUG n.executor.local.LocalTaskHandler - Launch cmd line: /bin/bash -ue .command.run
Aug-23 00:38:59.651 [Task submitter] INFO  nextflow.Session - [aa/4a3cec] Submitted process > NFCORE_CHIPSEQ:CHIPSEQ:FILTER_BAM_BAMTOOLS:BAM_SORT_SAMTOOLS:BAM_STATS_SAMTOOLS:SAMTOOLS_STATS (SPT5_T0_REP1)
Aug-23 00:39:02.232 [Task monitor] DEBUG n.processor.TaskPollingMonitor - Task completed > TaskHandler[id: 106; name: NFCORE_CHIPSEQ:CHIPSEQ:PICARD_COLLECTMULTIPLEMETRICS (SPT5_T0_REP1); status: COMPLETED; exit: 0; error: -; workDir: /home/ahmed/pranay/work/4f/f4400676a9ef64fcd973cf90e12207]
Aug-23 00:39:02.234 [Task submitter] DEBUG n.executor.local.LocalTaskHandler - Launch cmd line: /bin/bash -ue .command.run
Aug-23 00:39:02.234 [Task submitter] INFO  nextflow.Session - [b6/b555ca] Submitted process > NFCORE_CHIPSEQ:CHIPSEQ:FILTER_BAM_BAMTOOLS:BAM_SORT_SAMTOOLS:BAM_STATS_SAMTOOLS:SAMTOOLS_STATS (SPT5_T15_REP1)
Aug-23 00:39:02.323 [Task monitor] DEBUG n.processor.TaskPollingMonitor - Task completed > TaskHandler[id: 112; name: NFCORE_CHIPSEQ:CHIPSEQ:PICARD_COLLECTMULTIPLEMETRICS (SPT5_T15_REP2); status: COMPLETED; exit: 0; error: -; workDir: /home/ahmed/pranay/work/32/e38ba793886e3a768662965479c55f]
Aug-23 00:39:02.325 [Task submitter] DEBUG n.executor.local.LocalTaskHandler - Launch cmd line: /bin/bash -ue .command.run
Aug-23 00:39:02.325 [Task submitter] INFO  nextflow.Session - [86/355a84] Submitted process > NFCORE_CHIPSEQ:CHIPSEQ:FILTER_BAM_BAMTOOLS:BAM_SORT_SAMTOOLS:BAM_STATS_SAMTOOLS:SAMTOOLS_IDXSTATS (SPT5_T15_REP1)
Aug-23 00:39:02.468 [Task monitor] DEBUG n.processor.TaskPollingMonitor - Task completed > TaskHandler[id: 117; name: NFCORE_CHIPSEQ:CHIPSEQ:FILTER_BAM_BAMTOOLS:BAM_SORT_SAMTOOLS:BAM_STATS_SAMTOOLS:SAMTOOLS_IDXSTATS (SPT5_T0_REP1); status: COMPLETED; exit: 0; error: -; workDir: /home/ahmed/pranay/work/45/691fdca828c704a26291c80158a9ae]
Aug-23 00:39:02.470 [Task submitter] DEBUG n.executor.local.LocalTaskHandler - Launch cmd line: /bin/bash -ue .command.run
Aug-23 00:39:02.470 [Task submitter] INFO  nextflow.Session - [51/ece100] Submitted process > NFCORE_CHIPSEQ:CHIPSEQ:FILTER_BAM_BAMTOOLS:BAM_SORT_SAMTOOLS:BAM_STATS_SAMTOOLS:SAMTOOLS_FLAGSTAT (SPT5_T15_REP1)
Aug-23 00:39:02.617 [Task monitor] DEBUG n.processor.TaskPollingMonitor - Task completed > TaskHandler[id: 118; name: NFCORE_CHIPSEQ:CHIPSEQ:FILTER_BAM_BAMTOOLS:BAM_SORT_SAMTOOLS:BAM_STATS_SAMTOOLS:SAMTOOLS_STATS (SPT5_T0_REP1); status: COMPLETED; exit: 0; error: -; workDir: /home/ahmed/pranay/work/aa/4a3cecfcb82ce22530a781cb271c52]
Aug-23 00:39:02.618 [Task submitter] DEBUG n.executor.local.LocalTaskHandler - Launch cmd line: /bin/bash -ue .command.run
Aug-23 00:39:02.619 [Task submitter] INFO  nextflow.Session - [e9/b09dec] Submitted process > NFCORE_CHIPSEQ:CHIPSEQ:FILTER_BAM_BAMTOOLS:BAM_SORT_SAMTOOLS:BAM_STATS_SAMTOOLS:SAMTOOLS_FLAGSTAT (SPT5_T15_REP2)
Aug-23 00:39:02.679 [Task monitor] DEBUG n.processor.TaskPollingMonitor - Task completed > TaskHandler[id: 121; name: NFCORE_CHIPSEQ:CHIPSEQ:FILTER_BAM_BAMTOOLS:BAM_SORT_SAMTOOLS:BAM_STATS_SAMTOOLS:SAMTOOLS_IDXSTATS (SPT5_T15_REP1); status: COMPLETED; exit: 0; error: -; workDir: /home/ahmed/pranay/work/86/355a8422867fd0aac601a40c3c02da]
Aug-23 00:39:02.680 [Task submitter] DEBUG n.executor.local.LocalTaskHandler - Launch cmd line: /bin/bash -ue .command.run
Aug-23 00:39:02.680 [Task submitter] INFO  nextflow.Session - [fe/63a0bc] Submitted process > NFCORE_CHIPSEQ:CHIPSEQ:FILTER_BAM_BAMTOOLS:BAM_SORT_SAMTOOLS:BAM_STATS_SAMTOOLS:SAMTOOLS_IDXSTATS (SPT5_T15_REP2)
Aug-23 00:39:02.800 [Task monitor] DEBUG n.processor.TaskPollingMonitor - Task completed > TaskHandler[id: 120; name: NFCORE_CHIPSEQ:CHIPSEQ:FILTER_BAM_BAMTOOLS:BAM_SORT_SAMTOOLS:BAM_STATS_SAMTOOLS:SAMTOOLS_STATS (SPT5_T15_REP1); status: COMPLETED; exit: 0; error: -; workDir: /home/ahmed/pranay/work/b6/b555ca181609182d408aa54ea1ddd8]
Aug-23 00:39:02.803 [Task submitter] DEBUG n.executor.local.LocalTaskHandler - Launch cmd line: /bin/bash -ue .command.run
Aug-23 00:39:02.803 [Task submitter] INFO  nextflow.Session - [d2/3c8959] Submitted process > NFCORE_CHIPSEQ:CHIPSEQ:FILTER_BAM_BAMTOOLS:BAM_SORT_SAMTOOLS:BAM_STATS_SAMTOOLS:SAMTOOLS_STATS (SPT5_T15_REP2)
Aug-23 00:39:02.916 [Task monitor] DEBUG n.processor.TaskPollingMonitor - Task completed > TaskHandler[id: 119; name: NFCORE_CHIPSEQ:CHIPSEQ:FILTER_BAM_BAMTOOLS:BAM_SORT_SAMTOOLS:BAM_STATS_SAMTOOLS:SAMTOOLS_FLAGSTAT (SPT5_T15_REP1); status: COMPLETED; exit: 0; error: -; workDir: /home/ahmed/pranay/work/51/ece10045bb88fb30d26784e6665063]
Aug-23 00:39:02.918 [Task submitter] DEBUG n.executor.local.LocalTaskHandler - Launch cmd line: /bin/bash -ue .command.run
Aug-23 00:39:02.918 [Task submitter] INFO  nextflow.Session - [ee/193e1e] Submitted process > NFCORE_CHIPSEQ:CHIPSEQ:FILTER_BAM_BAMTOOLS:BAM_REMOVE_ORPHANS (SPT5_INPUT_REP2)
Aug-23 00:39:03.072 [Task monitor] DEBUG n.processor.TaskPollingMonitor - Task completed > TaskHandler[id: 124; name: NFCORE_CHIPSEQ:CHIPSEQ:FILTER_BAM_BAMTOOLS:BAM_SORT_SAMTOOLS:BAM_STATS_SAMTOOLS:SAMTOOLS_IDXSTATS (SPT5_T15_REP2); status: COMPLETED; exit: 0; error: -; workDir: /home/ahmed/pranay/work/fe/63a0bce5f2f5698bc655784394f565]
Aug-23 00:39:03.074 [Task submitter] DEBUG n.executor.local.LocalTaskHandler - Launch cmd line: /bin/bash -ue .command.run
Aug-23 00:39:03.074 [Task submitter] INFO  nextflow.Session - [13/18be66] Submitted process > NFCORE_CHIPSEQ:CHIPSEQ:MULTIQC_CUSTOM_PHANTOMPEAKQUALTOOLS (SPT5_T0_REP1)
Aug-23 00:39:03.166 [Task monitor] DEBUG n.processor.TaskPollingMonitor - Task completed > TaskHandler[id: 122; name: NFCORE_CHIPSEQ:CHIPSEQ:FILTER_BAM_BAMTOOLS:BAM_SORT_SAMTOOLS:BAM_STATS_SAMTOOLS:SAMTOOLS_FLAGSTAT (SPT5_T15_REP2); status: COMPLETED; exit: 0; error: -; workDir: /home/ahmed/pranay/work/e9/b09dec360aa933d619b438f3003ba4]
Aug-23 00:39:03.168 [Task submitter] DEBUG n.executor.local.LocalTaskHandler - Launch cmd line: /bin/bash -ue .command.run
Aug-23 00:39:03.168 [Task submitter] INFO  nextflow.Session - [4b/146a20] Submitted process > NFCORE_CHIPSEQ:CHIPSEQ:MULTIQC_CUSTOM_PHANTOMPEAKQUALTOOLS (SPT5_T15_REP1)
Aug-23 00:39:03.378 [Task monitor] DEBUG n.processor.TaskPollingMonitor - Task completed > TaskHandler[id: 123; name: NFCORE_CHIPSEQ:CHIPSEQ:FILTER_BAM_BAMTOOLS:BAM_SORT_SAMTOOLS:BAM_STATS_SAMTOOLS:SAMTOOLS_STATS (SPT5_T15_REP2); status: COMPLETED; exit: 0; error: -; workDir: /home/ahmed/pranay/work/d2/3c89598a7368a496748585a5c0cb91]
Aug-23 00:39:03.392 [Task submitter] DEBUG n.executor.local.LocalTaskHandler - Launch cmd line: /bin/bash -ue .command.run
Aug-23 00:39:03.392 [Task submitter] INFO  nextflow.Session - [d8/c17ff1] Submitted process > NFCORE_CHIPSEQ:CHIPSEQ:FILTER_BAM_BAMTOOLS:BAM_SORT_SAMTOOLS:SAMTOOLS_INDEX (SPT5_INPUT_REP1)
Aug-23 00:39:04.707 [Task monitor] DEBUG n.processor.TaskPollingMonitor - Task completed > TaskHandler[id: 110; name: NFCORE_CHIPSEQ:CHIPSEQ:PICARD_COLLECTMULTIPLEMETRICS (SPT5_T15_REP1); status: COMPLETED; exit: 0; error: -; workDir: /home/ahmed/pranay/work/14/45610f0c7f5f32cb8ba7473206c52f]
Aug-23 00:39:04.709 [Task submitter] DEBUG n.executor.local.LocalTaskHandler - Launch cmd line: /bin/bash -ue .command.run
Aug-23 00:39:04.709 [Task submitter] INFO  nextflow.Session - [a8/2de13f] Submitted process > NFCORE_CHIPSEQ:CHIPSEQ:PHANTOMPEAKQUALTOOLS (SPT5_INPUT_REP1)
Aug-23 00:39:04.798 [Task monitor] DEBUG n.processor.TaskPollingMonitor - Task completed > TaskHandler[id: 126; name: NFCORE_CHIPSEQ:CHIPSEQ:MULTIQC_CUSTOM_PHANTOMPEAKQUALTOOLS (SPT5_T0_REP1); status: COMPLETED; exit: 0; error: -; workDir: /home/ahmed/pranay/work/13/18be666557ce413e8807aa929648d4]
Aug-23 00:39:04.799 [Task submitter] DEBUG n.executor.local.LocalTaskHandler - Launch cmd line: /bin/bash -ue .command.run
Aug-23 00:39:04.799 [Task submitter] INFO  nextflow.Session - [a3/2f30e2] Submitted process > NFCORE_CHIPSEQ:CHIPSEQ:PICARD_COLLECTMULTIPLEMETRICS (SPT5_INPUT_REP1)
Aug-23 00:39:05.007 [Task monitor] DEBUG n.processor.TaskPollingMonitor - Task completed > TaskHandler[id: 128; name: NFCORE_CHIPSEQ:CHIPSEQ:FILTER_BAM_BAMTOOLS:BAM_SORT_SAMTOOLS:SAMTOOLS_INDEX (SPT5_INPUT_REP1); status: COMPLETED; exit: 0; error: -; workDir: /home/ahmed/pranay/work/d8/c17ff1e802607a2e28cd25b09c8d72]
Aug-23 00:39:05.008 [Task monitor] DEBUG nextflow.processor.TaskProcessor - Process NFCORE_CHIPSEQ:CHIPSEQ:FILTER_BAM_BAMTOOLS:BAM_SORT_SAMTOOLS:SAMTOOLS_INDEX > Skipping output binding because one or more optional files are missing: fileoutparam<1:1>
Aug-23 00:39:05.008 [Task monitor] DEBUG nextflow.processor.TaskProcessor - Process NFCORE_CHIPSEQ:CHIPSEQ:FILTER_BAM_BAMTOOLS:BAM_SORT_SAMTOOLS:SAMTOOLS_INDEX > Skipping output binding because one or more optional files are missing: fileoutparam<2:1>
Aug-23 00:39:05.008 [Task submitter] DEBUG n.executor.local.LocalTaskHandler - Launch cmd line: /bin/bash -ue .command.run
Aug-23 00:39:05.008 [Task submitter] INFO  nextflow.Session - [56/f5849f] Submitted process > NFCORE_CHIPSEQ:CHIPSEQ:MULTIQC_CUSTOM_PHANTOMPEAKQUALTOOLS (SPT5_T15_REP2)
Aug-23 00:39:05.493 [Task monitor] DEBUG n.processor.TaskPollingMonitor - Task completed > TaskHandler[id: 125; name: NFCORE_CHIPSEQ:CHIPSEQ:FILTER_BAM_BAMTOOLS:BAM_REMOVE_ORPHANS (SPT5_INPUT_REP2); status: COMPLETED; exit: 0; error: -; workDir: /home/ahmed/pranay/work/ee/193e1ea2065d3e49535745271bf8e8]
Aug-23 00:39:05.494 [Task submitter] DEBUG n.executor.local.LocalTaskHandler - Launch cmd line: /bin/bash -ue .command.run
Aug-23 00:39:05.494 [Task submitter] INFO  nextflow.Session - [88/44505a] Submitted process > NFCORE_CHIPSEQ:CHIPSEQ:BEDTOOLS_GENOMECOV (SPT5_T0_REP1)
Aug-23 00:39:05.755 [Task monitor] DEBUG n.processor.TaskPollingMonitor - Task completed > TaskHandler[id: 127; name: NFCORE_CHIPSEQ:CHIPSEQ:MULTIQC_CUSTOM_PHANTOMPEAKQUALTOOLS (SPT5_T15_REP1); status: COMPLETED; exit: 0; error: -; workDir: /home/ahmed/pranay/work/4b/146a206272e70c4eaf556003ce3e77]
Aug-23 00:39:05.756 [Task submitter] DEBUG n.executor.local.LocalTaskHandler - Launch cmd line: /bin/bash -ue .command.run
Aug-23 00:39:05.756 [Task submitter] INFO  nextflow.Session - [f7/de74c3] Submitted process > NFCORE_CHIPSEQ:CHIPSEQ:FILTER_BAM_BAMTOOLS:BAM_SORT_SAMTOOLS:SAMTOOLS_INDEX (SPT5_T0_REP2)
Aug-23 00:39:06.086 [Task monitor] DEBUG n.processor.TaskPollingMonitor - Task completed > TaskHandler[id: 134; name: NFCORE_CHIPSEQ:CHIPSEQ:FILTER_BAM_BAMTOOLS:BAM_SORT_SAMTOOLS:SAMTOOLS_INDEX (SPT5_T0_REP2); status: COMPLETED; exit: 0; error: -; workDir: /home/ahmed/pranay/work/f7/de74c37b6a0258ca759bd74d88281e]
Aug-23 00:39:06.087 [Task submitter] DEBUG n.executor.local.LocalTaskHandler - Launch cmd line: /bin/bash -ue .command.run
Aug-23 00:39:06.087 [Task monitor] DEBUG nextflow.processor.TaskProcessor - Process NFCORE_CHIPSEQ:CHIPSEQ:FILTER_BAM_BAMTOOLS:BAM_SORT_SAMTOOLS:SAMTOOLS_INDEX > Skipping output binding because one or more optional files are missing: fileoutparam<1:1>
Aug-23 00:39:06.087 [Task submitter] INFO  nextflow.Session - [c6/9a73a2] Submitted process > NFCORE_CHIPSEQ:CHIPSEQ:PHANTOMPEAKQUALTOOLS (SPT5_T0_REP2)
Aug-23 00:39:06.087 [Task monitor] DEBUG nextflow.processor.TaskProcessor - Process NFCORE_CHIPSEQ:CHIPSEQ:FILTER_BAM_BAMTOOLS:BAM_SORT_SAMTOOLS:SAMTOOLS_INDEX > Skipping output binding because one or more optional files are missing: fileoutparam<2:1>
Aug-23 00:39:06.463 [Task monitor] DEBUG n.processor.TaskPollingMonitor - Task completed > TaskHandler[id: 131; name: NFCORE_CHIPSEQ:CHIPSEQ:MULTIQC_CUSTOM_PHANTOMPEAKQUALTOOLS (SPT5_T15_REP2); status: COMPLETED; exit: 0; error: -; workDir: /home/ahmed/pranay/work/56/f5849f8f7870c4c70224cf65c3bf24]
Aug-23 00:39:06.464 [Task submitter] DEBUG n.executor.local.LocalTaskHandler - Launch cmd line: /bin/bash -ue .command.run
Aug-23 00:39:06.465 [Task submitter] INFO  nextflow.Session - [75/9ec94b] Submitted process > NFCORE_CHIPSEQ:CHIPSEQ:PICARD_COLLECTMULTIPLEMETRICS (SPT5_T0_REP2)
Aug-23 00:39:08.433 [Task monitor] DEBUG n.processor.TaskPollingMonitor - Task completed > TaskHandler[id: 132; name: NFCORE_CHIPSEQ:CHIPSEQ:BEDTOOLS_GENOMECOV (SPT5_T0_REP1); status: COMPLETED; exit: 0; error: -; workDir: /home/ahmed/pranay/work/88/44505ac0fa6c77180be7aae24321de]
Aug-23 00:39:08.435 [Task submitter] DEBUG n.executor.local.LocalTaskHandler - Launch cmd line: /bin/bash -ue .command.run
Aug-23 00:39:08.435 [Task submitter] INFO  nextflow.Session - [b9/7208fd] Submitted process > NFCORE_CHIPSEQ:CHIPSEQ:BEDTOOLS_GENOMECOV (SPT5_T15_REP1)
Aug-23 00:39:09.310 [Task monitor] DEBUG n.processor.TaskPollingMonitor - Task completed > TaskHandler[id: 130; name: NFCORE_CHIPSEQ:CHIPSEQ:PHANTOMPEAKQUALTOOLS (SPT5_INPUT_REP1); status: COMPLETED; exit: 0; error: -; workDir: /home/ahmed/pranay/work/a8/2de13f92384f932c3713584339608f]
Aug-23 00:39:09.312 [Task submitter] DEBUG n.executor.local.LocalTaskHandler - Launch cmd line: /bin/bash -ue .command.run
Aug-23 00:39:09.312 [Task submitter] INFO  nextflow.Session - [6f/698593] Submitted process > NFCORE_CHIPSEQ:CHIPSEQ:BEDTOOLS_GENOMECOV (SPT5_T15_REP2)
Aug-23 00:39:09.494 [Task monitor] DEBUG n.processor.TaskPollingMonitor - Task completed > TaskHandler[id: 135; name: NFCORE_CHIPSEQ:CHIPSEQ:PHANTOMPEAKQUALTOOLS (SPT5_T0_REP2); status: COMPLETED; exit: 0; error: -; workDir: /home/ahmed/pranay/work/c6/9a73a2494d0655ee3534df4436cc00]
Aug-23 00:39:09.496 [Task submitter] DEBUG n.executor.local.LocalTaskHandler - Launch cmd line: /bin/bash -ue .command.run
Aug-23 00:39:09.496 [Task submitter] INFO  nextflow.Session - [1d/8f690f] Submitted process > NFCORE_CHIPSEQ:CHIPSEQ:FILTER_BAM_BAMTOOLS:BAM_SORT_SAMTOOLS:BAM_STATS_SAMTOOLS:SAMTOOLS_STATS (SPT5_INPUT_REP1)
Aug-23 00:39:09.706 [Task monitor] DEBUG n.processor.TaskPollingMonitor - Task completed > TaskHandler[id: 129; name: NFCORE_CHIPSEQ:CHIPSEQ:PICARD_COLLECTMULTIPLEMETRICS (SPT5_INPUT_REP1); status: COMPLETED; exit: 0; error: -; workDir: /home/ahmed/pranay/work/a3/2f30e23a6d90037c56c45706cdfd99]
Aug-23 00:39:09.707 [Task submitter] DEBUG n.executor.local.LocalTaskHandler - Launch cmd line: /bin/bash -ue .command.run
Aug-23 00:39:09.707 [Task submitter] INFO  nextflow.Session - [b6/d10f7d] Submitted process > NFCORE_CHIPSEQ:CHIPSEQ:FILTER_BAM_BAMTOOLS:BAM_SORT_SAMTOOLS:BAM_STATS_SAMTOOLS:SAMTOOLS_FLAGSTAT (SPT5_INPUT_REP1)
Aug-23 00:39:10.030 [Task monitor] DEBUG n.processor.TaskPollingMonitor - Task completed > TaskHandler[id: 140; name: NFCORE_CHIPSEQ:CHIPSEQ:FILTER_BAM_BAMTOOLS:BAM_SORT_SAMTOOLS:BAM_STATS_SAMTOOLS:SAMTOOLS_STATS (SPT5_INPUT_REP1); status: COMPLETED; exit: 0; error: -; workDir: /home/ahmed/pranay/work/1d/8f690f9374fb470ec0c9737824f82f]
Aug-23 00:39:10.044 [Task submitter] DEBUG n.executor.local.LocalTaskHandler - Launch cmd line: /bin/bash -ue .command.run
Aug-23 00:39:10.044 [Task submitter] INFO  nextflow.Session - [d1/1feb97] Submitted process > NFCORE_CHIPSEQ:CHIPSEQ:FILTER_BAM_BAMTOOLS:BAM_SORT_SAMTOOLS:BAM_STATS_SAMTOOLS:SAMTOOLS_IDXSTATS (SPT5_INPUT_REP1)
Aug-23 00:39:10.111 [Task monitor] DEBUG n.processor.TaskPollingMonitor - Task completed > TaskHandler[id: 139; name: NFCORE_CHIPSEQ:CHIPSEQ:FILTER_BAM_BAMTOOLS:BAM_SORT_SAMTOOLS:BAM_STATS_SAMTOOLS:SAMTOOLS_FLAGSTAT (SPT5_INPUT_REP1); status: COMPLETED; exit: 0; error: -; workDir: /home/ahmed/pranay/work/b6/d10f7dafa934025ab85d68f156fb83]
Aug-23 00:39:10.113 [Task submitter] DEBUG n.executor.local.LocalTaskHandler - Launch cmd line: /bin/bash -ue .command.run
Aug-23 00:39:10.113 [Task submitter] INFO  nextflow.Session - [c6/be5843] Submitted process > NFCORE_CHIPSEQ:CHIPSEQ:MACS2_CALLPEAK (SPT5_T0_REP1)
Aug-23 00:39:10.166 [Task monitor] DEBUG n.processor.TaskPollingMonitor - Task completed > TaskHandler[id: 136; name: NFCORE_CHIPSEQ:CHIPSEQ:BEDTOOLS_GENOMECOV (SPT5_T15_REP1); status: COMPLETED; exit: 0; error: -; workDir: /home/ahmed/pranay/work/b9/7208fdb9358bf501dca06d8f6cef20]
Aug-23 00:39:10.169 [Task submitter] DEBUG n.executor.local.LocalTaskHandler - Launch cmd line: /bin/bash -ue .command.run
Aug-23 00:39:10.169 [Task submitter] INFO  nextflow.Session - [f4/cc9b8c] Submitted process > NFCORE_CHIPSEQ:CHIPSEQ:MACS2_CALLPEAK (SPT5_T15_REP1)
Aug-23 00:39:10.439 [Task monitor] DEBUG n.processor.TaskPollingMonitor - Task completed > TaskHandler[id: 138; name: NFCORE_CHIPSEQ:CHIPSEQ:FILTER_BAM_BAMTOOLS:BAM_SORT_SAMTOOLS:BAM_STATS_SAMTOOLS:SAMTOOLS_IDXSTATS (SPT5_INPUT_REP1); status: COMPLETED; exit: 0; error: -; workDir: /home/ahmed/pranay/work/d1/1feb974233d6aa6bba60b18e4b7b55]
Aug-23 00:39:10.441 [Task submitter] DEBUG n.executor.local.LocalTaskHandler - Launch cmd line: /bin/bash -ue .command.run
Aug-23 00:39:10.441 [Task submitter] INFO  nextflow.Session - [20/82c2f0] Submitted process > NFCORE_CHIPSEQ:CHIPSEQ:DEEPTOOLS_PLOTFINGERPRINT (SPT5_T15_REP1)
Aug-23 00:39:11.029 [Task monitor] DEBUG n.processor.TaskPollingMonitor - Task completed > TaskHandler[id: 137; name: NFCORE_CHIPSEQ:CHIPSEQ:BEDTOOLS_GENOMECOV (SPT5_T15_REP2); status: COMPLETED; exit: 0; error: -; workDir: /home/ahmed/pranay/work/6f/698593d1b0ff9795786916c6411ac7]
Aug-23 00:39:11.031 [Task submitter] DEBUG n.executor.local.LocalTaskHandler - Launch cmd line: /bin/bash -ue .command.run
Aug-23 00:39:11.031 [Task submitter] INFO  nextflow.Session - [a1/0467e3] Submitted process > NFCORE_CHIPSEQ:CHIPSEQ:DEEPTOOLS_PLOTFINGERPRINT (SPT5_T0_REP1)
Aug-23 00:39:13.908 [Task monitor] DEBUG n.processor.TaskPollingMonitor - Task completed > TaskHandler[id: 133; name: NFCORE_CHIPSEQ:CHIPSEQ:PICARD_COLLECTMULTIPLEMETRICS (SPT5_T0_REP2); status: COMPLETED; exit: 0; error: -; workDir: /home/ahmed/pranay/work/75/9ec94b3e49987a0ddcb5847b17e108]
Aug-23 00:39:13.910 [Task submitter] DEBUG n.executor.local.LocalTaskHandler - Launch cmd line: /bin/bash -ue .command.run
Aug-23 00:39:13.910 [Task submitter] INFO  nextflow.Session - [84/422464] Submitted process > NFCORE_CHIPSEQ:CHIPSEQ:FILTER_BAM_BAMTOOLS:BAM_SORT_SAMTOOLS:SAMTOOLS_SORT (SPT5_INPUT_REP2)
Aug-23 00:39:13.923 [Task monitor] DEBUG n.processor.TaskPollingMonitor - Task completed > TaskHandler[id: 143; name: NFCORE_CHIPSEQ:CHIPSEQ:MACS2_CALLPEAK (SPT5_T0_REP1); status: COMPLETED; exit: 0; error: -; workDir: /home/ahmed/pranay/work/c6/be5843b92484556e4fc3ed76fbc4b1]
Aug-23 00:39:13.924 [Task monitor] DEBUG nextflow.processor.TaskProcessor - Process NFCORE_CHIPSEQ:CHIPSEQ:MACS2_CALLPEAK > Skipping output binding because one or more optional files are missing: fileoutparam<4:1>
Aug-23 00:39:13.924 [Task monitor] DEBUG nextflow.processor.TaskProcessor - Process NFCORE_CHIPSEQ:CHIPSEQ:MACS2_CALLPEAK > Skipping output binding because one or more optional files are missing: fileoutparam<5:1>
Aug-23 00:39:13.925 [Task submitter] DEBUG n.executor.local.LocalTaskHandler - Launch cmd line: /bin/bash -ue .command.run
Aug-23 00:39:13.925 [Task submitter] INFO  nextflow.Session - [42/4a69d7] Submitted process > NFCORE_CHIPSEQ:CHIPSEQ:FILTER_BAM_BAMTOOLS:BAM_SORT_SAMTOOLS:BAM_STATS_SAMTOOLS:SAMTOOLS_FLAGSTAT (SPT5_T0_REP2)
Aug-23 00:39:13.925 [Task monitor] DEBUG n.processor.TaskPollingMonitor - Task completed > TaskHandler[id: 144; name: NFCORE_CHIPSEQ:CHIPSEQ:MACS2_CALLPEAK (SPT5_T15_REP1); status: COMPLETED; exit: 0; error: -; workDir: /home/ahmed/pranay/work/f4/cc9b8cafda2dc798bfdb196a72a79c]
Aug-23 00:39:13.927 [Task submitter] DEBUG n.executor.local.LocalTaskHandler - Launch cmd line: /bin/bash -ue .command.run
Aug-23 00:39:13.927 [Task monitor] DEBUG nextflow.processor.TaskProcessor - Process NFCORE_CHIPSEQ:CHIPSEQ:MACS2_CALLPEAK > Skipping output binding because one or more optional files are missing: fileoutparam<4:1>
Aug-23 00:39:13.927 [Task monitor] DEBUG nextflow.processor.TaskProcessor - Process NFCORE_CHIPSEQ:CHIPSEQ:MACS2_CALLPEAK > Skipping output binding because one or more optional files are missing: fileoutparam<5:1>
Aug-23 00:39:13.927 [Task submitter] INFO  nextflow.Session - [f2/7b0372] Submitted process > NFCORE_CHIPSEQ:CHIPSEQ:FILTER_BAM_BAMTOOLS:BAM_SORT_SAMTOOLS:BAM_STATS_SAMTOOLS:SAMTOOLS_STATS (SPT5_T0_REP2)
Aug-23 00:39:14.332 [Task monitor] DEBUG n.processor.TaskPollingMonitor - Task completed > TaskHandler[id: 148; name: NFCORE_CHIPSEQ:CHIPSEQ:FILTER_BAM_BAMTOOLS:BAM_SORT_SAMTOOLS:BAM_STATS_SAMTOOLS:SAMTOOLS_FLAGSTAT (SPT5_T0_REP2); status: COMPLETED; exit: 0; error: -; workDir: /home/ahmed/pranay/work/42/4a69d7fd25c1184678696215e2722a]
Aug-23 00:39:14.333 [Task submitter] DEBUG n.executor.local.LocalTaskHandler - Launch cmd line: /bin/bash -ue .command.run
Aug-23 00:39:14.333 [Task submitter] INFO  nextflow.Session - [fa/f1a2ca] Submitted process > NFCORE_CHIPSEQ:CHIPSEQ:FILTER_BAM_BAMTOOLS:BAM_SORT_SAMTOOLS:BAM_STATS_SAMTOOLS:SAMTOOLS_IDXSTATS (SPT5_T0_REP2)
Aug-23 00:39:14.382 [Task monitor] DEBUG n.processor.TaskPollingMonitor - Task completed > TaskHandler[id: 146; name: NFCORE_CHIPSEQ:CHIPSEQ:FILTER_BAM_BAMTOOLS:BAM_SORT_SAMTOOLS:BAM_STATS_SAMTOOLS:SAMTOOLS_STATS (SPT5_T0_REP2); status: COMPLETED; exit: 0; error: -; workDir: /home/ahmed/pranay/work/f2/7b0372508999594524e1cb7fdb7197]
Aug-23 00:39:14.384 [Task submitter] DEBUG n.executor.local.LocalTaskHandler - Launch cmd line: /bin/bash -ue .command.run
Aug-23 00:39:14.384 [Task submitter] INFO  nextflow.Session - [5b/f01811] Submitted process > NFCORE_CHIPSEQ:CHIPSEQ:UCSC_BEDGRAPHTOBIGWIG (SPT5_T0_REP1)
Aug-23 00:39:14.487 [Task monitor] DEBUG n.processor.TaskPollingMonitor - Task completed > TaskHandler[id: 145; name: NFCORE_CHIPSEQ:CHIPSEQ:FILTER_BAM_BAMTOOLS:BAM_SORT_SAMTOOLS:SAMTOOLS_SORT (SPT5_INPUT_REP2); status: COMPLETED; exit: 0; error: -; workDir: /home/ahmed/pranay/work/84/422464bcdc9d915297527c36c214e7]
Aug-23 00:39:14.490 [Task submitter] DEBUG n.executor.local.LocalTaskHandler - Launch cmd line: /bin/bash -ue .command.run
Aug-23 00:39:14.491 [Task submitter] INFO  nextflow.Session - [81/7ea8ed] Submitted process > NFCORE_CHIPSEQ:CHIPSEQ:MULTIQC_CUSTOM_PHANTOMPEAKQUALTOOLS (SPT5_INPUT_REP1)
Aug-23 00:39:14.686 [Task monitor] DEBUG n.processor.TaskPollingMonitor - Task completed > TaskHandler[id: 147; name: NFCORE_CHIPSEQ:CHIPSEQ:FILTER_BAM_BAMTOOLS:BAM_SORT_SAMTOOLS:BAM_STATS_SAMTOOLS:SAMTOOLS_IDXSTATS (SPT5_T0_REP2); status: COMPLETED; exit: 0; error: -; workDir: /home/ahmed/pranay/work/fa/f1a2ca4dd4010fe902f13117a7a34b]
Aug-23 00:39:14.688 [Task submitter] DEBUG n.executor.local.LocalTaskHandler - Launch cmd line: /bin/bash -ue .command.run
Aug-23 00:39:14.688 [Task submitter] INFO  nextflow.Session - [13/2dd1d3] Submitted process > NFCORE_CHIPSEQ:CHIPSEQ:MULTIQC_CUSTOM_PHANTOMPEAKQUALTOOLS (SPT5_T0_REP2)
Aug-23 00:39:15.839 [Task monitor] DEBUG n.processor.TaskPollingMonitor - Task completed > TaskHandler[id: 149; name: NFCORE_CHIPSEQ:CHIPSEQ:UCSC_BEDGRAPHTOBIGWIG (SPT5_T0_REP1); status: COMPLETED; exit: 0; error: -; workDir: /home/ahmed/pranay/work/5b/f0181182e70799e6c7b67a359c780f]
Aug-23 00:39:15.841 [Task submitter] DEBUG n.executor.local.LocalTaskHandler - Launch cmd line: /bin/bash -ue .command.run
Aug-23 00:39:15.841 [Task submitter] INFO  nextflow.Session - [19/a92cb2] Submitted process > NFCORE_CHIPSEQ:CHIPSEQ:BEDTOOLS_GENOMECOV (SPT5_INPUT_REP1)
Aug-23 00:39:16.042 [Task monitor] DEBUG n.processor.TaskPollingMonitor - Task completed > TaskHandler[id: 150; name: NFCORE_CHIPSEQ:CHIPSEQ:MULTIQC_CUSTOM_PHANTOMPEAKQUALTOOLS (SPT5_INPUT_REP1); status: COMPLETED; exit: 0; error: -; workDir: /home/ahmed/pranay/work/81/7ea8eda70aa6291dbf1046a9ea71d9]
Aug-23 00:39:16.044 [Task submitter] DEBUG n.executor.local.LocalTaskHandler - Launch cmd line: /bin/bash -ue .command.run
Aug-23 00:39:16.044 [Task submitter] INFO  nextflow.Session - [85/c08d13] Submitted process > NFCORE_CHIPSEQ:CHIPSEQ:UCSC_BEDGRAPHTOBIGWIG (SPT5_T15_REP1)
Aug-23 00:39:17.337 [Task monitor] DEBUG n.processor.TaskPollingMonitor - Task completed > TaskHandler[id: 151; name: NFCORE_CHIPSEQ:CHIPSEQ:MULTIQC_CUSTOM_PHANTOMPEAKQUALTOOLS (SPT5_T0_REP2); status: COMPLETED; exit: 0; error: -; workDir: /home/ahmed/pranay/work/13/2dd1d3e0a40e09ba7577ae64f8a710]
Aug-23 00:39:17.339 [Task submitter] DEBUG n.executor.local.LocalTaskHandler - Launch cmd line: /bin/bash -ue .command.run
Aug-23 00:39:17.339 [Task submitter] INFO  nextflow.Session - [b3/686bc5] Submitted process > NFCORE_CHIPSEQ:CHIPSEQ:UCSC_BEDGRAPHTOBIGWIG (SPT5_T15_REP2)
Aug-23 00:39:17.589 [Task monitor] DEBUG n.processor.TaskPollingMonitor - Task completed > TaskHandler[id: 152; name: NFCORE_CHIPSEQ:CHIPSEQ:BEDTOOLS_GENOMECOV (SPT5_INPUT_REP1); status: COMPLETED; exit: 0; error: -; workDir: /home/ahmed/pranay/work/19/a92cb2f9235748ef6495c8e7a6c5ce]
Aug-23 00:39:17.591 [Task submitter] DEBUG n.executor.local.LocalTaskHandler - Launch cmd line: /bin/bash -ue .command.run
Aug-23 00:39:17.591 [Task submitter] INFO  nextflow.Session - [27/bbf487] Submitted process > NFCORE_CHIPSEQ:CHIPSEQ:FRIP_SCORE (SPT5_T0_REP1)
Aug-23 00:39:18.143 [Task monitor] DEBUG n.processor.TaskPollingMonitor - Task completed > TaskHandler[id: 157; name: NFCORE_CHIPSEQ:CHIPSEQ:FRIP_SCORE (SPT5_T0_REP1); status: COMPLETED; exit: 0; error: -; workDir: /home/ahmed/pranay/work/27/bbf487404fe279801e8837a77e2eb6]
Aug-23 00:39:18.148 [Task submitter] DEBUG n.executor.local.LocalTaskHandler - Launch cmd line: /bin/bash -ue .command.run
Aug-23 00:39:18.149 [Task submitter] INFO  nextflow.Session - [b1/9c133b] Submitted process > NFCORE_CHIPSEQ:CHIPSEQ:FRIP_SCORE (SPT5_T15_REP1)
Aug-23 00:39:18.150 [Actor Thread 10] DEBUG nextflow.util.CacheHelper - Hash asset file sha-256: /home/ahmed/.nextflow/assets/nf-core/chipseq/assets/multiqc/peak_count_header.txt
Aug-23 00:39:18.150 [Actor Thread 10] DEBUG nextflow.util.CacheHelper - Hash asset file sha-256: /home/ahmed/.nextflow/assets/nf-core/chipseq/assets/multiqc/frip_score_header.txt
Aug-23 00:39:18.378 [Task monitor] DEBUG n.processor.TaskPollingMonitor - Task completed > TaskHandler[id: 142; name: NFCORE_CHIPSEQ:CHIPSEQ:DEEPTOOLS_PLOTFINGERPRINT (SPT5_T15_REP1); status: COMPLETED; exit: 0; error: -; workDir: /home/ahmed/pranay/work/20/82c2f045caa6afa405d6b0f0965d3e]
Aug-23 00:39:18.379 [Task submitter] DEBUG n.executor.local.LocalTaskHandler - Launch cmd line: /bin/bash -ue .command.run
Aug-23 00:39:18.379 [Task submitter] INFO  nextflow.Session - [79/9ec930] Submitted process > NFCORE_CHIPSEQ:CHIPSEQ:HOMER_ANNOTATEPEAKS_MACS2 (SPT5_T0_REP1)
Aug-23 00:39:18.622 [Task monitor] DEBUG n.processor.TaskPollingMonitor - Task completed > TaskHandler[id: 153; name: NFCORE_CHIPSEQ:CHIPSEQ:UCSC_BEDGRAPHTOBIGWIG (SPT5_T15_REP1); status: COMPLETED; exit: 0; error: -; workDir: /home/ahmed/pranay/work/85/c08d13585cacb34ad420ca649f4194]
Aug-23 00:39:18.623 [Task submitter] DEBUG n.executor.local.LocalTaskHandler - Launch cmd line: /bin/bash -ue .command.run
Aug-23 00:39:18.623 [Task submitter] INFO  nextflow.Session - [75/11e0d6] Submitted process > NFCORE_CHIPSEQ:CHIPSEQ:HOMER_ANNOTATEPEAKS_MACS2 (SPT5_T15_REP1)
Aug-23 00:39:18.731 [Task monitor] DEBUG n.processor.TaskPollingMonitor - Task completed > TaskHandler[id: 154; name: NFCORE_CHIPSEQ:CHIPSEQ:UCSC_BEDGRAPHTOBIGWIG (SPT5_T15_REP2); status: COMPLETED; exit: 0; error: -; workDir: /home/ahmed/pranay/work/b3/686bc53e7d8691b38215cb519156dd]
Aug-23 00:39:18.733 [Task submitter] DEBUG n.executor.local.LocalTaskHandler - Launch cmd line: /bin/bash -ue .command.run
Aug-23 00:39:18.733 [Task submitter] INFO  nextflow.Session - [3a/895687] Submitted process > NFCORE_CHIPSEQ:CHIPSEQ:BEDTOOLS_GENOMECOV (SPT5_T0_REP2)
Aug-23 00:39:18.839 [Task monitor] DEBUG n.processor.TaskPollingMonitor - Task completed > TaskHandler[id: 158; name: NFCORE_CHIPSEQ:CHIPSEQ:FRIP_SCORE (SPT5_T15_REP1); status: COMPLETED; exit: 0; error: -; workDir: /home/ahmed/pranay/work/b1/9c133b58f46b1ce490ff2f37783113]
Aug-23 00:39:18.840 [Task submitter] DEBUG n.executor.local.LocalTaskHandler - Launch cmd line: /bin/bash -ue .command.run
Aug-23 00:39:18.840 [Task submitter] INFO  nextflow.Session - [c7/5277d5] Submitted process > NFCORE_CHIPSEQ:CHIPSEQ:FILTER_BAM_BAMTOOLS:BAM_SORT_SAMTOOLS:SAMTOOLS_INDEX (SPT5_INPUT_REP2)
Aug-23 00:39:18.949 [Task monitor] DEBUG n.processor.TaskPollingMonitor - Task completed > TaskHandler[id: 141; name: NFCORE_CHIPSEQ:CHIPSEQ:DEEPTOOLS_PLOTFINGERPRINT (SPT5_T0_REP1); status: COMPLETED; exit: 0; error: -; workDir: /home/ahmed/pranay/work/a1/0467e3cd0592e927ed5ff6b41b80fa]
Aug-23 00:39:18.951 [Task submitter] DEBUG n.executor.local.LocalTaskHandler - Launch cmd line: /bin/bash -ue .command.run
Aug-23 00:39:18.951 [Task submitter] INFO  nextflow.Session - [33/f331dd] Submitted process > NFCORE_CHIPSEQ:CHIPSEQ:PHANTOMPEAKQUALTOOLS (SPT5_INPUT_REP2)
Aug-23 00:39:19.247 [Task monitor] DEBUG n.processor.TaskPollingMonitor - Task completed > TaskHandler[id: 162; name: NFCORE_CHIPSEQ:CHIPSEQ:FILTER_BAM_BAMTOOLS:BAM_SORT_SAMTOOLS:SAMTOOLS_INDEX (SPT5_INPUT_REP2); status: COMPLETED; exit: 0; error: -; workDir: /home/ahmed/pranay/work/c7/5277d528e7eac93559858fb5b28680]
Aug-23 00:39:19.249 [Task monitor] DEBUG nextflow.processor.TaskProcessor - Process NFCORE_CHIPSEQ:CHIPSEQ:FILTER_BAM_BAMTOOLS:BAM_SORT_SAMTOOLS:SAMTOOLS_INDEX > Skipping output binding because one or more optional files are missing: fileoutparam<1:1>
Aug-23 00:39:19.249 [Task monitor] DEBUG nextflow.processor.TaskProcessor - Process NFCORE_CHIPSEQ:CHIPSEQ:FILTER_BAM_BAMTOOLS:BAM_SORT_SAMTOOLS:SAMTOOLS_INDEX > Skipping output binding because one or more optional files are missing: fileoutparam<2:1>
Aug-23 00:39:19.249 [Task submitter] DEBUG n.executor.local.LocalTaskHandler - Launch cmd line: /bin/bash -ue .command.run
Aug-23 00:39:19.249 [Task submitter] INFO  nextflow.Session - [6f/64d8b4] Submitted process > NFCORE_CHIPSEQ:CHIPSEQ:PICARD_COLLECTMULTIPLEMETRICS (SPT5_INPUT_REP2)
Aug-23 00:39:20.353 [Task monitor] DEBUG n.processor.TaskPollingMonitor - Task completed > TaskHandler[id: 159; name: NFCORE_CHIPSEQ:CHIPSEQ:BEDTOOLS_GENOMECOV (SPT5_T0_REP2); status: COMPLETED; exit: 0; error: -; workDir: /home/ahmed/pranay/work/3a/895687c5046b3aa84575e87cde208d]
Aug-23 00:39:20.354 [Task submitter] DEBUG n.executor.local.LocalTaskHandler - Launch cmd line: /bin/bash -ue .command.run
Aug-23 00:39:20.354 [Task submitter] INFO  nextflow.Session - [34/4b4760] Submitted process > NFCORE_CHIPSEQ:CHIPSEQ:DEEPTOOLS_COMPUTEMATRIX (SPT5_T0_REP1)
Aug-23 00:39:22.952 [Task monitor] DEBUG n.processor.TaskPollingMonitor - Task completed > TaskHandler[id: 156; name: NFCORE_CHIPSEQ:CHIPSEQ:HOMER_ANNOTATEPEAKS_MACS2 (SPT5_T15_REP1); status: COMPLETED; exit: 0; error: -; workDir: /home/ahmed/pranay/work/75/11e0d6058251f2b364d6bc128f377e]
Aug-23 00:39:22.954 [Task submitter] DEBUG n.executor.local.LocalTaskHandler - Launch cmd line: /bin/bash -ue .command.run
Aug-23 00:39:22.954 [Task submitter] INFO  nextflow.Session - [0b/36d9c9] Submitted process > NFCORE_CHIPSEQ:CHIPSEQ:UCSC_BEDGRAPHTOBIGWIG (SPT5_INPUT_REP1)
Aug-23 00:39:22.962 [Task monitor] DEBUG n.processor.TaskPollingMonitor - Task completed > TaskHandler[id: 155; name: NFCORE_CHIPSEQ:CHIPSEQ:HOMER_ANNOTATEPEAKS_MACS2 (SPT5_T0_REP1); status: COMPLETED; exit: 0; error: -; workDir: /home/ahmed/pranay/work/79/9ec930a55747f09f91b118b13c4396]
Aug-23 00:39:22.976 [Task submitter] DEBUG n.executor.local.LocalTaskHandler - Launch cmd line: /bin/bash -ue .command.run
Aug-23 00:39:22.976 [Task submitter] INFO  nextflow.Session - [4f/4ebe2b] Submitted process > NFCORE_CHIPSEQ:CHIPSEQ:MULTIQC_CUSTOM_PEAKS (SPT5_T0_REP1)
Aug-23 00:39:23.158 [Task monitor] DEBUG n.processor.TaskPollingMonitor - Task completed > TaskHandler[id: 160; name: NFCORE_CHIPSEQ:CHIPSEQ:PHANTOMPEAKQUALTOOLS (SPT5_INPUT_REP2); status: COMPLETED; exit: 0; error: -; workDir: /home/ahmed/pranay/work/33/f331dd3225cc48f1f9c128e81967c5]
Aug-23 00:39:23.162 [Task submitter] DEBUG n.executor.local.LocalTaskHandler - Launch cmd line: /bin/bash -ue .command.run
Aug-23 00:39:23.162 [Task submitter] INFO  nextflow.Session - [90/2e9ca2] Submitted process > NFCORE_CHIPSEQ:CHIPSEQ:DEEPTOOLS_COMPUTEMATRIX (SPT5_T15_REP1)
Aug-23 00:39:23.496 [Task monitor] DEBUG n.processor.TaskPollingMonitor - Task completed > TaskHandler[id: 165; name: NFCORE_CHIPSEQ:CHIPSEQ:MULTIQC_CUSTOM_PEAKS (SPT5_T0_REP1); status: COMPLETED; exit: 0; error: -; workDir: /home/ahmed/pranay/work/4f/4ebe2bfdf7d6edd02235c6f3490a37]
Aug-23 00:39:23.498 [Task submitter] DEBUG n.executor.local.LocalTaskHandler - Launch cmd line: /bin/bash -ue .command.run
Aug-23 00:39:23.498 [Task submitter] INFO  nextflow.Session - [1d/3d379e] Submitted process > NFCORE_CHIPSEQ:CHIPSEQ:DEEPTOOLS_COMPUTEMATRIX (SPT5_T15_REP2)
Aug-23 00:39:24.218 [Task monitor] DEBUG n.processor.TaskPollingMonitor - Task completed > TaskHandler[id: 161; name: NFCORE_CHIPSEQ:CHIPSEQ:PICARD_COLLECTMULTIPLEMETRICS (SPT5_INPUT_REP2); status: COMPLETED; exit: 0; error: -; workDir: /home/ahmed/pranay/work/6f/64d8b47b876cd98f3686e0b060fad2]
Aug-23 00:39:24.220 [Task submitter] DEBUG n.executor.local.LocalTaskHandler - Launch cmd line: /bin/bash -ue .command.run
Aug-23 00:39:24.220 [Task submitter] INFO  nextflow.Session - [95/5009bd] Submitted process > NFCORE_CHIPSEQ:CHIPSEQ:MULTIQC_CUSTOM_PEAKS (SPT5_T15_REP1)
Aug-23 00:39:24.534 [Task monitor] DEBUG n.processor.TaskPollingMonitor - Task completed > TaskHandler[id: 164; name: NFCORE_CHIPSEQ:CHIPSEQ:UCSC_BEDGRAPHTOBIGWIG (SPT5_INPUT_REP1); status: COMPLETED; exit: 0; error: -; workDir: /home/ahmed/pranay/work/0b/36d9c92abf04eabea1df337e617dba]
Aug-23 00:39:24.536 [Task submitter] DEBUG n.executor.local.LocalTaskHandler - Launch cmd line: /bin/bash -ue .command.run
Aug-23 00:39:24.536 [Task submitter] INFO  nextflow.Session - [52/549117] Submitted process > NFCORE_CHIPSEQ:CHIPSEQ:FILTER_BAM_BAMTOOLS:BAM_SORT_SAMTOOLS:BAM_STATS_SAMTOOLS:SAMTOOLS_IDXSTATS (SPT5_INPUT_REP2)
Aug-23 00:39:24.545 [Task monitor] DEBUG n.processor.TaskPollingMonitor - Task completed > TaskHandler[id: 168; name: NFCORE_CHIPSEQ:CHIPSEQ:MULTIQC_CUSTOM_PEAKS (SPT5_T15_REP1); status: COMPLETED; exit: 0; error: -; workDir: /home/ahmed/pranay/work/95/5009bd6d629f4dc7417ed8a3a18e09]
Aug-23 00:39:24.547 [Task submitter] DEBUG n.executor.local.LocalTaskHandler - Launch cmd line: /bin/bash -ue .command.run
Aug-23 00:39:24.547 [Task submitter] INFO  nextflow.Session - [5f/69f9d5] Submitted process > NFCORE_CHIPSEQ:CHIPSEQ:MACS2_CALLPEAK (SPT5_T0_REP2)
Aug-23 00:39:24.882 [Task monitor] DEBUG n.processor.TaskPollingMonitor - Task completed > TaskHandler[id: 171; name: NFCORE_CHIPSEQ:CHIPSEQ:FILTER_BAM_BAMTOOLS:BAM_SORT_SAMTOOLS:BAM_STATS_SAMTOOLS:SAMTOOLS_IDXSTATS (SPT5_INPUT_REP2); status: COMPLETED; exit: 0; error: -; workDir: /home/ahmed/pranay/work/52/549117265b229ee069b8183e5bec12]
Aug-23 00:39:24.886 [Task submitter] DEBUG n.executor.local.LocalTaskHandler - Launch cmd line: /bin/bash -ue .command.run
Aug-23 00:39:24.886 [Task submitter] INFO  nextflow.Session - [0e/4dbf48] Submitted process > NFCORE_CHIPSEQ:CHIPSEQ:MACS2_CALLPEAK (SPT5_T15_REP2)
Aug-23 00:39:26.055 [Task monitor] DEBUG n.processor.TaskPollingMonitor - Task completed > TaskHandler[id: 175; name: NFCORE_CHIPSEQ:CHIPSEQ:MACS2_CALLPEAK (SPT5_T0_REP2); status: COMPLETED; exit: 0; error: -; workDir: /home/ahmed/pranay/work/5f/69f9d5bc0f5d08532acc1869e21f92]
Aug-23 00:39:26.057 [Task monitor] DEBUG nextflow.processor.TaskProcessor - Process NFCORE_CHIPSEQ:CHIPSEQ:MACS2_CALLPEAK > Skipping output binding because one or more optional files are missing: fileoutparam<4:1>
Aug-23 00:39:26.057 [Task monitor] DEBUG nextflow.processor.TaskProcessor - Process NFCORE_CHIPSEQ:CHIPSEQ:MACS2_CALLPEAK > Skipping output binding because one or more optional files are missing: fileoutparam<5:1>
Aug-23 00:39:26.060 [Task submitter] DEBUG n.executor.local.LocalTaskHandler - Launch cmd line: /bin/bash -ue .command.run
Aug-23 00:39:26.060 [Task submitter] INFO  nextflow.Session - [fd/a879fe] Submitted process > NFCORE_CHIPSEQ:CHIPSEQ:FILTER_BAM_BAMTOOLS:BAM_SORT_SAMTOOLS:BAM_STATS_SAMTOOLS:SAMTOOLS_STATS (SPT5_INPUT_REP2)
Aug-23 00:39:28.848 [Task monitor] DEBUG n.processor.TaskPollingMonitor - Task completed > TaskHandler[id: 174; name: NFCORE_CHIPSEQ:CHIPSEQ:MACS2_CALLPEAK (SPT5_T15_REP2); status: COMPLETED; exit: 0; error: -; workDir: /home/ahmed/pranay/work/0e/4dbf4837e0e5ea5fd2d4d9df6ac6f5]
Aug-23 00:39:28.850 [Task submitter] DEBUG n.executor.local.LocalTaskHandler - Launch cmd line: /bin/bash -ue .command.run
Aug-23 00:39:28.850 [Task submitter] INFO  nextflow.Session - [7b/be8f2e] Submitted process > NFCORE_CHIPSEQ:CHIPSEQ:FILTER_BAM_BAMTOOLS:BAM_SORT_SAMTOOLS:BAM_STATS_SAMTOOLS:SAMTOOLS_FLAGSTAT (SPT5_INPUT_REP2)
Aug-23 00:39:28.852 [Task monitor] DEBUG nextflow.processor.TaskProcessor - Process NFCORE_CHIPSEQ:CHIPSEQ:MACS2_CALLPEAK > Skipping output binding because one or more optional files are missing: fileoutparam<4:1>
Aug-23 00:39:28.852 [Task monitor] DEBUG nextflow.processor.TaskProcessor - Process NFCORE_CHIPSEQ:CHIPSEQ:MACS2_CALLPEAK > Skipping output binding because one or more optional files are missing: fileoutparam<5:1>
Aug-23 00:39:28.861 [Actor Thread 21] DEBUG nextflow.util.CacheHelper - Hash asset file sha-256: /home/ahmed/.nextflow/assets/nf-core/chipseq/bin/plot_macs2_qc.r
Aug-23 00:39:28.869 [Actor Thread 3] DEBUG nextflow.util.CacheHelper - Hash asset file sha-256: /home/ahmed/.nextflow/assets/nf-core/chipseq/bin/macs2_merged_expand.py
Aug-23 00:39:28.869 [Actor Thread 3] DEBUG nextflow.util.CacheHelper - Hash asset file sha-256: /home/ahmed/.nextflow/assets/nf-core/chipseq/bin/plot_peak_intersect.r
Aug-23 00:39:29.085 [Task monitor] DEBUG n.processor.TaskPollingMonitor - Task completed > TaskHandler[id: 169; name: NFCORE_CHIPSEQ:CHIPSEQ:FILTER_BAM_BAMTOOLS:BAM_SORT_SAMTOOLS:BAM_STATS_SAMTOOLS:SAMTOOLS_STATS (SPT5_INPUT_REP2); status: COMPLETED; exit: 0; error: -; workDir: /home/ahmed/pranay/work/fd/a879feeb1eb46b958c5c1f05deb00c]
Aug-23 00:39:29.088 [Task submitter] DEBUG n.executor.local.LocalTaskHandler - Launch cmd line: /bin/bash -ue .command.run
Aug-23 00:39:29.088 [Task submitter] INFO  nextflow.Session - [e4/a34225] Submitted process > NFCORE_CHIPSEQ:CHIPSEQ:DEEPTOOLS_PLOTFINGERPRINT (SPT5_T0_REP2)
Aug-23 00:39:29.311 [Task monitor] DEBUG n.processor.TaskPollingMonitor - Task completed > TaskHandler[id: 170; name: NFCORE_CHIPSEQ:CHIPSEQ:FILTER_BAM_BAMTOOLS:BAM_SORT_SAMTOOLS:BAM_STATS_SAMTOOLS:SAMTOOLS_FLAGSTAT (SPT5_INPUT_REP2); status: COMPLETED; exit: 0; error: -; workDir: /home/ahmed/pranay/work/7b/be8f2ed7489136c73c7a368a7e725d]
Aug-23 00:39:29.313 [Task submitter] DEBUG n.executor.local.LocalTaskHandler - Launch cmd line: /bin/bash -ue .command.run
Aug-23 00:39:29.313 [Task submitter] INFO  nextflow.Session - [4a/e5df32] Submitted process > NFCORE_CHIPSEQ:CHIPSEQ:DEEPTOOLS_PLOTFINGERPRINT (SPT5_T15_REP2)
Aug-23 00:39:37.118 [Task monitor] DEBUG n.processor.TaskPollingMonitor - Task completed > TaskHandler[id: 172; name: NFCORE_CHIPSEQ:CHIPSEQ:DEEPTOOLS_PLOTFINGERPRINT (SPT5_T15_REP2); status: COMPLETED; exit: 0; error: -; workDir: /home/ahmed/pranay/work/4a/e5df32be15648177afe6021b3135e7]
Aug-23 00:39:37.119 [Task submitter] DEBUG n.executor.local.LocalTaskHandler - Launch cmd line: /bin/bash -ue .command.run
Aug-23 00:39:37.119 [Task submitter] INFO  nextflow.Session - [91/64dc7a] Submitted process > NFCORE_CHIPSEQ:CHIPSEQ:UCSC_BEDGRAPHTOBIGWIG (SPT5_T0_REP2)
Aug-23 00:39:38.067 [Task monitor] DEBUG n.processor.TaskPollingMonitor - Task completed > TaskHandler[id: 173; name: NFCORE_CHIPSEQ:CHIPSEQ:DEEPTOOLS_PLOTFINGERPRINT (SPT5_T0_REP2); status: COMPLETED; exit: 0; error: -; workDir: /home/ahmed/pranay/work/e4/a3422557ce70eb409e1dca9cb2e8b0]
Aug-23 00:39:38.069 [Task submitter] DEBUG n.executor.local.LocalTaskHandler - Launch cmd line: /bin/bash -ue .command.run
Aug-23 00:39:38.069 [Task submitter] INFO  nextflow.Session - [a3/ad210a] Submitted process > NFCORE_CHIPSEQ:CHIPSEQ:MULTIQC_CUSTOM_PHANTOMPEAKQUALTOOLS (SPT5_INPUT_REP2)
Aug-23 00:39:38.495 [Task monitor] DEBUG n.processor.TaskPollingMonitor - Task completed > TaskHandler[id: 176; name: NFCORE_CHIPSEQ:CHIPSEQ:UCSC_BEDGRAPHTOBIGWIG (SPT5_T0_REP2); status: COMPLETED; exit: 0; error: -; workDir: /home/ahmed/pranay/work/91/64dc7a1b76a01441ef9633c32d8ea3]
Aug-23 00:39:38.497 [Task submitter] DEBUG n.executor.local.LocalTaskHandler - Launch cmd line: /bin/bash -ue .command.run
Aug-23 00:39:38.497 [Task submitter] INFO  nextflow.Session - [74/08e217] Submitted process > NFCORE_CHIPSEQ:CHIPSEQ:DEEPTOOLS_COMPUTEMATRIX (SPT5_INPUT_REP1)
Aug-23 00:39:39.535 [Task monitor] DEBUG n.processor.TaskPollingMonitor - Task completed > TaskHandler[id: 177; name: NFCORE_CHIPSEQ:CHIPSEQ:MULTIQC_CUSTOM_PHANTOMPEAKQUALTOOLS (SPT5_INPUT_REP2); status: COMPLETED; exit: 0; error: -; workDir: /home/ahmed/pranay/work/a3/ad210ada7d94c81c356038c5a9c49d]
Aug-23 00:39:39.536 [Task submitter] DEBUG n.executor.local.LocalTaskHandler - Launch cmd line: /bin/bash -ue .command.run
Aug-23 00:39:39.536 [Task submitter] INFO  nextflow.Session - [7f/563e42] Submitted process > NFCORE_CHIPSEQ:CHIPSEQ:FRIP_SCORE (SPT5_T0_REP2)
Aug-23 00:39:40.224 [Task monitor] DEBUG n.processor.TaskPollingMonitor - Task completed > TaskHandler[id: 180; name: NFCORE_CHIPSEQ:CHIPSEQ:FRIP_SCORE (SPT5_T0_REP2); status: COMPLETED; exit: 0; error: -; workDir: /home/ahmed/pranay/work/7f/563e426d8c5e1594b1a684291bfcb2]
Aug-23 00:39:40.226 [Task submitter] DEBUG n.executor.local.LocalTaskHandler - Launch cmd line: /bin/bash -ue .command.run
Aug-23 00:39:40.226 [Task submitter] INFO  nextflow.Session - [fc/19a84d] Submitted process > NFCORE_CHIPSEQ:CHIPSEQ:HOMER_ANNOTATEPEAKS_MACS2 (SPT5_T0_REP2)
Aug-23 00:39:44.935 [Task monitor] DEBUG n.processor.TaskPollingMonitor - Task completed > TaskHandler[id: 179; name: NFCORE_CHIPSEQ:CHIPSEQ:HOMER_ANNOTATEPEAKS_MACS2 (SPT5_T0_REP2); status: COMPLETED; exit: 0; error: -; workDir: /home/ahmed/pranay/work/fc/19a84dc1dfec4b5f88749974ac70b0]
Aug-23 00:39:44.937 [Task submitter] DEBUG n.executor.local.LocalTaskHandler - Launch cmd line: /bin/bash -ue .command.run
Aug-23 00:39:44.937 [Task submitter] INFO  nextflow.Session - [0e/b79c22] Submitted process > NFCORE_CHIPSEQ:CHIPSEQ:FRIP_SCORE (SPT5_T15_REP2)
Aug-23 00:39:45.645 [Task monitor] DEBUG n.processor.TaskPollingMonitor - Task completed > TaskHandler[id: 182; name: NFCORE_CHIPSEQ:CHIPSEQ:FRIP_SCORE (SPT5_T15_REP2); status: COMPLETED; exit: 0; error: -; workDir: /home/ahmed/pranay/work/0e/b79c22e198aa171d8bb77f0221b140]
Aug-23 00:39:45.647 [Task submitter] DEBUG n.executor.local.LocalTaskHandler - Launch cmd line: /bin/bash -ue .command.run
Aug-23 00:39:45.647 [Task submitter] INFO  nextflow.Session - [73/a5140b] Submitted process > NFCORE_CHIPSEQ:CHIPSEQ:PLOT_MACS2_QC
Aug-23 00:39:49.703 [Task monitor] DEBUG n.processor.TaskPollingMonitor - Task completed > TaskHandler[id: 183; name: NFCORE_CHIPSEQ:CHIPSEQ:PLOT_MACS2_QC; status: COMPLETED; exit: 0; error: -; workDir: /home/ahmed/pranay/work/73/a5140b254d9b5dd84bbb5040aaf971]
Aug-23 00:39:49.705 [Task submitter] DEBUG n.executor.local.LocalTaskHandler - Launch cmd line: /bin/bash -ue .command.run
Aug-23 00:39:49.705 [Task submitter] INFO  nextflow.Session - [37/9ae858] Submitted process > NFCORE_CHIPSEQ:CHIPSEQ:MACS2_CONSENSUS (SPT5)
Aug-23 00:39:51.155 [Task monitor] DEBUG n.processor.TaskPollingMonitor - Task completed > TaskHandler[id: 184; name: NFCORE_CHIPSEQ:CHIPSEQ:MACS2_CONSENSUS (SPT5); status: COMPLETED; exit: 0; error: -; workDir: /home/ahmed/pranay/work/37/9ae858e27dd102b122ecf0bb67ff51]
Aug-23 00:39:51.156 [Task submitter] DEBUG n.executor.local.LocalTaskHandler - Launch cmd line: /bin/bash -ue .command.run
Aug-23 00:39:51.156 [Task submitter] INFO  nextflow.Session - [f9/befd8d] Submitted process > NFCORE_CHIPSEQ:CHIPSEQ:HOMER_ANNOTATEPEAKS_MACS2 (SPT5_T15_REP2)
Aug-23 00:39:55.894 [Task monitor] DEBUG n.processor.TaskPollingMonitor - Task completed > TaskHandler[id: 181; name: NFCORE_CHIPSEQ:CHIPSEQ:HOMER_ANNOTATEPEAKS_MACS2 (SPT5_T15_REP2); status: COMPLETED; exit: 0; error: -; workDir: /home/ahmed/pranay/work/f9/befd8d76146fd969c0ab394dac5479]
Aug-23 00:39:55.896 [Task submitter] DEBUG n.executor.local.LocalTaskHandler - Launch cmd line: /bin/bash -ue .command.run
Aug-23 00:39:55.896 [Task submitter] INFO  nextflow.Session - [37/d5b592] Submitted process > NFCORE_CHIPSEQ:CHIPSEQ:BEDTOOLS_GENOMECOV (SPT5_INPUT_REP2)
Aug-23 00:39:55.898 [Actor Thread 1] DEBUG nextflow.util.CacheHelper - Hash asset file sha-256: /home/ahmed/.nextflow/assets/nf-core/chipseq/assets/multiqc/peak_annotation_header.txt
Aug-23 00:39:55.898 [Actor Thread 1] DEBUG nextflow.util.CacheHelper - Hash asset file sha-256: /home/ahmed/.nextflow/assets/nf-core/chipseq/bin/plot_homer_annotatepeaks.r
Aug-23 00:39:58.098 [Task monitor] DEBUG n.processor.TaskPollingMonitor - Task completed > TaskHandler[id: 185; name: NFCORE_CHIPSEQ:CHIPSEQ:BEDTOOLS_GENOMECOV (SPT5_INPUT_REP2); status: COMPLETED; exit: 0; error: -; workDir: /home/ahmed/pranay/work/37/d5b59228595b28c6335058bb280b2c]
Aug-23 00:39:58.103 [Task submitter] DEBUG n.executor.local.LocalTaskHandler - Launch cmd line: /bin/bash -ue .command.run
Aug-23 00:39:58.103 [Task submitter] INFO  nextflow.Session - [cf/24a5c9] Submitted process > NFCORE_CHIPSEQ:CHIPSEQ:DEEPTOOLS_COMPUTEMATRIX (SPT5_T0_REP2)
Aug-23 00:40:14.030 [Task monitor] DEBUG n.processor.TaskPollingMonitor - Task completed > TaskHandler[id: 163; name: NFCORE_CHIPSEQ:CHIPSEQ:DEEPTOOLS_COMPUTEMATRIX (SPT5_T0_REP1); status: COMPLETED; exit: 0; error: -; workDir: /home/ahmed/pranay/work/34/4b4760826aa1623820c083831dde69]
Aug-23 00:40:14.031 [Task submitter] DEBUG n.executor.local.LocalTaskHandler - Launch cmd line: /bin/bash -ue .command.run
Aug-23 00:40:14.032 [Task submitter] INFO  nextflow.Session - [43/675e3e] Submitted process > NFCORE_CHIPSEQ:CHIPSEQ:MULTIQC_CUSTOM_PEAKS (SPT5_T0_REP2)
Aug-23 00:40:15.433 [Task monitor] DEBUG n.processor.TaskPollingMonitor - Task completed > TaskHandler[id: 166; name: NFCORE_CHIPSEQ:CHIPSEQ:DEEPTOOLS_COMPUTEMATRIX (SPT5_T15_REP1); status: COMPLETED; exit: 0; error: -; workDir: /home/ahmed/pranay/work/90/2e9ca2e4fa5c0e7c35f40d4f0481a5]
Aug-23 00:40:15.434 [Task submitter] DEBUG n.executor.local.LocalTaskHandler - Launch cmd line: /bin/bash -ue .command.run
Aug-23 00:40:15.434 [Task submitter] INFO  nextflow.Session - [af/acc42a] Submitted process > NFCORE_CHIPSEQ:CHIPSEQ:MULTIQC_CUSTOM_PEAKS (SPT5_T15_REP2)
Aug-23 00:40:15.666 [Task monitor] DEBUG n.processor.TaskPollingMonitor - Task completed > TaskHandler[id: 187; name: NFCORE_CHIPSEQ:CHIPSEQ:MULTIQC_CUSTOM_PEAKS (SPT5_T0_REP2); status: COMPLETED; exit: 0; error: -; workDir: /home/ahmed/pranay/work/43/675e3ea9de31bd8190d0bc34f8ee0d]
Aug-23 00:40:15.668 [Task submitter] DEBUG n.executor.local.LocalTaskHandler - Launch cmd line: /bin/bash -ue .command.run
Aug-23 00:40:15.668 [Task submitter] INFO  nextflow.Session - [8a/a11cdf] Submitted process > NFCORE_CHIPSEQ:CHIPSEQ:SUBREAD_FEATURECOUNTS (SPT5)
Aug-23 00:40:15.851 [Task monitor] DEBUG n.processor.TaskPollingMonitor - Task completed > TaskHandler[id: 188; name: NFCORE_CHIPSEQ:CHIPSEQ:MULTIQC_CUSTOM_PEAKS (SPT5_T15_REP2); status: COMPLETED; exit: 0; error: -; workDir: /home/ahmed/pranay/work/af/acc42a0ed96342c184360affca8e1b]
Aug-23 00:40:15.853 [Task submitter] DEBUG n.executor.local.LocalTaskHandler - Launch cmd line: /bin/bash -ue .command.run
Aug-23 00:40:15.853 [Task submitter] INFO  nextflow.Session - [5c/01379c] Submitted process > NFCORE_CHIPSEQ:CHIPSEQ:HOMER_ANNOTATEPEAKS_CONSENSUS (SPT5)
Aug-23 00:40:17.453 [Task monitor] DEBUG n.processor.TaskPollingMonitor - Task completed > TaskHandler[id: 190; name: NFCORE_CHIPSEQ:CHIPSEQ:SUBREAD_FEATURECOUNTS (SPT5); status: COMPLETED; exit: 0; error: -; workDir: /home/ahmed/pranay/work/8a/a11cdf2e6118ea9d89f0c4bde677d1]
Aug-23 00:40:17.455 [Task submitter] DEBUG n.executor.local.LocalTaskHandler - Launch cmd line: /bin/bash -ue .command.run
Aug-23 00:40:17.455 [Task submitter] INFO  nextflow.Session - [60/0f5d84] Submitted process > NFCORE_CHIPSEQ:CHIPSEQ:PLOT_HOMER_ANNOTATEPEAKS
Aug-23 00:40:17.459 [Actor Thread 14] DEBUG nextflow.util.CacheHelper - Hash asset file sha-256: /home/ahmed/.nextflow/assets/nf-core/chipseq/assets/multiqc/deseq2_pca_header.txt
Aug-23 00:40:17.459 [Actor Thread 14] DEBUG nextflow.util.CacheHelper - Hash asset file sha-256: /home/ahmed/.nextflow/assets/nf-core/chipseq/assets/multiqc/deseq2_clustering_header.txt
Aug-23 00:40:17.459 [Actor Thread 14] DEBUG nextflow.util.CacheHelper - Hash asset file sha-256: /home/ahmed/.nextflow/assets/nf-core/chipseq/bin/deseq2_qc.r
Aug-23 00:40:19.357 [Task monitor] DEBUG n.processor.TaskPollingMonitor - Task completed > TaskHandler[id: 189; name: NFCORE_CHIPSEQ:CHIPSEQ:HOMER_ANNOTATEPEAKS_CONSENSUS (SPT5); status: COMPLETED; exit: 0; error: -; workDir: /home/ahmed/pranay/work/5c/01379ca2e0a021bffe49d8296f675a]
Aug-23 00:40:19.359 [Task submitter] DEBUG n.executor.local.LocalTaskHandler - Launch cmd line: /bin/bash -ue .command.run
Aug-23 00:40:19.359 [Task submitter] INFO  nextflow.Session - [a3/fc5ee4] Submitted process > NFCORE_CHIPSEQ:CHIPSEQ:UCSC_BEDGRAPHTOBIGWIG (SPT5_INPUT_REP2)
Aug-23 00:40:21.927 [Task monitor] DEBUG n.processor.TaskPollingMonitor - Task completed > TaskHandler[id: 191; name: NFCORE_CHIPSEQ:CHIPSEQ:PLOT_HOMER_ANNOTATEPEAKS; status: COMPLETED; exit: 0; error: -; workDir: /home/ahmed/pranay/work/60/0f5d84414a1566a68a8ce4cccb07b7]
Aug-23 00:40:21.928 [Task submitter] DEBUG n.executor.local.LocalTaskHandler - Launch cmd line: /bin/bash -ue .command.run
Aug-23 00:40:21.928 [Task submitter] INFO  nextflow.Session - [2d/4704e2] Submitted process > NFCORE_CHIPSEQ:CHIPSEQ:DEEPTOOLS_PLOTPROFILE (SPT5_T0_REP1)
Aug-23 00:40:21.941 [Task monitor] DEBUG n.processor.TaskPollingMonitor - Task completed > TaskHandler[id: 167; name: NFCORE_CHIPSEQ:CHIPSEQ:DEEPTOOLS_COMPUTEMATRIX (SPT5_T15_REP2); status: COMPLETED; exit: 0; error: -; workDir: /home/ahmed/pranay/work/1d/3d379ec4d360ba3f0b4ce59fed404e]
Aug-23 00:40:21.942 [Task submitter] DEBUG n.executor.local.LocalTaskHandler - Launch cmd line: /bin/bash -ue .command.run
Aug-23 00:40:21.942 [Task submitter] INFO  nextflow.Session - [a4/7d58cc] Submitted process > NFCORE_CHIPSEQ:CHIPSEQ:DEEPTOOLS_PLOTHEATMAP (SPT5_T0_REP1)
Aug-23 00:40:23.275 [Task monitor] DEBUG n.processor.TaskPollingMonitor - Task completed > TaskHandler[id: 192; name: NFCORE_CHIPSEQ:CHIPSEQ:UCSC_BEDGRAPHTOBIGWIG (SPT5_INPUT_REP2); status: COMPLETED; exit: 0; error: -; workDir: /home/ahmed/pranay/work/a3/fc5ee4140f583a903090bd9cbf89e9]
Aug-23 00:40:23.277 [Task submitter] DEBUG n.executor.local.LocalTaskHandler - Launch cmd line: /bin/bash -ue .command.run
Aug-23 00:40:23.277 [Task submitter] INFO  nextflow.Session - [bc/336cb4] Submitted process > NFCORE_CHIPSEQ:CHIPSEQ:DEEPTOOLS_PLOTPROFILE (SPT5_T15_REP1)
Aug-23 00:40:23.336 [Actor Thread 14] DEBUG nextflow.util.CacheHelper - Hash asset file sha-256: /home/ahmed/.nextflow/assets/nf-core/chipseq/bin/igv_files_to_session.py
Aug-23 00:40:24.409 [Task monitor] DEBUG n.processor.TaskPollingMonitor - Task completed > TaskHandler[id: 194; name: NFCORE_CHIPSEQ:CHIPSEQ:DEEPTOOLS_PLOTPROFILE (SPT5_T0_REP1); status: COMPLETED; exit: 0; error: -; workDir: /home/ahmed/pranay/work/2d/4704e2ecc8c408a062fb3dc35573b7]
Aug-23 00:40:24.411 [Task submitter] DEBUG n.executor.local.LocalTaskHandler - Launch cmd line: /bin/bash -ue .command.run
Aug-23 00:40:24.411 [Task submitter] INFO  nextflow.Session - [ab/5eff3a] Submitted process > NFCORE_CHIPSEQ:CHIPSEQ:DEEPTOOLS_PLOTHEATMAP (SPT5_T15_REP1)
Aug-23 00:40:25.638 [Task monitor] DEBUG n.processor.TaskPollingMonitor - Task completed > TaskHandler[id: 195; name: NFCORE_CHIPSEQ:CHIPSEQ:DEEPTOOLS_PLOTPROFILE (SPT5_T15_REP1); status: COMPLETED; exit: 0; error: -; workDir: /home/ahmed/pranay/work/bc/336cb42d20b0727dd32cabece92288]
Aug-23 00:40:25.640 [Task submitter] DEBUG n.executor.local.LocalTaskHandler - Launch cmd line: /bin/bash -ue .command.run
Aug-23 00:40:25.640 [Task submitter] INFO  nextflow.Session - [d3/1b412a] Submitted process > NFCORE_CHIPSEQ:CHIPSEQ:DESEQ2_QC (SPT5)
Aug-23 00:40:27.878 [Task monitor] DEBUG n.processor.TaskPollingMonitor - Task completed > TaskHandler[id: 193; name: NFCORE_CHIPSEQ:CHIPSEQ:DEEPTOOLS_PLOTHEATMAP (SPT5_T0_REP1); status: COMPLETED; exit: 0; error: -; workDir: /home/ahmed/pranay/work/a4/7d58cc60e7959948847550c9228b20]
Aug-23 00:40:27.880 [Task submitter] DEBUG n.executor.local.LocalTaskHandler - Launch cmd line: /bin/bash -ue .command.run
Aug-23 00:40:27.880 [Task submitter] INFO  nextflow.Session - [1c/3c2ce5] Submitted process > NFCORE_CHIPSEQ:CHIPSEQ:ANNOTATE_BOOLEAN_PEAKS (SPT5)
Aug-23 00:40:28.237 [Task monitor] DEBUG n.processor.TaskPollingMonitor - Task completed > TaskHandler[id: 198; name: NFCORE_CHIPSEQ:CHIPSEQ:ANNOTATE_BOOLEAN_PEAKS (SPT5); status: COMPLETED; exit: 0; error: -; workDir: /home/ahmed/pranay/work/1c/3c2ce5732cf152e5f17af6129691ac]
Aug-23 00:40:28.238 [Task submitter] DEBUG n.executor.local.LocalTaskHandler - Launch cmd line: /bin/bash -ue .command.run
Aug-23 00:40:28.238 [Task submitter] INFO  nextflow.Session - [74/9fd9a5] Submitted process > NFCORE_CHIPSEQ:CHIPSEQ:DEEPTOOLS_PLOTPROFILE (SPT5_T15_REP2)
Aug-23 00:40:30.335 [Task monitor] DEBUG n.processor.TaskPollingMonitor - Task completed > TaskHandler[id: 196; name: NFCORE_CHIPSEQ:CHIPSEQ:DEEPTOOLS_PLOTHEATMAP (SPT5_T15_REP1); status: COMPLETED; exit: 0; error: -; workDir: /home/ahmed/pranay/work/ab/5eff3a646064bf61ce0b85d933b352]
Aug-23 00:40:30.336 [Task submitter] DEBUG n.executor.local.LocalTaskHandler - Launch cmd line: /bin/bash -ue .command.run
Aug-23 00:40:30.336 [Task submitter] INFO  nextflow.Session - [68/bb5e1d] Submitted process > NFCORE_CHIPSEQ:CHIPSEQ:DEEPTOOLS_PLOTHEATMAP (SPT5_T15_REP2)
Aug-23 00:40:31.672 [Task monitor] DEBUG n.processor.TaskPollingMonitor - Task completed > TaskHandler[id: 199; name: NFCORE_CHIPSEQ:CHIPSEQ:DEEPTOOLS_PLOTPROFILE (SPT5_T15_REP2); status: COMPLETED; exit: 0; error: -; workDir: /home/ahmed/pranay/work/74/9fd9a57bf504c4fd23da6a97e9c190]
Aug-23 00:40:31.674 [Task submitter] DEBUG n.executor.local.LocalTaskHandler - Launch cmd line: /bin/bash -ue .command.run
Aug-23 00:40:31.674 [Task submitter] INFO  nextflow.Session - [36/dbade7] Submitted process > NFCORE_CHIPSEQ:CHIPSEQ:DEEPTOOLS_COMPUTEMATRIX (SPT5_INPUT_REP2)
Aug-23 00:40:35.239 [Task monitor] DEBUG n.processor.TaskPollingMonitor - Task completed > TaskHandler[id: 197; name: NFCORE_CHIPSEQ:CHIPSEQ:DESEQ2_QC (SPT5); status: COMPLETED; exit: 0; error: -; workDir: /home/ahmed/pranay/work/d3/1b412a8478083171da9c81a41990ce]
Aug-23 00:40:35.241 [Task submitter] DEBUG n.executor.local.LocalTaskHandler - Launch cmd line: /bin/bash -ue .command.run
Aug-23 00:40:35.241 [Task submitter] INFO  nextflow.Session - [54/302df2] Submitted process > NFCORE_CHIPSEQ:CHIPSEQ:IGV
Aug-23 00:40:36.676 [Task monitor] DEBUG n.processor.TaskPollingMonitor - Task completed > TaskHandler[id: 202; name: NFCORE_CHIPSEQ:CHIPSEQ:IGV; status: COMPLETED; exit: 0; error: -; workDir: /home/ahmed/pranay/work/54/302df2c44910535ad57c2ca5faede2]
Aug-23 00:40:36.684 [Actor Thread 14] DEBUG nextflow.sort.BigSort - Sort completed -- entries: 33; slices: 1; internal sort time: 0.006 s; external sort time: 0.001 s; total time: 0.007 s
Aug-23 00:40:36.687 [Actor Thread 14] DEBUG nextflow.file.FileCollector - Saved collect-files list to: /home/ahmed/pranay/work/collect-file/600f9d265d2375960c6e82b67dc9a992
Aug-23 00:40:36.687 [Actor Thread 14] DEBUG nextflow.file.FileCollector - Deleting file collector temp dir: /tmp/nxf-785932976311193585
Aug-23 00:40:36.711 [Task submitter] DEBUG n.executor.local.LocalTaskHandler - Launch cmd line: /bin/bash -ue .command.run
Aug-23 00:40:36.711 [Task submitter] INFO  nextflow.Session - [d7/e3d109] Submitted process > NFCORE_CHIPSEQ:CHIPSEQ:CUSTOM_DUMPSOFTWAREVERSIONS (1)
Aug-23 00:40:37.002 [Task monitor] DEBUG n.processor.TaskPollingMonitor - Task completed > TaskHandler[id: 203; name: NFCORE_CHIPSEQ:CHIPSEQ:CUSTOM_DUMPSOFTWAREVERSIONS (1); status: COMPLETED; exit: 0; error: -; workDir: /home/ahmed/pranay/work/d7/e3d109089e7cef9dcf65b2c292d84f]
Aug-23 00:40:37.436 [Task monitor] DEBUG n.processor.TaskPollingMonitor - Task completed > TaskHandler[id: 200; name: NFCORE_CHIPSEQ:CHIPSEQ:DEEPTOOLS_PLOTHEATMAP (SPT5_T15_REP2); status: COMPLETED; exit: 0; error: -; workDir: /home/ahmed/pranay/work/68/bb5e1d88fc3203890e4a10ca084cce]
Aug-23 00:40:37.600 [Task monitor] DEBUG n.processor.TaskPollingMonitor - Task completed > TaskHandler[id: 178; name: NFCORE_CHIPSEQ:CHIPSEQ:DEEPTOOLS_COMPUTEMATRIX (SPT5_INPUT_REP1); status: COMPLETED; exit: 0; error: -; workDir: /home/ahmed/pranay/work/74/08e21786d058f2036bfd688882409f]
Aug-23 00:40:37.604 [Task submitter] DEBUG n.executor.local.LocalTaskHandler - Launch cmd line: /bin/bash -ue .command.run
Aug-23 00:40:37.604 [Task submitter] INFO  nextflow.Session - [6e/9258c8] Submitted process > NFCORE_CHIPSEQ:CHIPSEQ:DEEPTOOLS_PLOTHEATMAP (SPT5_INPUT_REP1)
Aug-23 00:40:37.605 [Task submitter] DEBUG n.executor.local.LocalTaskHandler - Launch cmd line: /bin/bash -ue .command.run
Aug-23 00:40:37.605 [Task submitter] INFO  nextflow.Session - [3c/12bde7] Submitted process > NFCORE_CHIPSEQ:CHIPSEQ:DEEPTOOLS_PLOTPROFILE (SPT5_INPUT_REP1)
Aug-23 00:40:42.554 [Task monitor] DEBUG n.processor.TaskPollingMonitor - Task completed > TaskHandler[id: 205; name: NFCORE_CHIPSEQ:CHIPSEQ:DEEPTOOLS_PLOTPROFILE (SPT5_INPUT_REP1); status: COMPLETED; exit: 0; error: -; workDir: /home/ahmed/pranay/work/3c/12bde778728ff295752c324cfd1185]
Aug-23 00:40:44.061 [Task monitor] DEBUG n.processor.TaskPollingMonitor - Task completed > TaskHandler[id: 204; name: NFCORE_CHIPSEQ:CHIPSEQ:DEEPTOOLS_PLOTHEATMAP (SPT5_INPUT_REP1); status: COMPLETED; exit: 0; error: -; workDir: /home/ahmed/pranay/work/6e/9258c866fabe22c29877f47cf6c97d]
Aug-23 00:40:45.895 [Task monitor] DEBUG n.processor.TaskPollingMonitor - Task completed > TaskHandler[id: 186; name: NFCORE_CHIPSEQ:CHIPSEQ:DEEPTOOLS_COMPUTEMATRIX (SPT5_T0_REP2); status: COMPLETED; exit: 0; error: -; workDir: /home/ahmed/pranay/work/cf/24a5c9ea6be4e008cc7416d351ed87]
Aug-23 00:40:45.898 [Task submitter] DEBUG n.executor.local.LocalTaskHandler - Launch cmd line: /bin/bash -ue .command.run
Aug-23 00:40:45.898 [Task submitter] INFO  nextflow.Session - [b2/8dad2a] Submitted process > NFCORE_CHIPSEQ:CHIPSEQ:DEEPTOOLS_PLOTHEATMAP (SPT5_T0_REP2)
Aug-23 00:40:45.900 [Task submitter] DEBUG n.executor.local.LocalTaskHandler - Launch cmd line: /bin/bash -ue .command.run
Aug-23 00:40:45.900 [Task submitter] INFO  nextflow.Session - [28/7ba819] Submitted process > NFCORE_CHIPSEQ:CHIPSEQ:DEEPTOOLS_PLOTPROFILE (SPT5_T0_REP2)
Aug-23 00:40:48.251 [Task monitor] DEBUG n.processor.TaskPollingMonitor - Task completed > TaskHandler[id: 207; name: NFCORE_CHIPSEQ:CHIPSEQ:DEEPTOOLS_PLOTPROFILE (SPT5_T0_REP2); status: COMPLETED; exit: 0; error: -; workDir: /home/ahmed/pranay/work/28/7ba81942272f66a82fe5730b3083c1]
Aug-23 00:40:51.668 [Task monitor] DEBUG n.processor.TaskPollingMonitor - Task completed > TaskHandler[id: 206; name: NFCORE_CHIPSEQ:CHIPSEQ:DEEPTOOLS_PLOTHEATMAP (SPT5_T0_REP2); status: COMPLETED; exit: 0; error: -; workDir: /home/ahmed/pranay/work/b2/8dad2a9d5460051f62973795c9ebe6]
Aug-23 00:41:13.517 [Task monitor] DEBUG n.processor.TaskPollingMonitor - Task completed > TaskHandler[id: 201; name: NFCORE_CHIPSEQ:CHIPSEQ:DEEPTOOLS_COMPUTEMATRIX (SPT5_INPUT_REP2); status: COMPLETED; exit: 0; error: -; workDir: /home/ahmed/pranay/work/36/dbade7a3d6d435d714481127b98d18]
Aug-23 00:41:13.527 [Task submitter] DEBUG n.executor.local.LocalTaskHandler - Launch cmd line: /bin/bash -ue .command.run
Aug-23 00:41:13.527 [Task submitter] INFO  nextflow.Session - [74/484adf] Submitted process > NFCORE_CHIPSEQ:CHIPSEQ:DEEPTOOLS_PLOTPROFILE (SPT5_INPUT_REP2)
Aug-23 00:41:13.532 [Task submitter] DEBUG n.executor.local.LocalTaskHandler - Launch cmd line: /bin/bash -ue .command.run
Aug-23 00:41:13.533 [Task submitter] INFO  nextflow.Session - [c7/39a1d8] Submitted process > NFCORE_CHIPSEQ:CHIPSEQ:DEEPTOOLS_PLOTHEATMAP (SPT5_INPUT_REP2)
Aug-23 00:41:16.034 [Task monitor] DEBUG n.processor.TaskPollingMonitor - Task completed > TaskHandler[id: 209; name: NFCORE_CHIPSEQ:CHIPSEQ:DEEPTOOLS_PLOTPROFILE (SPT5_INPUT_REP2); status: COMPLETED; exit: 0; error: -; workDir: /home/ahmed/pranay/work/74/484adf9dc0b26716bab1eb6915173d]
Aug-23 00:41:16.043 [Actor Thread 5] DEBUG nextflow.util.CacheHelper - Hash asset file sha-256: /home/ahmed/.nextflow/assets/nf-core/chipseq/assets/multiqc_config.yml
Aug-23 00:41:16.050 [Task submitter] DEBUG n.executor.local.LocalTaskHandler - Launch cmd line: /bin/bash -ue .command.run
Aug-23 00:41:16.050 [Task submitter] INFO  nextflow.Session - [a2/ec0238] Submitted process > NFCORE_CHIPSEQ:CHIPSEQ:MULTIQC (1)
Aug-23 00:41:20.032 [Task monitor] DEBUG n.processor.TaskPollingMonitor - Task completed > TaskHandler[id: 208; name: NFCORE_CHIPSEQ:CHIPSEQ:DEEPTOOLS_PLOTHEATMAP (SPT5_INPUT_REP2); status: COMPLETED; exit: 0; error: -; workDir: /home/ahmed/pranay/work/c7/39a1d8e76a12751600b064f5e97836]
Aug-23 00:41:38.829 [Task monitor] DEBUG n.processor.TaskPollingMonitor - Task completed > TaskHandler[id: 210; name: NFCORE_CHIPSEQ:CHIPSEQ:MULTIQC (1); status: COMPLETED; exit: 0; error: -; workDir: /home/ahmed/pranay/work/a2/ec02388a447713666ef0b647db9edc]
Aug-23 00:41:38.834 [main] DEBUG nextflow.Session - Session await > all processes finished
Aug-23 00:41:38.836 [Task monitor] DEBUG n.processor.TaskPollingMonitor - <<< barrier arrives (monitor: local) - terminating tasks monitor poll loop
Aug-23 00:41:38.836 [main] DEBUG nextflow.Session - Session await > all barriers passed
Aug-23 00:41:38.861 [main] DEBUG nextflow.util.ThreadPoolManager - Thread pool 'PublishDir' shutdown completed (hard=false)
Aug-23 00:41:38.863 [main] INFO  nextflow.Nextflow - -[0;35m[nf-core/chipseq][0;32m Pipeline completed successfully[0m-
Aug-23 00:41:38.866 [main] DEBUG n.trace.WorkflowStatsObserver - Workflow completed > WorkflowStats[succeededCount=210; failedCount=0; ignoredCount=0; cachedCount=0; pendingCount=0; submittedCount=0; runningCount=0; retriesCount=0; abortedCount=0; succeedDuration=21m 46s; failedDuration=0ms; cachedDuration=0ms;loadCpus=0; loadMemory=0; peakRunning=5; peakCpus=10; peakMemory=30 GB; ]
Aug-23 00:41:38.866 [main] DEBUG nextflow.trace.TraceFileObserver - Workflow completed -- saving trace file
Aug-23 00:41:38.867 [main] DEBUG nextflow.trace.ReportObserver - Workflow completed -- rendering execution report
Aug-23 00:41:39.210 [main] DEBUG nextflow.trace.TimelineObserver - Workflow completed -- rendering execution timeline
Aug-23 00:41:39.460 [main] DEBUG nextflow.cache.CacheDB - Closing CacheDB done
Aug-23 00:41:39.468 [main] DEBUG nextflow.util.ThreadPoolManager - Thread pool 'FileTransfer' shutdown completed (hard=false)
Aug-23 00:41:39.468 [main] DEBUG nextflow.script.ScriptRunner - > Execution complete -- Goodbye
