task_id,hostname,native_id,process,tag,name,status,exit,module,container,cpus,time,disk,memory,attempt,submit,start,complete,duration,runtime_s,queue,%cpu,%mem,rss,vmem,peak_mem,peak_vmem,rchar,wchar,syscr,syscw,read_bytes,write_bytes,vol_ctxt,inv_ctxt,workdir,scratch,error_action,cpu_model,energy_j,task_type,source_dataset,source_workflow,node,cores,ram,predicted_energy_j,predicted_runtime_s,predicted_peak_mem
2,-,7192,NFCORE_ATACSEQ:ATACSEQ:PREPARE_GENOME:CUSTOM_GETCHROMSIZES,genome.fa,NFCORE_ATACSEQ:ATACSEQ:PREPARE_GENOME:CUSTOM_GETCHROMSIZES (genome.fa),COMPLETED,0,-,quay.io/biocontainers/samtools:1.16.1--h6899075_1,1,14400000,-,6442450944,1,1788523640979,1788523641028,1788523641701,722,0,-,24.3,0.0,3661824,8212480,3661824,8216576,12471944,5520,423,20,8028160,16384,14,0,/home/ahmed/pranay/work/6a/bf9cbae0e68c4eb53ae994226b3112,-,-,12th Gen Intel(R) Core(TM) i5-12400,13.18002,CUSTOM_GETCHROMSIZES,intel_i5,atacseq,intel_i5,6.0,32.0,146.40386974999998,996.045,3535741.6106666666
1,-,6921,NFCORE_ATACSEQ:ATACSEQ:INPUT_CHECK:SAMPLESHEET_CHECK,samplesheet_test.csv,NFCORE_ATACSEQ:ATACSEQ:INPUT_CHECK:SAMPLESHEET_CHECK (samplesheet_test.csv),COMPLETED,0,-,quay.io/biocontainers/python:3.8.3,1,14400000,-,6442450944,1,1788523640044,1788523640123,1788523641801,1757,0,-,31.6,0.0,3444736,28082176,3444736,28086272,686968,1840,245,17,6606848,12288,15,0,/home/ahmed/pranay/work/5f/48b8c5d77ca6a8347306b9819cbbb3,-,-,12th Gen Intel(R) Core(TM) i5-12400,13.18002,SAMPLESHEET_CHECK,intel_i5,atacseq,intel_i5,6.0,32.0,125.9632535000001,967.5,2931302.4
5,-,7164,NFCORE_ATACSEQ:ATACSEQ:PREPARE_GENOME:KHMER_UNIQUEKMERS,genome.fa,NFCORE_ATACSEQ:ATACSEQ:PREPARE_GENOME:KHMER_UNIQUEKMERS (genome.fa),COMPLETED,0,-,quay.io/biocontainers/khmer:3.0.0a3--py37haa7609a_2,2,14400000,-,6442450944,1,1788523640932,1788523641024,1788523642204,1272,1000,-,278.0,0.0,4718592,13357056,4718592,13361152,16910987,3469,2468,23,25870336,16384,16,0,/home/ahmed/pranay/work/58/24025b8d61452279acd2923d91943d,-,-,12th Gen Intel(R) Core(TM) i5-12400,47.510926,KHMER_UNIQUEKMERS,intel_i5,atacseq,intel_i5,6.0,32.0,201.6190917499999,1544.455,3694571.5199999996
4,-,7133,NFCORE_ATACSEQ:ATACSEQ:PREPARE_GENOME:GTF2BED,genes.gtf,NFCORE_ATACSEQ:ATACSEQ:PREPARE_GENOME:GTF2BED (genes.gtf),COMPLETED,0,-,quay.io/biocontainers/perl:5.26.2,2,14400000,-,6442450944,1,1788523640880,1788523640924,1788523642528,1648,0,-,88.1,0.0,6373376,27963392,6373376,27967488,12237728,401934,1649,66,2752512,409600,32,14,/home/ahmed/pranay/work/41/db2e08bc401678563f53df0c3bbb07,-,-,12th Gen Intel(R) Core(TM) i5-12400,47.510926,GTF2BED,intel_i5,atacseq,intel_i5,6.0,32.0,160.29460650000001,978.545,1643138825.5573335
6,-,7917,NFCORE_ATACSEQ:ATACSEQ:PREPARE_GENOME:GENOME_BLACKLIST_REGIONS,genome.fa.sizes,NFCORE_ATACSEQ:ATACSEQ:PREPARE_GENOME:GENOME_BLACKLIST_REGIONS (genome.fa.sizes),COMPLETED,0,-,quay.io/biocontainers/bedtools:2.30.0--hc088bd4_0,1,14400000,-,6442450944,1,1788523641809,1788523641901,1788523643218,1409,0,-,0.0,0.0,8974336,55656448,8974336,55660544,47071,805,148,49,3612672,12288,26,3,/home/ahmed/pranay/work/55/09493dfd9999f5a128c3499b23c9b1,-,-,12th Gen Intel(R) Core(TM) i5-12400,55.972391,GENOME_BLACKLIST_REGIONS,intel_i5,atacseq,intel_i5,6.0,32.0,130.0276840000003,835.0,3028424.508952381
7,-,7909,NFCORE_ATACSEQ:ATACSEQ:PREPARE_GENOME:GET_AUTOSOMES,genome.fa.fai,NFCORE_ATACSEQ:ATACSEQ:PREPARE_GENOME:GET_AUTOSOMES (genome.fa.fai),COMPLETED,0,-,quay.io/biocontainers/python:3.8.3,1,14400000,-,6442450944,1,1788523641792,1788523641835,1788523643228,1436,0,-,77.4,0.0,10387456,33525760,10387456,33533952,667412,399,241,17,0,12288,1,8,/home/ahmed/pranay/work/66/6d4f51f0d6344f609e98e40d339292,-,-,12th Gen Intel(R) Core(TM) i5-12400,55.972391,GET_AUTOSOMES,intel_i5,atacseq,intel_i5,6.0,32.0,124.28487058333332,957.5,2973880.32
3,-,7181,NFCORE_ATACSEQ:ATACSEQ:PREPARE_GENOME:BWA_INDEX,genome.fa,NFCORE_ATACSEQ:ATACSEQ:PREPARE_GENOME:BWA_INDEX (genome.fa),COMPLETED,0,-,quay.io/biocontainers/bwa:0.7.17--hed695b0_7,1,14400000,-,6442450944,1,1788523640968,1788523641026,1788523646156,5188,3000,-,96.2,0.4,132857856,151535616,132857856,151539712,49083552,33436125,1680,73,663552,33476608,37,153,/home/ahmed/pranay/work/aa/42744255fe339aca2ecfb6edf75a95,-,-,12th Gen Intel(R) Core(TM) i5-12400,189.178898,BWA_INDEX,intel_i5,atacseq,intel_i5,6.0,32.0,547.0937992499995,2724.565,14315732.992
10,-,8828,NFCORE_ATACSEQ:ATACSEQ:FASTQ_FASTQC_UMITOOLS_TRIMGALORE:FASTQC,OSMOTIC_STRESS_T0_PE_REP1_T1,NFCORE_ATACSEQ:ATACSEQ:FASTQ_FASTQC_UMITOOLS_TRIMGALORE:FASTQC (OSMOTIC_STRESS_T0_PE_REP1_T1),COMPLETED,0,-,quay.io/biocontainers/fastqc:0.11.9--0,2,21600000,-,6442450944,1,1788523643739,1788523643829,1788523649984,6245,4000,-,175.3,1.1,374857728,3620630528,374857728,3681452032,32355970,4196260,30328,12536,31059968,4755456,175,1,/home/ahmed/pranay/work/c1/84124a010d99cd9a81fdc6b602c18a,-,-,12th Gen Intel(R) Core(TM) i5-12400,259.045113,FASTQC,intel_i5,atacseq,intel_i5,6.0,32.0,5208.726268249987,28277.5,1137825986.56
13,-,9155,NFCORE_ATACSEQ:ATACSEQ:FASTQ_FASTQC_UMITOOLS_TRIMGALORE:FASTQC,OSMOTIC_STRESS_T100_SE_REP1_T1,NFCORE_ATACSEQ:ATACSEQ:FASTQ_FASTQC_UMITOOLS_TRIMGALORE:FASTQC (OSMOTIC_STRESS_T100_SE_REP1_T1),COMPLETED,0,-,quay.io/biocontainers/fastqc:0.11.9--0,2,21600000,-,6442450944,1,1788523644210,1788523644229,1788523650133,5923,3000,-,145.1,0.8,259481600,3552464896,263131136,3557007360,26079708,2081945,17303,6237,18968576,2404352,4,8,/home/ahmed/pranay/work/a0/6b2668f1c79671baef247c67e419f5,-,-,12th Gen Intel(R) Core(TM) i5-12400,263.03430000000003,FASTQC,intel_i5,atacseq,intel_i5,6.0,32.0,5205.386833749988,28272.5,1137825986.56
16,-,10225,NFCORE_ATACSEQ:ATACSEQ:FASTQ_FASTQC_UMITOOLS_TRIMGALORE:FASTQC,OSMOTIC_STRESS_T100_SE_REP2_T1,NFCORE_ATACSEQ:ATACSEQ:FASTQ_FASTQC_UMITOOLS_TRIMGALORE:FASTQC (OSMOTIC_STRESS_T100_SE_REP2_T1),COMPLETED,0,-,quay.io/biocontainers/fastqc:0.11.9--0,2,21600000,-,6442450944,1,1788523646158,1788523646256,1788523650139,3981,2000,-,164.0,0.7,237641728,3550367744,238612480,3551776768,26022974,2074668,17251,6275,0,2330624,4,5,/home/ahmed/pranay/work/d1/5960122685129e81d068133714d13e,-,-,12th Gen Intel(R) Core(TM) i5-12400,167.383422,FASTQC,intel_i5,atacseq,intel_i5,6.0,32.0,5205.386833749988,28272.5,1137825986.56
14,-,9161,NFCORE_ATACSEQ:ATACSEQ:FASTQ_FASTQC_UMITOOLS_TRIMGALORE:TRIMGALORE,OSMOTIC_STRESS_T100_SE_REP1_T1,NFCORE_ATACSEQ:ATACSEQ:FASTQ_FASTQC_UMITOOLS_TRIMGALORE:TRIMGALORE (OSMOTIC_STRESS_T100_SE_REP1_T1),COMPLETED,0,-,quay.io/biocontainers/trim-galore:0.6.7--hdfd78af_0,2,21600000,-,6442450944,1,1788523644212,1788523644230,1788523651222,7010,7000,-,112.0,0.8,282820608,3280461824,282820608,3280474112,101170988,69415701,24591,15256,46104576,7544832,1909,509,/home/ahmed/pranay/work/48/d05d8ca8593400e643c198b82763cb,-,-,12th Gen Intel(R) Core(TM) i5-12400,313.025993,TRIMGALORE,intel_i5,atacseq,intel_i5,6.0,32.0,2270.5036630000013,10933.9675,8856002.56
12,-,11868,NFCORE_ATACSEQ:ATACSEQ:FASTQ_FASTQC_UMITOOLS_TRIMGALORE:FASTQC,OSMOTIC_STRESS_T0_PE_REP2_T1,NFCORE_ATACSEQ:ATACSEQ:FASTQ_FASTQC_UMITOOLS_TRIMGALORE:FASTQC (OSMOTIC_STRESS_T0_PE_REP2_T1),COMPLETED,0,-,quay.io/biocontainers/fastqc:0.11.9--0,2,21600000,-,6442450944,1,1788523650142,1788523650240,1788523653822,3680,2000,-,283.5,1.6,527773696,3620626432,528744448,3685748736,32433873,4172594,30402,12459,24576,4640768,4,4,/home/ahmed/pranay/work/45/3eb95edb9d0423ac8c54c771c95909,-,-,12th Gen Intel(R) Core(TM) i5-12400,163.70557399999998,FASTQC,intel_i5,atacseq,intel_i5,6.0,32.0,5208.726268249987,28277.5,1137825986.56
9,-,8821,NFCORE_ATACSEQ:ATACSEQ:FASTQ_FASTQC_UMITOOLS_TRIMGALORE:TRIMGALORE,OSMOTIC_STRESS_T0_PE_REP1_T1,NFCORE_ATACSEQ:ATACSEQ:FASTQ_FASTQC_UMITOOLS_TRIMGALORE:TRIMGALORE (OSMOTIC_STRESS_T0_PE_REP1_T1),COMPLETED,0,-,quay.io/biocontainers/trim-galore:0.6.7--hdfd78af_0,2,21600000,-,6442450944,1,1788523643736,1788523643829,1788523654389,10653,11000,-,168.7,0.7,243687424,3276382208,243687424,3277565952,259908089,207804668,51920,37326,16977920,25096192,5570,325,/home/ahmed/pranay/work/a5/2d07f2a3ae1929bfc0c49aec72421c,-,-,12th Gen Intel(R) Core(TM) i5-12400,503.297784,TRIMGALORE,intel_i5,atacseq,intel_i5,6.0,32.0,853.5660547833331,2940.0,7642757.12
15,-,11784,NFCORE_ATACSEQ:ATACSEQ:FASTQ_FASTQC_UMITOOLS_TRIMGALORE:TRIMGALORE,OSMOTIC_STRESS_T100_SE_REP2_T1,NFCORE_ATACSEQ:ATACSEQ:FASTQ_FASTQC_UMITOOLS_TRIMGALORE:TRIMGALORE (OSMOTIC_STRESS_T100_SE_REP2_T1),COMPLETED,0,-,quay.io/biocontainers/trim-galore:0.6.7--hdfd78af_0,2,21600000,-,6442450944,1,1788523649987,1788523650084,1788523654910,4923,4000,-,155.4,0.8,279724032,3280539648,279724032,3343458304,101573745,69872782,24620,15370,0,7471104,1862,530,/home/ahmed/pranay/work/7e/07980a06fdd3963f2ad6b17f8cc3dc,-,-,12th Gen Intel(R) Core(TM) i5-12400,244.252671,TRIMGALORE,intel_i5,atacseq,intel_i5,6.0,32.0,2430.630347166666,10813.9675,8856002.56
17,-,12616,NFCORE_ATACSEQ:ATACSEQ:FASTQ_FASTQC_UMITOOLS_TRIMGALORE:TRIMGALORE,OSMOTIC_STRESS_T150_SE_REP1_T1,NFCORE_ATACSEQ:ATACSEQ:FASTQ_FASTQC_UMITOOLS_TRIMGALORE:TRIMGALORE (OSMOTIC_STRESS_T150_SE_REP1_T1),COMPLETED,0,-,quay.io/biocontainers/trim-galore:0.6.7--hdfd78af_0,2,21600000,-,6442450944,1,1788523651224,1788523651322,1788523658388,7164,6000,-,138.4,0.8,295940096,3280441344,295940096,3280936960,103127070,71162604,25176,15590,0,7704576,1824,262,/home/ahmed/pranay/work/cf/bd09fc95c589949823730533b8b68f,-,-,12th Gen Intel(R) Core(TM) i5-12400,357.144655,TRIMGALORE,intel_i5,atacseq,intel_i5,6.0,32.0,2430.630347166666,10813.9675,8856002.56
18,-,14438,NFCORE_ATACSEQ:ATACSEQ:FASTQ_FASTQC_UMITOOLS_TRIMGALORE:FASTQC,OSMOTIC_STRESS_T150_SE_REP1_T1,NFCORE_ATACSEQ:ATACSEQ:FASTQ_FASTQC_UMITOOLS_TRIMGALORE:FASTQC (OSMOTIC_STRESS_T150_SE_REP1_T1),COMPLETED,0,-,quay.io/biocontainers/fastqc:0.11.9--0,2,21600000,-,6442450944,1,1788523653824,1788523653922,1788523658489,4665,3000,-,164.1,0.7,233652224,3552464896,234258432,3552468992,26171842,2069154,17513,6216,0,2420736,4,1,/home/ahmed/pranay/work/fc/3adad9202b06a47a4f5a0bed7f23bb,-,-,12th Gen Intel(R) Core(TM) i5-12400,243.430774,FASTQC,intel_i5,atacseq,intel_i5,6.0,32.0,5205.386833749988,28272.5,1137825986.56
19,-,14686,NFCORE_ATACSEQ:ATACSEQ:FASTQ_FASTQC_UMITOOLS_TRIMGALORE:FASTQC,OSMOTIC_STRESS_T150_SE_REP1_T2,NFCORE_ATACSEQ:ATACSEQ:FASTQ_FASTQC_UMITOOLS_TRIMGALORE:FASTQC (OSMOTIC_STRESS_T150_SE_REP1_T2),COMPLETED,0,-,quay.io/biocontainers/fastqc:0.11.9--0,2,21600000,-,6442450944,1,1788523654391,1788523654490,1788523658504,4113,2000,-,207.0,0.7,222236672,3552464896,222375936,3552468992,26132773,2092668,17462,6249,0,2363392,4,8,/home/ahmed/pranay/work/18/3f06b36063a6c46c37569f010c2408,-,-,12th Gen Intel(R) Core(TM) i5-12400,191.248473,FASTQC,intel_i5,atacseq,intel_i5,6.0,32.0,5205.386833749988,28272.5,1137825986.56
20,-,15303,NFCORE_ATACSEQ:ATACSEQ:FASTQ_FASTQC_UMITOOLS_TRIMGALORE:TRIMGALORE,OSMOTIC_STRESS_T150_SE_REP1_T2,NFCORE_ATACSEQ:ATACSEQ:FASTQ_FASTQC_UMITOOLS_TRIMGALORE:TRIMGALORE (OSMOTIC_STRESS_T150_SE_REP1_T2),COMPLETED,0,-,quay.io/biocontainers/trim-galore:0.6.7--hdfd78af_0,2,21600000,-,6442450944,1,1788523654912,1788523655010,1788523659706,4794,4000,-,170.2,0.8,287436800,3280441344,288391168,3307651072,101953291,70043223,24881,15370,0,7651328,1853,359,/home/ahmed/pranay/work/f5/ad40e89264c01c04ace6f8cf88639b,-,-,12th Gen Intel(R) Core(TM) i5-12400,236.964176,TRIMGALORE,intel_i5,atacseq,intel_i5,6.0,32.0,2430.630347166666,10813.9675,8856002.56
11,-,11845,NFCORE_ATACSEQ:ATACSEQ:FASTQ_FASTQC_UMITOOLS_TRIMGALORE:TRIMGALORE,OSMOTIC_STRESS_T0_PE_REP2_T1,NFCORE_ATACSEQ:ATACSEQ:FASTQ_FASTQC_UMITOOLS_TRIMGALORE:TRIMGALORE (OSMOTIC_STRESS_T0_PE_REP2_T1),COMPLETED,0,-,quay.io/biocontainers/trim-galore:0.6.7--hdfd78af_0,2,21600000,-,6442450944,1,1788523650135,1788523650142,1788523662014,11879,11000,-,156.9,0.8,279670784,3280523264,279916544,3281838080,261741317,209640262,52447,37635,0,25112576,5314,637,/home/ahmed/pranay/work/84/ca26c8f370eb133b80ba65023bcb0f,-,-,12th Gen Intel(R) Core(TM) i5-12400,567.908031,TRIMGALORE,intel_i5,atacseq,intel_i5,6.0,32.0,864.4057712833331,3052.5,7636490.24
22,-,16899,NFCORE_ATACSEQ:ATACSEQ:FASTQ_FASTQC_UMITOOLS_TRIMGALORE:FASTQC,OSMOTIC_STRESS_T15_PE_REP1_T1,NFCORE_ATACSEQ:ATACSEQ:FASTQ_FASTQC_UMITOOLS_TRIMGALORE:FASTQC (OSMOTIC_STRESS_T15_PE_REP1_T1),COMPLETED,0,-,quay.io/biocontainers/fastqc:0.11.9--0,2,21600000,-,6442450944,1,1788523658390,1788523658488,1788523662107,3717,2000,-,300.9,1.1,380542976,3620626432,384188416,3677917184,32640573,4175337,30802,12494,0,4661248,4,2,/home/ahmed/pranay/work/7a/c4de99a3012943ecaf137ce314bff5,-,-,12th Gen Intel(R) Core(TM) i5-12400,160.771683,FASTQC,intel_i5,atacseq,intel_i5,6.0,32.0,5222.672744749987,28285.335,1137825986.56
23,-,17832,NFCORE_ATACSEQ:ATACSEQ:FASTQ_FASTQC_UMITOOLS_TRIMGALORE:FASTQC,OSMOTIC_STRESS_T15_PE_REP1_T2,NFCORE_ATACSEQ:ATACSEQ:FASTQ_FASTQC_UMITOOLS_TRIMGALORE:FASTQC (OSMOTIC_STRESS_T15_PE_REP1_T2),COMPLETED,0,-,quay.io/biocontainers/fastqc:0.11.9--0,2,21600000,-,6442450944,1,1788523659713,1788523659806,1788523663410,3697,3000,-,222.3,1.1,375816192,3620626432,377344000,3683545088,32620787,4205039,30783,12541,0,4632576,4,5,/home/ahmed/pranay/work/84/7d33821cd8a389df87d9e51e0830d4,-,-,12th Gen Intel(R) Core(TM) i5-12400,210.446544,FASTQC,intel_i5,atacseq,intel_i5,6.0,32.0,5222.672744749987,28285.335,1137825986.56
25,-,19363,NFCORE_ATACSEQ:ATACSEQ:FASTQ_ALIGN_BWA:BWA_MEM,OSMOTIC_STRESS_T100_SE_REP1_T1,NFCORE_ATACSEQ:ATACSEQ:FASTQ_ALIGN_BWA:BWA_MEM (OSMOTIC_STRESS_T100_SE_REP1_T1),COMPLETED,0,-,quay.io/biocontainers/mulled-v2-fe8faa35dbf6dc65a0f7f5d4ea12e31a79f73e40:219b6c272b25e7e642ae3ff0bf0c5c81a5135ab4-0,2,21600000,-,6442450944,1,1788523662017,1788523662109,1788523665083,3066,1000,-,183.3,0.2,88457216,305438720,88457216,305442816,52352182,32001482,6159,6733,8728576,6078464,38,2,/home/ahmed/pranay/work/c1/f19bde6502c7111fbcf219cb0c3c48,-,-,12th Gen Intel(R) Core(TM) i5-12400,150.420208,BWA_MEM,intel_i5,atacseq,intel_i5,6.0,32.0,757.9397602499998,2111.55,6660331.52
27,-,20255,NFCORE_ATACSEQ:ATACSEQ:FASTQ_ALIGN_BWA:BWA_MEM,OSMOTIC_STRESS_T100_SE_REP2_T1,NFCORE_ATACSEQ:ATACSEQ:FASTQ_ALIGN_BWA:BWA_MEM (OSMOTIC_STRESS_T100_SE_REP2_T1),COMPLETED,0,-,quay.io/biocontainers/mulled-v2-fe8faa35dbf6dc65a0f7f5d4ea12e31a79f73e40:219b6c272b25e7e642ae3ff0bf0c5c81a5135ab4-0,2,21600000,-,6442450944,1,1788523663414,1788523663510,1788523666542,3128,2000,-,187.9,0.2,85561344,305438720,85561344,305442816,52691587,32314859,5472,6821,0,6053888,6,6,/home/ahmed/pranay/work/79/47a39bdf6b165017e7c47008c46ced,-,-,12th Gen Intel(R) Core(TM) i5-12400,163.100656,BWA_MEM,intel_i5,atacseq,intel_i5,6.0,32.0,750.3288272499999,2079.05,6660331.52
26,-,19406,NFCORE_ATACSEQ:ATACSEQ:FASTQ_ALIGN_BWA:BWA_MEM,OSMOTIC_STRESS_T0_PE_REP1_T1,NFCORE_ATACSEQ:ATACSEQ:FASTQ_ALIGN_BWA:BWA_MEM (OSMOTIC_STRESS_T0_PE_REP1_T1),COMPLETED,0,-,quay.io/biocontainers/mulled-v2-fe8faa35dbf6dc65a0f7f5d4ea12e31a79f73e40:219b6c272b25e7e642ae3ff0bf0c5c81a5135ab4-0,2,21600000,-,6442450944,1,1788523662109,1788523662207,1788523667402,5293,4000,-,192.3,0.5,162484224,314122240,162484224,381235200,86096413,66566644,12016,14111,24576,11923456,5,4,/home/ahmed/pranay/work/2b/1591858f3df01dd71b8d20f8502f8a,-,-,12th Gen Intel(R) Core(TM) i5-12400,263.529599,BWA_MEM,intel_i5,atacseq,intel_i5,6.0,32.0,2011.9939965000015,7008.3425,8786411.52
28,-,21271,NFCORE_ATACSEQ:ATACSEQ:FASTQ_ALIGN_BWA:BWA_MEM,OSMOTIC_STRESS_T150_SE_REP1_T1,NFCORE_ATACSEQ:ATACSEQ:FASTQ_ALIGN_BWA:BWA_MEM (OSMOTIC_STRESS_T150_SE_REP1_T1),COMPLETED,0,-,quay.io/biocontainers/mulled-v2-fe8faa35dbf6dc65a0f7f5d4ea12e31a79f73e40:219b6c272b25e7e642ae3ff0bf0c5c81a5135ab4-0,2,21600000,-,6442450944,1,1788523665086,1788523665183,1788523668166,3080,2000,-,189.9,0.2,84860928,305438720,84860928,305442816,53060468,32491546,5989,6859,0,6074368,5,11,/home/ahmed/pranay/work/bf/7cd4e2e349aba9eee9a831d463a588,-,-,12th Gen Intel(R) Core(TM) i5-12400,151.561379,BWA_MEM,intel_i5,atacseq,intel_i5,6.0,32.0,743.5071597499997,2055.0916666666667,6660331.52
32,-,23554,NFCORE_ATACSEQ:ATACSEQ:FASTQ_ALIGN_BWA:BAM_SORT_STATS_SAMTOOLS:SAMTOOLS_SORT,OSMOTIC_STRESS_T100_SE_REP2_T1,NFCORE_ATACSEQ:ATACSEQ:FASTQ_ALIGN_BWA:BAM_SORT_STATS_SAMTOOLS:SAMTOOLS_SORT (OSMOTIC_STRESS_T100_SE_REP2_T1),COMPLETED,0,-,quay.io/biocontainers/samtools:1.17--h00cdaf9_0,2,21600000,-,6442450944,1,1788523668752,1788523668851,1788523669282,530,1000,-,165.7,0.1,21975040,1855283200,21975040,1855287296,6151303,4090774,227,21,0,4096000,89,18,/home/ahmed/pranay/work/66/55e610a36c00b44aa901db2a061ed4,-,-,12th Gen Intel(R) Core(TM) i5-12400,54.583296,SAMTOOLS_SORT,intel_i5,atacseq,intel_i5,6.0,32.0,104.66018624999995,1063.9583333333335,1322391746.56
29,-,22077,NFCORE_ATACSEQ:ATACSEQ:FASTQ_ALIGN_BWA:BWA_MEM,OSMOTIC_STRESS_T150_SE_REP1_T2,NFCORE_ATACSEQ:ATACSEQ:FASTQ_ALIGN_BWA:BWA_MEM (OSMOTIC_STRESS_T150_SE_REP1_T2),COMPLETED,0,-,quay.io/biocontainers/mulled-v2-fe8faa35dbf6dc65a0f7f5d4ea12e31a79f73e40:219b6c272b25e7e642ae3ff0bf0c5c81a5135ab4-0,2,21600000,-,6442450944,1,1788523666544,1788523666643,1788523670648,4104,2000,-,189.5,0.2,87175168,305438720,87175168,305442816,52403034,31909113,5842,6715,0,6062080,5,4,/home/ahmed/pranay/work/1d/6123fc77c23ad2e5bd4f086ed5f295,-,-,12th Gen Intel(R) Core(TM) i5-12400,184.577164,BWA_MEM,intel_i5,atacseq,intel_i5,6.0,32.0,773.3983115000001,2091.55,6660331.52
24,-,16988,NFCORE_ATACSEQ:ATACSEQ:FASTQ_FASTQC_UMITOOLS_TRIMGALORE:TRIMGALORE,OSMOTIC_STRESS_T15_PE_REP1_T2,NFCORE_ATACSEQ:ATACSEQ:FASTQ_FASTQC_UMITOOLS_TRIMGALORE:TRIMGALORE (OSMOTIC_STRESS_T15_PE_REP1_T2),COMPLETED,0,-,quay.io/biocontainers/trim-galore:0.6.7--hdfd78af_0,2,21600000,-,6442450944,1,1788523658507,1788523658604,1788523670765,12258,11000,-,178.4,0.6,197718016,3276390400,197718016,3308552192,262537541,210358504,53012,37632,0,25812992,5210,574,/home/ahmed/pranay/work/81/5eaff61aeeb364eb703fe11c9da0ed,-,-,12th Gen Intel(R) Core(TM) i5-12400,603.840067,TRIMGALORE,intel_i5,atacseq,intel_i5,6.0,32.0,862.0895605333333,3057.5,7637166.08
21,-,16958,NFCORE_ATACSEQ:ATACSEQ:FASTQ_FASTQC_UMITOOLS_TRIMGALORE:TRIMGALORE,OSMOTIC_STRESS_T15_PE_REP1_T1,NFCORE_ATACSEQ:ATACSEQ:FASTQ_FASTQC_UMITOOLS_TRIMGALORE:TRIMGALORE (OSMOTIC_STRESS_T15_PE_REP1_T1),COMPLETED,0,-,quay.io/biocontainers/trim-galore:0.6.7--hdfd78af_0,2,21600000,-,6442450944,1,1788523658491,1788523658507,1788523670778,12287,12000,-,159.9,0.8,268054528,3280584704,268054528,3284701184,266955524,214726766,53414,38238,0,26083328,5090,633,/home/ahmed/pranay/work/4e/2d93e9e1812f79547aa6ad5f612b9e,-,-,12th Gen Intel(R) Core(TM) i5-12400,603.840067,TRIMGALORE,intel_i5,atacseq,intel_i5,6.0,32.0,917.6286812249996,3437.5,7630366.72
35,-,24596,NFCORE_ATACSEQ:ATACSEQ:FASTQ_ALIGN_BWA:BAM_SORT_STATS_SAMTOOLS:SAMTOOLS_INDEX,OSMOTIC_STRESS_T100_SE_REP1_T1,NFCORE_ATACSEQ:ATACSEQ:FASTQ_ALIGN_BWA:BAM_SORT_STATS_SAMTOOLS:SAMTOOLS_INDEX (OSMOTIC_STRESS_T100_SE_REP1_T1),COMPLETED,0,-,quay.io/biocontainers/samtools:1.17--h00cdaf9_0,2,14400000,-,6442450944,1,1788523670766,1788523670782,1788523671236,470,0,-,98.4,0.0,7122944,164429824,7122944,231677952,4377206,18245,909,22,0,24576,130,3,/home/ahmed/pranay/work/d6/c790a170937faf9e25c9c9229dfb36,-,-,12th Gen Intel(R) Core(TM) i5-12400,35.75589,SAMTOOLS_INDEX,intel_i5,atacseq,intel_i5,6.0,32.0,103.05327549999997,980.0,17483581.44
36,-,24630,NFCORE_ATACSEQ:ATACSEQ:FASTQ_ALIGN_BWA:BAM_SORT_STATS_SAMTOOLS:SAMTOOLS_INDEX,OSMOTIC_STRESS_T100_SE_REP2_T1,NFCORE_ATACSEQ:ATACSEQ:FASTQ_ALIGN_BWA:BAM_SORT_STATS_SAMTOOLS:SAMTOOLS_INDEX (OSMOTIC_STRESS_T100_SE_REP2_T1),COMPLETED,0,-,quay.io/biocontainers/samtools:1.17--h00cdaf9_0,2,14400000,-,6442450944,1,1788523670780,1788523670877,1788523671267,487,0,-,90.6,0.0,7053312,164429824,7053312,231677952,4196964,19093,919,22,0,24576,194,9,/home/ahmed/pranay/work/53/3ed72a9fc6d33253afbcb1df214893,-,-,12th Gen Intel(R) Core(TM) i5-12400,35.75589,SAMTOOLS_INDEX,intel_i5,atacseq,intel_i5,6.0,32.0,102.71421599999996,947.5,17483151.36
33,-,23771,NFCORE_ATACSEQ:ATACSEQ:FASTQ_ALIGN_BWA:BAM_SORT_STATS_SAMTOOLS:SAMTOOLS_SORT,OSMOTIC_STRESS_T0_PE_REP1_T1,NFCORE_ATACSEQ:ATACSEQ:FASTQ_ALIGN_BWA:BAM_SORT_STATS_SAMTOOLS:SAMTOOLS_SORT (OSMOTIC_STRESS_T0_PE_REP1_T1),COMPLETED,0,-,quay.io/biocontainers/samtools:1.17--h00cdaf9_0,2,21600000,-,6442450944,1,1788523669284,1788523669383,1788523671313,2029,1000,-,190.8,0.1,23629824,1855283200,23629824,1855287296,12019337,8711882,230,24,0,8720384,99,3,/home/ahmed/pranay/work/69/40817fe608593bb1c085f602d33a7e,-,-,12th Gen Intel(R) Core(TM) i5-12400,68.363838,SAMTOOLS_SORT,intel_i5,atacseq,intel_i5,6.0,32.0,160.29460650000001,978.545,1322391746.56
34,-,24445,NFCORE_ATACSEQ:ATACSEQ:FASTQ_ALIGN_BWA:BAM_SORT_STATS_SAMTOOLS:SAMTOOLS_SORT,OSMOTIC_STRESS_T150_SE_REP1_T1,NFCORE_ATACSEQ:ATACSEQ:FASTQ_ALIGN_BWA:BAM_SORT_STATS_SAMTOOLS:SAMTOOLS_SORT (OSMOTIC_STRESS_T150_SE_REP1_T1),COMPLETED,0,-,quay.io/biocontainers/samtools:1.17--h00cdaf9_0,2,21600000,-,6442450944,1,1788523670650,1788523670748,1788523671333,683,1000,-,173.2,0.0,18927616,1855283200,18927616,1855287296,6176632,4328860,227,22,0,4333568,69,0,/home/ahmed/pranay/work/1a/620b16d40b4912f02bc9ba210fb1ca,-,-,12th Gen Intel(R) Core(TM) i5-12400,35.75589,SAMTOOLS_SORT,intel_i5,atacseq,intel_i5,6.0,32.0,104.66018624999995,1063.9583333333335,1322391746.56
41,-,26090,NFCORE_ATACSEQ:ATACSEQ:FASTQ_ALIGN_BWA:BAM_SORT_STATS_SAMTOOLS:SAMTOOLS_INDEX,OSMOTIC_STRESS_T150_SE_REP1_T1,NFCORE_ATACSEQ:ATACSEQ:FASTQ_ALIGN_BWA:BAM_SORT_STATS_SAMTOOLS:SAMTOOLS_INDEX (OSMOTIC_STRESS_T150_SE_REP1_T1),COMPLETED,0,-,quay.io/biocontainers/samtools:1.17--h00cdaf9_0,2,14400000,-,6442450944,1,1788523671787,1788523671881,1788523672141,354,1000,-,98.0,0.0,7012352,164429824,7012352,231677952,4435051,16645,920,21,0,20480,127,3,/home/ahmed/pranay/work/05/9b1d6ef0507970d83c06943e39b444,-,-,12th Gen Intel(R) Core(TM) i5-12400,31.414166,SAMTOOLS_INDEX,intel_i5,atacseq,intel_i5,6.0,32.0,106.50128274999996,980.0,17491466.24
30,-,22644,NFCORE_ATACSEQ:ATACSEQ:FASTQ_ALIGN_BWA:BWA_MEM,OSMOTIC_STRESS_T0_PE_REP2_T1,NFCORE_ATACSEQ:ATACSEQ:FASTQ_ALIGN_BWA:BWA_MEM (OSMOTIC_STRESS_T0_PE_REP2_T1),COMPLETED,0,-,quay.io/biocontainers/mulled-v2-fe8faa35dbf6dc65a0f7f5d4ea12e31a79f73e40:219b6c272b25e7e642ae3ff0bf0c5c81a5135ab4-0,2,21600000,-,6442450944,1,1788523667404,1788523667503,1788523672255,4851,4000,-,193.4,0.5,178159616,546349056,182145024,551669760,86776503,67384923,12333,14269,0,12173312,23,0,/home/ahmed/pranay/work/6a/4c446a3de3303744064ce06d70fa6c,-,-,12th Gen Intel(R) Core(TM) i5-12400,200.824071,BWA_MEM,intel_i5,atacseq,intel_i5,6.0,32.0,2011.9939965000015,7008.3425,8786411.52
42,-,26143,NFCORE_ATACSEQ:ATACSEQ:FASTQ_ALIGN_BWA:BAM_SORT_STATS_SAMTOOLS:SAMTOOLS_INDEX,OSMOTIC_STRESS_T150_SE_REP1_T2,NFCORE_ATACSEQ:ATACSEQ:FASTQ_ALIGN_BWA:BAM_SORT_STATS_SAMTOOLS:SAMTOOLS_INDEX (OSMOTIC_STRESS_T150_SE_REP1_T2),COMPLETED,0,-,quay.io/biocontainers/samtools:1.17--h00cdaf9_0,2,14400000,-,6442450944,1,1788523671884,1788523671979,1788523672258,374,0,-,104.3,0.0,6930432,164429824,6930432,231677952,4515503,16670,907,21,0,20480,107,1,/home/ahmed/pranay/work/6d/c42a820d166502a6aa2686ef97bfa3,-,-,12th Gen Intel(R) Core(TM) i5-12400,31.414166,SAMTOOLS_INDEX,intel_i5,atacseq,intel_i5,6.0,32.0,111.26301674999995,980.0,17511403.52
44,-,26946,NFCORE_ATACSEQ:ATACSEQ:FASTQ_ALIGN_BWA:BAM_SORT_STATS_SAMTOOLS:SAMTOOLS_INDEX,OSMOTIC_STRESS_T0_PE_REP2_T1,NFCORE_ATACSEQ:ATACSEQ:FASTQ_ALIGN_BWA:BAM_SORT_STATS_SAMTOOLS:SAMTOOLS_INDEX (OSMOTIC_STRESS_T0_PE_REP2_T1),COMPLETED,0,-,quay.io/biocontainers/samtools:1.17--h00cdaf9_0,2,14400000,-,6442450944,1,1788523672950,1788523673045,1788523673260,310,0,-,118.3,0.0,7069696,164429824,7069696,231677952,8690563,16582,1639,21,0,20480,114,2,/home/ahmed/pranay/work/ab/a43c2ebf703040af1c09918c841565,-,-,12th Gen Intel(R) Core(TM) i5-12400,44.741767,SAMTOOLS_INDEX,intel_i5,atacseq,intel_i5,6.0,32.0,114.36886249999999,973.9583333333335,17483601.92
38,-,25300,NFCORE_ATACSEQ:ATACSEQ:FASTQ_ALIGN_BWA:BWA_MEM,OSMOTIC_STRESS_T15_PE_REP1_T2,NFCORE_ATACSEQ:ATACSEQ:FASTQ_ALIGN_BWA:BWA_MEM (OSMOTIC_STRESS_T15_PE_REP1_T2),COMPLETED,0,-,quay.io/biocontainers/mulled-v2-fe8faa35dbf6dc65a0f7f5d4ea12e31a79f73e40:219b6c272b25e7e642ae3ff0bf0c5c81a5135ab4-0,2,21600000,-,6442450944,1,1788523671269,1788523671316,1788523675957,4688,3000,-,191.3,0.5,179597312,546349056,184025088,551669760,86407391,66701167,11751,14116,0,12038144,507,5,/home/ahmed/pranay/work/61/af994bc4542853b53fd292fe9aa225,-,-,12th Gen Intel(R) Core(TM) i5-12400,138.786632,BWA_MEM,intel_i5,atacseq,intel_i5,6.0,32.0,2011.9939965000015,7008.3425,8786411.52
39,-,25346,NFCORE_ATACSEQ:ATACSEQ:FASTQ_ALIGN_BWA:BWA_MEM,OSMOTIC_STRESS_T15_PE_REP1_T1,NFCORE_ATACSEQ:ATACSEQ:FASTQ_ALIGN_BWA:BWA_MEM (OSMOTIC_STRESS_T15_PE_REP1_T1),COMPLETED,0,-,quay.io/biocontainers/mulled-v2-fe8faa35dbf6dc65a0f7f5d4ea12e31a79f73e40:219b6c272b25e7e642ae3ff0bf0c5c81a5135ab4-0,2,21600000,-,6442450944,1,1788523671315,1788523671335,1788523675992,4677,3000,-,192.0,0.5,182362112,546349056,186748928,618254336,87698174,68131780,12279,14408,0,12324864,495,0,/home/ahmed/pranay/work/39/7738fa523fd43b57b36d71772b6813,-,-,12th Gen Intel(R) Core(TM) i5-12400,138.786632,BWA_MEM,intel_i5,atacseq,intel_i5,6.0,32.0,2011.832118500002,7260.8425,8786411.52
45,-,27621,NFCORE_ATACSEQ:ATACSEQ:FASTQ_ALIGN_BWA:BAM_SORT_STATS_SAMTOOLS:SAMTOOLS_SORT,OSMOTIC_STRESS_T15_PE_REP1_T2,NFCORE_ATACSEQ:ATACSEQ:FASTQ_ALIGN_BWA:BAM_SORT_STATS_SAMTOOLS:SAMTOOLS_SORT (OSMOTIC_STRESS_T15_PE_REP1_T2),COMPLETED,0,-,quay.io/biocontainers/samtools:1.17--h00cdaf9_0,2,21600000,-,6442450944,1,1788523675967,1788523675994,1788523676848,881,0,-,183.1,0.1,24612864,1855283200,24612864,1855287296,12134368,9056855,230,25,0,9064448,112,2,/home/ahmed/pranay/work/28/601c27803af3d90e69dacfdffafa62,-,-,12th Gen Intel(R) Core(TM) i5-12400,5.849168,SAMTOOLS_SORT,intel_i5,atacseq,intel_i5,6.0,32.0,160.29460650000001,978.545,1322391746.56
46,-,27652,NFCORE_ATACSEQ:ATACSEQ:FASTQ_ALIGN_BWA:BAM_SORT_STATS_SAMTOOLS:SAMTOOLS_SORT,OSMOTIC_STRESS_T15_PE_REP1_T1,NFCORE_ATACSEQ:ATACSEQ:FASTQ_ALIGN_BWA:BAM_SORT_STATS_SAMTOOLS:SAMTOOLS_SORT (OSMOTIC_STRESS_T15_PE_REP1_T1),COMPLETED,0,-,quay.io/biocontainers/samtools:1.17--h00cdaf9_0,2,21600000,-,6442450944,1,1788523676004,1788523676092,1788523676862,858,0,-,181.2,0.1,23654400,1855283200,23654400,1855287296,12421837,9012954,230,24,0,9023488,121,1,/home/ahmed/pranay/work/db/963f96b8817c7878cbdb0caa7ee6b5,-,-,12th Gen Intel(R) Core(TM) i5-12400,5.849168,SAMTOOLS_SORT,intel_i5,atacseq,intel_i5,6.0,32.0,160.8731735,978.545,1322391746.56
47,-,28058,NFCORE_ATACSEQ:ATACSEQ:FASTQ_ALIGN_BWA:BAM_SORT_STATS_SAMTOOLS:SAMTOOLS_INDEX,OSMOTIC_STRESS_T15_PE_REP1_T2,NFCORE_ATACSEQ:ATACSEQ:FASTQ_ALIGN_BWA:BAM_SORT_STATS_SAMTOOLS:SAMTOOLS_INDEX (OSMOTIC_STRESS_T15_PE_REP1_T2),COMPLETED,0,-,quay.io/biocontainers/samtools:1.17--h00cdaf9_0,2,14400000,-,6442450944,1,1788523676858,1788523676867,1788523678707,1849,0,-,116.1,0.0,6877184,164429824,6877184,231677952,9163039,15710,1621,21,0,20480,100,2,/home/ahmed/pranay/work/c4/58691bf971a22c79a6b3bc4a2938aa,-,-,12th Gen Intel(R) Core(TM) i5-12400,24.109801,SAMTOOLS_INDEX,intel_i5,atacseq,intel_i5,6.0,32.0,158.50160400000004,1022.0833333333335,17482772.48
48,-,28069,NFCORE_ATACSEQ:ATACSEQ:FASTQ_ALIGN_BWA:BAM_SORT_STATS_SAMTOOLS:SAMTOOLS_INDEX,OSMOTIC_STRESS_T15_PE_REP1_T1,NFCORE_ATACSEQ:ATACSEQ:FASTQ_ALIGN_BWA:BAM_SORT_STATS_SAMTOOLS:SAMTOOLS_INDEX (OSMOTIC_STRESS_T15_PE_REP1_T1),COMPLETED,0,-,quay.io/biocontainers/samtools:1.17--h00cdaf9_0,2,14400000,-,6442450944,1,1788523676878,1788523676962,1788523678762,1884,0,-,105.0,0.0,7028736,164429824,7028736,231677952,9119139,15582,1647,21,0,20480,112,4,/home/ahmed/pranay/work/21/33e9d535f4519f4de26402abc6e275,-,-,12th Gen Intel(R) Core(TM) i5-12400,24.109801,SAMTOOLS_INDEX,intel_i5,atacseq,intel_i5,6.0,32.0,158.50160400000004,1022.0833333333335,17482772.48
51,-,28083,NFCORE_ATACSEQ:ATACSEQ:PICARD_MERGESAMFILES_LIBRARY,OSMOTIC_STRESS_T0_PE_REP1,NFCORE_ATACSEQ:ATACSEQ:PICARD_MERGESAMFILES_LIBRARY (OSMOTIC_STRESS_T0_PE_REP1),COMPLETED,0,-,quay.io/biocontainers/picard:3.0.0--hdfd78af_1,2,21600000,-,6442450944,1,1788523676890,1788523676962,1788523681121,4231,0,-,156.8,0.0,19660800,43556864,19660800,43565056,8344785,7469,4393,38,1548288,40960,19,6,/home/ahmed/pranay/work/51/e39487aa9062828659e907212bd677,-,-,12th Gen Intel(R) Core(TM) i5-12400,66.49812,PICARD_MERGESAMFILES_LIBRARY,intel_i5,atacseq,intel_i5,6.0,32.0,126.00810374999988,834.7916666666665,3896115.2
49,-,28105,NFCORE_ATACSEQ:ATACSEQ:PICARD_MERGESAMFILES_LIBRARY,OSMOTIC_STRESS_T100_SE_REP1,NFCORE_ATACSEQ:ATACSEQ:PICARD_MERGESAMFILES_LIBRARY (OSMOTIC_STRESS_T100_SE_REP1),COMPLETED,0,-,quay.io/biocontainers/picard:3.0.0--hdfd78af_1,2,21600000,-,6442450944,1,1788523676904,1788523676963,1788523681134,4230,0,-,156.1,0.0,18853888,43556864,18853888,43565056,8344788,7469,4393,38,2060288,40960,20,3,/home/ahmed/pranay/work/94/9a6dc24f544ac6db2db01055d2dc79,-,-,12th Gen Intel(R) Core(TM) i5-12400,66.49812,PICARD_MERGESAMFILES_LIBRARY,intel_i5,atacseq,intel_i5,6.0,32.0,126.00810374999988,834.7916666666665,3896115.2
53,-,28091,NFCORE_ATACSEQ:ATACSEQ:PICARD_MERGESAMFILES_LIBRARY,OSMOTIC_STRESS_T0_PE_REP2,NFCORE_ATACSEQ:ATACSEQ:PICARD_MERGESAMFILES_LIBRARY (OSMOTIC_STRESS_T0_PE_REP2),COMPLETED,0,-,quay.io/biocontainers/picard:3.0.0--hdfd78af_1,2,21600000,-,6442450944,1,1788523676898,1788523676962,1788523681151,4253,0,-,151.0,0.0,18939904,43556864,18939904,43565056,8344783,7468,4393,38,2686976,40960,21,5,/home/ahmed/pranay/work/39/c03debdef904719cd6a94e0c74def1,-,-,12th Gen Intel(R) Core(TM) i5-12400,66.49812,PICARD_MERGESAMFILES_LIBRARY,intel_i5,atacseq,intel_i5,6.0,32.0,126.00810374999988,834.7916666666665,3896115.2
50,-,28854,NFCORE_ATACSEQ:ATACSEQ:PICARD_MERGESAMFILES_LIBRARY,OSMOTIC_STRESS_T100_SE_REP2,NFCORE_ATACSEQ:ATACSEQ:PICARD_MERGESAMFILES_LIBRARY (OSMOTIC_STRESS_T100_SE_REP2),COMPLETED,0,-,quay.io/biocontainers/picard:3.0.0--hdfd78af_1,2,21600000,-,6442450944,1,1788523678767,1788523678862,1788523681155,2388,0,-,151.3,0.0,15699968,37908480,15699968,37912576,8344788,7469,4393,38,1728512,40960,9,5,/home/ahmed/pranay/work/6f/e16bb9c378cb685513d35c04e26aea,-,-,12th Gen Intel(R) Core(TM) i5-12400,42.388319,PICARD_MERGESAMFILES_LIBRARY,intel_i5,atacseq,intel_i5,6.0,32.0,126.00810374999988,834.7916666666665,3896115.2
58,-,31583,NFCORE_ATACSEQ:ATACSEQ:FASTQ_ALIGN_BWA:BAM_SORT_STATS_SAMTOOLS:BAM_STATS_SAMTOOLS:SAMTOOLS_IDXSTATS,OSMOTIC_STRESS_T100_SE_REP2_T1,NFCORE_ATACSEQ:ATACSEQ:FASTQ_ALIGN_BWA:BAM_SORT_STATS_SAMTOOLS:BAM_STATS_SAMTOOLS:SAMTOOLS_IDXSTATS (OSMOTIC_STRESS_T100_SE_REP2_T1),COMPLETED,0,-,quay.io/biocontainers/samtools:1.17--h00cdaf9_0,1,14400000,-,6442450944,1,1788523681153,1788523681157,1788523681551,398,0,-,63.2,0.0,3256320,5648384,3256320,5652480,130184,5277,227,19,0,12288,2,1,/home/ahmed/pranay/work/08/b0fba1626b0d1d89d0401a4b95c877,-,-,12th Gen Intel(R) Core(TM) i5-12400,38.939171,SAMTOOLS_IDXSTATS,intel_i5,atacseq,intel_i5,6.0,32.0,103.33711599999994,877.5,3173652.48
55,-,31552,NFCORE_ATACSEQ:ATACSEQ:FASTQ_ALIGN_BWA:BAM_SORT_STATS_SAMTOOLS:BAM_STATS_SAMTOOLS:SAMTOOLS_IDXSTATS,OSMOTIC_STRESS_T100_SE_REP1_T1,NFCORE_ATACSEQ:ATACSEQ:FASTQ_ALIGN_BWA:BAM_SORT_STATS_SAMTOOLS:BAM_STATS_SAMTOOLS:SAMTOOLS_IDXSTATS (OSMOTIC_STRESS_T100_SE_REP1_T1),COMPLETED,0,-,quay.io/biocontainers/samtools:1.17--h00cdaf9_0,1,14400000,-,6442450944,1,1788523681136,1788523681153,1788523681563,427,0,-,66.7,0.0,3125248,5648384,3125248,5652480,129336,5278,227,19,0,12288,2,1,/home/ahmed/pranay/work/64/f07e024a3d747467ad07b1e4ab0728,-,-,12th Gen Intel(R) Core(TM) i5-12400,38.939171,SAMTOOLS_IDXSTATS,intel_i5,atacseq,intel_i5,6.0,32.0,103.33711599999994,877.5,3173652.48
74,-,33306,NFCORE_ATACSEQ:ATACSEQ:FASTQ_ALIGN_BWA:BAM_SORT_STATS_SAMTOOLS:BAM_STATS_SAMTOOLS:SAMTOOLS_FLAGSTAT,OSMOTIC_STRESS_T150_SE_REP1_T1,NFCORE_ATACSEQ:ATACSEQ:FASTQ_ALIGN_BWA:BAM_SORT_STATS_SAMTOOLS:BAM_STATS_SAMTOOLS:SAMTOOLS_FLAGSTAT (OSMOTIC_STRESS_T150_SE_REP1_T1),COMPLETED,0,-,quay.io/biocontainers/samtools:1.17--h00cdaf9_0,1,14400000,-,6442450944,1,1788523681928,1788523682017,1788523682342,414,0,-,100.0,0.0,7188480,164429824,7188480,231677952,4435186,5435,920,19,0,12288,114,0,/home/ahmed/pranay/work/2d/ff7ba230355224ed4b1cc334aa7bc3,-,-,12th Gen Intel(R) Core(TM) i5-12400,47.456421,SAMTOOLS_FLAGSTAT,intel_i5,atacseq,intel_i5,6.0,32.0,87.92309375000015,942.5,3069081.6
70,-,33548,NFCORE_ATACSEQ:ATACSEQ:FASTQ_ALIGN_BWA:BAM_SORT_STATS_SAMTOOLS:BAM_STATS_SAMTOOLS:SAMTOOLS_IDXSTATS,OSMOTIC_STRESS_T15_PE_REP1_T1,NFCORE_ATACSEQ:ATACSEQ:FASTQ_ALIGN_BWA:BAM_SORT_STATS_SAMTOOLS:BAM_STATS_SAMTOOLS:SAMTOOLS_IDXSTATS (OSMOTIC_STRESS_T15_PE_REP1_T1),COMPLETED,0,-,quay.io/biocontainers/samtools:1.17--h00cdaf9_0,1,14400000,-,6442450944,1,1788523682055,1788523682153,1788523682425,370,0,-,80.0,0.0,3186688,5648384,3186688,5652480,126669,5296,227,19,0,12288,2,0,/home/ahmed/pranay/work/98/07e28d14ee288c2426d3bf84722426,-,-,12th Gen Intel(R) Core(TM) i5-12400,47.456421,SAMTOOLS_IDXSTATS,intel_i5,atacseq,intel_i5,6.0,32.0,103.33711599999994,877.5,3173652.48
56,-,33518,NFCORE_ATACSEQ:ATACSEQ:FASTQ_ALIGN_BWA:BAM_SORT_STATS_SAMTOOLS:BAM_STATS_SAMTOOLS:SAMTOOLS_FLAGSTAT,OSMOTIC_STRESS_T100_SE_REP1_T1,NFCORE_ATACSEQ:ATACSEQ:FASTQ_ALIGN_BWA:BAM_SORT_STATS_SAMTOOLS:BAM_STATS_SAMTOOLS:SAMTOOLS_FLAGSTAT (OSMOTIC_STRESS_T100_SE_REP1_T1),COMPLETED,0,-,quay.io/biocontainers/samtools:1.17--h00cdaf9_0,1,14400000,-,6442450944,1,1788523682044,1788523682055,1788523682436,392,0,-,94.1,0.0,7266304,164429824,7266304,231677952,4377340,5434,909,19,0,12288,158,3,/home/ahmed/pranay/work/14/4e2058944d054e678743df97313c2a,-,-,12th Gen Intel(R) Core(TM) i5-12400,47.456421,SAMTOOLS_FLAGSTAT,intel_i5,atacseq,intel_i5,6.0,32.0,88.45849300000016,942.5,3065333.76
52,-,28811,NFCORE_ATACSEQ:ATACSEQ:PICARD_MERGESAMFILES_LIBRARY,OSMOTIC_STRESS_T150_SE_REP1,NFCORE_ATACSEQ:ATACSEQ:PICARD_MERGESAMFILES_LIBRARY (OSMOTIC_STRESS_T150_SE_REP1),COMPLETED,0,-,quay.io/biocontainers/picard:3.0.0--hdfd78af_1,2,21600000,-,6442450944,1,1788523678712,1788523678769,1788523682975,4263,2000,-,178.2,0.6,195891200,8904347648,195891200,8908746752,26707689,9579640,10460,320,5160960,10260480,22,4,/home/ahmed/pranay/work/a1/d4d14e9b40b60a9e63ebab81dcc735,-,-,12th Gen Intel(R) Core(TM) i5-12400,128.783911,PICARD_MERGESAMFILES_LIBRARY,intel_i5,atacseq,intel_i5,6.0,32.0,235.60974350000004,1514.475,3573503.9999999995
78,-,35326,NFCORE_ATACSEQ:ATACSEQ:FASTQ_ALIGN_BWA:BAM_SORT_STATS_SAMTOOLS:BAM_STATS_SAMTOOLS:SAMTOOLS_FLAGSTAT,OSMOTIC_STRESS_T15_PE_REP1_T1,NFCORE_ATACSEQ:ATACSEQ:FASTQ_ALIGN_BWA:BAM_SORT_STATS_SAMTOOLS:BAM_STATS_SAMTOOLS:SAMTOOLS_FLAGSTAT (OSMOTIC_STRESS_T15_PE_REP1_T1),COMPLETED,0,-,quay.io/biocontainers/samtools:1.17--h00cdaf9_0,1,14400000,-,6442450944,1,1788523682810,1788523682886,1788523683255,445,0,-,121.3,0.0,6868992,164429824,6868992,231677952,9119274,5471,1647,19,0,12288,121,1,/home/ahmed/pranay/work/bd/85da4f888690b61d3fd1af5073e2f7,-,-,12th Gen Intel(R) Core(TM) i5-12400,47.858703,SAMTOOLS_FLAGSTAT,intel_i5,atacseq,intel_i5,6.0,32.0,143.45441350000002,1037.0833333333335,4032600.746666666
72,-,35375,NFCORE_ATACSEQ:ATACSEQ:FASTQ_ALIGN_BWA:BAM_SORT_STATS_SAMTOOLS:BAM_STATS_SAMTOOLS:SAMTOOLS_FLAGSTAT,OSMOTIC_STRESS_T100_SE_REP2_T1,NFCORE_ATACSEQ:ATACSEQ:FASTQ_ALIGN_BWA:BAM_SORT_STATS_SAMTOOLS:BAM_STATS_SAMTOOLS:SAMTOOLS_FLAGSTAT (OSMOTIC_STRESS_T100_SE_REP2_T1),COMPLETED,0,-,quay.io/biocontainers/samtools:1.17--h00cdaf9_0,1,14400000,-,6442450944,1,1788523682886,1788523682946,1788523683329,443,0,-,139.5,0.0,7188480,164429824,7188480,231677952,4197100,5435,919,19,0,12288,144,8,/home/ahmed/pranay/work/91/b3c6d87e6fc9af32fab1e48cc9b382,-,-,12th Gen Intel(R) Core(TM) i5-12400,47.858703,SAMTOOLS_FLAGSTAT,intel_i5,atacseq,intel_i5,6.0,32.0,88.11943350000016,912.5,3063767.04
76,-,35429,NFCORE_ATACSEQ:ATACSEQ:FASTQ_ALIGN_BWA:BAM_SORT_STATS_SAMTOOLS:BAM_STATS_SAMTOOLS:SAMTOOLS_FLAGSTAT,OSMOTIC_STRESS_T0_PE_REP2_T1,NFCORE_ATACSEQ:ATACSEQ:FASTQ_ALIGN_BWA:BAM_SORT_STATS_SAMTOOLS:BAM_STATS_SAMTOOLS:SAMTOOLS_FLAGSTAT (OSMOTIC_STRESS_T0_PE_REP2_T1),COMPLETED,0,-,quay.io/biocontainers/samtools:1.17--h00cdaf9_0,1,14400000,-,6442450944,1,1788523682946,1788523682976,1788523683353,407,0,-,110.5,0.0,7258112,164429824,7258112,231677952,8690694,5473,1639,19,0,12288,140,4,/home/ahmed/pranay/work/93/011c6e6f9b5211629071ec7cd3eaa7,-,-,12th Gen Intel(R) Core(TM) i5-12400,47.858703,SAMTOOLS_FLAGSTAT,intel_i5,atacseq,intel_i5,6.0,32.0,90.89637025,991.4583333333335,4032430.08
77,-,35498,NFCORE_ATACSEQ:ATACSEQ:FASTQ_ALIGN_BWA:BAM_SORT_STATS_SAMTOOLS:BAM_STATS_SAMTOOLS:SAMTOOLS_FLAGSTAT,OSMOTIC_STRESS_T15_PE_REP1_T2,NFCORE_ATACSEQ:ATACSEQ:FASTQ_ALIGN_BWA:BAM_SORT_STATS_SAMTOOLS:BAM_STATS_SAMTOOLS:SAMTOOLS_FLAGSTAT (OSMOTIC_STRESS_T15_PE_REP1_T2),COMPLETED,0,-,quay.io/biocontainers/samtools:1.17--h00cdaf9_0,1,14400000,-,6442450944,1,1788523682977,1788523683075,1788523683415,438,0,-,115.1,0.0,7151616,164429824,7151616,231677952,9163172,5471,1621,19,0,12288,94,0,/home/ahmed/pranay/work/0f/a4791014fb125f8d01c57af503cfb0,-,-,12th Gen Intel(R) Core(TM) i5-12400,47.858703,SAMTOOLS_FLAGSTAT,intel_i5,atacseq,intel_i5,6.0,32.0,143.45441350000002,1037.0833333333335,4032600.746666666
59,-,37129,NFCORE_ATACSEQ:ATACSEQ:FASTQ_ALIGN_BWA:BAM_SORT_STATS_SAMTOOLS:BAM_STATS_SAMTOOLS:SAMTOOLS_STATS,OSMOTIC_STRESS_T100_SE_REP2_T1,NFCORE_ATACSEQ:ATACSEQ:FASTQ_ALIGN_BWA:BAM_SORT_STATS_SAMTOOLS:BAM_STATS_SAMTOOLS:SAMTOOLS_STATS (OSMOTIC_STRESS_T100_SE_REP2_T1),COMPLETED,0,-,quay.io/biocontainers/samtools:1.17--h00cdaf9_0,1,14400000,-,6442450944,1,1788523683833,1788523683931,1788523685593,1760,0,-,129.2,0.0,7630848,165969920,7630848,233066496,4197726,40434,919,27,0,45056,3,2,/home/ahmed/pranay/work/59/551dcab5f8ae01125fbedb5076d65c,-,-,12th Gen Intel(R) Core(TM) i5-12400,46.138615,SAMTOOLS_STATS,intel_i5,atacseq,intel_i5,6.0,32.0,116.48601643333332,2007.5,3063767.04
65,-,37243,NFCORE_ATACSEQ:ATACSEQ:FASTQ_ALIGN_BWA:BAM_SORT_STATS_SAMTOOLS:BAM_STATS_SAMTOOLS:SAMTOOLS_STATS,OSMOTIC_STRESS_T150_SE_REP1_T2,NFCORE_ATACSEQ:ATACSEQ:FASTQ_ALIGN_BWA:BAM_SORT_STATS_SAMTOOLS:BAM_STATS_SAMTOOLS:SAMTOOLS_STATS (OSMOTIC_STRESS_T150_SE_REP1_T2),COMPLETED,0,-,quay.io/biocontainers/samtools:1.17--h00cdaf9_0,1,14400000,-,6442450944,1,1788523683951,1788523683962,1788523685759,1808,0,-,120.0,0.0,7708672,165969920,7708672,233066496,4516263,37627,907,26,0,40960,4,5,/home/ahmed/pranay/work/45/444b131ad6e8af867d43e48f670e3a,-,-,12th Gen Intel(R) Core(TM) i5-12400,46.138615,SAMTOOLS_STATS,intel_i5,atacseq,intel_i5,6.0,32.0,121.56609268333332,2035.0,3098245.12
57,-,37204,NFCORE_ATACSEQ:ATACSEQ:FASTQ_ALIGN_BWA:BAM_SORT_STATS_SAMTOOLS:BAM_STATS_SAMTOOLS:SAMTOOLS_STATS,OSMOTIC_STRESS_T100_SE_REP1_T1,NFCORE_ATACSEQ:ATACSEQ:FASTQ_ALIGN_BWA:BAM_SORT_STATS_SAMTOOLS:BAM_STATS_SAMTOOLS:SAMTOOLS_STATS (OSMOTIC_STRESS_T100_SE_REP1_T1),COMPLETED,0,-,quay.io/biocontainers/samtools:1.17--h00cdaf9_0,1,14400000,-,6442450944,1,1788523683944,1788523683950,1788523685778,1834,0,-,116.4,0.0,7610368,165969920,7610368,232914944,4377968,38577,909,27,0,45056,2,1,/home/ahmed/pranay/work/77/7f5e67617aa63db40ed9a43c5777cf,-,-,12th Gen Intel(R) Core(TM) i5-12400,46.138615,SAMTOOLS_STATS,intel_i5,atacseq,intel_i5,6.0,32.0,116.48601643333332,2035.0,3065333.76
63,-,37298,NFCORE_ATACSEQ:ATACSEQ:FASTQ_ALIGN_BWA:BAM_SORT_STATS_SAMTOOLS:BAM_STATS_SAMTOOLS:SAMTOOLS_STATS,OSMOTIC_STRESS_T150_SE_REP1_T1,NFCORE_ATACSEQ:ATACSEQ:FASTQ_ALIGN_BWA:BAM_SORT_STATS_SAMTOOLS:BAM_STATS_SAMTOOLS:SAMTOOLS_STATS (OSMOTIC_STRESS_T150_SE_REP1_T1),COMPLETED,0,-,quay.io/biocontainers/samtools:1.17--h00cdaf9_0,1,14400000,-,6442450944,1,1788523683963,1788523684061,1788523685790,1827,0,-,119.3,0.0,7770112,165969920,7770112,233066496,4435811,38418,920,27,0,45056,3,8,/home/ahmed/pranay/work/e8/f97d5ccabd8d14aa01ce92e23c567f,-,-,12th Gen Intel(R) Core(TM) i5-12400,46.138615,SAMTOOLS_STATS,intel_i5,atacseq,intel_i5,6.0,32.0,115.9506171833333,2035.0,3069081.6
54,-,31524,NFCORE_ATACSEQ:ATACSEQ:PICARD_MERGESAMFILES_LIBRARY,OSMOTIC_STRESS_T15_PE_REP1,NFCORE_ATACSEQ:ATACSEQ:PICARD_MERGESAMFILES_LIBRARY (OSMOTIC_STRESS_T15_PE_REP1),COMPLETED,0,-,quay.io/biocontainers/picard:3.0.0--hdfd78af_1,2,21600000,-,6442450944,1,1788523681123,1788523681136,1788523685951,4828,4000,-,138.9,1.3,456724480,8904347648,456724480,8908152832,36039350,18881044,11900,394,0,19836928,14,2,/home/ahmed/pranay/work/50/621bfe0494b7ca20a71c772c64cc91,-,-,12th Gen Intel(R) Core(TM) i5-12400,180.39291,PICARD_MERGESAMFILES_LIBRARY,intel_i5,atacseq,intel_i5,6.0,32.0,460.25765774999985,2178.3633333333332,6957649.92
82,-,38092,NFCORE_ATACSEQ:ATACSEQ:MERGED_LIBRARY_MARKDUPLICATES_PICARD:PICARD_MARKDUPLICATES,OSMOTIC_STRESS_T100_SE_REP2,NFCORE_ATACSEQ:ATACSEQ:MERGED_LIBRARY_MARKDUPLICATES_PICARD:PICARD_MARKDUPLICATES (OSMOTIC_STRESS_T100_SE_REP2),COMPLETED,0,-,quay.io/biocontainers/picard:3.0.0--hdfd78af_1,2,21600000,-,6442450944,1,1788523685595,1788523685693,1788523690224,4629,4000,-,200.3,5.6,1889636352,9790455808,1889636352,9790464000,26020856,5038138,10493,303,163840,5103616,13,3,/home/ahmed/pranay/work/4e/86a73c7fa13ddc87a2910d72db4a66,-,-,12th Gen Intel(R) Core(TM) i5-12400,267.531176,PICARD_MARKDUPLICATES,intel_i5,atacseq,intel_i5,6.0,32.0,18421.44826549998,176655.24,17458070784.0
80,-,38341,NFCORE_ATACSEQ:ATACSEQ:MERGED_LIBRARY_MARKDUPLICATES_PICARD:PICARD_MARKDUPLICATES,OSMOTIC_STRESS_T100_SE_REP1,NFCORE_ATACSEQ:ATACSEQ:MERGED_LIBRARY_MARKDUPLICATES_PICARD:PICARD_MARKDUPLICATES (OSMOTIC_STRESS_T100_SE_REP1),COMPLETED,0,-,quay.io/biocontainers/picard:3.0.0--hdfd78af_1,2,21600000,-,6442450944,1,1788523685762,1788523685780,1788523690235,4473,4000,-,208.8,5.6,1888272384,9790455808,1888272384,9857572864,26465168,5213676,10492,304,53248,5279744,11,2,/home/ahmed/pranay/work/d0/6b6b562549db600b84505afd2c3507,-,-,12th Gen Intel(R) Core(TM) i5-12400,267.531176,PICARD_MARKDUPLICATES,intel_i5,atacseq,intel_i5,6.0,32.0,18421.44826549998,176655.24,17458070784.0
81,-,38394,NFCORE_ATACSEQ:ATACSEQ:MERGED_LIBRARY_MARKDUPLICATES_PICARD:PICARD_MARKDUPLICATES,OSMOTIC_STRESS_T0_PE_REP2,NFCORE_ATACSEQ:ATACSEQ:MERGED_LIBRARY_MARKDUPLICATES_PICARD:PICARD_MARKDUPLICATES (OSMOTIC_STRESS_T0_PE_REP2),COMPLETED,0,-,quay.io/biocontainers/picard:3.0.0--hdfd78af_1,2,21600000,-,6442450944,1,1788523685781,1788523685793,1788523691564,5783,5000,-,188.6,6.4,2157977600,9790455808,2157977600,9857572864,34859782,9706064,15240,351,8192,10035200,21,10,/home/ahmed/pranay/work/c6/bf46a68fe6344999a3d5625b45e2c4,-,-,12th Gen Intel(R) Core(TM) i5-12400,319.774267,PICARD_MARKDUPLICATES,intel_i5,atacseq,intel_i5,6.0,32.0,18421.44826549998,176637.835,17458070784.0
83,-,38514,NFCORE_ATACSEQ:ATACSEQ:MERGED_LIBRARY_MARKDUPLICATES_PICARD:PICARD_MARKDUPLICATES,OSMOTIC_STRESS_T150_SE_REP1,NFCORE_ATACSEQ:ATACSEQ:MERGED_LIBRARY_MARKDUPLICATES_PICARD:PICARD_MARKDUPLICATES (OSMOTIC_STRESS_T150_SE_REP1),COMPLETED,0,-,quay.io/biocontainers/picard:3.0.0--hdfd78af_1,2,21600000,-,6442450944,1,1788523685958,1788523686051,1788523691589,5631,4000,-,183.3,6.4,2152812544,9790455808,2152812544,9857572864,35405717,9770418,11820,339,0,10047488,11,4,/home/ahmed/pranay/work/6e/db0a974081c99275ebd73f67cf72fc,-,-,12th Gen Intel(R) Core(TM) i5-12400,319.774267,PICARD_MARKDUPLICATES,intel_i5,atacseq,intel_i5,6.0,32.0,18421.44826549998,176637.835,17458070784.0
79,-,38406,NFCORE_ATACSEQ:ATACSEQ:MERGED_LIBRARY_MARKDUPLICATES_PICARD:PICARD_MARKDUPLICATES,OSMOTIC_STRESS_T0_PE_REP1,NFCORE_ATACSEQ:ATACSEQ:MERGED_LIBRARY_MARKDUPLICATES_PICARD:PICARD_MARKDUPLICATES (OSMOTIC_STRESS_T0_PE_REP1),COMPLETED,0,-,quay.io/biocontainers/picard:3.0.0--hdfd78af_1,2,21600000,-,6442450944,1,1788523685794,1788523685891,1788523691615,5821,5000,-,179.5,6.5,2165424128,9858621440,2165424128,9858629632,35248694,9805522,13433,349,0,10125312,21,2,/home/ahmed/pranay/work/5a/eb88dfdf98d6f7b7178a8107772ee0,-,-,12th Gen Intel(R) Core(TM) i5-12400,319.774267,PICARD_MARKDUPLICATES,intel_i5,atacseq,intel_i5,6.0,32.0,18421.44826549998,176637.835,17458070784.0
87,-,42832,NFCORE_ATACSEQ:ATACSEQ:MERGED_LIBRARY_FILTER_BAM:BAMTOOLS_FILTER,OSMOTIC_STRESS_T100_SE_REP2,NFCORE_ATACSEQ:ATACSEQ:MERGED_LIBRARY_FILTER_BAM:BAMTOOLS_FILTER (OSMOTIC_STRESS_T100_SE_REP2),COMPLETED,0,-,quay.io/biocontainers/mulled-v2-0560a8046fc82aa4338588eca29ff18edab2c5aa:5687a7da26983502d0a8a9a6b05ed727c740ddc4-0,2,21600000,-,6442450944,1,1788523691016,1788523691114,1788523691904,888,0,-,101.2,0.0,6828032,15364096,6828032,15368192,6483855,3973668,1292,438,11096064,1949696,42,2,/home/ahmed/pranay/work/e7/a32fcd0f4f9ba65897e8ae3d74a6c2,-,-,12th Gen Intel(R) Core(TM) i5-12400,52.243091,BAMTOOLS_FILTER,intel_i5,atacseq,intel_i5,6.0,32.0,95.31002175000002,1063.9583333333335,4490526.72
91,-,44689,NFCORE_ATACSEQ:ATACSEQ:MERGED_LIBRARY_MARKDUPLICATES_PICARD:SAMTOOLS_INDEX,OSMOTIC_STRESS_T0_PE_REP1,NFCORE_ATACSEQ:ATACSEQ:MERGED_LIBRARY_MARKDUPLICATES_PICARD:SAMTOOLS_INDEX (OSMOTIC_STRESS_T0_PE_REP1),COMPLETED,0,-,quay.io/biocontainers/samtools:1.17--h00cdaf9_0,2,14400000,-,6442450944,1,1788523691906,1788523692004,1788523692330,424,0,-,120.0,0.0,7012352,164429824,7012352,231677952,9196836,15208,1724,21,0,20480,107,0,/home/ahmed/pranay/work/2f/16613f12e4f66e065c41fbafb53c05,-,-,12th Gen Intel(R) Core(TM) i5-12400,51.497854,SAMTOOLS_INDEX,intel_i5,atacseq,intel_i5,6.0,32.0,158.50160400000004,1022.0833333333335,17482772.48
92,-,44812,NFCORE_ATACSEQ:ATACSEQ:MERGED_LIBRARY_FILTER_BAM:SAMTOOLS_INDEX,OSMOTIC_STRESS_T100_SE_REP2,NFCORE_ATACSEQ:ATACSEQ:MERGED_LIBRARY_FILTER_BAM:SAMTOOLS_INDEX (OSMOTIC_STRESS_T100_SE_REP2),COMPLETED,0,-,quay.io/biocontainers/samtools:1.17--h00cdaf9_0,2,14400000,-,6442450944,1,1788523692036,1788523692057,1788523692411,375,0,-,77.4,0.0,7081984,164429824,7081984,231677952,2048185,19225,494,22,0,24576,102,1,/home/ahmed/pranay/work/cc/44527bfa614219d0852337eced96ae,-,-,12th Gen Intel(R) Core(TM) i5-12400,51.497854,SAMTOOLS_INDEX,intel_i5,atacseq,intel_i5,6.0,32.0,84.45728408333329,815.145,17475901.44
88,-,44063,NFCORE_ATACSEQ:ATACSEQ:MERGED_LIBRARY_FILTER_BAM:BAMTOOLS_FILTER,OSMOTIC_STRESS_T100_SE_REP1,NFCORE_ATACSEQ:ATACSEQ:MERGED_LIBRARY_FILTER_BAM:BAMTOOLS_FILTER (OSMOTIC_STRESS_T100_SE_REP1),COMPLETED,0,-,quay.io/biocontainers/mulled-v2-0560a8046fc82aa4338588eca29ff18edab2c5aa:5687a7da26983502d0a8a9a6b05ed727c740ddc4-0,2,21600000,-,6442450944,1,1788523691566,1788523691592,1788523693792,2226,1000,-,120.0,0.0,12054528,21143552,12107776,21417984,7088945,4825762,1344,530,0,2371584,4,27,/home/ahmed/pranay/work/6e/d1707197e735547907c3e873119fd9,-,-,12th Gen Intel(R) Core(TM) i5-12400,97.044918,BAMTOOLS_FILTER,intel_i5,atacseq,intel_i5,6.0,32.0,95.31002175000002,1061.4583333333335,4251904.0
94,-,45411,NFCORE_ATACSEQ:ATACSEQ:MERGED_LIBRARY_FILTER_BAM:BAMTOOLS_FILTER,OSMOTIC_STRESS_T0_PE_REP2,NFCORE_ATACSEQ:ATACSEQ:MERGED_LIBRARY_FILTER_BAM:BAMTOOLS_FILTER (OSMOTIC_STRESS_T0_PE_REP2),COMPLETED,0,-,quay.io/biocontainers/mulled-v2-0560a8046fc82aa4338588eca29ff18edab2c5aa:5687a7da26983502d0a8a9a6b05ed727c740ddc4-0,2,21600000,-,6442450944,1,1788523692332,1788523692413,1788523695004,2672,1000,-,122.3,0.0,12070912,21147648,12070912,21417984,13577267,8635042,2414,947,0,4177920,4,17,/home/ahmed/pranay/work/1f/5963b690b4ce1731ea2fe973e55025,-,-,12th Gen Intel(R) Core(TM) i5-12400,84.80977999999999,BAMTOOLS_FILTER,intel_i5,atacseq,intel_i5,6.0,32.0,155.56269074999997,978.1878571428571,3560702.6346666664
100,-,47037,NFCORE_ATACSEQ:ATACSEQ:MERGED_LIBRARY_FILTER_BAM:BAM_STATS_SAMTOOLS:SAMTOOLS_FLAGSTAT,OSMOTIC_STRESS_T100_SE_REP2,NFCORE_ATACSEQ:ATACSEQ:MERGED_LIBRARY_FILTER_BAM:BAM_STATS_SAMTOOLS:SAMTOOLS_FLAGSTAT (OSMOTIC_STRESS_T100_SE_REP2),COMPLETED,0,-,quay.io/biocontainers/samtools:1.17--h00cdaf9_0,1,14400000,-,6442450944,1,1788523695005,1788523695104,1788523695344,339,0,-,105.9,0.0,7221248,164429824,7221248,231677952,2048321,5409,494,19,0,12288,126,1,/home/ahmed/pranay/work/12/6e3d9565b042b159e9f55cc41fa8e2,-,-,12th Gen Intel(R) Core(TM) i5-12400,54.941205,SAMTOOLS_FLAGSTAT,intel_i5,atacseq,intel_i5,6.0,32.0,77.87537258333316,852.645,3024117.76
95,-,45528,NFCORE_ATACSEQ:ATACSEQ:MERGED_LIBRARY_FILTER_BAM:BAMTOOLS_FILTER,OSMOTIC_STRESS_T150_SE_REP1,NFCORE_ATACSEQ:ATACSEQ:MERGED_LIBRARY_FILTER_BAM:BAMTOOLS_FILTER (OSMOTIC_STRESS_T150_SE_REP1),COMPLETED,0,-,quay.io/biocontainers/mulled-v2-0560a8046fc82aa4338588eca29ff18edab2c5aa:5687a7da26983502d0a8a9a6b05ed727c740ddc4-0,2,21600000,-,6442450944,1,1788523692412,1788523692511,1788523695355,2943,2000,-,123.3,0.0,12148736,21291008,12222464,21422080,14894825,11220438,2592,1267,0,5517312,406,189,/home/ahmed/pranay/work/df/8347ac14426cc6444a42273f12e003,-,-,12th Gen Intel(R) Core(TM) i5-12400,139.750985,BAMTOOLS_FILTER,intel_i5,atacseq,intel_i5,6.0,32.0,191.92415299999993,1264.195,3563089.9199999995
96,-,46059,NFCORE_ATACSEQ:ATACSEQ:MERGED_LIBRARY_FILTER_BAM:BAMTOOLS_FILTER,OSMOTIC_STRESS_T0_PE_REP1,NFCORE_ATACSEQ:ATACSEQ:MERGED_LIBRARY_FILTER_BAM:BAMTOOLS_FILTER (OSMOTIC_STRESS_T0_PE_REP1),COMPLETED,0,-,quay.io/biocontainers/mulled-v2-0560a8046fc82aa4338588eca29ff18edab2c5aa:5687a7da26983502d0a8a9a6b05ed727c740ddc4-0,2,21600000,-,6442450944,1,1788523693800,1788523693892,1788523695366,1566,1000,-,122.7,0.0,12230656,21286912,12238848,21417984,14380409,10037099,2516,1126,0,4882432,361,290,/home/ahmed/pranay/work/32/054fbb53fee2694fada5b312d3a65d,-,-,12th Gen Intel(R) Core(TM) i5-12400,94.203921,BAMTOOLS_FILTER,intel_i5,atacseq,intel_i5,6.0,32.0,197.76286075,1267.775,3563939.8399999994
93,-,44849,NFCORE_ATACSEQ:ATACSEQ:MERGED_LIBRARY_PICARD_COLLECTMULTIPLEMETRICS,OSMOTIC_STRESS_T100_SE_REP2,NFCORE_ATACSEQ:ATACSEQ:MERGED_LIBRARY_PICARD_COLLECTMULTIPLEMETRICS (OSMOTIC_STRESS_T100_SE_REP2),COMPLETED,0,-,quay.io/biocontainers/picard:3.0.0--hdfd78af_1,1,14400000,-,6442450944,1,1788523692057,1788523692156,1788523695532,3475,3000,-,278.7,0.7,246808576,9039757312,246808576,9041498112,63060147,778260,11637,494,954368,1056768,13,2,/home/ahmed/pranay/work/2f/1227dfa1dc5785f4839bb326231eb4,-,-,12th Gen Intel(R) Core(TM) i5-12400,191.248839,MERGED_LIBRARY_PICARD_COLLECTMULTIPLEMETRICS,intel_i5,atacseq,intel_i5,6.0,32.0,874.1937325,5824.8875,465006477.312
102,-,48362,NFCORE_ATACSEQ:ATACSEQ:MERGED_LIBRARY_FILTER_BAM:SAMTOOLS_INDEX,OSMOTIC_STRESS_T100_SE_REP1,NFCORE_ATACSEQ:ATACSEQ:MERGED_LIBRARY_FILTER_BAM:SAMTOOLS_INDEX (OSMOTIC_STRESS_T100_SE_REP1),COMPLETED,0,-,quay.io/biocontainers/samtools:1.17--h00cdaf9_0,2,14400000,-,6442450944,1,1788523695752,1788523695850,1788523696206,454,0,-,68.6,0.0,7036928,164429824,7036928,231677952,2470722,18345,556,22,0,24576,132,2,/home/ahmed/pranay/work/7c/735b5fb8ec6453f9007590cd12b49d,-,-,12th Gen Intel(R) Core(TM) i5-12400,35.50412,SAMTOOLS_INDEX,intel_i5,atacseq,intel_i5,6.0,32.0,86.86128100000008,970.0,17482024.96
84,-,41847,NFCORE_ATACSEQ:ATACSEQ:MERGED_LIBRARY_MARKDUPLICATES_PICARD:PICARD_MARKDUPLICATES,OSMOTIC_STRESS_T15_PE_REP1,NFCORE_ATACSEQ:ATACSEQ:MERGED_LIBRARY_MARKDUPLICATES_PICARD:PICARD_MARKDUPLICATES (OSMOTIC_STRESS_T15_PE_REP1),COMPLETED,0,-,quay.io/biocontainers/picard:3.0.0--hdfd78af_1,2,21600000,-,6442450944,1,1788523690226,1788523690240,1788523696375,6149,5000,-,187.1,7.1,2372300800,9926787072,2372300800,9926795264,53692501,19136731,16202,429,0,20107264,14,4,/home/ahmed/pranay/work/35/cf4cabd2c52fbe5069d648b0251479,-,-,12th Gen Intel(R) Core(TM) i5-12400,278.99605,PICARD_MARKDUPLICATES,intel_i5,atacseq,intel_i5,6.0,32.0,18421.44826549998,176652.835,17458070784.0
101,-,47566,NFCORE_ATACSEQ:ATACSEQ:MERGED_LIBRARY_CALL_ANNOTATE_PEAKS:MACS2_CALLPEAK,OSMOTIC_STRESS_T100_SE_REP2,NFCORE_ATACSEQ:ATACSEQ:MERGED_LIBRARY_CALL_ANNOTATE_PEAKS:MACS2_CALLPEAK (OSMOTIC_STRESS_T100_SE_REP2),COMPLETED,0,-,quay.io/biocontainers/macs2:2.2.7.1--py38h4a8c8d9_3,2,21600000,-,6442450944,1,1788523695357,1788523695368,1788523697113,1756,1000,-,126.2,0.0,5767168,13615104,5767168,13623296,9186132,2366862,1396,101,31928320,2412544,15,0,/home/ahmed/pranay/work/ba/3c5fe280f639936b66e404dc73db29,-,-,12th Gen Intel(R) Core(TM) i5-12400,35.50412,MACS2_CALLPEAK,intel_i5,atacseq,intel_i5,6.0,32.0,158.50160400000004,1022.0833333333335,122195476.48
106,-,49900,NFCORE_ATACSEQ:ATACSEQ:MERGED_LIBRARY_FILTER_BAM:SAMTOOLS_INDEX,OSMOTIC_STRESS_T150_SE_REP1,NFCORE_ATACSEQ:ATACSEQ:MERGED_LIBRARY_FILTER_BAM:SAMTOOLS_INDEX (OSMOTIC_STRESS_T150_SE_REP1),COMPLETED,0,-,quay.io/biocontainers/samtools:1.17--h00cdaf9_0,2,14400000,-,6442450944,1,1788523696919,1788523697017,1788523697330,411,0,-,105.3,0.0,7041024,164429824,7041024,231677952,5616193,14538,1044,21,0,20480,119,0,/home/ahmed/pranay/work/82/919894c08bc59f8eab8fc0b52f8bc5,-,-,12th Gen Intel(R) Core(TM) i5-12400,38.311121,SAMTOOLS_INDEX,intel_i5,atacseq,intel_i5,6.0,32.0,106.79276974999993,975.0,17485629.44
105,-,49264,NFCORE_ATACSEQ:ATACSEQ:MERGED_LIBRARY_BAM_TO_BIGWIG:BEDTOOLS_GENOMECOV,OSMOTIC_STRESS_T100_SE_REP2,NFCORE_ATACSEQ:ATACSEQ:MERGED_LIBRARY_BAM_TO_BIGWIG:BEDTOOLS_GENOMECOV (OSMOTIC_STRESS_T100_SE_REP2),COMPLETED,0,-,quay.io/biocontainers/bedtools:2.30.0--hc088bd4_0,2,21600000,-,6442450944,1,1788523696378,1788523696475,1788523698066,1688,0,-,91.1,0.0,9236480,29782016,9236480,29782016,3538799,3057052,642,61172,348160,3076096,7,0,/home/ahmed/pranay/work/9f/47d87ce4a12a33268ffbbe9054f66e,-,-,12th Gen Intel(R) Core(TM) i5-12400,38.311121,BEDTOOLS_GENOMECOV,intel_i5,atacseq,intel_i5,6.0,32.0,2823.5337944916664,23467.5,2276745021.44
111,-,51457,NFCORE_ATACSEQ:ATACSEQ:MERGED_LIBRARY_FILTER_BAM:BAM_STATS_SAMTOOLS:SAMTOOLS_IDXSTATS,OSMOTIC_STRESS_T100_SE_REP1,NFCORE_ATACSEQ:ATACSEQ:MERGED_LIBRARY_FILTER_BAM:BAM_STATS_SAMTOOLS:SAMTOOLS_IDXSTATS (OSMOTIC_STRESS_T100_SE_REP1),COMPLETED,0,-,quay.io/biocontainers/samtools:1.17--h00cdaf9_0,1,14400000,-,6442450944,1,1788523698068,1788523698166,1788523698450,382,0,-,52.2,0.0,3203072,5648384,3203072,5652480,140792,5243,228,19,0,12288,2,0,/home/ahmed/pranay/work/00/f1b65b099719cd6a81da5f1d4cd6e6,-,-,12th Gen Intel(R) Core(TM) i5-12400,53.90422,SAMTOOLS_IDXSTATS,intel_i5,atacseq,intel_i5,6.0,32.0,103.33711599999994,877.5,3173652.48
113,-,50934,NFCORE_ATACSEQ:ATACSEQ:MERGED_LIBRARY_CALL_ANNOTATE_PEAKS:MACS2_CALLPEAK,OSMOTIC_STRESS_T100_SE_REP1,NFCORE_ATACSEQ:ATACSEQ:MERGED_LIBRARY_CALL_ANNOTATE_PEAKS:MACS2_CALLPEAK (OSMOTIC_STRESS_T100_SE_REP1),COMPLETED,0,-,quay.io/biocontainers/macs2:2.2.7.1--py38h4a8c8d9_3,2,21600000,-,6442450944,1,1788523697757,1788523697855,1788523698776,1019,0,-,131.0,0.0,12988416,18026496,13099008,18292736,10231166,3073937,1499,127,0,3129344,1,57,/home/ahmed/pranay/work/ec/e14f4f29bf2334ba21df483cd9e6ff,-,-,12th Gen Intel(R) Core(TM) i5-12400,53.90422,MACS2_CALLPEAK,intel_i5,atacseq,intel_i5,6.0,32.0,157.73194400000003,992.7083333333335,122195476.48
103,-,48944,NFCORE_ATACSEQ:ATACSEQ:MERGED_LIBRARY_PICARD_COLLECTMULTIPLEMETRICS,OSMOTIC_STRESS_T100_SE_REP1,NFCORE_ATACSEQ:ATACSEQ:MERGED_LIBRARY_PICARD_COLLECTMULTIPLEMETRICS (OSMOTIC_STRESS_T100_SE_REP1),COMPLETED,0,-,quay.io/biocontainers/picard:3.0.0--hdfd78af_1,1,14400000,-,6442450944,1,1788523696008,1788523696106,1788523699445,3437,3000,-,327.6,0.9,317194240,10674122752,322904064,10801922048,63491008,778499,11700,494,0,1249280,28,58,/home/ahmed/pranay/work/ff/dd545e193fd568c876864dab91ef42,-,-,12th Gen Intel(R) Core(TM) i5-12400,186.912607,MERGED_LIBRARY_PICARD_COLLECTMULTIPLEMETRICS,intel_i5,atacseq,intel_i5,6.0,32.0,876.80435175,5824.8875,465006477.312
115,-,53556,NFCORE_ATACSEQ:ATACSEQ:MERGED_LIBRARY_FILTER_BAM:BAM_REMOVE_ORPHANS,OSMOTIC_STRESS_T0_PE_REP2,NFCORE_ATACSEQ:ATACSEQ:MERGED_LIBRARY_FILTER_BAM:BAM_REMOVE_ORPHANS (OSMOTIC_STRESS_T0_PE_REP2),COMPLETED,0,-,quay.io/biocontainers/mulled-v2-57736af1eb98c01010848572c9fec9fff6ffaafd:402e865b8f6af2f3e58c6fc8d57127ff0144b2c7-0,2,21600000,-,6442450944,1,1788523699527,1788523699625,1788523700415,888,1000,-,63.5,0.0,6615040,13901824,6615040,13905920,5869031,4718986,1029,322,20901888,4739072,22,1,/home/ahmed/pranay/work/ef/e0ecbc5a857e710462385b0af3555d,-,-,12th Gen Intel(R) Core(TM) i5-12400,53.845993,BAM_REMOVE_ORPHANS,intel_i5,atacseq,intel_i5,6.0,32.0,104.20975724999995,1063.9583333333335,4490526.72
118,-,54050,NFCORE_ATACSEQ:ATACSEQ:MERGED_LIBRARY_CALL_ANNOTATE_PEAKS:FRIP_SCORE,OSMOTIC_STRESS_T100_SE_REP2,NFCORE_ATACSEQ:ATACSEQ:MERGED_LIBRARY_CALL_ANNOTATE_PEAKS:FRIP_SCORE (OSMOTIC_STRESS_T100_SE_REP2),COMPLETED,0,-,quay.io/biocontainers/mulled-v2-8186960447c5cb2faa697666dc1e6d919ad23f3e:3127fcae6b6bdaf8181e21a26ae61231030a9fcb-0,2,21600000,-,6442450944,1,1788523699932,1788523700031,1788523700539,607,0,-,64.1,0.0,14364672,30269440,14364672,30277632,6822158,2715167,7246,392,11288576,16384,37,1,/home/ahmed/pranay/work/81/e980cf7cfed811e441eabc2a495dd4,-,-,12th Gen Intel(R) Core(TM) i5-12400,53.845993,FRIP_SCORE,intel_i5,atacseq,intel_i5,6.0,32.0,95.31002175000002,1061.4583333333335,4251904.0
107,-,50550,NFCORE_ATACSEQ:ATACSEQ:MERGED_LIBRARY_PICARD_COLLECTMULTIPLEMETRICS,OSMOTIC_STRESS_T150_SE_REP1,NFCORE_ATACSEQ:ATACSEQ:MERGED_LIBRARY_PICARD_COLLECTMULTIPLEMETRICS (OSMOTIC_STRESS_T150_SE_REP1),COMPLETED,0,-,quay.io/biocontainers/picard:3.0.0--hdfd78af_1,1,14400000,-,6442450944,1,1788523697332,1788523697431,1788523700876,3544,2000,-,311.4,0.6,197214208,9039757312,197214208,9040748544,66629526,778628,12187,494,0,1310720,14,2,/home/ahmed/pranay/work/56/fc349d3e3ce1f605c9c5d6e9326dba,-,-,12th Gen Intel(R) Core(TM) i5-12400,166.943359,MERGED_LIBRARY_PICARD_COLLECTMULTIPLEMETRICS,intel_i5,atacseq,intel_i5,6.0,32.0,886.6999902499999,5824.8875,465006477.312
121,-,55081,NFCORE_ATACSEQ:ATACSEQ:MERGED_LIBRARY_FILTER_BAM:BAM_STATS_SAMTOOLS:SAMTOOLS_FLAGSTAT,OSMOTIC_STRESS_T150_SE_REP1,NFCORE_ATACSEQ:ATACSEQ:MERGED_LIBRARY_FILTER_BAM:BAM_STATS_SAMTOOLS:SAMTOOLS_FLAGSTAT (OSMOTIC_STRESS_T150_SE_REP1),COMPLETED,0,-,quay.io/biocontainers/samtools:1.17--h00cdaf9_0,1,14400000,-,6442450944,1,1788523700878,1788523700976,1788523702468,1590,0,-,122.4,0.0,7225344,164429824,7225344,231677952,5616328,5413,1044,19,0,12288,83,0,/home/ahmed/pranay/work/98/383511ff443d43726e2761634f751b,-,-,12th Gen Intel(R) Core(TM) i5-12400,75.040457,SAMTOOLS_FLAGSTAT,intel_i5,atacseq,intel_i5,6.0,32.0,86.24864250000012,940.0,3065374.72
117,-,54564,NFCORE_ATACSEQ:ATACSEQ:MERGED_LIBRARY_ATAQV_ATAQV,OSMOTIC_STRESS_T100_SE_REP2,NFCORE_ATACSEQ:ATACSEQ:MERGED_LIBRARY_ATAQV_ATAQV (OSMOTIC_STRESS_T100_SE_REP2),COMPLETED,0,-,quay.io/biocontainers/ataqv:1.3.1--py310ha155cf9_1,2,21600000,-,6442450944,1,1788523700417,1788523700515,1788523702561,2144,1791,-,43.0,0.0,15912960,171106304,15912960,243724288,148537329,262448,22070,384,6025216,262144,82,5,/home/ahmed/pranay/work/a5/f69c1cccd261ac6b238a1093643d69,-,-,12th Gen Intel(R) Core(TM) i5-12400,75.040457,MERGED_LIBRARY_ATAQV_ATAQV,intel_i5,atacseq,intel_i5,6.0,32.0,1055.4672569583358,4145.0,20538777.6
98,-,47596,NFCORE_ATACSEQ:ATACSEQ:MERGED_LIBRARY_DEEPTOOLS_PLOTFINGERPRINT,OSMOTIC_STRESS_T100_SE_REP2,NFCORE_ATACSEQ:ATACSEQ:MERGED_LIBRARY_DEEPTOOLS_PLOTFINGERPRINT (OSMOTIC_STRESS_T100_SE_REP2),COMPLETED,0,-,quay.io/biocontainers/deeptools:3.5.1--py_0,2,21600000,-,6442450944,1,1788523695368,1788523695466,1788523702696,7328,6000,-,75.8,2.7,897572864,1417846784,1060597760,1582903296,43303201,450464,6321,125,76361728,413696,1630,652,/home/ahmed/pranay/work/38/c5e4d487d83afa50876bbab95e5108,-,-,12th Gen Intel(R) Core(TM) i5-12400,315.799057,MERGED_LIBRARY_DEEPTOOLS_PLOTFINGERPRINT,intel_i5,atacseq,intel_i5,6.0,32.0,470.85936474999994,2286.62,6662481.92
119,-,56210,NFCORE_ATACSEQ:ATACSEQ:MERGED_LIBRARY_FILTER_BAM:BAM_STATS_SAMTOOLS:SAMTOOLS_STATS,OSMOTIC_STRESS_T150_SE_REP1,NFCORE_ATACSEQ:ATACSEQ:MERGED_LIBRARY_FILTER_BAM:BAM_STATS_SAMTOOLS:SAMTOOLS_STATS (OSMOTIC_STRESS_T150_SE_REP1),COMPLETED,0,-,quay.io/biocontainers/samtools:1.17--h00cdaf9_0,1,14400000,-,6442450944,1,1788523702859,1788523702957,1788523703305,446,0,-,112.7,0.0,7553024,165974016,7553024,233070592,5620443,33978,1045,26,0,40960,3,0,/home/ahmed/pranay/work/ed/344c7a7b950daa691097b7f4e4a7c5,-,-,12th Gen Intel(R) Core(TM) i5-12400,30.65312,SAMTOOLS_STATS,intel_i5,atacseq,intel_i5,6.0,32.0,115.10840043333329,2027.5,3065374.72
110,-,52398,NFCORE_ATACSEQ:ATACSEQ:MERGED_LIBRARY_DEEPTOOLS_PLOTFINGERPRINT,OSMOTIC_STRESS_T100_SE_REP1,NFCORE_ATACSEQ:ATACSEQ:MERGED_LIBRARY_DEEPTOOLS_PLOTFINGERPRINT (OSMOTIC_STRESS_T100_SE_REP1),COMPLETED,0,-,quay.io/biocontainers/deeptools:3.5.1--py_0,2,21600000,-,6442450944,1,1788523698452,1788523698550,1788523703729,5277,4000,-,101.0,2.5,831508480,1417846784,1062965248,1582903296,42824797,457219,6259,125,0,405504,49,81,/home/ahmed/pranay/work/58/3861df3e719009a3324461739ce49f,-,-,12th Gen Intel(R) Core(TM) i5-12400,218.732716,MERGED_LIBRARY_DEEPTOOLS_PLOTFINGERPRINT,intel_i5,atacseq,intel_i5,6.0,32.0,469.00208425,2286.62,6664591.36
123,-,55655,NFCORE_ATACSEQ:ATACSEQ:MERGED_LIBRARY_CALL_ANNOTATE_PEAKS:MACS2_CALLPEAK,OSMOTIC_STRESS_T150_SE_REP1,NFCORE_ATACSEQ:ATACSEQ:MERGED_LIBRARY_CALL_ANNOTATE_PEAKS:MACS2_CALLPEAK (OSMOTIC_STRESS_T150_SE_REP1),COMPLETED,0,-,quay.io/biocontainers/macs2:2.2.7.1--py38h4a8c8d9_3,2,21600000,-,6442450944,1,1788523702563,1788523702661,1788523703738,1175,0,-,131.1,0.0,13086720,18026496,13307904,18292736,16955417,6838493,2264,194,0,6893568,1,0,/home/ahmed/pranay/work/e4/1bae128ad1469003119f85c627e7bc,-,-,12th Gen Intel(R) Core(TM) i5-12400,30.65312,MACS2_CALLPEAK,intel_i5,atacseq,intel_i5,6.0,32.0,201.6190917499999,1544.455,121971189.76
128,-,57297,NFCORE_ATACSEQ:ATACSEQ:MERGED_LIBRARY_CALL_ANNOTATE_PEAKS:FRIP_SCORE,OSMOTIC_STRESS_T100_SE_REP1,NFCORE_ATACSEQ:ATACSEQ:MERGED_LIBRARY_CALL_ANNOTATE_PEAKS:FRIP_SCORE (OSMOTIC_STRESS_T100_SE_REP1),COMPLETED,0,-,quay.io/biocontainers/mulled-v2-8186960447c5cb2faa697666dc1e6d919ad23f3e:3127fcae6b6bdaf8181e21a26ae61231030a9fcb-0,2,21600000,-,6442450944,1,1788523703740,1788523703838,1788523704234,494,1000,-,119.3,0.0,18264064,32972800,18264064,32980992,8334187,3357889,8857,479,0,16384,66,3,/home/ahmed/pranay/work/85/e03cd3ed361ddbb933d3b27571a2c9,-,-,12th Gen Intel(R) Core(TM) i5-12400,37.365749,FRIP_SCORE,intel_i5,atacseq,intel_i5,6.0,32.0,114.36886249999999,973.9583333333335,3902965.76
125,-,57272,NFCORE_ATACSEQ:ATACSEQ:MERGED_LIBRARY_BAM_TO_BIGWIG:UCSC_BEDGRAPHTOBIGWIG,OSMOTIC_STRESS_T100_SE_REP2,NFCORE_ATACSEQ:ATACSEQ:MERGED_LIBRARY_BAM_TO_BIGWIG:UCSC_BEDGRAPHTOBIGWIG (OSMOTIC_STRESS_T100_SE_REP2),COMPLETED,0,-,quay.io/biocontainers/ucsc-bedgraphtobigwig:445--h954228d_0,1,14400000,-,6442450944,1,1788523703730,1788523703741,1788523704288,558,1000,-,46.2,0.0,3973120,17436672,3973120,17440768,4648588,527659,233,125,7008256,536576,15,2,/home/ahmed/pranay/work/13/4089f17be0736a8a42a400f2feca55,-,-,12th Gen Intel(R) Core(TM) i5-12400,37.365749,UCSC_BEDGRAPHTOBIGWIG,intel_i5,atacseq,intel_i5,6.0,32.0,94.20822375000009,942.5,23501025.28
116,-,54656,NFCORE_ATACSEQ:ATACSEQ:MERGED_LIBRARY_CALL_ANNOTATE_PEAKS:HOMER_ANNOTATEPEAKS,OSMOTIC_STRESS_T100_SE_REP2,NFCORE_ATACSEQ:ATACSEQ:MERGED_LIBRARY_CALL_ANNOTATE_PEAKS:HOMER_ANNOTATEPEAKS (OSMOTIC_STRESS_T100_SE_REP2),COMPLETED,0,-,quay.io/biocontainers/homer:4.11--pl526hc9558a2_3,2,21600000,-,6442450944,1,1788523700541,1788523700639,1788523704731,4190,3000,-,69.1,0.2,72716288,108830720,72716288,108834816,58040633,6222852,8573,1260,6623232,6254592,115,190,/home/ahmed/pranay/work/a5/5066e1ba3e1fbed2717b1caa6e9edd,-,-,12th Gen Intel(R) Core(TM) i5-12400,143.059326,HOMER_ANNOTATEPEAKS,intel_i5,atacseq,intel_i5,6.0,32.0,920.1115732499993,34031.8025,830876672.0
127,-,57559,NFCORE_ATACSEQ:ATACSEQ:MERGED_LIBRARY_ATAQV_ATAQV,OSMOTIC_STRESS_T100_SE_REP1,NFCORE_ATACSEQ:ATACSEQ:MERGED_LIBRARY_ATAQV_ATAQV (OSMOTIC_STRESS_T100_SE_REP1),COMPLETED,0,-,quay.io/biocontainers/ataqv:1.3.1--py310ha155cf9_1,2,21600000,-,6442450944,1,1788523703959,1788523704057,1788523704833,874,557,-,136.9,0.0,9494528,16347136,9494528,16351232,149307967,290743,21961,391,0,290816,1,1,/home/ahmed/pranay/work/10/af4da0ae243e28d54edcfef0a6db60,-,-,12th Gen Intel(R) Core(TM) i5-12400,37.365749,MERGED_LIBRARY_ATAQV_ATAQV,intel_i5,atacseq,intel_i5,6.0,32.0,1055.4672569583358,4145.0,20538777.6
129,-,58093,NFCORE_ATACSEQ:ATACSEQ:MERGED_LIBRARY_BAM_TO_BIGWIG:BEDTOOLS_GENOMECOV,OSMOTIC_STRESS_T100_SE_REP1,NFCORE_ATACSEQ:ATACSEQ:MERGED_LIBRARY_BAM_TO_BIGWIG:BEDTOOLS_GENOMECOV (OSMOTIC_STRESS_T100_SE_REP1),COMPLETED,0,-,quay.io/biocontainers/bedtools:2.30.0--hc088bd4_0,2,21600000,-,6442450944,1,1788523704289,1788523704388,1788523705777,1488,0,-,100.4,0.0,14163968,34447360,14163968,34447360,4383008,3900393,756,77861,0,3919872,3,0,/home/ahmed/pranay/work/86/51378d31c0153d78e418504e637af7,-,-,12th Gen Intel(R) Core(TM) i5-12400,41.207536,BEDTOOLS_GENOMECOV,intel_i5,atacseq,intel_i5,6.0,32.0,2836.4673394916654,23615.0,2276745021.44
148,-,60117,NFCORE_ATACSEQ:ATACSEQ:MERGED_LIBRARY_MARKDUPLICATES_PICARD:BAM_STATS_SAMTOOLS:SAMTOOLS_FLAGSTAT,OSMOTIC_STRESS_T15_PE_REP1,NFCORE_ATACSEQ:ATACSEQ:MERGED_LIBRARY_MARKDUPLICATES_PICARD:BAM_STATS_SAMTOOLS:SAMTOOLS_FLAGSTAT (OSMOTIC_STRESS_T15_PE_REP1),COMPLETED,0,-,quay.io/biocontainers/samtools:1.17--h00cdaf9_0,1,14400000,-,6442450944,1,1788523706091,1788523706179,1788523706568,477,0,-,120.8,0.0,7094272,164429824,7094272,231677952,18529802,5476,3246,19,0,12288,125,0,/home/ahmed/pranay/work/90/145c1cf0168d2a0a13b97601666846,-,-,12th Gen Intel(R) Core(TM) i5-12400,42.557814,SAMTOOLS_FLAGSTAT,intel_i5,atacseq,intel_i5,6.0,32.0,183.744824,1558.25,3589563.733333333
147,-,61050,NFCORE_ATACSEQ:ATACSEQ:MERGED_LIBRARY_MARKDUPLICATES_PICARD:BAM_STATS_SAMTOOLS:SAMTOOLS_FLAGSTAT,OSMOTIC_STRESS_T0_PE_REP1,NFCORE_ATACSEQ:ATACSEQ:MERGED_LIBRARY_MARKDUPLICATES_PICARD:BAM_STATS_SAMTOOLS:SAMTOOLS_FLAGSTAT (OSMOTIC_STRESS_T0_PE_REP1),COMPLETED,0,-,quay.io/biocontainers/samtools:1.17--h00cdaf9_0,1,14400000,-,6442450944,1,1788523706882,1788523706980,1788523707246,364,0,-,118.3,0.0,7069696,164429824,7069696,231677952,9196971,5471,1724,19,0,12288,102,0,/home/ahmed/pranay/work/09/d9436edff7e8d847e73aacdc880286,-,-,12th Gen Intel(R) Core(TM) i5-12400,33.371923,SAMTOOLS_FLAGSTAT,intel_i5,atacseq,intel_i5,6.0,32.0,143.45441350000002,1037.0833333333335,4032600.746666666
130,-,58504,NFCORE_ATACSEQ:ATACSEQ:MERGED_LIBRARY_FILTER_BAM:BAMTOOLS_FILTER,OSMOTIC_STRESS_T15_PE_REP1,NFCORE_ATACSEQ:ATACSEQ:MERGED_LIBRARY_FILTER_BAM:BAMTOOLS_FILTER (OSMOTIC_STRESS_T15_PE_REP1),COMPLETED,0,-,quay.io/biocontainers/mulled-v2-0560a8046fc82aa4338588eca29ff18edab2c5aa:5687a7da26983502d0a8a9a6b05ed727c740ddc4-0,2,21600000,-,6442450944,1,1788523704733,1788523704831,1788523707595,2862,3000,-,127.5,0.0,12271616,21299200,12271616,21430272,30653127,23580540,5129,2722,0,11485184,785,55,/home/ahmed/pranay/work/1e/a120b4ec9ec0c3ebd6618d8055fbf3,-,-,12th Gen Intel(R) Core(TM) i5-12400,117.137273,BAMTOOLS_FILTER,intel_i5,atacseq,intel_i5,6.0,32.0,257.3000327499997,1500.09,3598940.159999999
126,-,58046,NFCORE_ATACSEQ:ATACSEQ:MERGED_LIBRARY_CALL_ANNOTATE_PEAKS:HOMER_ANNOTATEPEAKS,OSMOTIC_STRESS_T100_SE_REP1,NFCORE_ATACSEQ:ATACSEQ:MERGED_LIBRARY_CALL_ANNOTATE_PEAKS:HOMER_ANNOTATEPEAKS (OSMOTIC_STRESS_T100_SE_REP1),COMPLETED,0,-,quay.io/biocontainers/homer:4.11--pl526hc9558a2_3,2,21600000,-,6442450944,1,1788523704236,1788523704289,1788523707608,3372,2000,-,100.2,0.1,45916160,82272256,45916160,82276352,58256270,6391430,8609,1289,0,6430720,22,29,/home/ahmed/pranay/work/27/0a137d0560f58bb7fd629ca5cb7924,-,-,12th Gen Intel(R) Core(TM) i5-12400,117.137273,HOMER_ANNOTATEPEAKS,intel_i5,atacseq,intel_i5,6.0,32.0,920.1115732499993,34031.8025,830876672.0
122,-,55841,NFCORE_ATACSEQ:ATACSEQ:MERGED_LIBRARY_DEEPTOOLS_PLOTFINGERPRINT,OSMOTIC_STRESS_T150_SE_REP1,NFCORE_ATACSEQ:ATACSEQ:MERGED_LIBRARY_DEEPTOOLS_PLOTFINGERPRINT (OSMOTIC_STRESS_T150_SE_REP1),COMPLETED,0,-,quay.io/biocontainers/deeptools:3.5.1--py_0,2,21600000,-,6442450944,1,1788523702697,1788523702796,1788523707803,5106,4000,-,101.4,2.7,898707456,1417850880,1062998016,1582907392,42507358,419532,6156,95,0,405504,34,43,/home/ahmed/pranay/work/9b/9351c8c10c73e1bfb376061fc742f1,-,-,12th Gen Intel(R) Core(TM) i5-12400,185.156142,MERGED_LIBRARY_DEEPTOOLS_PLOTFINGERPRINT,intel_i5,atacseq,intel_i5,6.0,32.0,454.2107644999998,2284.5475,6665574.4
131,-,61979,NFCORE_ATACSEQ:ATACSEQ:MERGED_LIBRARY_MARKDUPLICATES_PICARD:BAM_STATS_SAMTOOLS:SAMTOOLS_STATS,OSMOTIC_STRESS_T100_SE_REP2,NFCORE_ATACSEQ:ATACSEQ:MERGED_LIBRARY_MARKDUPLICATES_PICARD:BAM_STATS_SAMTOOLS:SAMTOOLS_STATS (OSMOTIC_STRESS_T100_SE_REP2),COMPLETED,0,-,quay.io/biocontainers/samtools:1.17--h00cdaf9_0,1,14400000,-,6442450944,1,1788523707512,1788523707597,1788523709371,1859,0,-,125.2,0.0,7626752,165974016,7626752,233070592,4438341,40437,971,27,0,45056,2,18,/home/ahmed/pranay/work/a0/7be9e23d51475755c2555efa5c8a77,-,-,12th Gen Intel(R) Core(TM) i5-12400,27.321647,SAMTOOLS_STATS,intel_i5,atacseq,intel_i5,6.0,32.0,115.9506171833333,2035.0,3069470.72
143,-,62037,NFCORE_ATACSEQ:ATACSEQ:MERGED_LIBRARY_MARKDUPLICATES_PICARD:BAM_STATS_SAMTOOLS:SAMTOOLS_STATS,OSMOTIC_STRESS_T15_PE_REP1,NFCORE_ATACSEQ:ATACSEQ:MERGED_LIBRARY_MARKDUPLICATES_PICARD:BAM_STATS_SAMTOOLS:SAMTOOLS_STATS (OSMOTIC_STRESS_T15_PE_REP1),COMPLETED,0,-,quay.io/biocontainers/samtools:1.17--h00cdaf9_0,1,14400000,-,6442450944,1,1788523707597,1788523707610,1788523709483,1886,1000,-,130.8,0.0,7716864,165974016,7716864,233070592,18533914,77432,3247,36,0,81920,3,0,/home/ahmed/pranay/work/90/34238976782c1af705196c84cedac6,-,-,12th Gen Intel(R) Core(TM) i5-12400,27.321647,SAMTOOLS_STATS,intel_i5,atacseq,intel_i5,6.0,32.0,210.3787551833333,2560.51,3718536.5333333337
139,-,62071,NFCORE_ATACSEQ:ATACSEQ:MERGED_LIBRARY_MARKDUPLICATES_PICARD:BAM_STATS_SAMTOOLS:SAMTOOLS_STATS,OSMOTIC_STRESS_T100_SE_REP1,NFCORE_ATACSEQ:ATACSEQ:MERGED_LIBRARY_MARKDUPLICATES_PICARD:BAM_STATS_SAMTOOLS:SAMTOOLS_STATS (OSMOTIC_STRESS_T100_SE_REP1),COMPLETED,0,-,quay.io/biocontainers/samtools:1.17--h00cdaf9_0,1,14400000,-,6442450944,1,1788523707609,1788523707708,1788523709606,1997,0,-,123.9,0.0,7725056,165974016,7725056,233070592,4613881,38582,961,27,0,45056,3,2,/home/ahmed/pranay/work/9d/c667ba70c9063905f6e5f487b7c786,-,-,12th Gen Intel(R) Core(TM) i5-12400,27.321647,SAMTOOLS_STATS,intel_i5,atacseq,intel_i5,6.0,32.0,121.56862218333332,2035.0,3078338.56
142,-,62350,NFCORE_ATACSEQ:ATACSEQ:MERGED_LIBRARY_MARKDUPLICATES_PICARD:BAM_STATS_SAMTOOLS:SAMTOOLS_STATS,OSMOTIC_STRESS_T0_PE_REP1,NFCORE_ATACSEQ:ATACSEQ:MERGED_LIBRARY_MARKDUPLICATES_PICARD:BAM_STATS_SAMTOOLS:SAMTOOLS_STATS (OSMOTIC_STRESS_T0_PE_REP1),COMPLETED,0,-,quay.io/biocontainers/samtools:1.17--h00cdaf9_0,1,14400000,-,6442450944,1,1788523707806,1788523707842,1788523709856,2050,0,-,131.2,0.0,7856128,165974016,7856128,233070592,9201085,69154,1725,34,0,73728,2,0,/home/ahmed/pranay/work/51/1b0de08e6c81fbba7feba3a51c57ad,-,-,12th Gen Intel(R) Core(TM) i5-12400,27.321647,SAMTOOLS_STATS,intel_i5,atacseq,intel_i5,6.0,32.0,172.53734843333342,2131.8749999999995,4216050.346666667
140,-,62433,NFCORE_ATACSEQ:ATACSEQ:MERGED_LIBRARY_MARKDUPLICATES_PICARD:BAM_STATS_SAMTOOLS:SAMTOOLS_STATS,OSMOTIC_STRESS_T0_PE_REP2,NFCORE_ATACSEQ:ATACSEQ:MERGED_LIBRARY_MARKDUPLICATES_PICARD:BAM_STATS_SAMTOOLS:SAMTOOLS_STATS (OSMOTIC_STRESS_T0_PE_REP2),COMPLETED,0,-,quay.io/biocontainers/samtools:1.17--h00cdaf9_0,1,14400000,-,6442450944,1,1788523707842,1788523707941,1788523709888,2046,0,-,133.9,0.0,7835648,165974016,7835648,233070592,9098516,73673,1741,35,0,77824,3,2,/home/ahmed/pranay/work/e6/5f0c8c1df5d166f6448ab4cd701f96,-,-,12th Gen Intel(R) Core(TM) i5-12400,27.321647,SAMTOOLS_STATS,intel_i5,atacseq,intel_i5,6.0,32.0,172.53734843333342,2131.8749999999995,4216050.346666667
153,-,63681,NFCORE_ATACSEQ:ATACSEQ:MERGED_LIBRARY_CALL_ANNOTATE_PEAKS:FRIP_SCORE,OSMOTIC_STRESS_T150_SE_REP1,NFCORE_ATACSEQ:ATACSEQ:MERGED_LIBRARY_CALL_ANNOTATE_PEAKS:FRIP_SCORE (OSMOTIC_STRESS_T150_SE_REP1),COMPLETED,0,-,quay.io/biocontainers/mulled-v2-8186960447c5cb2faa697666dc1e6d919ad23f3e:3127fcae6b6bdaf8181e21a26ae61231030a9fcb-0,2,21600000,-,6442450944,1,1788523709858,1788523709891,1788523710593,735,0,-,123.8,0.0,18694144,33505280,18694144,33521664,19525526,8206145,21134,1135,0,16384,65,12,/home/ahmed/pranay/work/19/87c6fb64d07d4a13d8e5b03bf14ede,-,-,12th Gen Intel(R) Core(TM) i5-12400,30.378401,FRIP_SCORE,intel_i5,atacseq,intel_i5,6.0,32.0,187.88290524999994,1544.455,3571855.3599999994
155,-,63880,NFCORE_ATACSEQ:ATACSEQ:MERGED_LIBRARY_FILTER_BAM:BAM_SORT_STATS_SAMTOOLS:SAMTOOLS_SORT,OSMOTIC_STRESS_T0_PE_REP1,NFCORE_ATACSEQ:ATACSEQ:MERGED_LIBRARY_FILTER_BAM:BAM_SORT_STATS_SAMTOOLS:SAMTOOLS_SORT (OSMOTIC_STRESS_T0_PE_REP1),COMPLETED,0,-,quay.io/biocontainers/samtools:1.17--h00cdaf9_0,2,21600000,-,6442450944,1,1788523709982,1788523710080,1788523710603,621,0,-,179.8,0.1,23281664,1855283200,23281664,1855287296,5629015,4753398,227,22,0,4759552,108,3,/home/ahmed/pranay/work/bb/6a990a73e3d8f7141b6c6816edb289,-,-,12th Gen Intel(R) Core(TM) i5-12400,30.378401,SAMTOOLS_SORT,intel_i5,atacseq,intel_i5,6.0,32.0,106.79276974999993,975.0,1322391746.56
154,-,63800,NFCORE_ATACSEQ:ATACSEQ:MERGED_LIBRARY_ATAQV_ATAQV,OSMOTIC_STRESS_T150_SE_REP1,NFCORE_ATACSEQ:ATACSEQ:MERGED_LIBRARY_ATAQV_ATAQV (OSMOTIC_STRESS_T150_SE_REP1),COMPLETED,0,-,quay.io/biocontainers/ataqv:1.3.1--py310ha155cf9_1,2,21600000,-,6442450944,1,1788523709893,1788523709904,1788523711094,1201,827,-,134.8,0.0,9637888,16576512,9637888,16580608,189897857,351246,29395,406,0,352256,1,5,/home/ahmed/pranay/work/7a/b16884bfc65bfd1851777ca5a57794,-,-,12th Gen Intel(R) Core(TM) i5-12400,30.378401,MERGED_LIBRARY_ATAQV_ATAQV,intel_i5,atacseq,intel_i5,6.0,32.0,1040.8721216666684,2827.5,20458311.68
159,-,65302,NFCORE_ATACSEQ:ATACSEQ:MERGED_LIBRARY_BAM_TO_BIGWIG:UCSC_BEDGRAPHTOBIGWIG,OSMOTIC_STRESS_T100_SE_REP1,NFCORE_ATACSEQ:ATACSEQ:MERGED_LIBRARY_BAM_TO_BIGWIG:UCSC_BEDGRAPHTOBIGWIG (OSMOTIC_STRESS_T100_SE_REP1),COMPLETED,0,-,quay.io/biocontainers/ucsc-bedgraphtobigwig:445--h954228d_0,1,14400000,-,6442450944,1,1788523711095,1788523711195,1788523711486,391,0,-,99.2,0.0,10235904,25747456,10235904,25751552,5913586,628338,251,146,0,638976,1,2,/home/ahmed/pranay/work/61/14c9428676b1f0bb157e11e6272c05,-,-,12th Gen Intel(R) Core(TM) i5-12400,41.165239,UCSC_BEDGRAPHTOBIGWIG,intel_i5,atacseq,intel_i5,6.0,32.0,83.78109700000009,1076.4583333333335,23495987.2
151,-,63289,NFCORE_ATACSEQ:ATACSEQ:MERGED_LIBRARY_BAM_TO_BIGWIG:BEDTOOLS_GENOMECOV,OSMOTIC_STRESS_T150_SE_REP1,NFCORE_ATACSEQ:ATACSEQ:MERGED_LIBRARY_BAM_TO_BIGWIG:BEDTOOLS_GENOMECOV (OSMOTIC_STRESS_T150_SE_REP1),COMPLETED,0,-,quay.io/biocontainers/bedtools:2.30.0--hc088bd4_0,2,21600000,-,6442450944,1,1788523709608,1788523709707,1788523711574,1966,1000,-,95.0,0.0,9428992,29782016,9428992,29782016,10525365,9894159,1609,197032,0,9973760,3,1,/home/ahmed/pranay/work/48/6d8f49007eb60515c836edd126a15b,-,-,12th Gen Intel(R) Core(TM) i5-12400,71.54364,BEDTOOLS_GENOMECOV,intel_i5,atacseq,intel_i5,6.0,32.0,2877.1677404916636,23598.75,2276745021.44
160,-,65728,NFCORE_ATACSEQ:ATACSEQ:MERGED_LIBRARY_FILTER_BAM:SAMTOOLS_SORT,OSMOTIC_STRESS_T15_PE_REP1,NFCORE_ATACSEQ:ATACSEQ:MERGED_LIBRARY_FILTER_BAM:SAMTOOLS_SORT (OSMOTIC_STRESS_T15_PE_REP1),COMPLETED,0,-,quay.io/biocontainers/samtools:1.17--h00cdaf9_0,2,21600000,-,6442450944,1,1788523711488,1788523711575,1788523712576,1088,1000,-,189.5,0.1,20226048,1855283200,20226048,1921474560,11585726,13795794,230,26,0,13803520,104,22,/home/ahmed/pranay/work/13/55bc4dc3c72df156b43cc55d87fb62,-,-,12th Gen Intel(R) Core(TM) i5-12400,60.542814,SAMTOOLS_SORT,intel_i5,atacseq,intel_i5,6.0,32.0,160.51184600000002,978.545,1322391746.56
164,-,67431,NFCORE_ATACSEQ:ATACSEQ:MERGED_LIBRARY_FILTER_BAM:BAM_SORT_STATS_SAMTOOLS:SAMTOOLS_INDEX,OSMOTIC_STRESS_T0_PE_REP1,NFCORE_ATACSEQ:ATACSEQ:MERGED_LIBRARY_FILTER_BAM:BAM_SORT_STATS_SAMTOOLS:SAMTOOLS_INDEX (OSMOTIC_STRESS_T0_PE_REP1),COMPLETED,0,-,quay.io/biocontainers/samtools:1.17--h00cdaf9_0,2,14400000,-,6442450944,1,1788523712959,1788523713057,1788523713282,323,0,-,95.2,0.0,7208960,164429824,7208960,231677952,4858814,15073,941,21,0,20480,129,0,/home/ahmed/pranay/work/fb/e51c9dc551af6b494da1dcada996f0,-,-,12th Gen Intel(R) Core(TM) i5-12400,63.8857,SAMTOOLS_INDEX,intel_i5,atacseq,intel_i5,6.0,32.0,110.32986099999995,985.0,17486919.68
152,-,63815,NFCORE_ATACSEQ:ATACSEQ:MERGED_LIBRARY_CALL_ANNOTATE_PEAKS:HOMER_ANNOTATEPEAKS,OSMOTIC_STRESS_T150_SE_REP1,NFCORE_ATACSEQ:ATACSEQ:MERGED_LIBRARY_CALL_ANNOTATE_PEAKS:HOMER_ANNOTATEPEAKS (OSMOTIC_STRESS_T150_SE_REP1),COMPLETED,0,-,quay.io/biocontainers/homer:4.11--pl526hc9558a2_3,2,21600000,-,6442450944,1,1788523709903,1788523709982,1788523713597,3694,2000,-,99.7,1.3,442101760,486789120,442101760,486793216,58719356,6752154,8671,1342,0,6782976,34,10,/home/ahmed/pranay/work/7d/5534544084d61c7a059174e629bcfa,-,-,12th Gen Intel(R) Core(TM) i5-12400,195.972154,HOMER_ANNOTATEPEAKS,intel_i5,atacseq,intel_i5,6.0,32.0,920.1115732499993,34031.8025,830876672.0
162,-,66226,NFCORE_ATACSEQ:ATACSEQ:MERGED_LIBRARY_PICARD_COLLECTMULTIPLEMETRICS,OSMOTIC_STRESS_T0_PE_REP2,NFCORE_ATACSEQ:ATACSEQ:MERGED_LIBRARY_PICARD_COLLECTMULTIPLEMETRICS (OSMOTIC_STRESS_T0_PE_REP2),COMPLETED,0,-,quay.io/biocontainers/picard:3.0.0--hdfd78af_1,1,14400000,-,6442450944,1,1788523711903,1788523712001,1788523715700,3797,3000,-,264.2,1.6,526278656,10692935680,526278656,10740985856,71422560,866930,12421,558,45056,1138688,27,80,/home/ahmed/pranay/work/5a/5b0f98da4db3f716e1868853d21e5f,-,-,12th Gen Intel(R) Core(TM) i5-12400,260.318303,MERGED_LIBRARY_PICARD_COLLECTMULTIPLEMETRICS,intel_i5,atacseq,intel_i5,6.0,32.0,1188.0832307500016,6280.13,465006477.312
165,-,67785,NFCORE_ATACSEQ:ATACSEQ:MERGED_LIBRARY_PICARD_COLLECTMULTIPLEMETRICS,OSMOTIC_STRESS_T0_PE_REP1,NFCORE_ATACSEQ:ATACSEQ:MERGED_LIBRARY_PICARD_COLLECTMULTIPLEMETRICS (OSMOTIC_STRESS_T0_PE_REP1),COMPLETED,0,-,quay.io/biocontainers/picard:3.0.0--hdfd78af_1,1,14400000,-,6442450944,1,1788523713283,1788523713382,1788523717489,4206,3000,-,241.4,1.5,515530752,10672947200,521416704,10738937856,72132374,858904,12541,557,0,1003520,24,49,/home/ahmed/pranay/work/b9/dc0ec88e9fd38a1cb5bf8507fcbde8,-,-,12th Gen Intel(R) Core(TM) i5-12400,274.790435,MERGED_LIBRARY_PICARD_COLLECTMULTIPLEMETRICS,intel_i5,atacseq,intel_i5,6.0,32.0,1198.1449970000026,6285.13,465006477.312
170,-,71223,NFCORE_ATACSEQ:ATACSEQ:MERGED_LIBRARY_CALL_ANNOTATE_PEAKS:MACS2_CALLPEAK,OSMOTIC_STRESS_T0_PE_REP2,NFCORE_ATACSEQ:ATACSEQ:MERGED_LIBRARY_CALL_ANNOTATE_PEAKS:MACS2_CALLPEAK (OSMOTIC_STRESS_T0_PE_REP2),COMPLETED,0,-,quay.io/biocontainers/macs2:2.2.7.1--py38h4a8c8d9_3,2,21600000,-,6442450944,1,1788523718089,1788523718187,1788523719190,1101,1000,-,113.2,0.0,12943360,18026496,13103104,18292736,11902389,3198803,1850,119,0,3248128,1,1,/home/ahmed/pranay/work/0c/3ee342d4267f98c33e532ccd55eb68,-,-,12th Gen Intel(R) Core(TM) i5-12400,69.062079,MACS2_CALLPEAK,intel_i5,atacseq,intel_i5,6.0,32.0,160.29460650000001,978.545,121969459.2
169,-,72352,NFCORE_ATACSEQ:ATACSEQ:MERGED_LIBRARY_DEEPTOOLS_PLOTFINGERPRINT,OSMOTIC_STRESS_T0_PE_REP2,NFCORE_ATACSEQ:ATACSEQ:MERGED_LIBRARY_DEEPTOOLS_PLOTFINGERPRINT (OSMOTIC_STRESS_T0_PE_REP2),COMPLETED,0,-,quay.io/biocontainers/deeptools:3.5.1--py_0,2,21600000,-,6442450944,1,1788523719192,1788523719290,1788523725911,6719,5000,-,100.4,2.6,859160576,1417834496,1063333888,1582891008,41374905,393665,5849,67,12288,401408,22,16,/home/ahmed/pranay/work/9a/cbd4c09e83f54841967945302d925e,-,-,12th Gen Intel(R) Core(TM) i5-12400,422.599992,MERGED_LIBRARY_DEEPTOOLS_PLOTFINGERPRINT,intel_i5,atacseq,intel_i5,6.0,32.0,453.0674842499999,2194.3683333333333,6688450.56
171,-,74642,NFCORE_ATACSEQ:ATACSEQ:MERGED_LIBRARY_FILTER_BAM:BAM_REMOVE_ORPHANS,OSMOTIC_STRESS_T15_PE_REP1,NFCORE_ATACSEQ:ATACSEQ:MERGED_LIBRARY_FILTER_BAM:BAM_REMOVE_ORPHANS (OSMOTIC_STRESS_T15_PE_REP1),COMPLETED,0,-,quay.io/biocontainers/mulled-v2-57736af1eb98c01010848572c9fec9fff6ffaafd:402e865b8f6af2f3e58c6fc8d57127ff0144b2c7-0,2,21600000,-,6442450944,1,1788523725914,1788523726011,1788523727426,1512,1000,-,97.1,0.1,22339584,34734080,22339584,34738176,14861474,13699953,2209,906,0,13709312,1,9,/home/ahmed/pranay/work/31/aa2d2c828689fca87e22f653285ac8,-,-,12th Gen Intel(R) Core(TM) i5-12400,140.03632399999998,BAM_REMOVE_ORPHANS,intel_i5,atacseq,intel_i5,6.0,32.0,195.27934599999998,1264.195,3563089.9199999995
173,-,75251,NFCORE_ATACSEQ:ATACSEQ:MERGED_LIBRARY_CALL_ANNOTATE_PEAKS:MACS2_CALLPEAK,OSMOTIC_STRESS_T0_PE_REP1,NFCORE_ATACSEQ:ATACSEQ:MERGED_LIBRARY_CALL_ANNOTATE_PEAKS:MACS2_CALLPEAK (OSMOTIC_STRESS_T0_PE_REP1),COMPLETED,0,-,quay.io/biocontainers/macs2:2.2.7.1--py38h4a8c8d9_3,2,21600000,-,6442450944,1,1788523727428,1788523727526,1788523729886,2458,0,-,112.4,0.0,12992512,18026496,13148160,18292736,13462268,4124067,2023,152,0,4177920,1,0,/home/ahmed/pranay/work/76/0ab9f8731828c1375203d6b9ff9c51,-,-,12th Gen Intel(R) Core(TM) i5-12400,138.083326,MACS2_CALLPEAK,intel_i5,atacseq,intel_i5,6.0,32.0,155.54795274999995,978.1878571428571,121969459.2
172,-,76065,NFCORE_ATACSEQ:ATACSEQ:MERGED_LIBRARY_DEEPTOOLS_PLOTFINGERPRINT,OSMOTIC_STRESS_T0_PE_REP1,NFCORE_ATACSEQ:ATACSEQ:MERGED_LIBRARY_DEEPTOOLS_PLOTFINGERPRINT (OSMOTIC_STRESS_T0_PE_REP1),COMPLETED,0,-,quay.io/biocontainers/deeptools:3.5.1--py_0,2,21600000,-,6442450944,1,1788523729890,1788523729986,1788523736590,6700,5000,-,100.4,2.7,898691072,1417830400,1063358464,1582886912,43484722,393771,6197,67,0,401408,25,22,/home/ahmed/pranay/work/0a/25ad04122f577ffdddc13bafdba8ae,-,-,12th Gen Intel(R) Core(TM) i5-12400,491.21883500000007,MERGED_LIBRARY_DEEPTOOLS_PLOTFINGERPRINT,intel_i5,atacseq,intel_i5,6.0,32.0,475.41180875,2276.62,6662481.92
158,-,65162,NFCORE_ATACSEQ:ATACSEQ:MERGED_LIBRARY_BIGWIG_PLOT_DEEPTOOLS:DEEPTOOLS_COMPUTEMATRIX_REFERENCE_POINT,OSMOTIC_STRESS_T100_SE_REP2,NFCORE_ATACSEQ:ATACSEQ:MERGED_LIBRARY_BIGWIG_PLOT_DEEPTOOLS:DEEPTOOLS_COMPUTEMATRIX_REFERENCE_POINT (OSMOTIC_STRESS_T100_SE_REP2),COMPLETED,0,-,quay.io/biocontainers/deeptools:3.5.1--py_0,2,21600000,-,6442450944,1,1788523710933,1788523711031,1788523766080,55147,53000,-,184.7,0.5,178180096,590221312,206798848,620244992,229728884,50092206,46851,5214,0,15482880,480,2450,/home/ahmed/pranay/work/9e/20470a58a75bd3e35e4a5f753e7f1c,-,-,12th Gen Intel(R) Core(TM) i5-12400,3791.424681,DEEPTOOLS_COMPUTEMATRIX_REFERENCE_POINT,intel_i5,atacseq,intel_i5,6.0,32.0,956.6373483333336,2890.0,7658137.6
167,-,69475,NFCORE_ATACSEQ:ATACSEQ:MERGED_LIBRARY_BIGWIG_PLOT_DEEPTOOLS:DEEPTOOLS_COMPUTEMATRIX_REFERENCE_POINT,OSMOTIC_STRESS_T100_SE_REP1,NFCORE_ATACSEQ:ATACSEQ:MERGED_LIBRARY_BIGWIG_PLOT_DEEPTOOLS:DEEPTOOLS_COMPUTEMATRIX_REFERENCE_POINT (OSMOTIC_STRESS_T100_SE_REP1),COMPLETED,0,-,quay.io/biocontainers/deeptools:3.5.1--py_0,2,21600000,-,6442450944,1,1788523715702,1788523715800,1788523766861,51159,50000,-,188.3,0.5,179998720,590135296,206958592,621891584,228527080,51007417,46557,5702,12288,16396288,469,1613,/home/ahmed/pranay/work/f8/d0e7ec1a318edd200f28d615f87e2c,-,-,12th Gen Intel(R) Core(TM) i5-12400,3539.403903,DEEPTOOLS_COMPUTEMATRIX_REFERENCE_POINT,intel_i5,atacseq,intel_i5,6.0,32.0,950.4664498333337,2885.0,7659427.84
157,-,64692,NFCORE_ATACSEQ:ATACSEQ:MERGED_LIBRARY_BIGWIG_PLOT_DEEPTOOLS:DEEPTOOLS_COMPUTEMATRIX_SCALE_REGIONS,OSMOTIC_STRESS_T100_SE_REP2,NFCORE_ATACSEQ:ATACSEQ:MERGED_LIBRARY_BIGWIG_PLOT_DEEPTOOLS:DEEPTOOLS_COMPUTEMATRIX_SCALE_REGIONS (OSMOTIC_STRESS_T100_SE_REP2),COMPLETED,0,-,quay.io/biocontainers/deeptools:3.5.1--py_0,2,21600000,-,6442450944,1,1788523710605,1788523710703,1788523768086,57481,56000,-,184.5,0.5,193949696,596000768,224395264,690765824,235912360,58667959,47018,6546,434176,18411520,588,1865,/home/ahmed/pranay/work/7c/b9938b00a59928d2b7d8bf5747121f,-,-,12th Gen Intel(R) Core(TM) i5-12400,3903.839982,DEEPTOOLS_COMPUTEMATRIX_SCALE_REGIONS,intel_i5,atacseq,intel_i5,6.0,32.0,930.2646478333337,2782.5,7647447.04
178,-,82051,NFCORE_ATACSEQ:ATACSEQ:MERGED_LIBRARY_CALL_ANNOTATE_PEAKS:FRIP_SCORE,OSMOTIC_STRESS_T0_PE_REP2,NFCORE_ATACSEQ:ATACSEQ:MERGED_LIBRARY_CALL_ANNOTATE_PEAKS:FRIP_SCORE (OSMOTIC_STRESS_T0_PE_REP2),COMPLETED,0,-,quay.io/biocontainers/mulled-v2-8186960447c5cb2faa697666dc1e6d919ad23f3e:3127fcae6b6bdaf8181e21a26ae61231030a9fcb-0,2,21600000,-,6442450944,1,1788523768088,1788523768186,1788523768702,614,0,-,119.3,0.0,18362368,32837632,18362368,32845824,14258323,5966767,15221,832,0,16384,49,10,/home/ahmed/pranay/work/34/cdee784fff308c9d5158f56324d169,-,-,12th Gen Intel(R) Core(TM) i5-12400,59.946868,FRIP_SCORE,intel_i5,atacseq,intel_i5,6.0,32.0,156.73499724999988,1267.775,3563939.8399999994
177,-,81594,NFCORE_ATACSEQ:ATACSEQ:MERGED_LIBRARY_ATAQV_ATAQV,OSMOTIC_STRESS_T0_PE_REP2,NFCORE_ATACSEQ:ATACSEQ:MERGED_LIBRARY_ATAQV_ATAQV (OSMOTIC_STRESS_T0_PE_REP2),COMPLETED,0,-,quay.io/biocontainers/ataqv:1.3.1--py310ha155cf9_1,2,21600000,-,6442450944,1,1788523766863,1788523766961,1788523768779,1916,1585,-,145.6,0.0,12685312,168304640,12685312,264777728,227449091,294290,34607,392,0,294912,17,2,/home/ahmed/pranay/work/0d/e2e20a466fdf8acefc56f0fa2fa7e9,-,-,12th Gen Intel(R) Core(TM) i5-12400,122.899405,MERGED_LIBRARY_ATAQV_ATAQV,intel_i5,atacseq,intel_i5,6.0,32.0,950.4664498333337,2885.0,20426086.4
166,-,68004,NFCORE_ATACSEQ:ATACSEQ:MERGED_LIBRARY_BIGWIG_PLOT_DEEPTOOLS:DEEPTOOLS_COMPUTEMATRIX_SCALE_REGIONS,OSMOTIC_STRESS_T100_SE_REP1,NFCORE_ATACSEQ:ATACSEQ:MERGED_LIBRARY_BIGWIG_PLOT_DEEPTOOLS:DEEPTOOLS_COMPUTEMATRIX_SCALE_REGIONS (OSMOTIC_STRESS_T100_SE_REP1),COMPLETED,0,-,quay.io/biocontainers/deeptools:3.5.1--py_0,2,21600000,-,6442450944,1,1788523713600,1788523713697,1788523768938,55338,54000,-,191.5,0.5,182534144,593006592,210096128,683032576,234784232,59764114,46744,6819,0,19529728,464,1279,/home/ahmed/pranay/work/6c/b9b579841011e1cbbddcdd3fb16024,-,-,12th Gen Intel(R) Core(TM) i5-12400,3798.193097,DEEPTOOLS_COMPUTEMATRIX_SCALE_REGIONS,intel_i5,atacseq,intel_i5,6.0,32.0,938.0049438333336,2782.5,7647447.04
179,-,82602,NFCORE_ATACSEQ:ATACSEQ:MERGED_LIBRARY_FILTER_BAM:BAM_SORT_STATS_SAMTOOLS:SAMTOOLS_SORT,OSMOTIC_STRESS_T15_PE_REP1,NFCORE_ATACSEQ:ATACSEQ:MERGED_LIBRARY_FILTER_BAM:BAM_SORT_STATS_SAMTOOLS:SAMTOOLS_SORT (OSMOTIC_STRESS_T15_PE_REP1),COMPLETED,0,-,quay.io/biocontainers/samtools:1.17--h00cdaf9_0,2,21600000,-,6442450944,1,1788523768781,1788523768879,1788523769700,919,1000,-,180.3,0.1,21069824,1855287296,21069824,1855291392,13806407,11180215,231,26,0,11190272,93,17,/home/ahmed/pranay/work/95/d299ee9a5bce516bf5cb0d8a882ff4,-,-,12th Gen Intel(R) Core(TM) i5-12400,59.199677,SAMTOOLS_SORT,intel_i5,atacseq,intel_i5,6.0,32.0,155.56269074999997,978.1878571428571,1322391746.56
182,-,83272,NFCORE_ATACSEQ:ATACSEQ:MERGED_LIBRARY_CALL_ANNOTATE_PEAKS:FRIP_SCORE,OSMOTIC_STRESS_T0_PE_REP1,NFCORE_ATACSEQ:ATACSEQ:MERGED_LIBRARY_CALL_ANNOTATE_PEAKS:FRIP_SCORE (OSMOTIC_STRESS_T0_PE_REP1),COMPLETED,0,-,quay.io/biocontainers/mulled-v2-8186960447c5cb2faa697666dc1e6d919ad23f3e:3127fcae6b6bdaf8181e21a26ae61231030a9fcb-0,2,21600000,-,6442450944,1,1788523769703,1788523769800,1788523770427,724,1000,-,118.0,0.0,18374656,32972800,18374656,32980992,16969645,7232977,18424,1003,0,16384,50,25,/home/ahmed/pranay/work/ba/5779faa395e85aa72a3d4f56a9c103,-,-,12th Gen Intel(R) Core(TM) i5-12400,64.095051,FRIP_SCORE,intel_i5,atacseq,intel_i5,6.0,32.0,201.6190917499999,1544.455,3694571.5199999996
181,-,82842,NFCORE_ATACSEQ:ATACSEQ:MERGED_LIBRARY_ATAQV_ATAQV,OSMOTIC_STRESS_T0_PE_REP1,NFCORE_ATACSEQ:ATACSEQ:MERGED_LIBRARY_ATAQV_ATAQV (OSMOTIC_STRESS_T0_PE_REP1),COMPLETED,0,-,quay.io/biocontainers/ataqv:1.3.1--py310ha155cf9_1,2,21600000,-,6442450944,1,1788523768940,1788523769038,1788523771117,2177,1821,-,150.9,0.0,12439552,168370176,12439552,287911936,235920298,319047,35978,398,0,319488,14,6,/home/ahmed/pranay/work/99/5f4b64c2c2e0f353b824723f48c9a4,-,-,12th Gen Intel(R) Core(TM) i5-12400,123.294728,MERGED_LIBRARY_ATAQV_ATAQV,intel_i5,atacseq,intel_i5,6.0,32.0,930.2646478333337,2782.5,20418478.08
176,-,82556,NFCORE_ATACSEQ:ATACSEQ:MERGED_LIBRARY_CALL_ANNOTATE_PEAKS:HOMER_ANNOTATEPEAKS,OSMOTIC_STRESS_T0_PE_REP2,NFCORE_ATACSEQ:ATACSEQ:MERGED_LIBRARY_CALL_ANNOTATE_PEAKS:HOMER_ANNOTATEPEAKS (OSMOTIC_STRESS_T0_PE_REP2),COMPLETED,0,-,quay.io/biocontainers/homer:4.11--pl526hc9558a2_3,2,21600000,-,6442450944,1,1788523768704,1788523768780,1788523772271,3567,3000,-,99.9,1.3,439582720,484237312,439582720,484249600,57960450,6162253,8567,1253,0,6201344,34,7,/home/ahmed/pranay/work/08/1f9def136ce6e9056a23fc17882eb1,-,-,12th Gen Intel(R) Core(TM) i5-12400,184.789444,HOMER_ANNOTATEPEAKS,intel_i5,atacseq,intel_i5,6.0,32.0,920.1115732499993,34031.8025,830876672.0
180,-,83807,NFCORE_ATACSEQ:ATACSEQ:MERGED_LIBRARY_CALL_ANNOTATE_PEAKS:HOMER_ANNOTATEPEAKS,OSMOTIC_STRESS_T0_PE_REP1,NFCORE_ATACSEQ:ATACSEQ:MERGED_LIBRARY_CALL_ANNOTATE_PEAKS:HOMER_ANNOTATEPEAKS (OSMOTIC_STRESS_T0_PE_REP1),COMPLETED,0,-,quay.io/biocontainers/homer:4.11--pl526hc9558a2_3,2,21600000,-,6442450944,1,1788523770428,1788523770527,1788523773921,3493,2000,-,100.0,0.7,249073664,321622016,249073664,321626112,58162019,6320739,8596,1277,0,6356992,37,49,/home/ahmed/pranay/work/f5/6cc0c630bf6e47304d9ea38afd1f5e,-,-,12th Gen Intel(R) Core(TM) i5-12400,187.618111,HOMER_ANNOTATEPEAKS,intel_i5,atacseq,intel_i5,6.0,32.0,920.1115732499993,34031.8025,830876672.0
185,-,85362,NFCORE_ATACSEQ:ATACSEQ:MERGED_LIBRARY_BIGWIG_PLOT_DEEPTOOLS:DEEPTOOLS_PLOTPROFILE,OSMOTIC_STRESS_T100_SE_REP2,NFCORE_ATACSEQ:ATACSEQ:MERGED_LIBRARY_BIGWIG_PLOT_DEEPTOOLS:DEEPTOOLS_PLOTPROFILE (OSMOTIC_STRESS_T100_SE_REP2),COMPLETED,0,-,quay.io/biocontainers/deeptools:3.5.1--py_0,2,14400000,-,6442450944,1,1788523773923,1788523774021,1788523776442,2519,1000,-,99.6,0.0,10330112,33468416,10330112,33472512,23014318,406049,3431,42,278528,417792,9,13,/home/ahmed/pranay/work/c3/78b46d71c184bcd7b85d93b645d1d1,-,-,12th Gen Intel(R) Core(TM) i5-12400,183.780963,DEEPTOOLS_PLOTPROFILE,intel_i5,atacseq,intel_i5,6.0,32.0,1138.6325637499979,7288.92,834539008.0
183,-,84161,NFCORE_ATACSEQ:ATACSEQ:MERGED_LIBRARY_BIGWIG_PLOT_DEEPTOOLS:DEEPTOOLS_PLOTHEATMAP,OSMOTIC_STRESS_T100_SE_REP2,NFCORE_ATACSEQ:ATACSEQ:MERGED_LIBRARY_BIGWIG_PLOT_DEEPTOOLS:DEEPTOOLS_PLOTHEATMAP (OSMOTIC_STRESS_T100_SE_REP2),COMPLETED,0,-,quay.io/biocontainers/deeptools:3.5.1--py_0,2,14400000,-,6442450944,1,1788523771119,1788523771218,1788523776633,5514,4000,-,99.9,0.4,144392192,213622784,177917952,247296000,26286646,2102440,4220,90,290816,2129920,6,12,/home/ahmed/pranay/work/a9/ee9afd698b03c05507ba915a088df6,-,-,12th Gen Intel(R) Core(TM) i5-12400,371.399074,DEEPTOOLS_PLOTHEATMAP,intel_i5,atacseq,intel_i5,6.0,32.0,5907.5573127499965,41027.5,1519514132.48
186,-,86188,NFCORE_ATACSEQ:ATACSEQ:MERGED_LIBRARY_CALL_ANNOTATE_PEAKS:MULTIQC_CUSTOM_PEAKS,OSMOTIC_STRESS_T0_PE_REP2,NFCORE_ATACSEQ:ATACSEQ:MERGED_LIBRARY_CALL_ANNOTATE_PEAKS:MULTIQC_CUSTOM_PEAKS (OSMOTIC_STRESS_T0_PE_REP2),COMPLETED,0,-,quay.io/nf-core/ubuntu:20.04,1,14400000,-,6442450944,1,1788523776444,1788523776542,1788523778078,1634,5,-,120.0,0.0,0,0,0,0,222910,58707,321,24,0,16384,0,0,/home/ahmed/pranay/work/34/6a410d28cb0a790918a807fdfa0ea0,-,-,12th Gen Intel(R) Core(TM) i5-12400,51.132864,MULTIQC_CUSTOM_PEAKS,intel_i5,atacseq,intel_i5,6.0,32.0,371.7734294999998,336.0825,3092643.84
184,-,84653,NFCORE_ATACSEQ:ATACSEQ:MERGED_LIBRARY_BIGWIG_PLOT_DEEPTOOLS:DEEPTOOLS_PLOTHEATMAP,OSMOTIC_STRESS_T100_SE_REP1,NFCORE_ATACSEQ:ATACSEQ:MERGED_LIBRARY_BIGWIG_PLOT_DEEPTOOLS:DEEPTOOLS_PLOTHEATMAP (OSMOTIC_STRESS_T100_SE_REP1),COMPLETED,0,-,quay.io/biocontainers/deeptools:3.5.1--py_0,2,14400000,-,6442450944,1,1788523772273,1788523772371,1788523778090,5817,4000,-,100.0,0.4,144445440,213508096,177954816,247173120,26649550,2254034,4300,94,0,2277376,4,12,/home/ahmed/pranay/work/2c/33650e3dadfbc292149cb7bcad6252,-,-,12th Gen Intel(R) Core(TM) i5-12400,361.037222,DEEPTOOLS_PLOTHEATMAP,intel_i5,atacseq,intel_i5,6.0,32.0,5907.5573127499965,41027.5,1519514132.48
188,-,86904,NFCORE_ATACSEQ:ATACSEQ:MERGED_LIBRARY_FILTER_BAM:BAM_SORT_STATS_SAMTOOLS:SAMTOOLS_INDEX,OSMOTIC_STRESS_T15_PE_REP1,NFCORE_ATACSEQ:ATACSEQ:MERGED_LIBRARY_FILTER_BAM:BAM_SORT_STATS_SAMTOOLS:SAMTOOLS_INDEX (OSMOTIC_STRESS_T15_PE_REP1),COMPLETED,0,-,quay.io/biocontainers/samtools:1.17--h00cdaf9_0,2,14400000,-,6442450944,1,1788523778081,1788523778092,1788523778481,400,0,-,113.2,0.0,7020544,164429824,7020544,231677952,11285547,15156,1989,21,0,20480,222,1,/home/ahmed/pranay/work/ea/cfd9f1273314fef1a8b37e21377ac7,-,-,12th Gen Intel(R) Core(TM) i5-12400,53.578965,SAMTOOLS_INDEX,intel_i5,atacseq,intel_i5,6.0,32.0,162.70730650000002,994.1283333333334,17482854.4
187,-,86463,NFCORE_ATACSEQ:ATACSEQ:MERGED_LIBRARY_BIGWIG_PLOT_DEEPTOOLS:DEEPTOOLS_PLOTPROFILE,OSMOTIC_STRESS_T100_SE_REP1,NFCORE_ATACSEQ:ATACSEQ:MERGED_LIBRARY_BIGWIG_PLOT_DEEPTOOLS:DEEPTOOLS_PLOTPROFILE (OSMOTIC_STRESS_T100_SE_REP1),COMPLETED,0,-,quay.io/biocontainers/deeptools:3.5.1--py_0,2,14400000,-,6442450944,1,1788523776636,1788523776734,1788523780640,4004,1000,-,99.2,0.3,116072448,316649472,198471680,399228928,23241618,405740,3479,42,0,417792,4,16,/home/ahmed/pranay/work/e1/b39724d90c8144498e31737e5d673d,-,-,12th Gen Intel(R) Core(TM) i5-12400,234.879159,DEEPTOOLS_PLOTPROFILE,intel_i5,atacseq,intel_i5,6.0,32.0,1138.6325637499979,7288.92,834539008.0
190,-,87391,NFCORE_ATACSEQ:ATACSEQ:PICARD_MERGESAMFILES_REPLICATE,OSMOTIC_STRESS_T100_SE,NFCORE_ATACSEQ:ATACSEQ:PICARD_MERGESAMFILES_REPLICATE (OSMOTIC_STRESS_T100_SE),COMPLETED,0,-,quay.io/biocontainers/picard:3.0.0--hdfd78af_1,2,21600000,-,6442450944,1,1788523778483,1788523778581,1788523781163,2680,2000,-,233.5,0.6,210694144,8904347648,210694144,8910016512,22283728,5046591,9686,282,0,5181440,11,1,/home/ahmed/pranay/work/11/40f61ab8b499a2a1328ca630e4b304,-,-,12th Gen Intel(R) Core(TM) i5-12400,130.16733,PICARD_MERGESAMFILES_REPLICATE,intel_i5,atacseq,intel_i5,6.0,32.0,259.5147542499999,11369.935,286459019.94666666
191,-,86974,NFCORE_ATACSEQ:ATACSEQ:PICARD_MERGESAMFILES_REPLICATE,OSMOTIC_STRESS_T0_PE,NFCORE_ATACSEQ:ATACSEQ:PICARD_MERGESAMFILES_REPLICATE (OSMOTIC_STRESS_T0_PE),COMPLETED,0,-,quay.io/biocontainers/picard:3.0.0--hdfd78af_1,2,21600000,-,6442450944,1,1788523778092,1788523778190,1788523781424,3332,3000,-,177.6,0.6,196198400,8904347648,196198400,8969080832,26765771,9552487,10396,319,0,9744384,21,0,/home/ahmed/pranay/work/7e/418d595533bb46273c3d8975822009,-,-,12th Gen Intel(R) Core(TM) i5-12400,247.364357,PICARD_MERGESAMFILES_REPLICATE,intel_i5,atacseq,intel_i5,6.0,32.0,299.9200862499998,11374.475,286460023.46666664
192,-,88962,NFCORE_ATACSEQ:ATACSEQ:MERGED_LIBRARY_CALL_ANNOTATE_PEAKS:MULTIQC_CUSTOM_PEAKS,OSMOTIC_STRESS_T0_PE_REP1,NFCORE_ATACSEQ:ATACSEQ:MERGED_LIBRARY_CALL_ANNOTATE_PEAKS:MULTIQC_CUSTOM_PEAKS (OSMOTIC_STRESS_T0_PE_REP1),COMPLETED,0,-,quay.io/nf-core/ubuntu:20.04,1,14400000,-,6442450944,1,1788523781166,1788523781263,1788523781538,372,6,-,0.0,0.0,2961408,4087808,2961408,4096000,268599,81549,322,24,0,16384,5,0,/home/ahmed/pranay/work/b0/ae7b4b8363d611962e246d0764c773,-,-,12th Gen Intel(R) Core(TM) i5-12400,63.618062,MULTIQC_CUSTOM_PEAKS,intel_i5,atacseq,intel_i5,6.0,32.0,288.6794130000003,99.725,2945556.48
194,-,89310,NFCORE_ATACSEQ:ATACSEQ:MERGED_LIBRARY_CALL_ANNOTATE_PEAKS:MACS2_CALLPEAK,OSMOTIC_STRESS_T15_PE_REP1,NFCORE_ATACSEQ:ATACSEQ:MERGED_LIBRARY_CALL_ANNOTATE_PEAKS:MACS2_CALLPEAK (OSMOTIC_STRESS_T15_PE_REP1),COMPLETED,0,-,quay.io/biocontainers/macs2:2.2.7.1--py38h4a8c8d9_3,2,21600000,-,6442450944,1,1788523781426,1788523781524,1788523783023,1597,1000,-,111.1,0.2,54693888,1609138176,54693888,1633353728,24651793,9052856,3592,194,0,9105408,14,18,/home/ahmed/pranay/work/1d/c969e52c23263fc12eb0d79b7ee824,-,-,12th Gen Intel(R) Core(TM) i5-12400,63.477133,MACS2_CALLPEAK,intel_i5,atacseq,intel_i5,6.0,32.0,223.67220024999997,1534.715,121850173.44
189,-,88440,NFCORE_ATACSEQ:ATACSEQ:MERGED_LIBRARY_PICARD_COLLECTMULTIPLEMETRICS,OSMOTIC_STRESS_T15_PE_REP1,NFCORE_ATACSEQ:ATACSEQ:MERGED_LIBRARY_PICARD_COLLECTMULTIPLEMETRICS (OSMOTIC_STRESS_T15_PE_REP1),COMPLETED,0,-,quay.io/biocontainers/picard:3.0.0--hdfd78af_1,1,14400000,-,6442450944,1,1788523780642,1788523780740,1788523784815,4173,3000,-,266.6,1.5,499605504,10722627584,499605504,10787360768,78560334,866882,13594,558,0,1232896,21,24,/home/ahmed/pranay/work/ae/22e04d161e6f29ebab1207e240121b,-,-,12th Gen Intel(R) Core(TM) i5-12400,249.737398,MERGED_LIBRARY_PICARD_COLLECTMULTIPLEMETRICS,intel_i5,atacseq,intel_i5,6.0,32.0,1338.5918915000022,5994.92,465024141.312
198,-,92862,NFCORE_ATACSEQ:ATACSEQ:MERGED_LIBRARY_FILTER_BAM:BAM_SORT_STATS_SAMTOOLS:BAM_STATS_SAMTOOLS:SAMTOOLS_STATS,OSMOTIC_STRESS_T0_PE_REP1,NFCORE_ATACSEQ:ATACSEQ:MERGED_LIBRARY_FILTER_BAM:BAM_SORT_STATS_SAMTOOLS:BAM_STATS_SAMTOOLS:SAMTOOLS_STATS (OSMOTIC_STRESS_T0_PE_REP1),COMPLETED,0,-,quay.io/biocontainers/samtools:1.17--h00cdaf9_0,1,14400000,-,6442450944,1,1788523785033,1788523785131,1788523785431,398,0,-,123.5,0.0,7733248,165974016,7733248,233070592,4860372,61735,941,32,0,65536,3,3,/home/ahmed/pranay/work/42/0cadc5eb6affd0d9b86bb4aeca95ae,-,-,12th Gen Intel(R) Core(TM) i5-12400,54.559309,SAMTOOLS_STATS,intel_i5,atacseq,intel_i5,6.0,32.0,121.7307319333333,2040.0,3073157.12
193,-,89493,NFCORE_ATACSEQ:ATACSEQ:MERGED_LIBRARY_DEEPTOOLS_PLOTFINGERPRINT,OSMOTIC_STRESS_T15_PE_REP1,NFCORE_ATACSEQ:ATACSEQ:MERGED_LIBRARY_DEEPTOOLS_PLOTFINGERPRINT (OSMOTIC_STRESS_T15_PE_REP1),COMPLETED,0,-,quay.io/biocontainers/deeptools:3.5.1--py_0,2,21600000,-,6442450944,1,1788523781540,1788523781638,1788523787009,5469,4000,-,100.4,2.3,776724480,1337839616,1063051264,1582899200,43072185,393989,6203,67,0,401408,19,79,/home/ahmed/pranay/work/cf/dcab9cb38a6a29158adfad12d67a62,-,-,12th Gen Intel(R) Core(TM) i5-12400,297.25326800000005,MERGED_LIBRARY_DEEPTOOLS_PLOTFINGERPRINT,intel_i5,atacseq,intel_i5,6.0,32.0,470.85936474999994,2286.62,6662481.92
207,-,94627,NFCORE_ATACSEQ:ATACSEQ:MERGED_LIBRARY_CALL_ANNOTATE_PEAKS:FRIP_SCORE,OSMOTIC_STRESS_T15_PE_REP1,NFCORE_ATACSEQ:ATACSEQ:MERGED_LIBRARY_CALL_ANNOTATE_PEAKS:FRIP_SCORE (OSMOTIC_STRESS_T15_PE_REP1),COMPLETED,0,-,quay.io/biocontainers/mulled-v2-8186960447c5cb2faa697666dc1e6d919ad23f3e:3127fcae6b6bdaf8181e21a26ae61231030a9fcb-0,2,21600000,-,6442450944,1,1788523787013,1788523787109,1788523788098,1085,0,-,114.4,0.0,18755584,33243136,18755584,33251328,40233244,17594854,44428,2405,0,16384,109,48,/home/ahmed/pranay/work/15/6808ffa396e623a7ddc606deb62628,-,-,12th Gen Intel(R) Core(TM) i5-12400,62.555137,FRIP_SCORE,intel_i5,atacseq,intel_i5,6.0,32.0,453.0674842499999,2159.0333333333333,14927462.4
204,-,93166,NFCORE_ATACSEQ:ATACSEQ:MERGED_REPLICATE_MARKDUPLICATES_PICARD:PICARD_MARKDUPLICATES,OSMOTIC_STRESS_T100_SE,NFCORE_ATACSEQ:ATACSEQ:MERGED_REPLICATE_MARKDUPLICATES_PICARD:PICARD_MARKDUPLICATES (OSMOTIC_STRESS_T100_SE),COMPLETED,0,-,quay.io/biocontainers/picard:3.0.0--hdfd78af_1,2,21600000,-,6442450944,1,1788523785432,1788523785531,1788523788695,3263,2000,-,239.4,4.1,1392730112,9040678912,1392730112,9107795968,26833435,5038046,10374,301,0,5226496,20,20,/home/ahmed/pranay/work/82/9dec2480ad01dfdfd98d256b8b1e6d,-,-,12th Gen Intel(R) Core(TM) i5-12400,180.368984,PICARD_MARKDUPLICATES,intel_i5,atacseq,intel_i5,6.0,32.0,18421.44826549998,176655.24,17458070784.0
205,-,93545,NFCORE_ATACSEQ:ATACSEQ:MERGED_REPLICATE_MARKDUPLICATES_PICARD:PICARD_MARKDUPLICATES,OSMOTIC_STRESS_T0_PE,NFCORE_ATACSEQ:ATACSEQ:MERGED_REPLICATE_MARKDUPLICATES_PICARD:PICARD_MARKDUPLICATES (OSMOTIC_STRESS_T0_PE),COMPLETED,0,-,quay.io/biocontainers/picard:3.0.0--hdfd78af_1,2,21600000,-,6442450944,1,1788523785780,1788523785878,1788523790323,4543,4000,-,201.6,6.0,2023337984,9790455808,2023337984,9790464000,35846777,9540369,11785,339,0,9773056,12,1,/home/ahmed/pranay/work/e3/1f2b00d9f5e39518fedf3080651d4c,-,-,12th Gen Intel(R) Core(TM) i5-12400,237.755677,PICARD_MARKDUPLICATES,intel_i5,atacseq,intel_i5,6.0,32.0,18421.44826549998,176637.835,17458070784.0
174,-,77339,NFCORE_ATACSEQ:ATACSEQ:MERGED_LIBRARY_BIGWIG_PLOT_DEEPTOOLS:DEEPTOOLS_COMPUTEMATRIX_SCALE_REGIONS,OSMOTIC_STRESS_T150_SE_REP1,NFCORE_ATACSEQ:ATACSEQ:MERGED_LIBRARY_BIGWIG_PLOT_DEEPTOOLS:DEEPTOOLS_COMPUTEMATRIX_SCALE_REGIONS (OSMOTIC_STRESS_T150_SE_REP1),COMPLETED,0,-,quay.io/biocontainers/deeptools:3.5.1--py_0,2,21600000,-,6442450944,1,1788523736592,1788523736690,1788523790924,54332,53000,-,185.5,0.5,185716736,593883136,217776128,688214016,236477490,65871989,47157,7135,0,25698304,546,1593,/home/ahmed/pranay/work/18/51e26b151be83d10ae8025c7fc9433,-,-,12th Gen Intel(R) Core(TM) i5-12400,3521.62105,DEEPTOOLS_COMPUTEMATRIX_SCALE_REGIONS,intel_i5,atacseq,intel_i5,6.0,32.0,898.5975360833347,2797.5,7649474.56
206,-,95166,NFCORE_ATACSEQ:ATACSEQ:MERGED_LIBRARY_ATAQV_ATAQV,OSMOTIC_STRESS_T15_PE_REP1,NFCORE_ATACSEQ:ATACSEQ:MERGED_LIBRARY_ATAQV_ATAQV (OSMOTIC_STRESS_T15_PE_REP1),COMPLETED,0,-,quay.io/biocontainers/ataqv:1.3.1--py310ha155cf9_1,2,21600000,-,6442450944,1,1788523788100,1788523788199,1788523792446,4346,2991,-,158.1,0.0,13062144,168505344,13062144,302727168,382601735,377093,59782,412,0,376832,26,81,/home/ahmed/pranay/work/ed/9dcc7d1f5e2a9996a5cec1b4e9340a,-,-,12th Gen Intel(R) Core(TM) i5-12400,257.29347,MERGED_LIBRARY_ATAQV_ATAQV,intel_i5,atacseq,intel_i5,6.0,32.0,1132.1336870874995,3817.5,21226700.8
209,-,95757,NFCORE_ATACSEQ:ATACSEQ:MERGED_LIBRARY_CALL_ANNOTATE_PEAKS:PLOT_MACS2_QC,-,NFCORE_ATACSEQ:ATACSEQ:MERGED_LIBRARY_CALL_ANNOTATE_PEAKS:PLOT_MACS2_QC,COMPLETED,0,-,quay.io/biocontainers/mulled-v2-ad9dd5f398966bf899ae05f8e7c54d0fb10cdfa7:05678da05b8e5a7a5130e90a9f9a6c585b965afa-0,2,21600000,-,6442450944,1,1788523788697,1788523788796,1788523792464,3767,2000,-,267.6,0.4,123330560,1792581632,123330560,1792585728,15187784,684024,1889,178,36429824,708608,723,68,/home/ahmed/pranay/work/a4/4e4ed550cfea37c4d885e1655126a0,-,-,12th Gen Intel(R) Core(TM) i5-12400,196.054246,PLOT_MACS2_QC,intel_i5,atacseq,intel_i5,6.0,32.0,329.99253999999974,1357.255,165826334.72
210,-,96272,NFCORE_ATACSEQ:ATACSEQ:MERGED_LIBRARY_CONSENSUS_PEAKS:MACS2_CONSENSUS,consensus_peaks,NFCORE_ATACSEQ:ATACSEQ:MERGED_LIBRARY_CONSENSUS_PEAKS:MACS2_CONSENSUS (consensus_peaks),COMPLETED,0,-,quay.io/biocontainers/mulled-v2-2f48cc59b03027e31ead6d383fe1b8057785dd24:5d182f583f4696f4c4d9f3be93052811b383341f-0,1,21600000,-,6442450944,1,1788523790325,1788523790423,1788523793336,3011,3000,-,93.5,0.2,74383360,1675452416,74383360,1702453248,14674887,1824243,2622,4138,41996288,1298432,402,83,/home/ahmed/pranay/work/bc/98c5cb34a0b01bb7ec50789a8fb580,-,-,12th Gen Intel(R) Core(TM) i5-12400,138.667553,MACS2_CONSENSUS,intel_i5,atacseq,intel_i5,6.0,32.0,178.53935674999994,1731.66,117965864.96
212,-,97081,NFCORE_ATACSEQ:ATACSEQ:MERGED_LIBRARY_BAM_TO_BIGWIG:BEDTOOLS_GENOMECOV,OSMOTIC_STRESS_T0_PE_REP2,NFCORE_ATACSEQ:ATACSEQ:MERGED_LIBRARY_BAM_TO_BIGWIG:BEDTOOLS_GENOMECOV (OSMOTIC_STRESS_T0_PE_REP2),COMPLETED,0,-,quay.io/biocontainers/bedtools:2.30.0--hc088bd4_0,2,21600000,-,6442450944,1,1788523792465,1788523792564,1788523794029,1564,0,-,98.1,0.0,8507392,34447360,9400320,34447360,5620301,3026579,965,60528,0,3043328,3,6,/home/ahmed/pranay/work/a8/f80b5d0c33f3be21770a0afadeb8d3,-,-,12th Gen Intel(R) Core(TM) i5-12400,49.967096,BEDTOOLS_GENOMECOV,intel_i5,atacseq,intel_i5,6.0,32.0,2839.8964387416663,23607.5,2276745021.44
211,-,96985,NFCORE_ATACSEQ:ATACSEQ:MERGED_LIBRARY_BAM_TO_BIGWIG:BEDTOOLS_GENOMECOV,OSMOTIC_STRESS_T0_PE_REP1,NFCORE_ATACSEQ:ATACSEQ:MERGED_LIBRARY_BAM_TO_BIGWIG:BEDTOOLS_GENOMECOV (OSMOTIC_STRESS_T0_PE_REP1),COMPLETED,0,-,quay.io/biocontainers/bedtools:2.30.0--hc088bd4_0,2,21600000,-,6442450944,1,1788523792447,1788523792466,1788523794039,1592,0,-,97.2,0.0,7680000,34447360,9236480,34447360,6695829,3755365,1131,74907,0,3772416,4,0,/home/ahmed/pranay/work/3b/e08c3ab04d72f5a582e6b092a535f9,-,-,12th Gen Intel(R) Core(TM) i5-12400,49.967096,BEDTOOLS_GENOMECOV,intel_i5,atacseq,intel_i5,6.0,32.0,2831.685447741665,23652.5,2276745021.44
216,-,97978,NFCORE_ATACSEQ:ATACSEQ:MERGED_REPLICATE_CALL_ANNOTATE_PEAKS:MACS2_CALLPEAK,OSMOTIC_STRESS_T100_SE,NFCORE_ATACSEQ:ATACSEQ:MERGED_REPLICATE_CALL_ANNOTATE_PEAKS:MACS2_CALLPEAK (OSMOTIC_STRESS_T100_SE),COMPLETED,0,-,quay.io/biocontainers/macs2:2.2.7.1--py38h4a8c8d9_3,2,21600000,-,6442450944,1,1788523794040,1788523794139,1788523795005,965,0,-,137.6,0.0,12877824,17764352,13348864,18292736,14349948,5310677,1980,175,0,5357568,1,3,/home/ahmed/pranay/work/d1/b843d2940009e624be06bc38da3a93,-,-,12th Gen Intel(R) Core(TM) i5-12400,46.01917,MACS2_CALLPEAK,intel_i5,atacseq,intel_i5,6.0,32.0,197.76286075,1267.775,121969459.2
213,-,97583,NFCORE_ATACSEQ:ATACSEQ:MERGED_LIBRARY_BAM_TO_BIGWIG:BEDTOOLS_GENOMECOV,OSMOTIC_STRESS_T15_PE_REP1,NFCORE_ATACSEQ:ATACSEQ:MERGED_LIBRARY_BAM_TO_BIGWIG:BEDTOOLS_GENOMECOV (OSMOTIC_STRESS_T15_PE_REP1),COMPLETED,0,-,quay.io/biocontainers/bedtools:2.30.0--hc088bd4_0,2,21600000,-,6442450944,1,1788523793338,1788523793437,1788523795178,1840,1000,-,100.7,0.0,9355264,29777920,9355264,29777920,15948955,9407953,2524,187312,0,9424896,3,4,/home/ahmed/pranay/work/63/6a55ed9b2a8ad4d669c4ecfe793204,-,-,12th Gen Intel(R) Core(TM) i5-12400,46.01917,BEDTOOLS_GENOMECOV,intel_i5,atacseq,intel_i5,6.0,32.0,2914.750083741663,23637.755,2276745021.44
208,-,96650,NFCORE_ATACSEQ:ATACSEQ:MERGED_LIBRARY_CALL_ANNOTATE_PEAKS:HOMER_ANNOTATEPEAKS,OSMOTIC_STRESS_T15_PE_REP1,NFCORE_ATACSEQ:ATACSEQ:MERGED_LIBRARY_CALL_ANNOTATE_PEAKS:HOMER_ANNOTATEPEAKS (OSMOTIC_STRESS_T15_PE_REP1),COMPLETED,0,-,quay.io/biocontainers/homer:4.11--pl526hc9558a2_3,2,21600000,-,6442450944,1,1788523790926,1788523791024,1788523795570,4644,2000,-,99.7,0.1,42442752,78528512,42442752,78532608,58590579,6654160,8653,1328,0,6684672,24,5,/home/ahmed/pranay/work/7f/f96c13455f5fdc739dba8b89d02e62,-,-,12th Gen Intel(R) Core(TM) i5-12400,222.111431,HOMER_ANNOTATEPEAKS,intel_i5,atacseq,intel_i5,6.0,32.0,920.1115732499993,34031.8025,830876672.0
218,-,99210,NFCORE_ATACSEQ:ATACSEQ:MERGED_REPLICATE_CALL_ANNOTATE_PEAKS:MACS2_CALLPEAK,OSMOTIC_STRESS_T0_PE,NFCORE_ATACSEQ:ATACSEQ:MERGED_REPLICATE_CALL_ANNOTATE_PEAKS:MACS2_CALLPEAK (OSMOTIC_STRESS_T0_PE),COMPLETED,0,-,quay.io/biocontainers/macs2:2.2.7.1--py38h4a8c8d9_3,2,21600000,-,6442450944,1,1788523794710,1788523794808,1788523795791,1081,0,-,123.7,0.0,12652544,17764352,13078528,18292736,20503968,7146128,3018,176,0,7196672,1,3,/home/ahmed/pranay/work/9a/f02bcc2561f688b9f9e63b0bb5aab5,-,-,12th Gen Intel(R) Core(TM) i5-12400,45.241949,MACS2_CALLPEAK,intel_i5,atacseq,intel_i5,6.0,32.0,187.88290524999994,1545.175,121850398.72
223,-,100996,NFCORE_ATACSEQ:ATACSEQ:MERGED_LIBRARY_BAM_TO_BIGWIG:UCSC_BEDGRAPHTOBIGWIG,OSMOTIC_STRESS_T0_PE_REP2,NFCORE_ATACSEQ:ATACSEQ:MERGED_LIBRARY_BAM_TO_BIGWIG:UCSC_BEDGRAPHTOBIGWIG (OSMOTIC_STRESS_T0_PE_REP2),COMPLETED,0,-,quay.io/biocontainers/ucsc-bedgraphtobigwig:445--h954228d_0,1,14400000,-,6442450944,1,1788523796118,1788523796216,1788523796479,361,0,-,89.7,0.0,9916416,25681920,9916416,25751552,4602875,532342,233,123,0,540672,1,0,/home/ahmed/pranay/work/d1/1828786419fc838683bd3524f3b271,-,-,12th Gen Intel(R) Core(TM) i5-12400,52.197193,UCSC_BEDGRAPHTOBIGWIG,intel_i5,atacseq,intel_i5,6.0,32.0,94.20569425000009,942.5,23501025.28
222,-,100450,NFCORE_ATACSEQ:ATACSEQ:MERGED_LIBRARY_CONSENSUS_PEAKS:SUBREAD_FEATURECOUNTS,consensus_peaks,NFCORE_ATACSEQ:ATACSEQ:MERGED_LIBRARY_CONSENSUS_PEAKS:SUBREAD_FEATURECOUNTS (consensus_peaks),COMPLETED,0,-,quay.io/biocontainers/subread:2.0.1--hed695b0_0,2,21600000,-,6442450944,1,1788523795572,1788523795670,1788523797531,1959,1000,-,98.2,0.0,5181440,22003712,5181440,22007808,30484279,107949,4812,131,917504,114688,10,1,/home/ahmed/pranay/work/e3/759e86838939446ba999cd69052238,-,-,12th Gen Intel(R) Core(TM) i5-12400,96.898983,SUBREAD_FEATURECOUNTS,intel_i5,atacseq,intel_i5,6.0,32.0,257.3000327499997,1500.09,126381226.66666666
219,-,100042,NFCORE_ATACSEQ:ATACSEQ:MERGED_LIBRARY_BIGWIG_PLOT_DEEPTOOLS:DEEPTOOLS_PLOTPROFILE,OSMOTIC_STRESS_T150_SE_REP1,NFCORE_ATACSEQ:ATACSEQ:MERGED_LIBRARY_BIGWIG_PLOT_DEEPTOOLS:DEEPTOOLS_PLOTPROFILE (OSMOTIC_STRESS_T150_SE_REP1),COMPLETED,0,-,quay.io/biocontainers/deeptools:3.5.1--py_0,2,14400000,-,6442450944,1,1788523795180,1788523795278,1788523797672,2492,1000,-,99.8,0.1,32223232,115675136,32223232,115679232,24553560,405115,3781,42,0,417792,5,7,/home/ahmed/pranay/work/11/93c7b1d809d65372ad0a026d3764c4,-,-,12th Gen Intel(R) Core(TM) i5-12400,142.14093200000002,DEEPTOOLS_PLOTPROFILE,intel_i5,atacseq,intel_i5,6.0,32.0,1142.0831882499979,7288.92,834539008.0
232,-,103381,NFCORE_ATACSEQ:ATACSEQ:MERGED_REPLICATE_MARKDUPLICATES_PICARD:BAM_STATS_SAMTOOLS:SAMTOOLS_IDXSTATS,OSMOTIC_STRESS_T100_SE,NFCORE_ATACSEQ:ATACSEQ:MERGED_REPLICATE_MARKDUPLICATES_PICARD:BAM_STATS_SAMTOOLS:SAMTOOLS_IDXSTATS (OSMOTIC_STRESS_T100_SE),COMPLETED,0,-,quay.io/biocontainers/samtools:1.17--h00cdaf9_0,1,14400000,-,6442450944,1,1788523798407,1788523798416,1788523798734,327,0,-,85.7,0.0,3301376,5648384,3301376,5652480,137187,5272,228,19,0,12288,2,0,/home/ahmed/pranay/work/a7/47172fe075f34170a335e029bcdf6e,-,-,12th Gen Intel(R) Core(TM) i5-12400,48.720151,SAMTOOLS_IDXSTATS,intel_i5,atacseq,intel_i5,6.0,32.0,103.33711599999994,877.5,3173652.48
221,-,100677,NFCORE_ATACSEQ:ATACSEQ:MERGED_LIBRARY_CONSENSUS_PEAKS:HOMER_ANNOTATEPEAKS,consensus_peaks,NFCORE_ATACSEQ:ATACSEQ:MERGED_LIBRARY_CONSENSUS_PEAKS:HOMER_ANNOTATEPEAKS (consensus_peaks),COMPLETED,0,-,quay.io/biocontainers/homer:4.11--pl526hc9558a2_3,2,21600000,-,6442450944,1,1788523795793,1788523795891,1788523800412,4619,2000,-,99.1,0.1,47468544,83496960,47468544,83501056,58280294,6545146,8612,1312,0,6582272,22,4,/home/ahmed/pranay/work/2b/a6b352ed007b16ca67e56b00099d8c,-,-,12th Gen Intel(R) Core(TM) i5-12400,188.23957,HOMER_ANNOTATEPEAKS,intel_i5,atacseq,intel_i5,6.0,32.0,920.1115732499993,34031.8025,830876672.0
230,-,103880,NFCORE_ATACSEQ:ATACSEQ:MERGED_REPLICATE_MARKDUPLICATES_PICARD:BAM_STATS_SAMTOOLS:SAMTOOLS_STATS,OSMOTIC_STRESS_T0_PE,NFCORE_ATACSEQ:ATACSEQ:MERGED_REPLICATE_MARKDUPLICATES_PICARD:BAM_STATS_SAMTOOLS:SAMTOOLS_STATS (OSMOTIC_STRESS_T0_PE),COMPLETED,0,-,quay.io/biocontainers/samtools:1.17--h00cdaf9_0,1,14400000,-,6442450944,1,1788523798735,1788523798834,1788523800514,1779,1000,-,127.4,0.0,7741440,165978112,7741440,233074688,8940507,68256,1540,34,0,73728,2,4,/home/ahmed/pranay/work/d4/5c97928bc0ea8ab6ec4c8b80cd8f4a,-,-,12th Gen Intel(R) Core(TM) i5-12400,62.307702,SAMTOOLS_STATS,intel_i5,atacseq,intel_i5,6.0,32.0,172.53734843333342,2131.8749999999995,4216050.346666667
225,-,102125,NFCORE_ATACSEQ:ATACSEQ:MERGED_REPLICATE_CALL_ANNOTATE_PEAKS:HOMER_ANNOTATEPEAKS,OSMOTIC_STRESS_T100_SE,NFCORE_ATACSEQ:ATACSEQ:MERGED_REPLICATE_CALL_ANNOTATE_PEAKS:HOMER_ANNOTATEPEAKS (OSMOTIC_STRESS_T100_SE),COMPLETED,0,-,quay.io/biocontainers/homer:4.11--pl526hc9558a2_3,2,21600000,-,6442450944,1,1788523797330,1788523797429,1788523801588,4258,3000,-,68.3,0.1,41336832,77545472,41336832,77549568,58436610,6541754,8629,1309,0,6569984,42,6,/home/ahmed/pranay/work/a9/6d213e236b5b5b8edc8c5cb4b28886,-,-,12th Gen Intel(R) Core(TM) i5-12400,201.863986,HOMER_ANNOTATEPEAKS,intel_i5,atacseq,intel_i5,6.0,32.0,920.1115732499993,34031.8025,830876672.0
238,-,105011,NFCORE_ATACSEQ:ATACSEQ:MERGED_REPLICATE_CONSENSUS_PEAKS:MACS2_CONSENSUS,consensus_peaks,NFCORE_ATACSEQ:ATACSEQ:MERGED_REPLICATE_CONSENSUS_PEAKS:MACS2_CONSENSUS (consensus_peaks),COMPLETED,0,-,quay.io/biocontainers/mulled-v2-2f48cc59b03027e31ead6d383fe1b8057785dd24:5d182f583f4696f4c4d9f3be93052811b383341f-0,1,21600000,-,6442450944,1,1788523801231,1788523801328,1788523802115,884,1000,-,206.0,0.0,3276800,5648384,3276800,5652480,12958992,694479,2195,2878,0,516096,1,1,/home/ahmed/pranay/work/11/666771f5c83e198313ba36b2ae65fe,-,-,12th Gen Intel(R) Core(TM) i5-12400,46.134343,MACS2_CONSENSUS,intel_i5,atacseq,intel_i5,6.0,32.0,136.20951899999983,1204.3333333333335,115771269.12
234,-,104005,NFCORE_ATACSEQ:ATACSEQ:MERGED_LIBRARY_CALL_ANNOTATE_PEAKS:PLOT_HOMER_ANNOTATEPEAKS,-,NFCORE_ATACSEQ:ATACSEQ:MERGED_LIBRARY_CALL_ANNOTATE_PEAKS:PLOT_HOMER_ANNOTATEPEAKS,COMPLETED,0,-,quay.io/biocontainers/mulled-v2-ad9dd5f398966bf899ae05f8e7c54d0fb10cdfa7:05678da05b8e5a7a5130e90a9f9a6c585b965afa-0,2,21600000,-,6442450944,1,1788523798877,1788523798975,1788523802492,3615,1000,-,256.2,0.0,16687104,1676492800,16687104,1676496896,15596443,235424,2059,100,1073152,258048,9,3,/home/ahmed/pranay/work/1b/48150e887bd75eef040fc061d85392,-,-,12th Gen Intel(R) Core(TM) i5-12400,146.443961,PLOT_HOMER_ANNOTATEPEAKS,intel_i5,atacseq,intel_i5,6.0,32.0,266.65228525000026,1095.315,180694568.96
237,-,104544,NFCORE_ATACSEQ:ATACSEQ:MERGED_REPLICATE_CALL_ANNOTATE_PEAKS:PLOT_MACS2_QC,-,NFCORE_ATACSEQ:ATACSEQ:MERGED_REPLICATE_CALL_ANNOTATE_PEAKS:PLOT_MACS2_QC,COMPLETED,0,-,quay.io/biocontainers/mulled-v2-ad9dd5f398966bf899ae05f8e7c54d0fb10cdfa7:05678da05b8e5a7a5130e90a9f9a6c585b965afa-0,2,21600000,-,6442450944,1,1788523800515,1788523800614,1788523802772,2257,1000,-,164.6,0.0,14929920,1675669504,14929920,1675673600,14493935,265481,1790,96,0,286720,12,2,/home/ahmed/pranay/work/40/938554bcac5526a9cf2803d643804c,-,-,12th Gen Intel(R) Core(TM) i5-12400,84.136259,PLOT_MACS2_QC,intel_i5,atacseq,intel_i5,6.0,32.0,306.0211139999998,1421.695,165823385.6
175,-,81307,NFCORE_ATACSEQ:ATACSEQ:MERGED_LIBRARY_BIGWIG_PLOT_DEEPTOOLS:DEEPTOOLS_COMPUTEMATRIX_REFERENCE_POINT,OSMOTIC_STRESS_T150_SE_REP1,NFCORE_ATACSEQ:ATACSEQ:MERGED_LIBRARY_BIGWIG_PLOT_DEEPTOOLS:DEEPTOOLS_COMPUTEMATRIX_REFERENCE_POINT (OSMOTIC_STRESS_T150_SE_REP1),COMPLETED,0,-,quay.io/biocontainers/deeptools:3.5.1--py_0,2,21600000,-,6442450944,1,1788523766081,1788523766180,1788523804709,38628,37000,-,188.5,0.5,178106368,591007744,204439552,624615424,229795550,56132875,46867,7020,0,21594112,373,3029,/home/ahmed/pranay/work/4d/46f35638feecb739f0f7a006fad19f,-,-,12th Gen Intel(R) Core(TM) i5-12400,2142.022593,DEEPTOOLS_COMPUTEMATRIX_REFERENCE_POINT,intel_i5,atacseq,intel_i5,6.0,32.0,956.6373483333336,2890.0,7658137.6
235,-,105328,NFCORE_ATACSEQ:ATACSEQ:MERGED_REPLICATE_CALL_ANNOTATE_PEAKS:HOMER_ANNOTATEPEAKS,OSMOTIC_STRESS_T0_PE,NFCORE_ATACSEQ:ATACSEQ:MERGED_REPLICATE_CALL_ANNOTATE_PEAKS:HOMER_ANNOTATEPEAKS (OSMOTIC_STRESS_T0_PE),COMPLETED,0,-,quay.io/biocontainers/homer:4.11--pl526hc9558a2_3,2,21600000,-,6442450944,1,1788523801589,1788523801688,1788523804996,3407,2000,-,99.8,0.1,48521216,84787200,48521216,84791296,58293100,6432510,8611,1294,0,6467584,38,3,/home/ahmed/pranay/work/94/7ea89c6d71f285da552f526de71395,-,-,12th Gen Intel(R) Core(TM) i5-12400,164.078132,HOMER_ANNOTATEPEAKS,intel_i5,atacseq,intel_i5,6.0,32.0,920.1115732499993,34031.8025,830876672.0
244,-,107610,NFCORE_ATACSEQ:ATACSEQ:MERGED_LIBRARY_CONSENSUS_PEAKS:DESEQ2_QC,consensus_peaks,NFCORE_ATACSEQ:ATACSEQ:MERGED_LIBRARY_CONSENSUS_PEAKS:DESEQ2_QC (consensus_peaks),COMPLETED,0,-,quay.io/biocontainers/mulled-v2-8849acf39a43cdd6c839a369a74c0adc823e2f91:ab110436faf952a33575c64dd74615a84011450b-0,2,21600000,-,6442450944,1,1788523805321,1788523805419,1788523819123,13802,12000,-,108.5,2.2,747577344,2598346752,747577344,2598350848,71874391,248322,5666,313,66940928,331776,1129,1147,/home/ahmed/pranay/work/a5/47bdc5c2b78089b84d549b9024ba99,-,-,12th Gen Intel(R) Core(TM) i5-12400,987.4871569999998,DESEQ2_QC,intel_i5,atacseq,intel_i5,6.0,32.0,1638.4118665000028,8390.4225,447623833.6
245,-,112551,NFCORE_ATACSEQ:ATACSEQ:MERGED_REPLICATE_BAM_TO_BIGWIG:BEDTOOLS_GENOMECOV,OSMOTIC_STRESS_T100_SE,NFCORE_ATACSEQ:ATACSEQ:MERGED_REPLICATE_BAM_TO_BIGWIG:BEDTOOLS_GENOMECOV (OSMOTIC_STRESS_T100_SE),COMPLETED,0,-,quay.io/biocontainers/bedtools:2.30.0--hc088bd4_0,2,21600000,-,6442450944,1,1788523819125,1788523819223,1788523820858,1733,0,-,98.3,0.0,9633792,29782016,9633792,29782016,7943987,7095900,1227,143299,0,7114752,3,0,/home/ahmed/pranay/work/1a/fa67977fba64bf90eae68e64ed983a,-,-,12th Gen Intel(R) Core(TM) i5-12400,137.32264600000002,BEDTOOLS_GENOMECOV,intel_i5,atacseq,intel_i5,6.0,32.0,2846.275114991666,23605.0,2276745021.44
241,-,106185,NFCORE_ATACSEQ:ATACSEQ:MERGED_LIBRARY_BIGWIG_PLOT_DEEPTOOLS:DEEPTOOLS_COMPUTEMATRIX_REFERENCE_POINT,OSMOTIC_STRESS_T0_PE_REP1,NFCORE_ATACSEQ:ATACSEQ:MERGED_LIBRARY_BIGWIG_PLOT_DEEPTOOLS:DEEPTOOLS_COMPUTEMATRIX_REFERENCE_POINT (OSMOTIC_STRESS_T0_PE_REP1),COMPLETED,0,-,quay.io/biocontainers/deeptools:3.5.1--py_0,2,21600000,-,6442450944,1,1788523802774,1788523802872,1788523858649,55875,55000,-,182.5,0.5,178483200,591056896,207052800,624082944,230659137,49774710,47078,4960,0,15167488,465,14454,/home/ahmed/pranay/work/e8/5f4e9fc27043567c9fc5dd1e096da2,-,-,12th Gen Intel(R) Core(TM) i5-12400,3953.56306,DEEPTOOLS_COMPUTEMATRIX_REFERENCE_POINT,intel_i5,atacseq,intel_i5,6.0,32.0,956.6373483333336,2800.0,7658772.48
240,-,105664,NFCORE_ATACSEQ:ATACSEQ:MERGED_LIBRARY_BIGWIG_PLOT_DEEPTOOLS:DEEPTOOLS_COMPUTEMATRIX_REFERENCE_POINT,OSMOTIC_STRESS_T0_PE_REP2,NFCORE_ATACSEQ:ATACSEQ:MERGED_LIBRARY_BIGWIG_PLOT_DEEPTOOLS:DEEPTOOLS_COMPUTEMATRIX_REFERENCE_POINT (OSMOTIC_STRESS_T0_PE_REP2),COMPLETED,0,-,quay.io/biocontainers/deeptools:3.5.1--py_0,2,21600000,-,6442450944,1,1788523802117,1788523802215,1788523859757,57640,56000,-,175.4,0.5,179998720,592023552,208732160,681889792,230789655,48915102,47110,4508,0,14307328,408,13003,/home/ahmed/pranay/work/6c/5be29ebcbbcf0082db8497db76da59,-,-,12th Gen Intel(R) Core(TM) i5-12400,4057.23119,DEEPTOOLS_COMPUTEMATRIX_REFERENCE_POINT,intel_i5,atacseq,intel_i5,6.0,32.0,956.6373483333336,2800.0,7658772.48
248,-,118278,NFCORE_ATACSEQ:ATACSEQ:MERGED_REPLICATE_BAM_TO_BIGWIG:BEDTOOLS_GENOMECOV,OSMOTIC_STRESS_T0_PE,NFCORE_ATACSEQ:ATACSEQ:MERGED_REPLICATE_BAM_TO_BIGWIG:BEDTOOLS_GENOMECOV (OSMOTIC_STRESS_T0_PE),COMPLETED,0,-,quay.io/biocontainers/bedtools:2.30.0--hc088bd4_0,2,21600000,-,6442450944,1,1788523859759,1788523859858,1788523861883,2124,1000,-,99.9,0.0,9392128,29782016,9392128,29782016,12336471,6876329,1920,137961,0,6893568,3,62,/home/ahmed/pranay/work/af/356f9e06f4b2b92971b54a07520627,-,-,12th Gen Intel(R) Core(TM) i5-12400,132.411954,BEDTOOLS_GENOMECOV,intel_i5,atacseq,intel_i5,6.0,32.0,2874.918053241663,23601.086666666666,2276745021.44
251,-,119332,NFCORE_ATACSEQ:ATACSEQ:MERGED_REPLICATE_CONSENSUS_PEAKS:SUBREAD_FEATURECOUNTS,consensus_peaks,NFCORE_ATACSEQ:ATACSEQ:MERGED_REPLICATE_CONSENSUS_PEAKS:SUBREAD_FEATURECOUNTS (consensus_peaks),COMPLETED,0,-,quay.io/biocontainers/subread:2.0.1--hed695b0_0,2,21600000,-,6442450944,1,1788523862281,1788523862379,1788523864000,1719,0,-,97.8,0.0,19378176,220942336,19378176,288055296,13581119,70958,2166,108,0,77824,2,21,/home/ahmed/pranay/work/cc/8cdd4ecfa76512c9198f9e06fc1cec,-,-,12th Gen Intel(R) Core(TM) i5-12400,132.82064400000002,SUBREAD_FEATURECOUNTS,intel_i5,atacseq,intel_i5,6.0,32.0,155.56269074999997,978.1878571428571,126349032.10666665
239,-,105871,NFCORE_ATACSEQ:ATACSEQ:MERGED_LIBRARY_BIGWIG_PLOT_DEEPTOOLS:DEEPTOOLS_COMPUTEMATRIX_SCALE_REGIONS,OSMOTIC_STRESS_T0_PE_REP2,NFCORE_ATACSEQ:ATACSEQ:MERGED_LIBRARY_BIGWIG_PLOT_DEEPTOOLS:DEEPTOOLS_COMPUTEMATRIX_SCALE_REGIONS (OSMOTIC_STRESS_T0_PE_REP2),COMPLETED,0,-,quay.io/biocontainers/deeptools:3.5.1--py_0,2,21600000,-,6442450944,1,1788523802494,1788523802592,1788523867425,64931,62000,-,178.3,0.5,183844864,594268160,214118400,630800384,236963366,57246553,47275,5990,0,17014784,519,20029,/home/ahmed/pranay/work/65/c0b990f81a8a156444d9d7d2f480f1,-,-,12th Gen Intel(R) Core(TM) i5-12400,4474.989033,DEEPTOOLS_COMPUTEMATRIX_SCALE_REGIONS,intel_i5,atacseq,intel_i5,6.0,32.0,895.7603008333342,2812.5,7654389.76
250,-,119734,NFCORE_ATACSEQ:ATACSEQ:MERGED_REPLICATE_CONSENSUS_PEAKS:HOMER_ANNOTATEPEAKS,consensus_peaks,NFCORE_ATACSEQ:ATACSEQ:MERGED_REPLICATE_CONSENSUS_PEAKS:HOMER_ANNOTATEPEAKS (consensus_peaks),COMPLETED,0,-,quay.io/biocontainers/homer:4.11--pl526hc9558a2_3,2,21600000,-,6442450944,1,1788523864002,1788523864100,1788523868654,4652,3000,-,65.8,0.5,153530368,198111232,441458688,486113280,58046137,6324630,8575,1276,0,6356992,41,30,/home/ahmed/pranay/work/14/aa02f63f6737e2a39b9c724ecfe98a,-,-,12th Gen Intel(R) Core(TM) i5-12400,309.865234,HOMER_ANNOTATEPEAKS,intel_i5,atacseq,intel_i5,6.0,32.0,920.1115732499993,34031.8025,830876672.0
242,-,107086,NFCORE_ATACSEQ:ATACSEQ:MERGED_LIBRARY_BIGWIG_PLOT_DEEPTOOLS:DEEPTOOLS_COMPUTEMATRIX_SCALE_REGIONS,OSMOTIC_STRESS_T0_PE_REP1,NFCORE_ATACSEQ:ATACSEQ:MERGED_LIBRARY_BIGWIG_PLOT_DEEPTOOLS:DEEPTOOLS_COMPUTEMATRIX_SCALE_REGIONS (OSMOTIC_STRESS_T0_PE_REP1),COMPLETED,0,-,quay.io/biocontainers/deeptools:3.5.1--py_0,2,21600000,-,6442450944,1,1788523804711,1788523804809,1788523869879,65168,64000,-,184.8,0.5,184528896,594051072,217903104,630353920,236901413,58296289,47262,6369,0,18046976,503,20736,/home/ahmed/pranay/work/75/1edc39644d8ffa6be65dd7ae7a407a,-,-,12th Gen Intel(R) Core(TM) i5-12400,4533.780873999999,DEEPTOOLS_COMPUTEMATRIX_SCALE_REGIONS,intel_i5,atacseq,intel_i5,6.0,32.0,889.8028383333342,2812.5,7654389.76
253,-,121179,NFCORE_ATACSEQ:ATACSEQ:MERGED_REPLICATE_CALL_ANNOTATE_PEAKS:PLOT_HOMER_ANNOTATEPEAKS,-,NFCORE_ATACSEQ:ATACSEQ:MERGED_REPLICATE_CALL_ANNOTATE_PEAKS:PLOT_HOMER_ANNOTATEPEAKS,COMPLETED,0,-,quay.io/biocontainers/mulled-v2-ad9dd5f398966bf899ae05f8e7c54d0fb10cdfa7:05678da05b8e5a7a5130e90a9f9a6c585b965afa-0,2,21600000,-,6442450944,1,1788523868656,1788523868754,1788523871115,2459,1000,-,117.2,0.4,130863104,1798569984,130863104,1798574080,14757260,93727,1871,65,0,118784,19,89,/home/ahmed/pranay/work/33/216069bb3bd0bd7664b3a76f74931c,-,-,12th Gen Intel(R) Core(TM) i5-12400,127.02531,PLOT_HOMER_ANNOTATEPEAKS,intel_i5,atacseq,intel_i5,6.0,32.0,221.20709075000005,1264.195,180691619.84
252,-,120845,NFCORE_ATACSEQ:ATACSEQ:MERGED_LIBRARY_BIGWIG_PLOT_DEEPTOOLS:DEEPTOOLS_PLOTHEATMAP,OSMOTIC_STRESS_T150_SE_REP1,NFCORE_ATACSEQ:ATACSEQ:MERGED_LIBRARY_BIGWIG_PLOT_DEEPTOOLS:DEEPTOOLS_PLOTHEATMAP (OSMOTIC_STRESS_T150_SE_REP1),COMPLETED,0,-,quay.io/biocontainers/deeptools:3.5.1--py_0,2,14400000,-,6442450944,1,1788523867427,1788523867525,1788523874442,7015,6000,-,100.1,0.8,269443072,470278144,269443072,470282240,27456972,3362224,4480,120,0,3411968,5,70,/home/ahmed/pranay/work/ba/da4511002ee1fa09579b33a6dae191,-,-,12th Gen Intel(R) Core(TM) i5-12400,441.163848,DEEPTOOLS_PLOTHEATMAP,intel_i5,atacseq,intel_i5,6.0,32.0,5907.5573127499965,41027.5,1519514132.48
257,-,123114,NFCORE_ATACSEQ:ATACSEQ:MERGED_REPLICATE_BAM_TO_BIGWIG:UCSC_BEDGRAPHTOBIGWIG,OSMOTIC_STRESS_T0_PE,NFCORE_ATACSEQ:ATACSEQ:MERGED_REPLICATE_BAM_TO_BIGWIG:UCSC_BEDGRAPHTOBIGWIG (OSMOTIC_STRESS_T0_PE),COMPLETED,0,-,quay.io/biocontainers/ucsc-bedgraphtobigwig:445--h954228d_0,1,14400000,-,6442450944,1,1788523874444,1788523874542,1788523874891,447,0,-,100.6,0.0,9838592,25485312,9904128,25751552,10377503,983271,320,216,0,991232,1,7,/home/ahmed/pranay/work/f8/62288c75dce5c0614625b8f47c8d83,-,-,12th Gen Intel(R) Core(TM) i5-12400,56.049601,UCSC_BEDGRAPHTOBIGWIG,intel_i5,atacseq,intel_i5,6.0,32.0,148.054176,1007.7083333333335,23496622.08
255,-,121992,NFCORE_ATACSEQ:ATACSEQ:MERGED_LIBRARY_BIGWIG_PLOT_DEEPTOOLS:DEEPTOOLS_PLOTHEATMAP,OSMOTIC_STRESS_T0_PE_REP1,NFCORE_ATACSEQ:ATACSEQ:MERGED_LIBRARY_BIGWIG_PLOT_DEEPTOOLS:DEEPTOOLS_PLOTHEATMAP (OSMOTIC_STRESS_T0_PE_REP1),COMPLETED,0,-,quay.io/biocontainers/deeptools:3.5.1--py_0,2,14400000,-,6442450944,1,1788523870383,1788523870481,1788523876911,6528,5000,-,100.2,0.4,144424960,213655552,211865600,281145344,26461707,2259897,4255,92,0,2281472,8,10,/home/ahmed/pranay/work/71/48a11573561f72d313b8020daedf3e,-,-,12th Gen Intel(R) Core(TM) i5-12400,431.635369,DEEPTOOLS_PLOTHEATMAP,intel_i5,atacseq,intel_i5,6.0,32.0,5907.5573127499965,41027.5,1519514132.48
256,-,122243,NFCORE_ATACSEQ:ATACSEQ:MERGED_LIBRARY_BIGWIG_PLOT_DEEPTOOLS:DEEPTOOLS_PLOTHEATMAP,OSMOTIC_STRESS_T0_PE_REP2,NFCORE_ATACSEQ:ATACSEQ:MERGED_LIBRARY_BIGWIG_PLOT_DEEPTOOLS:DEEPTOOLS_PLOTHEATMAP (OSMOTIC_STRESS_T0_PE_REP2),COMPLETED,0,-,quay.io/biocontainers/deeptools:3.5.1--py_0,2,14400000,-,6442450944,1,1788523871117,1788523871215,1788523877796,6679,5000,-,100.1,0.7,248635392,449060864,282152960,482787328,26486111,2082202,4269,88,0,2113536,4,42,/home/ahmed/pranay/work/fe/a591c59591783e9337bd0556974852,-,-,12th Gen Intel(R) Core(TM) i5-12400,422.1935600000001,DEEPTOOLS_PLOTHEATMAP,intel_i5,atacseq,intel_i5,6.0,32.0,5907.5573127499965,41027.5,1519514132.48
259,-,123958,NFCORE_ATACSEQ:ATACSEQ:MERGED_LIBRARY_BIGWIG_PLOT_DEEPTOOLS:DEEPTOOLS_PLOTPROFILE,OSMOTIC_STRESS_T0_PE_REP2,NFCORE_ATACSEQ:ATACSEQ:MERGED_LIBRARY_BIGWIG_PLOT_DEEPTOOLS:DEEPTOOLS_PLOTPROFILE (OSMOTIC_STRESS_T0_PE_REP2),COMPLETED,0,-,quay.io/biocontainers/deeptools:3.5.1--py_0,2,14400000,-,6442450944,1,1788523876913,1788523877011,1788523879358,2445,1000,-,99.3,0.1,50425856,137170944,50425856,137175040,22732810,406291,3363,42,0,417792,8,1,/home/ahmed/pranay/work/93/b42eef676661630d0cb23648b297ae,-,-,12th Gen Intel(R) Core(TM) i5-12400,107.571197,DEEPTOOLS_PLOTPROFILE,intel_i5,atacseq,intel_i5,6.0,32.0,1138.6325637499979,7288.92,834539008.0
246,-,112900,NFCORE_ATACSEQ:ATACSEQ:MERGED_LIBRARY_BIGWIG_PLOT_DEEPTOOLS:DEEPTOOLS_COMPUTEMATRIX_SCALE_REGIONS,OSMOTIC_STRESS_T15_PE_REP1,NFCORE_ATACSEQ:ATACSEQ:MERGED_LIBRARY_BIGWIG_PLOT_DEEPTOOLS:DEEPTOOLS_COMPUTEMATRIX_SCALE_REGIONS (OSMOTIC_STRESS_T15_PE_REP1),COMPLETED,0,-,quay.io/biocontainers/deeptools:3.5.1--py_0,2,21600000,-,6442450944,1,1788523820860,1788523820958,1788523879643,58783,57000,-,188.7,0.5,179396608,594087936,210022400,626716672,233490484,66063724,46427,7159,0,25845760,474,17047,/home/ahmed/pranay/work/4e/11c6f6f3e88de78680845d8d482cba,-,-,12th Gen Intel(R) Core(TM) i5-12400,3948.177637,DEEPTOOLS_COMPUTEMATRIX_SCALE_REGIONS,intel_i5,atacseq,intel_i5,6.0,32.0,938.0049438333336,2780.0,7648880.64
260,-,124268,NFCORE_ATACSEQ:ATACSEQ:MERGED_LIBRARY_BIGWIG_PLOT_DEEPTOOLS:DEEPTOOLS_PLOTPROFILE,OSMOTIC_STRESS_T0_PE_REP1,NFCORE_ATACSEQ:ATACSEQ:MERGED_LIBRARY_BIGWIG_PLOT_DEEPTOOLS:DEEPTOOLS_PLOTPROFILE (OSMOTIC_STRESS_T0_PE_REP1),COMPLETED,0,-,quay.io/biocontainers/deeptools:3.5.1--py_0,2,14400000,-,6442450944,1,1788523877798,1788523877896,1788523881103,3305,2000,-,100.0,0.1,42934272,126754816,42934272,126758912,22807006,406199,3373,42,0,417792,8,3,/home/ahmed/pranay/work/55/56fbc51f8d357ed371908068461d99,-,-,12th Gen Intel(R) Core(TM) i5-12400,147.152211,DEEPTOOLS_PLOTPROFILE,intel_i5,atacseq,intel_i5,6.0,32.0,1138.6325637499979,7288.92,834539008.0
261,-,125005,NFCORE_ATACSEQ:ATACSEQ:IGV,-,NFCORE_ATACSEQ:ATACSEQ:IGV,COMPLETED,0,-,quay.io/biocontainers/python:3.8.3,1,14400000,-,6442450944,1,1788523879360,1788523879458,1788523881117,1757,0,-,98.0,0.0,2940928,11583488,2940928,11587584,779657,16797,597,65,0,49152,1,0,/home/ahmed/pranay/work/10/92c3cbabd19c1f1c5cb19ab9370352,-,-,12th Gen Intel(R) Core(TM) i5-12400,91.634531,IGV,intel_i5,atacseq,intel_i5,6.0,32.0,158.0680685000005,957.5,2967879.68
262,-,125409,NFCORE_ATACSEQ:ATACSEQ:MERGED_LIBRARY_BIGWIG_PLOT_DEEPTOOLS:DEEPTOOLS_PLOTPROFILE,OSMOTIC_STRESS_T15_PE_REP1,NFCORE_ATACSEQ:ATACSEQ:MERGED_LIBRARY_BIGWIG_PLOT_DEEPTOOLS:DEEPTOOLS_PLOTPROFILE (OSMOTIC_STRESS_T15_PE_REP1),COMPLETED,0,-,quay.io/biocontainers/deeptools:3.5.1--py_0,2,14400000,-,6442450944,1,1788523879657,1788523879743,1788523883522,3865,1000,-,100.4,0.1,26714112,108650496,26714112,108654592,24182480,405499,3690,42,0,417792,5,1,/home/ahmed/pranay/work/ab/b18c0f34a9342ec7487a82fd799f11,-,-,12th Gen Intel(R) Core(TM) i5-12400,142.841004,DEEPTOOLS_PLOTPROFILE,intel_i5,atacseq,intel_i5,6.0,32.0,1142.0831882499979,7288.92,834539008.0
258,-,123399,NFCORE_ATACSEQ:ATACSEQ:MERGED_REPLICATE_CONSENSUS_PEAKS:DESEQ2_QC,consensus_peaks,NFCORE_ATACSEQ:ATACSEQ:MERGED_REPLICATE_CONSENSUS_PEAKS:DESEQ2_QC (consensus_peaks),COMPLETED,0,-,quay.io/biocontainers/mulled-v2-8849acf39a43cdd6c839a369a74c0adc823e2f91:ab110436faf952a33575c64dd74615a84011450b-0,2,21600000,-,6442450944,1,1788523874893,1788523874992,1788523885587,10694,9000,-,102.1,2.2,721215488,2402111488,721215488,2402119680,71817242,163320,5657,293,0,233472,30,308,/home/ahmed/pranay/work/44/6881c3f8a6307ee7e5f33f01de2968,-,-,12th Gen Intel(R) Core(TM) i5-12400,506.282639,DESEQ2_QC,intel_i5,atacseq,intel_i5,6.0,32.0,1607.1125917500024,8390.4225,447711641.6
247,-,118053,NFCORE_ATACSEQ:ATACSEQ:MERGED_LIBRARY_BIGWIG_PLOT_DEEPTOOLS:DEEPTOOLS_COMPUTEMATRIX_REFERENCE_POINT,OSMOTIC_STRESS_T15_PE_REP1,NFCORE_ATACSEQ:ATACSEQ:MERGED_LIBRARY_BIGWIG_PLOT_DEEPTOOLS:DEEPTOOLS_COMPUTEMATRIX_REFERENCE_POINT (OSMOTIC_STRESS_T15_PE_REP1),COMPLETED,0,-,quay.io/biocontainers/deeptools:3.5.1--py_0,2,21600000,-,6442450944,1,1788523858651,1788523858750,1788523897167,38516,37000,-,188.0,0.5,178720768,591667200,202792960,621985792,226838917,56334265,46146,7052,0,21725184,400,3376,/home/ahmed/pranay/work/ce/ca57e321b259728271fcf4654385a9,-,-,12th Gen Intel(R) Core(TM) i5-12400,2035.5968400000004,DEEPTOOLS_COMPUTEMATRIX_REFERENCE_POINT,intel_i5,atacseq,intel_i5,6.0,32.0,950.4664498333337,2885.0,7659427.84
265,-,127930,NFCORE_ATACSEQ:ATACSEQ:MERGED_LIBRARY_BIGWIG_PLOT_DEEPTOOLS:DEEPTOOLS_PLOTHEATMAP,OSMOTIC_STRESS_T15_PE_REP1,NFCORE_ATACSEQ:ATACSEQ:MERGED_LIBRARY_BIGWIG_PLOT_DEEPTOOLS:DEEPTOOLS_PLOTHEATMAP (OSMOTIC_STRESS_T15_PE_REP1),COMPLETED,0,-,quay.io/biocontainers/deeptools:3.5.1--py_0,2,14400000,-,6442450944,1,1788523897171,1788523897267,1788523902913,5742,4000,-,100.2,0.7,248483840,449327104,282005504,483082240,27436172,3278869,4476,120,0,3289088,4,16,/home/ahmed/pranay/work/18/dd97f984465453c49494cdea11d815,-,-,12th Gen Intel(R) Core(TM) i5-12400,239.33056400000004,DEEPTOOLS_PLOTHEATMAP,intel_i5,atacseq,intel_i5,6.0,32.0,5907.5573127499965,41027.5,1519514132.48
264,-,126620,NFCORE_ATACSEQ:ATACSEQ:MULTIQC,-,NFCORE_ATACSEQ:ATACSEQ:MULTIQC (1),COMPLETED,0,-,quay.io/biocontainers/multiqc:1.13--pyhdfd78af_0,2,21600000,-,6442450944,1,1788523886117,1788523886201,1788523912162,26045,25552,-,279.3,0.7,236724224,2068762624,236724224,2068774912,4290185739,27459257,1042283,3362,61128704,28946432,2155,321,/home/ahmed/pranay/work/55/c30023109b306202116b0d8605048b,-,-,12th Gen Intel(R) Core(TM) i5-12400,1017.46468,MULTIQC,intel_i5,atacseq,intel_i5,6.0,32.0,11240.979484449997,151322.955,117441064.96
