task_id,hostname,native_id,process,tag,name,status,exit,module,container,cpus,time,disk,memory,attempt,submit,start,complete,duration,realtime,queue,%cpu,%mem,rss,vmem,peak_rss,peak_vmem,rchar,wchar,syscr,syscw,read_bytes,vol_ctxt,inv_ctxt,workdir,scratch,error_action,cpu_model
3,-,1394,NFCORE_ATACSEQ:ATACSEQ:INPUT_CHECK:SAMPLESHEET_CHECK,samplesheet_test.csv,NFCORE_ATACSEQ:ATACSEQ:INPUT_CHECK:SAMPLESHEET_CHECK (samplesheet_test.csv),COMPLETED,0,-,quay.io/biocontainers/python:3.8.3,1,14400000,-,6442450944,1,1785078553936,1785078554020,1785078555782,1846,0,-,63.4,0.1,8159232,31907840,8159232,31911936,683645,1836,242,17,12173312,23,0,/home/pranay/nextflow_benchmarks/work/28/7166f991bf0cd7a551a7418053d197,-,-,AMD Ryzen 7 4800H with Radeon Graphics
4,-,1439,NFCORE_ATACSEQ:ATACSEQ:PREPARE_GENOME:GTF2BED,genes.gtf,NFCORE_ATACSEQ:ATACSEQ:PREPARE_GENOME:GTF2BED (genes.gtf),COMPLETED,0,-,quay.io/biocontainers/perl:5.26.2,2,14400000,-,6442450944,1,1785078555791,1785078555882,1785078557788,1997,0,-,95.2,0.1,8777728,29466624,8777728,29470720,12234407,401931,1646,66,2912256,22,0,/home/pranay/nextflow_benchmarks/work/5a/c4a981d260318e10565fda42de03e1,-,-,AMD Ryzen 7 4800H with Radeon Graphics
1,-,1526,NFCORE_ATACSEQ:ATACSEQ:PREPARE_GENOME:BWA_INDEX,genome.fa,NFCORE_ATACSEQ:ATACSEQ:PREPARE_GENOME:BWA_INDEX (genome.fa),COMPLETED,0,-,quay.io/biocontainers/bwa:0.7.17--hed695b0_7,1,14400000,-,6442450944,1,1785078557799,1785078557888,1785078565486,7687,6000,-,98.7,1.6,132931584,151535616,132931584,151539712,49080238,33436122,1681,73,1613824,29,23,/home/pranay/nextflow_benchmarks/work/db/80919e69e4e6287c3daaf1d390b3bb,-,-,AMD Ryzen 7 4800H with Radeon Graphics
2,-,1584,NFCORE_ATACSEQ:ATACSEQ:PREPARE_GENOME:CUSTOM_GETCHROMSIZES,genome.fa,NFCORE_ATACSEQ:ATACSEQ:PREPARE_GENOME:CUSTOM_GETCHROMSIZES (genome.fa),COMPLETED,0,-,quay.io/biocontainers/samtools:1.16.1--h6899075_1,1,14400000,-,6442450944,1,1785078565495,1785078565586,1785078566257,762,1000,-,56.9,0.0,6467584,12566528,6467584,12570624,12468636,5517,420,20,10280960,22,0,/home/pranay/nextflow_benchmarks/work/f6/fc1f18db8addb9af362cb2d53c52f3,-,-,AMD Ryzen 7 4800H with Radeon Graphics
5,-,1627,NFCORE_ATACSEQ:ATACSEQ:PREPARE_GENOME:KHMER_UNIQUEKMERS,genome.fa,NFCORE_ATACSEQ:ATACSEQ:PREPARE_GENOME:KHMER_UNIQUEKMERS (genome.fa),COMPLETED,0,-,quay.io/biocontainers/khmer:3.0.0a3--py37haa7609a_2,2,14400000,-,6442450944,1,1785078566264,1785078566392,1785078567686,1422,1000,-,340.4,0.1,10473472,16601088,10473472,16605184,16907680,3466,2465,23,46379008,27,0,/home/pranay/nextflow_benchmarks/work/c6/dfec44c9e52fc6368e3d20f89ad39c,-,-,AMD Ryzen 7 4800H with Radeon Graphics
9,-,1675,NFCORE_ATACSEQ:ATACSEQ:FASTQ_FASTQC_UMITOOLS_TRIMGALORE:FASTQC,OSMOTIC_STRESS_T0_PE_REP2_T1,NFCORE_ATACSEQ:ATACSEQ:FASTQ_FASTQC_UMITOOLS_TRIMGALORE:FASTQC (OSMOTIC_STRESS_T0_PE_REP2_T1),COMPLETED,0,-,quay.io/biocontainers/fastqc:0.11.9--0,2,21600000,-,6442450944,1,1785078567693,1785078567786,1785078573000,5307,3000,-,242.8,5.0,400551936,3961495552,403038208,3961663488,32549305,4172608,30510,12459,117075968,64,0,/home/pranay/nextflow_benchmarks/work/4e/c4f935b040a7eb025a30de87293f29,-,-,AMD Ryzen 7 4800H with Radeon Graphics
12,-,1721,NFCORE_ATACSEQ:ATACSEQ:FASTQ_FASTQC_UMITOOLS_TRIMGALORE:FASTQC,OSMOTIC_STRESS_T100_SE_REP2_T1,NFCORE_ATACSEQ:ATACSEQ:FASTQ_FASTQC_UMITOOLS_TRIMGALORE:FASTQC (OSMOTIC_STRESS_T100_SE_REP2_T1),COMPLETED,0,-,quay.io/biocontainers/fastqc:0.11.9--0,2,21600000,-,6442450944,1,1785078573007,1785078573100,1785078578257,5250,3000,-,186.2,3.2,256045056,3825176576,259604480,3851280384,26048479,2070873,17254,6227,0,4,0,/home/pranay/nextflow_benchmarks/work/96/e5cfeb18af1b0d5293d3823ce798ea,-,-,AMD Ryzen 7 4800H with Radeon Graphics
8,-,1769,NFCORE_ATACSEQ:ATACSEQ:FASTQ_FASTQC_UMITOOLS_TRIMGALORE:TRIMGALORE,OSMOTIC_STRESS_T0_PE_REP2_T1,NFCORE_ATACSEQ:ATACSEQ:FASTQ_FASTQC_UMITOOLS_TRIMGALORE:TRIMGALORE (OSMOTIC_STRESS_T0_PE_REP2_T1),COMPLETED,0,-,quay.io/biocontainers/trim-galore:0.6.7--hdfd78af_0,2,21600000,-,6442450944,1,1785078578264,1785078578357,1785078590707,12443,12000,-,179.4,2.4,200273920,3480846336,200273920,3539857408,261531787,209635022,52745,37586,135462912,6143,6,/home/pranay/nextflow_benchmarks/work/05/c05ac796a8efeb0f10eede92be3f71,-,-,AMD Ryzen 7 4800H with Radeon Graphics
13,-,1820,NFCORE_ATACSEQ:ATACSEQ:FASTQ_FASTQC_UMITOOLS_TRIMGALORE:TRIMGALORE,OSMOTIC_STRESS_T100_SE_REP2_T1,NFCORE_ATACSEQ:ATACSEQ:FASTQ_FASTQC_UMITOOLS_TRIMGALORE:TRIMGALORE (OSMOTIC_STRESS_T100_SE_REP2_T1),COMPLETED,0,-,quay.io/biocontainers/trim-galore:0.6.7--hdfd78af_0,2,21600000,-,6442450944,1,1785078590713,1785078590807,1785078596021,5308,4000,-,184.1,2.2,182505472,3406684160,182505472,3406688256,101575890,69872783,24627,15393,0,1274,3,/home/pranay/nextflow_benchmarks/work/1a/7ab2bdf3c1efe61b6678efce131290,-,-,AMD Ryzen 7 4800H with Radeon Graphics
11,-,1868,NFCORE_ATACSEQ:ATACSEQ:FASTQ_FASTQC_UMITOOLS_TRIMGALORE:TRIMGALORE,OSMOTIC_STRESS_T100_SE_REP1_T1,NFCORE_ATACSEQ:ATACSEQ:FASTQ_FASTQC_UMITOOLS_TRIMGALORE:TRIMGALORE (OSMOTIC_STRESS_T100_SE_REP1_T1),COMPLETED,0,-,quay.io/biocontainers/trim-galore:0.6.7--hdfd78af_0,2,21600000,-,6442450944,1,1785078596026,1785078596122,1785078601485,5459,5000,-,177.0,2.1,173178880,3406667776,173178880,3406680064,101164401,69411906,24590,15277,0,1291,1,/home/pranay/nextflow_benchmarks/work/d6/5a59051a0b8f5d7e40d36e9fafd303,-,-,AMD Ryzen 7 4800H with Radeon Graphics
7,-,1912,NFCORE_ATACSEQ:ATACSEQ:FASTQ_FASTQC_UMITOOLS_TRIMGALORE:FASTQC,OSMOTIC_STRESS_T0_PE_REP1_T1,NFCORE_ATACSEQ:ATACSEQ:FASTQ_FASTQC_UMITOOLS_TRIMGALORE:FASTQC (OSMOTIC_STRESS_T0_PE_REP1_T1),COMPLETED,0,-,quay.io/biocontainers/fastqc:0.11.9--0,2,21600000,-,6442450944,1,1785078601491,1785078601586,1785078606923,5432,3000,-,275.8,4.7,382918656,4171165696,382918656,4236460032,32380469,4200044,30327,12584,0,5,4,/home/pranay/nextflow_benchmarks/work/c5/b4ec8b127d092980a83eb2b2448376,-,-,AMD Ryzen 7 4800H with Radeon Graphics
10,-,1960,NFCORE_ATACSEQ:ATACSEQ:FASTQ_FASTQC_UMITOOLS_TRIMGALORE:FASTQC,OSMOTIC_STRESS_T100_SE_REP1_T1,NFCORE_ATACSEQ:ATACSEQ:FASTQ_FASTQC_UMITOOLS_TRIMGALORE:FASTQC (OSMOTIC_STRESS_T100_SE_REP1_T1),COMPLETED,0,-,quay.io/biocontainers/fastqc:0.11.9--0,2,21600000,-,6442450944,1,1785078606930,1785078607023,1785078611325,4395,3000,-,224.5,2.6,214016000,3757015040,214016000,3812204544,26071683,2078151,17295,6281,0,4,1,/home/pranay/nextflow_benchmarks/work/cb/8310a2748f5b8cf1dedfb6c5a875ed,-,-,AMD Ryzen 7 4800H with Radeon Graphics
6,-,2004,NFCORE_ATACSEQ:ATACSEQ:FASTQ_FASTQC_UMITOOLS_TRIMGALORE:TRIMGALORE,OSMOTIC_STRESS_T0_PE_REP1_T1,NFCORE_ATACSEQ:ATACSEQ:FASTQ_FASTQC_UMITOOLS_TRIMGALORE:TRIMGALORE (OSMOTIC_STRESS_T0_PE_REP1_T1),COMPLETED,0,-,quay.io/biocontainers/trim-galore:0.6.7--hdfd78af_0,2,21600000,-,6442450944,1,1785078611330,1785078611425,1785078623275,11945,12000,-,180.0,3.1,256602112,3553280000,256602112,3616198656,259690620,207799410,52055,37323,0,5602,7,/home/pranay/nextflow_benchmarks/work/33/50d4efe25c603324de9035e3675e91,-,-,AMD Ryzen 7 4800H with Radeon Graphics
20,-,2051,NFCORE_ATACSEQ:ATACSEQ:PREPARE_GENOME:TSS_EXTRACT,-,NFCORE_ATACSEQ:ATACSEQ:PREPARE_GENOME:TSS_EXTRACT,COMPLETED,0,-,quay.io/nf-core/ubuntu:20.04,1,14400000,-,6442450944,1,1785078623282,1785078623375,1785078624108,826,26,-,111.1,0.0,3252224,4087808,3252224,4096000,900217,612235,378,73,1134592,3,0,/home/pranay/nextflow_benchmarks/work/fa/94bc9afd655c5c2b73ab246254f6d4,-,-,AMD Ryzen 7 4800H with Radeon Graphics
15,-,2095,NFCORE_ATACSEQ:ATACSEQ:FASTQ_FASTQC_UMITOOLS_TRIMGALORE:FASTQC,OSMOTIC_STRESS_T150_SE_REP1_T1,NFCORE_ATACSEQ:ATACSEQ:FASTQ_FASTQC_UMITOOLS_TRIMGALORE:FASTQC (OSMOTIC_STRESS_T150_SE_REP1_T1),COMPLETED,0,-,quay.io/biocontainers/fastqc:0.11.9--0,2,21600000,-,6442450944,1,1785078624113,1785078624208,1785078628252,4139,3000,-,230.0,2.6,213626880,3688849408,214458368,3690311680,26196844,2069155,17515,6216,0,4,2,/home/pranay/nextflow_benchmarks/work/1a/d63d036769c27ac36187086fedd589,-,-,AMD Ryzen 7 4800H with Radeon Graphics
14,-,2135,NFCORE_ATACSEQ:ATACSEQ:FASTQ_FASTQC_UMITOOLS_TRIMGALORE:TRIMGALORE,OSMOTIC_STRESS_T150_SE_REP1_T1,NFCORE_ATACSEQ:ATACSEQ:FASTQ_FASTQC_UMITOOLS_TRIMGALORE:TRIMGALORE (OSMOTIC_STRESS_T150_SE_REP1_T1),COMPLETED,0,-,quay.io/biocontainers/trim-galore:0.6.7--hdfd78af_0,2,21600000,-,6442450944,1,1785078628259,1785078628352,1785078633428,5169,5000,-,191.9,2.1,172675072,3474776064,172675072,3474780160,103120492,71162605,25171,15613,0,1281,6,/home/pranay/nextflow_benchmarks/work/57/46d7c53c322b04a58145f3891a3d8e,-,-,AMD Ryzen 7 4800H with Radeon Graphics
16,-,2178,NFCORE_ATACSEQ:ATACSEQ:FASTQ_FASTQC_UMITOOLS_TRIMGALORE:TRIMGALORE,OSMOTIC_STRESS_T150_SE_REP1_T2,NFCORE_ATACSEQ:ATACSEQ:FASTQ_FASTQC_UMITOOLS_TRIMGALORE:TRIMGALORE (OSMOTIC_STRESS_T150_SE_REP1_T2),COMPLETED,0,-,quay.io/biocontainers/trim-galore:0.6.7--hdfd78af_0,2,21600000,-,6442450944,1,1785078633434,1785078633529,1785078639831,6397,6000,-,151.5,2.9,236990464,3619270656,236990464,3684286464,101947001,70043224,24883,15393,0,1843,12,/home/pranay/nextflow_benchmarks/work/72/23de10fa1dfa7a4efa636d396573fa,-,-,AMD Ryzen 7 4800H with Radeon Graphics
17,-,2224,NFCORE_ATACSEQ:ATACSEQ:FASTQ_FASTQC_UMITOOLS_TRIMGALORE:FASTQC,OSMOTIC_STRESS_T150_SE_REP1_T2,NFCORE_ATACSEQ:ATACSEQ:FASTQ_FASTQC_UMITOOLS_TRIMGALORE:FASTQC (OSMOTIC_STRESS_T150_SE_REP1_T2),COMPLETED,0,-,quay.io/biocontainers/fastqc:0.11.9--0,2,21600000,-,6442450944,1,1785078639836,1785078639931,1785078644958,5122,3000,-,166.2,2.9,239259648,3757010944,242872320,3817832448,26157268,2092668,17461,6272,0,4,1,/home/pranay/nextflow_benchmarks/work/a7/c086e019824fe03e3a070e0c1fcafa,-,-,AMD Ryzen 7 4800H with Radeon Graphics
18,-,2267,NFCORE_ATACSEQ:ATACSEQ:FASTQ_FASTQC_UMITOOLS_TRIMGALORE:TRIMGALORE,OSMOTIC_STRESS_T15_PE_REP1_T1,NFCORE_ATACSEQ:ATACSEQ:FASTQ_FASTQC_UMITOOLS_TRIMGALORE:TRIMGALORE (OSMOTIC_STRESS_T15_PE_REP1_T1),COMPLETED,0,-,quay.io/biocontainers/trim-galore:0.6.7--hdfd78af_0,2,21600000,-,6442450944,1,1785078644964,1785078645058,1785078657135,12171,11000,-,182.6,3.4,278970368,3555241984,278970368,3555246080,266954984,214730565,53455,38240,0,5906,13,/home/pranay/nextflow_benchmarks/work/e9/fd70258d693ae0ad1f74d3e066e061,-,-,AMD Ryzen 7 4800H with Radeon Graphics
19,-,2312,NFCORE_ATACSEQ:ATACSEQ:FASTQ_FASTQC_UMITOOLS_TRIMGALORE:FASTQC,OSMOTIC_STRESS_T15_PE_REP1_T1,NFCORE_ATACSEQ:ATACSEQ:FASTQ_FASTQC_UMITOOLS_TRIMGALORE:FASTQC (OSMOTIC_STRESS_T15_PE_REP1_T1),COMPLETED,0,-,quay.io/biocontainers/fastqc:0.11.9--0,2,21600000,-,6442450944,1,1785078657142,1785078657236,1785078662363,5221,4000,-,234.1,4.8,385011712,4165980160,387133440,4230008832,32631808,4175341,30793,12448,0,4,1,/home/pranay/nextflow_benchmarks/work/77/5c615e19a10e46834c845c82e57a8a,-,-,AMD Ryzen 7 4800H with Radeon Graphics
22,-,2357,NFCORE_ATACSEQ:ATACSEQ:FASTQ_FASTQC_UMITOOLS_TRIMGALORE:TRIMGALORE,OSMOTIC_STRESS_T15_PE_REP1_T2,NFCORE_ATACSEQ:ATACSEQ:FASTQ_FASTQC_UMITOOLS_TRIMGALORE:TRIMGALORE (OSMOTIC_STRESS_T15_PE_REP1_T2),COMPLETED,0,-,quay.io/biocontainers/trim-galore:0.6.7--hdfd78af_0,2,21600000,-,6442450944,1,1785078662369,1785078662463,1785078674632,12263,12000,-,173.9,3.4,280547328,3553202176,280547328,3616120832,262544425,210358506,53174,37655,0,5802,17,/home/pranay/nextflow_benchmarks/work/b2/06abf74b3e63a2847bfd6c41a5c8c1,-,-,AMD Ryzen 7 4800H with Radeon Graphics
21,-,2406,NFCORE_ATACSEQ:ATACSEQ:FASTQ_FASTQC_UMITOOLS_TRIMGALORE:FASTQC,OSMOTIC_STRESS_T15_PE_REP1_T2,NFCORE_ATACSEQ:ATACSEQ:FASTQ_FASTQC_UMITOOLS_TRIMGALORE:FASTQC (OSMOTIC_STRESS_T15_PE_REP1_T2),COMPLETED,0,-,quay.io/biocontainers/fastqc:0.11.9--0,2,21600000,-,6442450944,1,1785078674638,1785078674733,1785078679883,5245,3000,-,283.9,5.2,422563840,4029657088,422715392,4029661184,32797174,4205042,30956,12541,0,4,2,/home/pranay/nextflow_benchmarks/work/c2/945e96bf7eae58589a4eb605263008,-,-,AMD Ryzen 7 4800H with Radeon Graphics
23,-,2450,NFCORE_ATACSEQ:ATACSEQ:PREPARE_GENOME:GET_AUTOSOMES,genome.fa.fai,NFCORE_ATACSEQ:ATACSEQ:PREPARE_GENOME:GET_AUTOSOMES (genome.fa.fai),COMPLETED,0,-,quay.io/biocontainers/python:3.8.3,1,14400000,-,6442450944,1,1785078679888,1785078679983,1785078681584,1696,0,-,100.9,0.1,11968512,34717696,11968512,34721792,664119,397,238,17,0,1,0,/home/pranay/nextflow_benchmarks/work/44/71bc6757960de1de740c7049ad526e,-,-,AMD Ryzen 7 4800H with Radeon Graphics
24,-,2493,NFCORE_ATACSEQ:ATACSEQ:PREPARE_GENOME:GENOME_BLACKLIST_REGIONS,genome.fa.sizes,NFCORE_ATACSEQ:ATACSEQ:PREPARE_GENOME:GENOME_BLACKLIST_REGIONS (genome.fa.sizes),COMPLETED,0,-,quay.io/biocontainers/bedtools:2.30.0--hc088bd4_0,1,14400000,-,6442450944,1,1785078681590,1785078681684,1785078683264,1674,1000,-,71.6,0.0,6045696,34750464,6045696,34754560,43777,802,145,49,26599424,5,1,/home/pranay/nextflow_benchmarks/work/2a/f0fd3160223fbf2495a58eeefa6f78,-,-,AMD Ryzen 7 4800H with Radeon Graphics
25,-,2536,NFCORE_ATACSEQ:ATACSEQ:FASTQ_ALIGN_BWA:BWA_MEM,OSMOTIC_STRESS_T0_PE_REP2_T1,NFCORE_ATACSEQ:ATACSEQ:FASTQ_ALIGN_BWA:BWA_MEM (OSMOTIC_STRESS_T0_PE_REP2_T1),COMPLETED,0,-,quay.io/biocontainers/mulled-v2-fe8faa35dbf6dc65a0f7f5d4ea12e31a79f73e40:219b6c272b25e7e642ae3ff0bf0c5c81a5135ab4-0,2,21600000,-,6442450944,1,1785078683270,1785078683365,1785078690205,6935,5000,-,192.9,2.0,164950016,314118144,164950016,314650624,86773226,67384936,7119,14269,11509760,26,0,/home/pranay/nextflow_benchmarks/work/49/d876a020a58febc9492a33e6c36d6e,-,-,AMD Ryzen 7 4800H with Radeon Graphics
26,-,2583,NFCORE_ATACSEQ:ATACSEQ:FASTQ_ALIGN_BWA:BWA_MEM,OSMOTIC_STRESS_T100_SE_REP2_T1,NFCORE_ATACSEQ:ATACSEQ:FASTQ_ALIGN_BWA:BWA_MEM (OSMOTIC_STRESS_T100_SE_REP2_T1),COMPLETED,0,-,quay.io/biocontainers/mulled-v2-fe8faa35dbf6dc65a0f7f5d4ea12e31a79f73e40:219b6c272b25e7e642ae3ff0bf0c5c81a5135ab4-0,2,21600000,-,6442450944,1,1785078690211,1785078690305,1785078694470,4259,3000,-,193.5,1.1,93622272,305438720,93622272,305442816,52688286,32314856,3668,6821,0,5,1,/home/pranay/nextflow_benchmarks/work/09/6d2cea18bab8f6dff438915170ae59,-,-,AMD Ryzen 7 4800H with Radeon Graphics
27,-,2627,NFCORE_ATACSEQ:ATACSEQ:FASTQ_ALIGN_BWA:BWA_MEM,OSMOTIC_STRESS_T100_SE_REP1_T1,NFCORE_ATACSEQ:ATACSEQ:FASTQ_ALIGN_BWA:BWA_MEM (OSMOTIC_STRESS_T100_SE_REP1_T1),COMPLETED,0,-,quay.io/biocontainers/mulled-v2-fe8faa35dbf6dc65a0f7f5d4ea12e31a79f73e40:219b6c272b25e7e642ae3ff0bf0c5c81a5135ab4-0,2,21600000,-,6442450944,1,1785078694476,1785078694570,1785078698722,4246,3000,-,193.6,1.1,93429760,305438720,93429760,372551680,52348861,32001464,3848,6733,0,5,1,/home/pranay/nextflow_benchmarks/work/06/1cf83b4d6a9d55bbbc26fd093f9664,-,-,AMD Ryzen 7 4800H with Radeon Graphics
28,-,2671,NFCORE_ATACSEQ:ATACSEQ:FASTQ_ALIGN_BWA:BWA_MEM,OSMOTIC_STRESS_T0_PE_REP1_T1,NFCORE_ATACSEQ:ATACSEQ:FASTQ_ALIGN_BWA:BWA_MEM (OSMOTIC_STRESS_T0_PE_REP1_T1),COMPLETED,0,-,quay.io/biocontainers/mulled-v2-fe8faa35dbf6dc65a0f7f5d4ea12e31a79f73e40:219b6c272b25e7e642ae3ff0bf0c5c81a5135ab4-0,2,21600000,-,6442450944,1,1785078698727,1785078698823,1785078705358,6631,5000,-,195.8,2.0,170426368,314122240,170426368,314654720,86093112,66566641,7263,14111,0,5,2,/home/pranay/nextflow_benchmarks/work/4e/6a468c61a99ba67b3f6b13189bc24a,-,-,AMD Ryzen 7 4800H with Radeon Graphics
29,-,2720,NFCORE_ATACSEQ:ATACSEQ:FASTQ_ALIGN_BWA:BWA_MEM,OSMOTIC_STRESS_T150_SE_REP1_T1,NFCORE_ATACSEQ:ATACSEQ:FASTQ_ALIGN_BWA:BWA_MEM (OSMOTIC_STRESS_T150_SE_REP1_T1),COMPLETED,0,-,quay.io/biocontainers/mulled-v2-fe8faa35dbf6dc65a0f7f5d4ea12e31a79f73e40:219b6c272b25e7e642ae3ff0bf0c5c81a5135ab4-0,2,21600000,-,6442450944,1,1785078705364,1785078705459,1785078709572,4208,3000,-,184.5,1.2,99303424,305438720,99303424,372551680,53057170,32491543,3526,6859,0,5,1,/home/pranay/nextflow_benchmarks/work/cb/da83477d08c41b247438ef42795a69,-,-,AMD Ryzen 7 4800H with Radeon Graphics
30,-,2765,NFCORE_ATACSEQ:ATACSEQ:FASTQ_ALIGN_BWA:BWA_MEM,OSMOTIC_STRESS_T150_SE_REP1_T2,NFCORE_ATACSEQ:ATACSEQ:FASTQ_ALIGN_BWA:BWA_MEM (OSMOTIC_STRESS_T150_SE_REP1_T2),COMPLETED,0,-,quay.io/biocontainers/mulled-v2-fe8faa35dbf6dc65a0f7f5d4ea12e31a79f73e40:219b6c272b25e7e642ae3ff0bf0c5c81a5135ab4-0,2,21600000,-,6442450944,1,1785078709576,1785078709672,1785078713507,3931,3000,-,192.8,1.4,114614272,540057600,116191232,542461952,52399733,31909110,3671,6715,0,141,0,/home/pranay/nextflow_benchmarks/work/34/3664614d9a6a113eef137650abb503,-,-,AMD Ryzen 7 4800H with Radeon Graphics
31,-,2810,NFCORE_ATACSEQ:ATACSEQ:FASTQ_ALIGN_BWA:BWA_MEM,OSMOTIC_STRESS_T15_PE_REP1_T1,NFCORE_ATACSEQ:ATACSEQ:FASTQ_ALIGN_BWA:BWA_MEM (OSMOTIC_STRESS_T15_PE_REP1_T1),COMPLETED,0,-,quay.io/biocontainers/mulled-v2-fe8faa35dbf6dc65a0f7f5d4ea12e31a79f73e40:219b6c272b25e7e642ae3ff0bf0c5c81a5135ab4-0,2,21600000,-,6442450944,1,1785078713513,1785078713607,1785078719985,6472,5000,-,192.3,2.1,176062464,314122240,176062464,314654720,87694874,68131777,7477,14408,0,5,1,/home/pranay/nextflow_benchmarks/work/b4/320f03da911dab57a902a2d3185475,-,-,AMD Ryzen 7 4800H with Radeon Graphics
32,-,2857,NFCORE_ATACSEQ:ATACSEQ:FASTQ_ALIGN_BWA:BWA_MEM,OSMOTIC_STRESS_T15_PE_REP1_T2,NFCORE_ATACSEQ:ATACSEQ:FASTQ_ALIGN_BWA:BWA_MEM (OSMOTIC_STRESS_T15_PE_REP1_T2),COMPLETED,0,-,quay.io/biocontainers/mulled-v2-fe8faa35dbf6dc65a0f7f5d4ea12e31a79f73e40:219b6c272b25e7e642ae3ff0bf0c5c81a5135ab4-0,2,21600000,-,6442450944,1,1785078719990,1785078720085,1785078726696,6706,5000,-,192.3,2.0,166436864,314118144,166436864,381231104,86404092,66701164,7568,14116,0,5,1,/home/pranay/nextflow_benchmarks/work/98/49dfe1567ad2c1337849631028d385,-,-,AMD Ryzen 7 4800H with Radeon Graphics
33,-,2905,NFCORE_ATACSEQ:ATACSEQ:FASTQ_ALIGN_BWA:BAM_SORT_STATS_SAMTOOLS:SAMTOOLS_SORT,OSMOTIC_STRESS_T0_PE_REP2_T1,NFCORE_ATACSEQ:ATACSEQ:FASTQ_ALIGN_BWA:BAM_SORT_STATS_SAMTOOLS:SAMTOOLS_SORT (OSMOTIC_STRESS_T0_PE_REP2_T1),COMPLETED,0,-,quay.io/biocontainers/samtools:1.17--h00cdaf9_0,2,21600000,-,6442450944,1,1785078726701,1785078726796,1785078727910,1209,0,-,183.7,0.3,24293376,1855283200,24293376,1855287296,12222604,8584393,227,24,10199040,43,0,/home/pranay/nextflow_benchmarks/work/d6/59e1ab4e8d7a580c3022de776c1229,-,-,AMD Ryzen 7 4800H with Radeon Graphics
34,-,2948,NFCORE_ATACSEQ:ATACSEQ:FASTQ_ALIGN_BWA:BAM_SORT_STATS_SAMTOOLS:SAMTOOLS_SORT,OSMOTIC_STRESS_T100_SE_REP2_T1,NFCORE_ATACSEQ:ATACSEQ:FASTQ_ALIGN_BWA:BAM_SORT_STATS_SAMTOOLS:SAMTOOLS_SORT (OSMOTIC_STRESS_T100_SE_REP2_T1),COMPLETED,0,-,quay.io/biocontainers/samtools:1.17--h00cdaf9_0,2,21600000,-,6442450944,1,1785078727915,1785078728011,1785078728784,869,0,-,181.0,0.4,35647488,1856856064,35647488,1856860160,6148010,4090771,224,21,0,40,0,/home/pranay/nextflow_benchmarks/work/c0/7814b13f9ad1d616bd5efc32f70805,-,-,AMD Ryzen 7 4800H with Radeon Graphics
35,-,2990,NFCORE_ATACSEQ:ATACSEQ:FASTQ_ALIGN_BWA:BAM_SORT_STATS_SAMTOOLS:SAMTOOLS_SORT,OSMOTIC_STRESS_T100_SE_REP1_T1,NFCORE_ATACSEQ:ATACSEQ:FASTQ_ALIGN_BWA:BAM_SORT_STATS_SAMTOOLS:SAMTOOLS_SORT (OSMOTIC_STRESS_T100_SE_REP1_T1),COMPLETED,0,-,quay.io/biocontainers/samtools:1.17--h00cdaf9_0,2,21600000,-,6442450944,1,1785078728788,1785078728884,1785078729717,929,0,-,181.1,0.3,29216768,1855283200,29216768,1855287296,6176307,4271013,224,22,0,9,1,/home/pranay/nextflow_benchmarks/work/0b/1b7ee348d5355e85a00b44fb979d5d,-,-,AMD Ryzen 7 4800H with Radeon Graphics
36,-,3033,NFCORE_ATACSEQ:ATACSEQ:FASTQ_ALIGN_BWA:BAM_SORT_STATS_SAMTOOLS:SAMTOOLS_SORT,OSMOTIC_STRESS_T0_PE_REP1_T1,NFCORE_ATACSEQ:ATACSEQ:FASTQ_ALIGN_BWA:BAM_SORT_STATS_SAMTOOLS:SAMTOOLS_SORT (OSMOTIC_STRESS_T0_PE_REP1_T1),COMPLETED,0,-,quay.io/biocontainers/samtools:1.17--h00cdaf9_0,2,21600000,-,6442450944,1,1785078729722,1785078729817,1785078730944,1222,0,-,192.1,0.3,28925952,1855283200,28925952,1855287296,12016046,8711880,227,24,0,9,2,/home/pranay/nextflow_benchmarks/work/29/09de92f77be92c7bbfcdb30059beeb,-,-,AMD Ryzen 7 4800H with Radeon Graphics
37,-,3076,NFCORE_ATACSEQ:ATACSEQ:FASTQ_ALIGN_BWA:BAM_SORT_STATS_SAMTOOLS:SAMTOOLS_SORT,OSMOTIC_STRESS_T150_SE_REP1_T1,NFCORE_ATACSEQ:ATACSEQ:FASTQ_ALIGN_BWA:BAM_SORT_STATS_SAMTOOLS:SAMTOOLS_SORT (OSMOTIC_STRESS_T150_SE_REP1_T1),COMPLETED,0,-,quay.io/biocontainers/samtools:1.17--h00cdaf9_0,2,21600000,-,6442450944,1,1785078730948,1785078731044,1785078731851,903,0,-,178.9,0.3,30367744,1856856064,30367744,1856860160,6173341,4328857,224,22,0,29,1,/home/pranay/nextflow_benchmarks/work/d3/2f8958bd032a8847ee461f4fc41366,-,-,AMD Ryzen 7 4800H with Radeon Graphics
38,-,3118,NFCORE_ATACSEQ:ATACSEQ:FASTQ_ALIGN_BWA:BAM_SORT_STATS_SAMTOOLS:SAMTOOLS_SORT,OSMOTIC_STRESS_T150_SE_REP1_T2,NFCORE_ATACSEQ:ATACSEQ:FASTQ_ALIGN_BWA:BAM_SORT_STATS_SAMTOOLS:SAMTOOLS_SORT (OSMOTIC_STRESS_T150_SE_REP1_T2),COMPLETED,0,-,quay.io/biocontainers/samtools:1.17--h00cdaf9_0,2,21600000,-,6442450944,1,1785078731855,1785078731951,1785078732784,929,0,-,179.9,0.3,27217920,1855283200,27217920,1855287296,6149354,4409309,224,22,0,9,3,/home/pranay/nextflow_benchmarks/work/7d/5175723c54f0f9fd0d573d2f8ab6ab,-,-,AMD Ryzen 7 4800H with Radeon Graphics
39,-,3161,NFCORE_ATACSEQ:ATACSEQ:FASTQ_ALIGN_BWA:BAM_SORT_STATS_SAMTOOLS:SAMTOOLS_SORT,OSMOTIC_STRESS_T15_PE_REP1_T1,NFCORE_ATACSEQ:ATACSEQ:FASTQ_ALIGN_BWA:BAM_SORT_STATS_SAMTOOLS:SAMTOOLS_SORT (OSMOTIC_STRESS_T15_PE_REP1_T1),COMPLETED,0,-,quay.io/biocontainers/samtools:1.17--h00cdaf9_0,2,21600000,-,6442450944,1,1785078732790,1785078732884,1785078734012,1222,0,-,194.1,0.3,26624000,1855283200,26624000,1855287296,12418543,9012952,227,24,0,18,2,/home/pranay/nextflow_benchmarks/work/c7/8ec7d3f91e2fc870c6c650a6752cb2,-,-,AMD Ryzen 7 4800H with Radeon Graphics
40,-,3204,NFCORE_ATACSEQ:ATACSEQ:FASTQ_ALIGN_BWA:BAM_SORT_STATS_SAMTOOLS:SAMTOOLS_SORT,OSMOTIC_STRESS_T15_PE_REP1_T2,NFCORE_ATACSEQ:ATACSEQ:FASTQ_ALIGN_BWA:BAM_SORT_STATS_SAMTOOLS:SAMTOOLS_SORT (OSMOTIC_STRESS_T15_PE_REP1_T2),COMPLETED,0,-,quay.io/biocontainers/samtools:1.17--h00cdaf9_0,2,21600000,-,6442450944,1,1785078734017,1785078734112,1785078735259,1242,0,-,195.0,0.3,28569600,1855283200,28569600,1855287296,12131078,9056853,227,25,0,12,0,/home/pranay/nextflow_benchmarks/work/7e/cd725d63698adf84734899d98a1012,-,-,AMD Ryzen 7 4800H with Radeon Graphics
41,-,3249,NFCORE_ATACSEQ:ATACSEQ:FASTQ_ALIGN_BWA:BAM_SORT_STATS_SAMTOOLS:SAMTOOLS_INDEX,OSMOTIC_STRESS_T0_PE_REP2_T1,NFCORE_ATACSEQ:ATACSEQ:FASTQ_ALIGN_BWA:BAM_SORT_STATS_SAMTOOLS:SAMTOOLS_INDEX (OSMOTIC_STRESS_T0_PE_REP2_T1),COMPLETED,0,-,quay.io/biocontainers/samtools:1.17--h00cdaf9_0,2,14400000,-,6442450944,1,1785078735263,1785078735359,1785078736084,821,0,-,120.8,0.1,7434240,164429824,7434240,231677952,8687266,16580,1636,21,0,442,1,/home/pranay/nextflow_benchmarks/work/e0/4353f12260b0a55c8f6a9f182f2008,-,-,AMD Ryzen 7 4800H with Radeon Graphics
42,-,3291,NFCORE_ATACSEQ:ATACSEQ:FASTQ_ALIGN_BWA:BAM_SORT_STATS_SAMTOOLS:SAMTOOLS_INDEX,OSMOTIC_STRESS_T100_SE_REP2_T1,NFCORE_ATACSEQ:ATACSEQ:FASTQ_ALIGN_BWA:BAM_SORT_STATS_SAMTOOLS:SAMTOOLS_INDEX (OSMOTIC_STRESS_T100_SE_REP2_T1),COMPLETED,0,-,quay.io/biocontainers/samtools:1.17--h00cdaf9_0,2,14400000,-,6442450944,1,1785078736092,1785078736184,1785078736849,757,0,-,107.4,0.0,7356416,164429824,7356416,231677952,4193669,19092,916,22,0,428,0,/home/pranay/nextflow_benchmarks/work/66/ef5345dafdcb65d8783b6b9070729a,-,-,AMD Ryzen 7 4800H with Radeon Graphics
43,-,3332,NFCORE_ATACSEQ:ATACSEQ:FASTQ_ALIGN_BWA:BAM_SORT_STATS_SAMTOOLS:SAMTOOLS_INDEX,OSMOTIC_STRESS_T100_SE_REP1_T1,NFCORE_ATACSEQ:ATACSEQ:FASTQ_ALIGN_BWA:BAM_SORT_STATS_SAMTOOLS:SAMTOOLS_INDEX (OSMOTIC_STRESS_T100_SE_REP1_T1),COMPLETED,0,-,quay.io/biocontainers/samtools:1.17--h00cdaf9_0,2,14400000,-,6442450944,1,1785078736856,1785078736949,1785078737556,700,0,-,110.3,0.1,7360512,164429824,7360512,231677952,4373916,18244,906,22,0,465,1,/home/pranay/nextflow_benchmarks/work/89/979ce67ec3c669784584f5f470631b,-,-,AMD Ryzen 7 4800H with Radeon Graphics
44,-,3373,NFCORE_ATACSEQ:ATACSEQ:FASTQ_ALIGN_BWA:BAM_SORT_STATS_SAMTOOLS:SAMTOOLS_INDEX,OSMOTIC_STRESS_T0_PE_REP1_T1,NFCORE_ATACSEQ:ATACSEQ:FASTQ_ALIGN_BWA:BAM_SORT_STATS_SAMTOOLS:SAMTOOLS_INDEX (OSMOTIC_STRESS_T0_PE_REP1_T1),COMPLETED,0,-,quay.io/biocontainers/samtools:1.17--h00cdaf9_0,2,14400000,-,6442450944,1,1785078737562,1785078737656,1785078738291,729,1000,-,128.6,0.1,7520256,164429824,7520256,231677952,8814772,15060,1618,21,0,394,0,/home/pranay/nextflow_benchmarks/work/88/c2fd11dadceb6c73bc0eddec147ec2,-,-,AMD Ryzen 7 4800H with Radeon Graphics
45,-,3415,NFCORE_ATACSEQ:ATACSEQ:FASTQ_ALIGN_BWA:BAM_SORT_STATS_SAMTOOLS:SAMTOOLS_INDEX,OSMOTIC_STRESS_T150_SE_REP1_T1,NFCORE_ATACSEQ:ATACSEQ:FASTQ_ALIGN_BWA:BAM_SORT_STATS_SAMTOOLS:SAMTOOLS_INDEX (OSMOTIC_STRESS_T150_SE_REP1_T1),COMPLETED,0,-,quay.io/biocontainers/samtools:1.17--h00cdaf9_0,2,14400000,-,6442450944,1,1785078738299,1785078738391,1785078738985,686,0,-,115.1,0.0,7356416,164429824,7356416,231677952,4431761,16644,917,21,0,448,0,/home/pranay/nextflow_benchmarks/work/48/d30ded1ea97f312aee2cc9490cef5d,-,-,AMD Ryzen 7 4800H with Radeon Graphics
46,-,3457,NFCORE_ATACSEQ:ATACSEQ:FASTQ_ALIGN_BWA:BAM_SORT_STATS_SAMTOOLS:SAMTOOLS_INDEX,OSMOTIC_STRESS_T150_SE_REP1_T2,NFCORE_ATACSEQ:ATACSEQ:FASTQ_ALIGN_BWA:BAM_SORT_STATS_SAMTOOLS:SAMTOOLS_INDEX (OSMOTIC_STRESS_T150_SE_REP1_T2),COMPLETED,0,-,quay.io/biocontainers/samtools:1.17--h00cdaf9_0,2,14400000,-,6442450944,1,1785078738992,1785078739085,1785078739669,677,0,-,110.8,0.0,7405568,164429824,7405568,231677952,4512206,16667,904,21,0,451,0,/home/pranay/nextflow_benchmarks/work/5e/d153a1517df5fed8591845404d02b4,-,-,AMD Ryzen 7 4800H with Radeon Graphics
47,-,3498,NFCORE_ATACSEQ:ATACSEQ:FASTQ_ALIGN_BWA:BAM_SORT_STATS_SAMTOOLS:SAMTOOLS_INDEX,OSMOTIC_STRESS_T15_PE_REP1_T1,NFCORE_ATACSEQ:ATACSEQ:FASTQ_ALIGN_BWA:BAM_SORT_STATS_SAMTOOLS:SAMTOOLS_INDEX (OSMOTIC_STRESS_T15_PE_REP1_T1),COMPLETED,0,-,quay.io/biocontainers/samtools:1.17--h00cdaf9_0,2,14400000,-,6442450944,1,1785078739675,1785078739769,1785078740396,721,0,-,128.3,0.1,7352320,164429824,7352320,231677952,9115848,15580,1644,21,0,384,0,/home/pranay/nextflow_benchmarks/work/c8/e70dfc26bfabc25b812e9e90e6d500,-,-,AMD Ryzen 7 4800H with Radeon Graphics
48,-,3540,NFCORE_ATACSEQ:ATACSEQ:FASTQ_ALIGN_BWA:BAM_SORT_STATS_SAMTOOLS:SAMTOOLS_INDEX,OSMOTIC_STRESS_T15_PE_REP1_T2,NFCORE_ATACSEQ:ATACSEQ:FASTQ_ALIGN_BWA:BAM_SORT_STATS_SAMTOOLS:SAMTOOLS_INDEX (OSMOTIC_STRESS_T15_PE_REP1_T2),COMPLETED,0,-,quay.io/biocontainers/samtools:1.17--h00cdaf9_0,2,14400000,-,6442450944,1,1785078740402,1785078740496,1785078741127,725,0,-,138.8,0.0,7385088,164429824,7385088,231677952,9159745,15709,1618,21,0,367,0,/home/pranay/nextflow_benchmarks/work/69/8881dead38a23a56faabe4ac29e132,-,-,AMD Ryzen 7 4800H with Radeon Graphics
50,-,3579,NFCORE_ATACSEQ:ATACSEQ:PICARD_MERGESAMFILES_LIBRARY,OSMOTIC_STRESS_T100_SE_REP2,NFCORE_ATACSEQ:ATACSEQ:PICARD_MERGESAMFILES_LIBRARY (OSMOTIC_STRESS_T100_SE_REP2),COMPLETED,0,-,quay.io/biocontainers/picard:3.0.0--hdfd78af_1,2,21600000,-,6442450944,1,1785078741135,1785078741227,1785078745007,3872,1000,-,160.8,0.0,15978496,37908480,15978496,37912576,8339097,7467,4389,38,52109312,12,1,/home/pranay/nextflow_benchmarks/work/48/d3e8261b52d5cf2d49459d76a25be1,-,-,AMD Ryzen 7 4800H with Radeon Graphics
49,-,3647,NFCORE_ATACSEQ:ATACSEQ:PICARD_MERGESAMFILES_LIBRARY,OSMOTIC_STRESS_T0_PE_REP2,NFCORE_ATACSEQ:ATACSEQ:PICARD_MERGESAMFILES_LIBRARY (OSMOTIC_STRESS_T0_PE_REP2),COMPLETED,0,-,quay.io/biocontainers/picard:3.0.0--hdfd78af_1,2,21600000,-,6442450944,1,1785078745012,1785078745107,1785078747790,2778,1000,-,186.3,0.0,19660800,43556864,19660800,43565056,8339092,7467,4389,38,0,21,1,/home/pranay/nextflow_benchmarks/work/e5/95f5f2cb56ed9915b660ba716d460c,-,-,AMD Ryzen 7 4800H with Radeon Graphics
54,-,3690,NFCORE_ATACSEQ:ATACSEQ:PICARD_MERGESAMFILES_LIBRARY,OSMOTIC_STRESS_T15_PE_REP1,NFCORE_ATACSEQ:ATACSEQ:PICARD_MERGESAMFILES_LIBRARY (OSMOTIC_STRESS_T15_PE_REP1),COMPLETED,0,-,quay.io/biocontainers/picard:3.0.0--hdfd78af_1,2,21600000,-,6442450944,1,1785078747795,1785078747891,1785078753736,5941,4000,-,256.3,3.4,277884928,9319776256,277884928,9390829568,36031256,18881064,11895,394,139264,11,1,/home/pranay/nextflow_benchmarks/work/10/5cfa24c8a3359b7bedf9254590c03e,-,-,AMD Ryzen 7 4800H with Radeon Graphics
52,-,3735,NFCORE_ATACSEQ:ATACSEQ:PICARD_MERGESAMFILES_LIBRARY,OSMOTIC_STRESS_T0_PE_REP1,NFCORE_ATACSEQ:ATACSEQ:PICARD_MERGESAMFILES_LIBRARY (OSMOTIC_STRESS_T0_PE_REP1),COMPLETED,0,-,quay.io/biocontainers/picard:3.0.0--hdfd78af_1,2,21600000,-,6442450944,1,1785078753740,1785078753836,1785078756468,2728,1000,-,193.9,0.0,20074496,43556864,20074496,43565056,8339090,7467,4389,38,0,19,2,/home/pranay/nextflow_benchmarks/work/cd/4804b9da9523a1fff927318c254b98,-,-,AMD Ryzen 7 4800H with Radeon Graphics
51,-,3778,NFCORE_ATACSEQ:ATACSEQ:PICARD_MERGESAMFILES_LIBRARY,OSMOTIC_STRESS_T100_SE_REP1,NFCORE_ATACSEQ:ATACSEQ:PICARD_MERGESAMFILES_LIBRARY (OSMOTIC_STRESS_T100_SE_REP1),COMPLETED,0,-,quay.io/biocontainers/picard:3.0.0--hdfd78af_1,2,21600000,-,6442450944,1,1785078756472,1785078756568,1785078759109,2637,0,-,193.0,0.0,19066880,43556864,19066880,43565056,8339095,7467,4389,38,0,18,0,/home/pranay/nextflow_benchmarks/work/ec/e9aab57e44f1068f8b39eba2b88a41,-,-,AMD Ryzen 7 4800H with Radeon Graphics
53,-,3821,NFCORE_ATACSEQ:ATACSEQ:PICARD_MERGESAMFILES_LIBRARY,OSMOTIC_STRESS_T150_SE_REP1,NFCORE_ATACSEQ:ATACSEQ:PICARD_MERGESAMFILES_LIBRARY (OSMOTIC_STRESS_T150_SE_REP1),COMPLETED,0,-,quay.io/biocontainers/picard:3.0.0--hdfd78af_1,2,21600000,-,6442450944,1,1785078759113,1785078759209,1785078763977,4864,3000,-,281.0,3.1,253702144,9257066496,255225856,9318727680,26699624,9579660,10455,320,0,18,3,/home/pranay/nextflow_benchmarks/work/2f/48810ad1accb52d23bfe0358b7c578,-,-,AMD Ryzen 7 4800H with Radeon Graphics
56,-,3867,NFCORE_ATACSEQ:ATACSEQ:FASTQ_ALIGN_BWA:BAM_SORT_STATS_SAMTOOLS:BAM_STATS_SAMTOOLS:SAMTOOLS_IDXSTATS,OSMOTIC_STRESS_T0_PE_REP2_T1,NFCORE_ATACSEQ:ATACSEQ:FASTQ_ALIGN_BWA:BAM_SORT_STATS_SAMTOOLS:BAM_STATS_SAMTOOLS:SAMTOOLS_IDXSTATS (OSMOTIC_STRESS_T0_PE_REP2_T1),COMPLETED,0,-,quay.io/biocontainers/samtools:1.17--h00cdaf9_0,1,14400000,-,6442450944,1,1785078763982,1785078764077,1785078764659,677,0,-,84.2,0.0,3399680,5648384,3399680,5652480,124379,5296,224,19,0,2,0,/home/pranay/nextflow_benchmarks/work/57/b0beb6fd9eea9a6a1362dbc926579d,-,-,AMD Ryzen 7 4800H with Radeon Graphics
62,-,3913,NFCORE_ATACSEQ:ATACSEQ:FASTQ_ALIGN_BWA:BAM_SORT_STATS_SAMTOOLS:BAM_STATS_SAMTOOLS:SAMTOOLS_FLAGSTAT,OSMOTIC_STRESS_T100_SE_REP1_T1,NFCORE_ATACSEQ:ATACSEQ:FASTQ_ALIGN_BWA:BAM_SORT_STATS_SAMTOOLS:BAM_STATS_SAMTOOLS:SAMTOOLS_FLAGSTAT (OSMOTIC_STRESS_T100_SE_REP1_T1),COMPLETED,0,-,quay.io/biocontainers/samtools:1.17--h00cdaf9_0,1,14400000,-,6442450944,1,1785078764663,1785078764760,1785078765349,686,0,-,114.3,0.0,7434240,164429824,7434240,231677952,4374053,5434,906,19,0,392,0,/home/pranay/nextflow_benchmarks/work/42/32e0f659c31d2e4b4839cd8d5e2db5,-,-,AMD Ryzen 7 4800H with Radeon Graphics
68,-,3958,NFCORE_ATACSEQ:ATACSEQ:FASTQ_ALIGN_BWA:BAM_SORT_STATS_SAMTOOLS:BAM_STATS_SAMTOOLS:SAMTOOLS_FLAGSTAT,OSMOTIC_STRESS_T15_PE_REP1_T1,NFCORE_ATACSEQ:ATACSEQ:FASTQ_ALIGN_BWA:BAM_SORT_STATS_SAMTOOLS:BAM_STATS_SAMTOOLS:SAMTOOLS_FLAGSTAT (OSMOTIC_STRESS_T15_PE_REP1_T1),COMPLETED,0,-,quay.io/biocontainers/samtools:1.17--h00cdaf9_0,1,14400000,-,6442450944,1,1785078765352,1785078765449,1785078766081,729,0,-,117.3,0.1,7561216,164429824,7561216,231677952,9115986,5470,1644,19,0,383,2,/home/pranay/nextflow_benchmarks/work/ab/d8ef5337dafbe81c5c6ce9ee83dbdc,-,-,AMD Ryzen 7 4800H with Radeon Graphics
75,-,4002,NFCORE_ATACSEQ:ATACSEQ:FASTQ_ALIGN_BWA:BAM_SORT_STATS_SAMTOOLS:BAM_STATS_SAMTOOLS:SAMTOOLS_IDXSTATS,OSMOTIC_STRESS_T15_PE_REP1_T2,NFCORE_ATACSEQ:ATACSEQ:FASTQ_ALIGN_BWA:BAM_SORT_STATS_SAMTOOLS:BAM_STATS_SAMTOOLS:SAMTOOLS_IDXSTATS (OSMOTIC_STRESS_T15_PE_REP1_T2),COMPLETED,0,-,quay.io/biocontainers/samtools:1.17--h00cdaf9_0,1,14400000,-,6442450944,1,1785078766086,1785078766181,1785078766812,726,0,-,100.0,0.0,3371008,5648384,3371008,5652480,123506,5298,224,19,0,2,0,/home/pranay/nextflow_benchmarks/work/d3/100d0076e45715b6a1fdb244455424,-,-,AMD Ryzen 7 4800H with Radeon Graphics
65,-,4047,NFCORE_ATACSEQ:ATACSEQ:FASTQ_ALIGN_BWA:BAM_SORT_STATS_SAMTOOLS:BAM_STATS_SAMTOOLS:SAMTOOLS_FLAGSTAT,OSMOTIC_STRESS_T150_SE_REP1_T1,NFCORE_ATACSEQ:ATACSEQ:FASTQ_ALIGN_BWA:BAM_SORT_STATS_SAMTOOLS:BAM_STATS_SAMTOOLS:SAMTOOLS_FLAGSTAT (OSMOTIC_STRESS_T150_SE_REP1_T1),COMPLETED,0,-,quay.io/biocontainers/samtools:1.17--h00cdaf9_0,1,14400000,-,6442450944,1,1785078766817,1785078766912,1785078767571,754,0,-,115.0,0.1,7450624,164429824,7450624,231677952,4431902,5434,917,19,0,454,1,/home/pranay/nextflow_benchmarks/work/9d/dd540528b0f0e03db39b786e1c37c7,-,-,AMD Ryzen 7 4800H with Radeon Graphics
59,-,4091,NFCORE_ATACSEQ:ATACSEQ:FASTQ_ALIGN_BWA:BAM_SORT_STATS_SAMTOOLS:BAM_STATS_SAMTOOLS:SAMTOOLS_IDXSTATS,OSMOTIC_STRESS_T100_SE_REP2_T1,NFCORE_ATACSEQ:ATACSEQ:FASTQ_ALIGN_BWA:BAM_SORT_STATS_SAMTOOLS:BAM_STATS_SAMTOOLS:SAMTOOLS_IDXSTATS (OSMOTIC_STRESS_T100_SE_REP2_T1),COMPLETED,0,-,quay.io/biocontainers/samtools:1.17--h00cdaf9_0,1,14400000,-,6442450944,1,1785078767576,1785078767671,1785078768282,706,1000,-,98.5,0.0,3444736,5648384,3444736,5652480,126899,5275,224,19,0,2,0,/home/pranay/nextflow_benchmarks/work/ca/fd6918294963ee2eb11c0a6eb9fcdd,-,-,AMD Ryzen 7 4800H with Radeon Graphics
63,-,4135,NFCORE_ATACSEQ:ATACSEQ:FASTQ_ALIGN_BWA:BAM_SORT_STATS_SAMTOOLS:BAM_STATS_SAMTOOLS:SAMTOOLS_IDXSTATS,OSMOTIC_STRESS_T0_PE_REP1_T1,NFCORE_ATACSEQ:ATACSEQ:FASTQ_ALIGN_BWA:BAM_SORT_STATS_SAMTOOLS:BAM_STATS_SAMTOOLS:SAMTOOLS_IDXSTATS (OSMOTIC_STRESS_T0_PE_REP1_T1),COMPLETED,0,-,quay.io/biocontainers/samtools:1.17--h00cdaf9_0,1,14400000,-,6442450944,1,1785078768287,1785078768382,1785078768949,662,0,-,103.2,0.0,3457024,5648384,3457024,5652480,122863,5294,224,19,0,2,0,/home/pranay/nextflow_benchmarks/work/ac/27d9f05edb688886c978567aaf1295,-,-,AMD Ryzen 7 4800H with Radeon Graphics
66,-,4178,NFCORE_ATACSEQ:ATACSEQ:FASTQ_ALIGN_BWA:BAM_SORT_STATS_SAMTOOLS:BAM_STATS_SAMTOOLS:SAMTOOLS_IDXSTATS,OSMOTIC_STRESS_T150_SE_REP1_T1,NFCORE_ATACSEQ:ATACSEQ:FASTQ_ALIGN_BWA:BAM_SORT_STATS_SAMTOOLS:BAM_STATS_SAMTOOLS:SAMTOOLS_IDXSTATS (OSMOTIC_STRESS_T150_SE_REP1_T1),COMPLETED,0,-,quay.io/biocontainers/samtools:1.17--h00cdaf9_0,1,14400000,-,6442450944,1,1785078768954,1785078769050,1785078769699,745,0,-,108.5,0.0,3395584,5648384,3395584,5652480,124446,5277,224,19,0,2,0,/home/pranay/nextflow_benchmarks/work/d2/afb76b4ecfa3fe658c15b551b451f9,-,-,AMD Ryzen 7 4800H with Radeon Graphics
61,-,4223,NFCORE_ATACSEQ:ATACSEQ:FASTQ_ALIGN_BWA:BAM_SORT_STATS_SAMTOOLS:BAM_STATS_SAMTOOLS:SAMTOOLS_IDXSTATS,OSMOTIC_STRESS_T100_SE_REP1_T1,NFCORE_ATACSEQ:ATACSEQ:FASTQ_ALIGN_BWA:BAM_SORT_STATS_SAMTOOLS:BAM_STATS_SAMTOOLS:SAMTOOLS_IDXSTATS (OSMOTIC_STRESS_T100_SE_REP1_T1),COMPLETED,0,-,quay.io/biocontainers/samtools:1.17--h00cdaf9_0,1,14400000,-,6442450944,1,1785078769702,1785078769799,1785078770440,738,0,-,101.6,0.0,3436544,5648384,3436544,5652480,126052,5277,224,19,0,2,0,/home/pranay/nextflow_benchmarks/work/80/7d80ec4312bda15535077f78dfa2c8,-,-,AMD Ryzen 7 4800H with Radeon Graphics
67,-,4266,NFCORE_ATACSEQ:ATACSEQ:FASTQ_ALIGN_BWA:BAM_SORT_STATS_SAMTOOLS:BAM_STATS_SAMTOOLS:SAMTOOLS_FLAGSTAT,OSMOTIC_STRESS_T150_SE_REP1_T2,NFCORE_ATACSEQ:ATACSEQ:FASTQ_ALIGN_BWA:BAM_SORT_STATS_SAMTOOLS:BAM_STATS_SAMTOOLS:SAMTOOLS_FLAGSTAT (OSMOTIC_STRESS_T150_SE_REP1_T2),COMPLETED,0,-,quay.io/biocontainers/samtools:1.17--h00cdaf9_0,1,14400000,-,6442450944,1,1785078770445,1785078770540,1785078771118,673,0,-,115.9,0.0,7372800,164429824,7372800,231677952,4512350,5434,904,19,0,437,1,/home/pranay/nextflow_benchmarks/work/e1/b9b557a8a7490f5d055da920184fe3,-,-,AMD Ryzen 7 4800H with Radeon Graphics
58,-,4311,NFCORE_ATACSEQ:ATACSEQ:FASTQ_ALIGN_BWA:BAM_SORT_STATS_SAMTOOLS:BAM_STATS_SAMTOOLS:SAMTOOLS_FLAGSTAT,OSMOTIC_STRESS_T100_SE_REP2_T1,NFCORE_ATACSEQ:ATACSEQ:FASTQ_ALIGN_BWA:BAM_SORT_STATS_SAMTOOLS:BAM_STATS_SAMTOOLS:SAMTOOLS_FLAGSTAT (OSMOTIC_STRESS_T100_SE_REP2_T1),COMPLETED,0,-,quay.io/biocontainers/samtools:1.17--h00cdaf9_0,1,14400000,-,6442450944,1,1785078771122,1785078771219,1785078771831,709,0,-,114.3,0.1,7512064,164429824,7512064,231677952,4193816,5433,916,19,0,412,1,/home/pranay/nextflow_benchmarks/work/60/1105dc0de0402231d4566a38a01cca,-,-,AMD Ryzen 7 4800H with Radeon Graphics
64,-,4353,NFCORE_ATACSEQ:ATACSEQ:FASTQ_ALIGN_BWA:BAM_SORT_STATS_SAMTOOLS:BAM_STATS_SAMTOOLS:SAMTOOLS_FLAGSTAT,OSMOTIC_STRESS_T0_PE_REP1_T1,NFCORE_ATACSEQ:ATACSEQ:FASTQ_ALIGN_BWA:BAM_SORT_STATS_SAMTOOLS:BAM_STATS_SAMTOOLS:SAMTOOLS_FLAGSTAT (OSMOTIC_STRESS_T0_PE_REP1_T1),COMPLETED,0,-,quay.io/biocontainers/samtools:1.17--h00cdaf9_0,1,14400000,-,6442450944,1,1785078771834,1785078771931,1785078772544,710,0,-,129.5,0.1,7319552,164429824,7319552,231677952,8814915,5470,1618,19,0,417,0,/home/pranay/nextflow_benchmarks/work/04/e5306d7a2deb210518ab0e05d472e0,-,-,AMD Ryzen 7 4800H with Radeon Graphics
69,-,4397,NFCORE_ATACSEQ:ATACSEQ:FASTQ_ALIGN_BWA:BAM_SORT_STATS_SAMTOOLS:BAM_STATS_SAMTOOLS:SAMTOOLS_FLAGSTAT,OSMOTIC_STRESS_T15_PE_REP1_T2,NFCORE_ATACSEQ:ATACSEQ:FASTQ_ALIGN_BWA:BAM_SORT_STATS_SAMTOOLS:BAM_STATS_SAMTOOLS:SAMTOOLS_FLAGSTAT (OSMOTIC_STRESS_T15_PE_REP1_T2),COMPLETED,0,-,quay.io/biocontainers/samtools:1.17--h00cdaf9_0,1,14400000,-,6442450944,1,1785078772548,1785078772643,1785078773287,739,1000,-,142.4,0.1,7426048,164429824,7426048,231677952,9159889,5470,1618,19,0,379,1,/home/pranay/nextflow_benchmarks/work/0f/f4418ff8338876f90b0d686ef44381,-,-,AMD Ryzen 7 4800H with Radeon Graphics
74,-,4440,NFCORE_ATACSEQ:ATACSEQ:FASTQ_ALIGN_BWA:BAM_SORT_STATS_SAMTOOLS:BAM_STATS_SAMTOOLS:SAMTOOLS_IDXSTATS,OSMOTIC_STRESS_T15_PE_REP1_T1,NFCORE_ATACSEQ:ATACSEQ:FASTQ_ALIGN_BWA:BAM_SORT_STATS_SAMTOOLS:BAM_STATS_SAMTOOLS:SAMTOOLS_IDXSTATS (OSMOTIC_STRESS_T15_PE_REP1_T1),COMPLETED,0,-,quay.io/biocontainers/samtools:1.17--h00cdaf9_0,1,14400000,-,6442450944,1,1785078773292,1785078773387,1785078773938,646,0,-,80.0,0.0,3440640,5648384,3440640,5652480,123386,5294,224,19,0,2,0,/home/pranay/nextflow_benchmarks/work/60/b85568b99115bd2ccab3134d98fe30,-,-,AMD Ryzen 7 4800H with Radeon Graphics
70,-,4485,NFCORE_ATACSEQ:ATACSEQ:FASTQ_ALIGN_BWA:BAM_SORT_STATS_SAMTOOLS:BAM_STATS_SAMTOOLS:SAMTOOLS_IDXSTATS,OSMOTIC_STRESS_T150_SE_REP1_T2,NFCORE_ATACSEQ:ATACSEQ:FASTQ_ALIGN_BWA:BAM_SORT_STATS_SAMTOOLS:BAM_STATS_SAMTOOLS:SAMTOOLS_IDXSTATS (OSMOTIC_STRESS_T150_SE_REP1_T2),COMPLETED,0,-,quay.io/biocontainers/samtools:1.17--h00cdaf9_0,1,14400000,-,6442450944,1,1785078773941,1785078774037,1785078774679,738,0,-,116.4,0.0,3489792,5648384,3489792,5652480,124478,5277,224,19,0,2,0,/home/pranay/nextflow_benchmarks/work/6b/159f33de390d4d77076b171689935e,-,-,AMD Ryzen 7 4800H with Radeon Graphics
57,-,4526,NFCORE_ATACSEQ:ATACSEQ:FASTQ_ALIGN_BWA:BAM_SORT_STATS_SAMTOOLS:BAM_STATS_SAMTOOLS:SAMTOOLS_FLAGSTAT,OSMOTIC_STRESS_T0_PE_REP2_T1,NFCORE_ATACSEQ:ATACSEQ:FASTQ_ALIGN_BWA:BAM_SORT_STATS_SAMTOOLS:BAM_STATS_SAMTOOLS:SAMTOOLS_FLAGSTAT (OSMOTIC_STRESS_T0_PE_REP2_T1),COMPLETED,0,-,quay.io/biocontainers/samtools:1.17--h00cdaf9_0,1,14400000,-,6442450944,1,1785078774683,1785078774779,1785078775400,717,0,-,128.0,0.1,7397376,164429824,7397376,231677952,8687408,5472,1636,19,0,421,1,/home/pranay/nextflow_benchmarks/work/3d/4ef70a13aefc7e34063a21b8f55a16,-,-,AMD Ryzen 7 4800H with Radeon Graphics
55,-,4570,NFCORE_ATACSEQ:ATACSEQ:FASTQ_ALIGN_BWA:BAM_SORT_STATS_SAMTOOLS:BAM_STATS_SAMTOOLS:SAMTOOLS_STATS,OSMOTIC_STRESS_T0_PE_REP2_T1,NFCORE_ATACSEQ:ATACSEQ:FASTQ_ALIGN_BWA:BAM_SORT_STATS_SAMTOOLS:BAM_STATS_SAMTOOLS:SAMTOOLS_STATS (OSMOTIC_STRESS_T0_PE_REP2_T1),COMPLETED,0,-,quay.io/biocontainers/samtools:1.17--h00cdaf9_0,1,14400000,-,6442450944,1,1785078775404,1785078775501,1785078776271,867,1000,-,128.6,0.1,8138752,165969920,8138752,233218048,8688040,73663,1636,35,0,2,1,/home/pranay/nextflow_benchmarks/work/db/166c0cfb991de6c792097dd93eac1e,-,-,AMD Ryzen 7 4800H with Radeon Graphics
78,-,4615,NFCORE_ATACSEQ:ATACSEQ:FASTQ_ALIGN_BWA:BAM_SORT_STATS_SAMTOOLS:BAM_STATS_SAMTOOLS:SAMTOOLS_STATS,OSMOTIC_STRESS_T15_PE_REP1_T2,NFCORE_ATACSEQ:ATACSEQ:FASTQ_ALIGN_BWA:BAM_SORT_STATS_SAMTOOLS:BAM_STATS_SAMTOOLS:SAMTOOLS_STATS (OSMOTIC_STRESS_T15_PE_REP1_T2),COMPLETED,0,-,quay.io/biocontainers/samtools:1.17--h00cdaf9_0,1,14400000,-,6442450944,1,1785078776275,1785078776371,1785078777144,869,0,-,126.1,0.1,8019968,165969920,8019968,232914944,9160518,67449,1618,34,0,3,0,/home/pranay/nextflow_benchmarks/work/f8/2ea2a51a868c0e3b18de4c8e11d036,-,-,AMD Ryzen 7 4800H with Radeon Graphics
73,-,4662,NFCORE_ATACSEQ:ATACSEQ:FASTQ_ALIGN_BWA:BAM_SORT_STATS_SAMTOOLS:BAM_STATS_SAMTOOLS:SAMTOOLS_STATS,OSMOTIC_STRESS_T150_SE_REP1_T1,NFCORE_ATACSEQ:ATACSEQ:FASTQ_ALIGN_BWA:BAM_SORT_STATS_SAMTOOLS:BAM_STATS_SAMTOOLS:SAMTOOLS_STATS (OSMOTIC_STRESS_T150_SE_REP1_T1),COMPLETED,0,-,quay.io/biocontainers/samtools:1.17--h00cdaf9_0,1,14400000,-,6442450944,1,1785078777149,1785078777245,1785078777916,767,0,-,128.9,0.1,7901184,165969920,7901184,232914944,4432520,38413,917,27,0,4,0,/home/pranay/nextflow_benchmarks/work/24/2a42b82f412c42249a2f7f8aa1b39d,-,-,AMD Ryzen 7 4800H with Radeon Graphics
76,-,4706,NFCORE_ATACSEQ:ATACSEQ:FASTQ_ALIGN_BWA:BAM_SORT_STATS_SAMTOOLS:BAM_STATS_SAMTOOLS:SAMTOOLS_STATS,OSMOTIC_STRESS_T150_SE_REP1_T2,NFCORE_ATACSEQ:ATACSEQ:FASTQ_ALIGN_BWA:BAM_SORT_STATS_SAMTOOLS:BAM_STATS_SAMTOOLS:SAMTOOLS_STATS (OSMOTIC_STRESS_T150_SE_REP1_T2),COMPLETED,0,-,quay.io/biocontainers/samtools:1.17--h00cdaf9_0,1,14400000,-,6442450944,1,1785078777920,1785078778016,1785078778678,758,0,-,125.7,0.1,7913472,165969920,7913472,166109184,4512978,37622,904,26,0,1,0,/home/pranay/nextflow_benchmarks/work/3b/74483eb425d2550413a6f5b795d0b0,-,-,AMD Ryzen 7 4800H with Radeon Graphics
77,-,4752,NFCORE_ATACSEQ:ATACSEQ:FASTQ_ALIGN_BWA:BAM_SORT_STATS_SAMTOOLS:BAM_STATS_SAMTOOLS:SAMTOOLS_STATS,OSMOTIC_STRESS_T15_PE_REP1_T1,NFCORE_ATACSEQ:ATACSEQ:FASTQ_ALIGN_BWA:BAM_SORT_STATS_SAMTOOLS:BAM_STATS_SAMTOOLS:SAMTOOLS_STATS (OSMOTIC_STRESS_T15_PE_REP1_T1),COMPLETED,0,-,quay.io/biocontainers/samtools:1.17--h00cdaf9_0,1,14400000,-,6442450944,1,1785078778682,1785078778778,1785078779559,877,0,-,128.9,0.1,8290304,165969920,8290304,233218048,9116617,68298,1644,34,0,4,3,/home/pranay/nextflow_benchmarks/work/1b/fe322bf0c7b0a578ed50948548e6d2,-,-,AMD Ryzen 7 4800H with Radeon Graphics
60,-,4796,NFCORE_ATACSEQ:ATACSEQ:FASTQ_ALIGN_BWA:BAM_SORT_STATS_SAMTOOLS:BAM_STATS_SAMTOOLS:SAMTOOLS_STATS,OSMOTIC_STRESS_T100_SE_REP2_T1,NFCORE_ATACSEQ:ATACSEQ:FASTQ_ALIGN_BWA:BAM_SORT_STATS_SAMTOOLS:BAM_STATS_SAMTOOLS:SAMTOOLS_STATS (OSMOTIC_STRESS_T100_SE_REP2_T1),COMPLETED,0,-,quay.io/biocontainers/samtools:1.17--h00cdaf9_0,1,14400000,-,6442450944,1,1785078779563,1785078779659,1785078780341,778,1000,-,127.8,0.1,7917568,165969920,7917568,233066496,4194439,40429,916,27,0,2,1,/home/pranay/nextflow_benchmarks/work/6e/69b2cdd667606a0e65373689d3929e,-,-,AMD Ryzen 7 4800H with Radeon Graphics
71,-,4842,NFCORE_ATACSEQ:ATACSEQ:FASTQ_ALIGN_BWA:BAM_SORT_STATS_SAMTOOLS:BAM_STATS_SAMTOOLS:SAMTOOLS_STATS,OSMOTIC_STRESS_T100_SE_REP1_T1,NFCORE_ATACSEQ:ATACSEQ:FASTQ_ALIGN_BWA:BAM_SORT_STATS_SAMTOOLS:BAM_STATS_SAMTOOLS:SAMTOOLS_STATS (OSMOTIC_STRESS_T100_SE_REP1_T1),COMPLETED,0,-,quay.io/biocontainers/samtools:1.17--h00cdaf9_0,1,14400000,-,6442450944,1,1785078780346,1785078780441,1785078781199,853,0,-,125.1,0.1,7827456,165969920,7827456,233218048,4374681,38572,906,27,0,4,2,/home/pranay/nextflow_benchmarks/work/3c/6c969106c73dfb4487ecddb0175316,-,-,AMD Ryzen 7 4800H with Radeon Graphics
72,-,4886,NFCORE_ATACSEQ:ATACSEQ:FASTQ_ALIGN_BWA:BAM_SORT_STATS_SAMTOOLS:BAM_STATS_SAMTOOLS:SAMTOOLS_STATS,OSMOTIC_STRESS_T0_PE_REP1_T1,NFCORE_ATACSEQ:ATACSEQ:FASTQ_ALIGN_BWA:BAM_SORT_STATS_SAMTOOLS:BAM_STATS_SAMTOOLS:SAMTOOLS_STATS (OSMOTIC_STRESS_T0_PE_REP1_T1),COMPLETED,0,-,quay.io/biocontainers/samtools:1.17--h00cdaf9_0,1,14400000,-,6442450944,1,1785078781203,1785078781299,1785078782062,859,0,-,126.3,0.1,8036352,165969920,8036352,233218048,8815544,69145,1618,34,0,3,1,/home/pranay/nextflow_benchmarks/work/30/f0e77422e0992a52c90de47b56b03f,-,-,AMD Ryzen 7 4800H with Radeon Graphics
79,-,4933,NFCORE_ATACSEQ:ATACSEQ:MERGED_LIBRARY_MARKDUPLICATES_PICARD:PICARD_MARKDUPLICATES,OSMOTIC_STRESS_T100_SE_REP2,NFCORE_ATACSEQ:ATACSEQ:MERGED_LIBRARY_MARKDUPLICATES_PICARD:PICARD_MARKDUPLICATES (OSMOTIC_STRESS_T100_SE_REP2),COMPLETED,0,-,quay.io/biocontainers/picard:3.0.0--hdfd78af_1,2,21600000,-,6442450944,1,1785078782067,1785078782162,1785078789840,7773,6000,-,225.3,26.4,2119712768,10478551040,2119712768,10545668096,26016479,5038160,10489,303,0,18,1,/home/pranay/nextflow_benchmarks/work/ca/bfa369b3c7eaf898d95e1a98811e35,-,-,AMD Ryzen 7 4800H with Radeon Graphics
80,-,4982,NFCORE_ATACSEQ:ATACSEQ:MERGED_LIBRARY_MARKDUPLICATES_PICARD:PICARD_MARKDUPLICATES,OSMOTIC_STRESS_T0_PE_REP2,NFCORE_ATACSEQ:ATACSEQ:MERGED_LIBRARY_MARKDUPLICATES_PICARD:PICARD_MARKDUPLICATES (OSMOTIC_STRESS_T0_PE_REP2),COMPLETED,0,-,quay.io/biocontainers/picard:3.0.0--hdfd78af_1,2,21600000,-,6442450944,1,1785078789843,1785078789941,1785078798692,8849,7000,-,218.7,29.6,2378018816,10546720768,2378018816,10546728960,34851708,9706086,15236,351,0,19,1,/home/pranay/nextflow_benchmarks/work/c8/6b84c1307eb901c677edbeb765e559,-,-,AMD Ryzen 7 4800H with Radeon Graphics
81,-,5031,NFCORE_ATACSEQ:ATACSEQ:MERGED_LIBRARY_MARKDUPLICATES_PICARD:PICARD_MARKDUPLICATES,OSMOTIC_STRESS_T15_PE_REP1,NFCORE_ATACSEQ:ATACSEQ:MERGED_LIBRARY_MARKDUPLICATES_PICARD:PICARD_MARKDUPLICATES (OSMOTIC_STRESS_T15_PE_REP1),COMPLETED,0,-,quay.io/biocontainers/picard:3.0.0--hdfd78af_1,2,21600000,-,6442450944,1,1785078798697,1785078798792,1785078810143,11446,9000,-,210.5,30.2,2425872384,10546720768,2425872384,10546728960,53684695,19136749,16198,429,0,20,1,/home/pranay/nextflow_benchmarks/work/80/ead91051ed7f5687c4cc4461c4c593,-,-,AMD Ryzen 7 4800H with Radeon Graphics
82,-,5078,NFCORE_ATACSEQ:ATACSEQ:MERGED_LIBRARY_MARKDUPLICATES_PICARD:PICARD_MARKDUPLICATES,OSMOTIC_STRESS_T0_PE_REP1,NFCORE_ATACSEQ:ATACSEQ:MERGED_LIBRARY_MARKDUPLICATES_PICARD:PICARD_MARKDUPLICATES (OSMOTIC_STRESS_T0_PE_REP1),COMPLETED,0,-,quay.io/biocontainers/picard:3.0.0--hdfd78af_1,2,21600000,-,6442450944,1,1785078810147,1785078810243,1785078819084,8937,7000,-,215.3,29.1,2336989184,10342227968,2336989184,10409345024,35240621,9805544,13428,349,0,19,1,/home/pranay/nextflow_benchmarks/work/a2/86799c7b5140290a10b4506dde719a,-,-,AMD Ryzen 7 4800H with Radeon Graphics
83,-,5125,NFCORE_ATACSEQ:ATACSEQ:MERGED_LIBRARY_MARKDUPLICATES_PICARD:PICARD_MARKDUPLICATES,OSMOTIC_STRESS_T100_SE_REP1,NFCORE_ATACSEQ:ATACSEQ:MERGED_LIBRARY_MARKDUPLICATES_PICARD:PICARD_MARKDUPLICATES (OSMOTIC_STRESS_T100_SE_REP1),COMPLETED,0,-,quay.io/biocontainers/picard:3.0.0--hdfd78af_1,2,21600000,-,6442450944,1,1785078819090,1785078819185,1785078826333,7243,6000,-,224.2,24.8,1996054528,10478551040,1996054528,10485104640,26457107,5213698,10487,304,0,19,0,/home/pranay/nextflow_benchmarks/work/73/d0deeae78f65019b304640239d0860,-,-,AMD Ryzen 7 4800H with Radeon Graphics
84,-,5173,NFCORE_ATACSEQ:ATACSEQ:MERGED_LIBRARY_MARKDUPLICATES_PICARD:PICARD_MARKDUPLICATES,OSMOTIC_STRESS_T150_SE_REP1,NFCORE_ATACSEQ:ATACSEQ:MERGED_LIBRARY_MARKDUPLICATES_PICARD:PICARD_MARKDUPLICATES (OSMOTIC_STRESS_T150_SE_REP1),COMPLETED,0,-,quay.io/biocontainers/picard:3.0.0--hdfd78af_1,2,21600000,-,6442450944,1,1785078826337,1785078826433,1785078834715,8378,6000,-,210.0,27.7,2230788096,10410389504,2230788096,10477506560,35397647,9770439,11815,339,0,11,0,/home/pranay/nextflow_benchmarks/work/ba/d3f007e425ff0faca01dc33e5a1a01,-,-,AMD Ryzen 7 4800H with Radeon Graphics
85,-,5219,NFCORE_ATACSEQ:ATACSEQ:MERGED_LIBRARY_MARKDUPLICATES_PICARD:SAMTOOLS_INDEX,OSMOTIC_STRESS_T100_SE_REP2,NFCORE_ATACSEQ:ATACSEQ:MERGED_LIBRARY_MARKDUPLICATES_PICARD:SAMTOOLS_INDEX (OSMOTIC_STRESS_T100_SE_REP2),COMPLETED,0,-,quay.io/biocontainers/samtools:1.17--h00cdaf9_0,2,14400000,-,6442450944,1,1785078834719,1785078834816,1785078835457,738,0,-,125.0,0.0,7127040,164429824,7127040,231677952,4430814,19087,967,22,0,454,0,/home/pranay/nextflow_benchmarks/work/28/3fffaf7e500b86fc0b27ec609e3dba,-,-,AMD Ryzen 7 4800H with Radeon Graphics
86,-,5264,NFCORE_ATACSEQ:ATACSEQ:MERGED_LIBRARY_MARKDUPLICATES_PICARD:SAMTOOLS_INDEX,OSMOTIC_STRESS_T0_PE_REP2,NFCORE_ATACSEQ:ATACSEQ:MERGED_LIBRARY_MARKDUPLICATES_PICARD:SAMTOOLS_INDEX (OSMOTIC_STRESS_T0_PE_REP2),COMPLETED,0,-,quay.io/biocontainers/samtools:1.17--h00cdaf9_0,2,14400000,-,6442450944,1,1785078835461,1785078835558,1785078836192,731,0,-,143.3,0.1,7421952,164429824,7421952,231677952,9090990,16615,1737,21,0,459,1,/home/pranay/nextflow_benchmarks/work/94/42aac921986e5d18b391ec0bfe9f43,-,-,AMD Ryzen 7 4800H with Radeon Graphics
87,-,5305,NFCORE_ATACSEQ:ATACSEQ:MERGED_LIBRARY_MARKDUPLICATES_PICARD:SAMTOOLS_INDEX,OSMOTIC_STRESS_T15_PE_REP1,NFCORE_ATACSEQ:ATACSEQ:MERGED_LIBRARY_MARKDUPLICATES_PICARD:SAMTOOLS_INDEX (OSMOTIC_STRESS_T15_PE_REP1),COMPLETED,0,-,quay.io/biocontainers/samtools:1.17--h00cdaf9_0,2,14400000,-,6442450944,1,1785078836197,1785078836292,1785078836991,794,0,-,143.2,0.0,7352320,164429824,7352320,231677952,18526394,15119,3243,21,0,457,0,/home/pranay/nextflow_benchmarks/work/90/48803a1fe054361f385495c6c41955,-,-,AMD Ryzen 7 4800H with Radeon Graphics
88,-,5346,NFCORE_ATACSEQ:ATACSEQ:MERGED_LIBRARY_MARKDUPLICATES_PICARD:SAMTOOLS_INDEX,OSMOTIC_STRESS_T0_PE_REP1,NFCORE_ATACSEQ:ATACSEQ:MERGED_LIBRARY_MARKDUPLICATES_PICARD:SAMTOOLS_INDEX (OSMOTIC_STRESS_T0_PE_REP1),COMPLETED,0,-,quay.io/biocontainers/samtools:1.17--h00cdaf9_0,2,14400000,-,6442450944,1,1785078837002,1785078837091,1785078837752,750,0,-,126.7,0.1,7331840,164429824,7331840,231677952,9193566,15207,1721,21,0,403,0,/home/pranay/nextflow_benchmarks/work/13/0d50603483b1a1f89b64958cfb3d63,-,-,AMD Ryzen 7 4800H with Radeon Graphics
89,-,5389,NFCORE_ATACSEQ:ATACSEQ:MERGED_LIBRARY_MARKDUPLICATES_PICARD:SAMTOOLS_INDEX,OSMOTIC_STRESS_T100_SE_REP1,NFCORE_ATACSEQ:ATACSEQ:MERGED_LIBRARY_MARKDUPLICATES_PICARD:SAMTOOLS_INDEX (OSMOTIC_STRESS_T100_SE_REP1),COMPLETED,0,-,quay.io/biocontainers/samtools:1.17--h00cdaf9_0,2,14400000,-,6442450944,1,1785078837756,1785078837852,1785078838452,696,0,-,113.5,0.1,7577600,164429824,7577600,231677952,4606354,18239,957,22,0,376,1,/home/pranay/nextflow_benchmarks/work/cd/cf6901ee644c33abfded0503a4dfc6,-,-,AMD Ryzen 7 4800H with Radeon Graphics
90,-,5429,NFCORE_ATACSEQ:ATACSEQ:MERGED_LIBRARY_MARKDUPLICATES_PICARD:SAMTOOLS_INDEX,OSMOTIC_STRESS_T150_SE_REP1,NFCORE_ATACSEQ:ATACSEQ:MERGED_LIBRARY_MARKDUPLICATES_PICARD:SAMTOOLS_INDEX (OSMOTIC_STRESS_T150_SE_REP1),COMPLETED,0,-,quay.io/biocontainers/samtools:1.17--h00cdaf9_0,2,14400000,-,6442450944,1,1785078838456,1785078838553,1785078839182,726,0,-,126.5,0.0,7380992,164429824,7380992,231677952,9163032,14975,1701,21,0,350,1,/home/pranay/nextflow_benchmarks/work/d6/a66e61be10d8ef133846bdbfc34d56,-,-,AMD Ryzen 7 4800H with Radeon Graphics
91,-,5472,NFCORE_ATACSEQ:ATACSEQ:MERGED_LIBRARY_FILTER_BAM:BAMTOOLS_FILTER,OSMOTIC_STRESS_T100_SE_REP2,NFCORE_ATACSEQ:ATACSEQ:MERGED_LIBRARY_FILTER_BAM:BAMTOOLS_FILTER (OSMOTIC_STRESS_T100_SE_REP2),COMPLETED,0,-,quay.io/biocontainers/mulled-v2-0560a8046fc82aa4338588eca29ff18edab2c5aa:5687a7da26983502d0a8a9a6b05ed727c740ddc4-0,2,21600000,-,6442450944,1,1785078839187,1785078839283,1785078840430,1243,1000,-,118.4,0.2,12632064,21282816,12632064,21417984,6480572,3973663,1292,438,20381696,29,2,/home/pranay/nextflow_benchmarks/work/14/209f0774289f8efc16e34b163f714c,-,-,AMD Ryzen 7 4800H with Radeon Graphics
92,-,5536,NFCORE_ATACSEQ:ATACSEQ:MERGED_LIBRARY_FILTER_BAM:BAMTOOLS_FILTER,OSMOTIC_STRESS_T0_PE_REP2,NFCORE_ATACSEQ:ATACSEQ:MERGED_LIBRARY_FILTER_BAM:BAMTOOLS_FILTER (OSMOTIC_STRESS_T0_PE_REP2),COMPLETED,0,-,quay.io/biocontainers/mulled-v2-0560a8046fc82aa4338588eca29ff18edab2c5aa:5687a7da26983502d0a8a9a6b05ed727c740ddc4-0,2,21600000,-,6442450944,1,1785078840435,1785078840531,1785078842094,1659,1000,-,132.5,0.2,12591104,21286912,12591104,21417984,13573986,8635037,2413,947,0,11,1,/home/pranay/nextflow_benchmarks/work/54/db79dabff1ce20942f3418c7e2462d,-,-,AMD Ryzen 7 4800H with Radeon Graphics
93,-,5588,NFCORE_ATACSEQ:ATACSEQ:MERGED_LIBRARY_FILTER_BAM:BAMTOOLS_FILTER,OSMOTIC_STRESS_T15_PE_REP1,NFCORE_ATACSEQ:ATACSEQ:MERGED_LIBRARY_FILTER_BAM:BAMTOOLS_FILTER (OSMOTIC_STRESS_T15_PE_REP1),COMPLETED,0,-,quay.io/biocontainers/mulled-v2-0560a8046fc82aa4338588eca29ff18edab2c5aa:5687a7da26983502d0a8a9a6b05ed727c740ddc4-0,2,21600000,-,6442450944,1,1785078842098,1785078842194,1785078845488,3390,3000,-,128.1,0.2,12595200,21299200,12595200,21430272,30649851,23580537,5122,2722,0,725,14,/home/pranay/nextflow_benchmarks/work/03/60624ad819718c4c05823a34444514,-,-,AMD Ryzen 7 4800H with Radeon Graphics
94,-,5639,NFCORE_ATACSEQ:ATACSEQ:MERGED_LIBRARY_FILTER_BAM:BAMTOOLS_FILTER,OSMOTIC_STRESS_T0_PE_REP1,NFCORE_ATACSEQ:ATACSEQ:MERGED_LIBRARY_FILTER_BAM:BAMTOOLS_FILTER (OSMOTIC_STRESS_T0_PE_REP1),COMPLETED,0,-,quay.io/biocontainers/mulled-v2-0560a8046fc82aa4338588eca29ff18edab2c5aa:5687a7da26983502d0a8a9a6b05ed727c740ddc4-0,2,21600000,-,6442450944,1,1785078845492,1785078845589,1785078847296,1804,2000,-,130.4,0.2,12455936,21282816,12455936,21417984,14377134,10037094,2512,1126,0,11,2,/home/pranay/nextflow_benchmarks/work/a7/624ca18d235904f683e1f1ab2e41a8,-,-,AMD Ryzen 7 4800H with Radeon Graphics
95,-,5691,NFCORE_ATACSEQ:ATACSEQ:MERGED_LIBRARY_FILTER_BAM:BAMTOOLS_FILTER,OSMOTIC_STRESS_T100_SE_REP1,NFCORE_ATACSEQ:ATACSEQ:MERGED_LIBRARY_FILTER_BAM:BAMTOOLS_FILTER (OSMOTIC_STRESS_T100_SE_REP1),COMPLETED,0,-,quay.io/biocontainers/mulled-v2-0560a8046fc82aa4338588eca29ff18edab2c5aa:5687a7da26983502d0a8a9a6b05ed727c740ddc4-0,2,21600000,-,6442450944,1,1785078847300,1785078847396,1785078848477,1177,1000,-,130.0,0.2,12357632,21282816,12357632,21417984,7085669,4825757,1341,530,0,11,1,/home/pranay/nextflow_benchmarks/work/05/5f122bd47daea5d865022caef6dd2b,-,-,AMD Ryzen 7 4800H with Radeon Graphics
96,-,5741,NFCORE_ATACSEQ:ATACSEQ:MERGED_LIBRARY_FILTER_BAM:BAMTOOLS_FILTER,OSMOTIC_STRESS_T150_SE_REP1,NFCORE_ATACSEQ:ATACSEQ:MERGED_LIBRARY_FILTER_BAM:BAMTOOLS_FILTER (OSMOTIC_STRESS_T150_SE_REP1),COMPLETED,0,-,quay.io/biocontainers/mulled-v2-0560a8046fc82aa4338588eca29ff18edab2c5aa:5687a7da26983502d0a8a9a6b05ed727c740ddc4-0,2,21600000,-,6442450944,1,1785078848481,1785078848577,1785078850353,1872,2000,-,127.1,0.2,12693504,21291008,12693504,21422080,14891550,11220434,2584,1267,0,373,5,/home/pranay/nextflow_benchmarks/work/34/2aaabd2dae38188d0dccdf573529a0,-,-,AMD Ryzen 7 4800H with Radeon Graphics
100,-,5793,NFCORE_ATACSEQ:ATACSEQ:MERGED_LIBRARY_MARKDUPLICATES_PICARD:BAM_STATS_SAMTOOLS:SAMTOOLS_FLAGSTAT,OSMOTIC_STRESS_T0_PE_REP2,NFCORE_ATACSEQ:ATACSEQ:MERGED_LIBRARY_MARKDUPLICATES_PICARD:BAM_STATS_SAMTOOLS:SAMTOOLS_FLAGSTAT (OSMOTIC_STRESS_T0_PE_REP2),COMPLETED,0,-,quay.io/biocontainers/samtools:1.17--h00cdaf9_0,1,14400000,-,6442450944,1,1785078850357,1785078850453,1785078851102,745,0,-,120.2,0.1,7397376,164429824,7397376,231677952,9091125,5474,1737,19,0,450,0,/home/pranay/nextflow_benchmarks/work/1a/595dbbef14e5a495bbcc860b256de5,-,-,AMD Ryzen 7 4800H with Radeon Graphics
104,-,5838,NFCORE_ATACSEQ:ATACSEQ:MERGED_LIBRARY_MARKDUPLICATES_PICARD:BAM_STATS_SAMTOOLS:SAMTOOLS_FLAGSTAT,OSMOTIC_STRESS_T15_PE_REP1,NFCORE_ATACSEQ:ATACSEQ:MERGED_LIBRARY_MARKDUPLICATES_PICARD:BAM_STATS_SAMTOOLS:SAMTOOLS_FLAGSTAT (OSMOTIC_STRESS_T15_PE_REP1),COMPLETED,0,-,quay.io/biocontainers/samtools:1.17--h00cdaf9_0,1,14400000,-,6442450944,1,1785078851106,1785078851202,1785078851904,798,0,-,136.7,0.1,7335936,164429824,7335936,231677952,18526520,5474,3243,19,0,430,1,/home/pranay/nextflow_benchmarks/work/f1/67127f8ba9558d595238d5276160ee,-,-,AMD Ryzen 7 4800H with Radeon Graphics
105,-,5879,NFCORE_ATACSEQ:ATACSEQ:MERGED_LIBRARY_MARKDUPLICATES_PICARD:BAM_STATS_SAMTOOLS:SAMTOOLS_IDXSTATS,OSMOTIC_STRESS_T0_PE_REP1,NFCORE_ATACSEQ:ATACSEQ:MERGED_LIBRARY_MARKDUPLICATES_PICARD:BAM_STATS_SAMTOOLS:SAMTOOLS_IDXSTATS (OSMOTIC_STRESS_T0_PE_REP1),COMPLETED,0,-,quay.io/biocontainers/samtools:1.17--h00cdaf9_0,1,14400000,-,6442450944,1,1785078851908,1785078852005,1785078852587,679,0,-,81.4,0.0,3395584,5648384,3395584,5652480,133645,5287,225,19,0,2,0,/home/pranay/nextflow_benchmarks/work/90/a9b4243239356954fc3b745836db0c,-,-,AMD Ryzen 7 4800H with Radeon Graphics
112,-,5923,NFCORE_ATACSEQ:ATACSEQ:MERGED_LIBRARY_MARKDUPLICATES_PICARD:BAM_STATS_SAMTOOLS:SAMTOOLS_IDXSTATS,OSMOTIC_STRESS_T150_SE_REP1,NFCORE_ATACSEQ:ATACSEQ:MERGED_LIBRARY_MARKDUPLICATES_PICARD:BAM_STATS_SAMTOOLS:SAMTOOLS_IDXSTATS (OSMOTIC_STRESS_T150_SE_REP1),COMPLETED,0,-,quay.io/biocontainers/samtools:1.17--h00cdaf9_0,1,14400000,-,6442450944,1,1785078852591,1785078852688,1785078853279,688,1000,-,95.5,0.0,3436544,5648384,3436544,5652480,134700,5275,225,19,0,2,0,/home/pranay/nextflow_benchmarks/work/1a/9e963a27869f56308ed920c2112bca,-,-,AMD Ryzen 7 4800H with Radeon Graphics
101,-,5965,NFCORE_ATACSEQ:ATACSEQ:MERGED_LIBRARY_MARKDUPLICATES_PICARD:BAM_STATS_SAMTOOLS:SAMTOOLS_IDXSTATS,OSMOTIC_STRESS_T0_PE_REP2,NFCORE_ATACSEQ:ATACSEQ:MERGED_LIBRARY_MARKDUPLICATES_PICARD:BAM_STATS_SAMTOOLS:SAMTOOLS_IDXSTATS (OSMOTIC_STRESS_T0_PE_REP2),COMPLETED,0,-,quay.io/biocontainers/samtools:1.17--h00cdaf9_0,1,14400000,-,6442450944,1,1785078853282,1785078853379,1785078853958,676,0,-,110.3,0.0,3313664,5648384,3313664,5652480,135637,5291,225,19,0,2,0,/home/pranay/nextflow_benchmarks/work/4b/1ec9d14540979292da24eda293d222,-,-,AMD Ryzen 7 4800H with Radeon Graphics
97,-,6009,NFCORE_ATACSEQ:ATACSEQ:MERGED_LIBRARY_MARKDUPLICATES_PICARD:BAM_STATS_SAMTOOLS:SAMTOOLS_FLAGSTAT,OSMOTIC_STRESS_T100_SE_REP2,NFCORE_ATACSEQ:ATACSEQ:MERGED_LIBRARY_MARKDUPLICATES_PICARD:BAM_STATS_SAMTOOLS:SAMTOOLS_FLAGSTAT (OSMOTIC_STRESS_T100_SE_REP2),COMPLETED,0,-,quay.io/biocontainers/samtools:1.17--h00cdaf9_0,1,14400000,-,6442450944,1,1785078853963,1785078854059,1785078854652,689,0,-,111.6,0.1,7512064,164429824,7512064,231677952,4430945,5435,967,19,0,460,0,/home/pranay/nextflow_benchmarks/work/d7/286b91a41108b120136a21d799d48c,-,-,AMD Ryzen 7 4800H with Radeon Graphics
108,-,6053,NFCORE_ATACSEQ:ATACSEQ:MERGED_LIBRARY_MARKDUPLICATES_PICARD:BAM_STATS_SAMTOOLS:SAMTOOLS_FLAGSTAT,OSMOTIC_STRESS_T0_PE_REP1,NFCORE_ATACSEQ:ATACSEQ:MERGED_LIBRARY_MARKDUPLICATES_PICARD:BAM_STATS_SAMTOOLS:SAMTOOLS_FLAGSTAT (OSMOTIC_STRESS_T0_PE_REP1),COMPLETED,0,-,quay.io/biocontainers/samtools:1.17--h00cdaf9_0,1,14400000,-,6442450944,1,1785078854657,1785078854753,1785078855416,759,0,-,124.4,0.1,7356416,164429824,7356416,231677952,9193696,5470,1721,19,0,394,0,/home/pranay/nextflow_benchmarks/work/5f/8c3b167a30403e277da5e4fc426baa,-,-,AMD Ryzen 7 4800H with Radeon Graphics
103,-,6098,NFCORE_ATACSEQ:ATACSEQ:MERGED_LIBRARY_MARKDUPLICATES_PICARD:BAM_STATS_SAMTOOLS:SAMTOOLS_IDXSTATS,OSMOTIC_STRESS_T15_PE_REP1,NFCORE_ATACSEQ:ATACSEQ:MERGED_LIBRARY_MARKDUPLICATES_PICARD:BAM_STATS_SAMTOOLS:SAMTOOLS_IDXSTATS (OSMOTIC_STRESS_T15_PE_REP1),COMPLETED,0,-,quay.io/biocontainers/samtools:1.17--h00cdaf9_0,1,14400000,-,6442450944,1,1785078855420,1785078855517,1785078856089,669,0,-,77.4,0.0,3399680,5648384,3399680,5652480,134176,5301,225,19,0,2,0,/home/pranay/nextflow_benchmarks/work/61/5d6a92c80262129fe4fa36a34f2f07,-,-,AMD Ryzen 7 4800H with Radeon Graphics
110,-,6141,NFCORE_ATACSEQ:ATACSEQ:MERGED_LIBRARY_MARKDUPLICATES_PICARD:BAM_STATS_SAMTOOLS:SAMTOOLS_FLAGSTAT,OSMOTIC_STRESS_T150_SE_REP1,NFCORE_ATACSEQ:ATACSEQ:MERGED_LIBRARY_MARKDUPLICATES_PICARD:BAM_STATS_SAMTOOLS:SAMTOOLS_FLAGSTAT (OSMOTIC_STRESS_T150_SE_REP1),COMPLETED,0,-,quay.io/biocontainers/samtools:1.17--h00cdaf9_0,1,14400000,-,6442450944,1,1785078856093,1785078856190,1785078856830,737,0,-,121.8,0.0,7262208,164429824,7262208,231677952,9163164,5440,1701,19,0,371,0,/home/pranay/nextflow_benchmarks/work/11/d62544b55655ba0fd9800792e69c19,-,-,AMD Ryzen 7 4800H with Radeon Graphics
109,-,6186,NFCORE_ATACSEQ:ATACSEQ:MERGED_LIBRARY_MARKDUPLICATES_PICARD:BAM_STATS_SAMTOOLS:SAMTOOLS_FLAGSTAT,OSMOTIC_STRESS_T100_SE_REP1,NFCORE_ATACSEQ:ATACSEQ:MERGED_LIBRARY_MARKDUPLICATES_PICARD:BAM_STATS_SAMTOOLS:SAMTOOLS_FLAGSTAT (OSMOTIC_STRESS_T100_SE_REP1),COMPLETED,0,-,quay.io/biocontainers/samtools:1.17--h00cdaf9_0,1,14400000,-,6442450944,1,1785078856834,1785078856930,1785078857513,679,0,-,111.6,0.1,7340032,164429824,7340032,231677952,4606491,5436,957,19,0,455,1,/home/pranay/nextflow_benchmarks/work/bb/3d0f10972c1f749d2db0df3dde8b6c,-,-,AMD Ryzen 7 4800H with Radeon Graphics
98,-,6228,NFCORE_ATACSEQ:ATACSEQ:MERGED_LIBRARY_MARKDUPLICATES_PICARD:BAM_STATS_SAMTOOLS:SAMTOOLS_IDXSTATS,OSMOTIC_STRESS_T100_SE_REP2,NFCORE_ATACSEQ:ATACSEQ:MERGED_LIBRARY_MARKDUPLICATES_PICARD:BAM_STATS_SAMTOOLS:SAMTOOLS_IDXSTATS (OSMOTIC_STRESS_T100_SE_REP2),COMPLETED,0,-,quay.io/biocontainers/samtools:1.17--h00cdaf9_0,1,14400000,-,6442450944,1,1785078857517,1785078857614,1785078858246,729,0,-,106.7,0.0,3293184,5648384,3293184,5652480,138592,5270,225,19,0,2,0,/home/pranay/nextflow_benchmarks/work/a3/e33286727ded6e61f835ed381e1a49,-,-,AMD Ryzen 7 4800H with Radeon Graphics
107,-,6272,NFCORE_ATACSEQ:ATACSEQ:MERGED_LIBRARY_MARKDUPLICATES_PICARD:BAM_STATS_SAMTOOLS:SAMTOOLS_IDXSTATS,OSMOTIC_STRESS_T100_SE_REP1,NFCORE_ATACSEQ:ATACSEQ:MERGED_LIBRARY_MARKDUPLICATES_PICARD:BAM_STATS_SAMTOOLS:SAMTOOLS_IDXSTATS (OSMOTIC_STRESS_T100_SE_REP1),COMPLETED,0,-,quay.io/biocontainers/samtools:1.17--h00cdaf9_0,1,14400000,-,6442450944,1,1785078858250,1785078858346,1785078858968,718,0,-,82.8,0.0,3461120,5648384,3461120,5652480,137686,5270,225,19,0,2,0,/home/pranay/nextflow_benchmarks/work/40/258c0968f21575358a6000986215a4,-,-,AMD Ryzen 7 4800H with Radeon Graphics
114,-,6316,NFCORE_ATACSEQ:ATACSEQ:MERGED_LIBRARY_MARKDUPLICATES_PICARD:BAM_STATS_SAMTOOLS:SAMTOOLS_STATS,OSMOTIC_STRESS_T150_SE_REP1,NFCORE_ATACSEQ:ATACSEQ:MERGED_LIBRARY_MARKDUPLICATES_PICARD:BAM_STATS_SAMTOOLS:SAMTOOLS_STATS (OSMOTIC_STRESS_T150_SE_REP1),COMPLETED,0,-,quay.io/biocontainers/samtools:1.17--h00cdaf9_0,1,14400000,-,6442450944,1,1785078858972,1785078859068,1785078859847,875,0,-,130.5,0.1,7954432,165974016,7954432,233222144,9167273,43765,1702,28,0,2,0,/home/pranay/nextflow_benchmarks/work/bb/3580bad91b8ab579ecb573fcc8540e,-,-,AMD Ryzen 7 4800H with Radeon Graphics
113,-,6363,NFCORE_ATACSEQ:ATACSEQ:MERGED_LIBRARY_MARKDUPLICATES_PICARD:BAM_STATS_SAMTOOLS:SAMTOOLS_STATS,OSMOTIC_STRESS_T100_SE_REP1,NFCORE_ATACSEQ:ATACSEQ:MERGED_LIBRARY_MARKDUPLICATES_PICARD:BAM_STATS_SAMTOOLS:SAMTOOLS_STATS (OSMOTIC_STRESS_T100_SE_REP1),COMPLETED,0,-,quay.io/biocontainers/samtools:1.17--h00cdaf9_0,1,14400000,-,6442450944,1,1785078859850,1785078859947,1785078860621,771,0,-,128.5,0.1,7942144,165974016,7942144,233222144,4610602,38577,958,27,0,2,1,/home/pranay/nextflow_benchmarks/work/4b/15cb92dd69e8cadb9c138569c76276,-,-,AMD Ryzen 7 4800H with Radeon Graphics
106,-,6410,NFCORE_ATACSEQ:ATACSEQ:MERGED_LIBRARY_MARKDUPLICATES_PICARD:BAM_STATS_SAMTOOLS:SAMTOOLS_STATS,OSMOTIC_STRESS_T15_PE_REP1,NFCORE_ATACSEQ:ATACSEQ:MERGED_LIBRARY_MARKDUPLICATES_PICARD:BAM_STATS_SAMTOOLS:SAMTOOLS_STATS (OSMOTIC_STRESS_T15_PE_REP1),COMPLETED,0,-,quay.io/biocontainers/samtools:1.17--h00cdaf9_0,1,14400000,-,6442450944,1,1785078860625,1785078860721,1785078861758,1133,0,-,130.7,0.1,7983104,165974016,7983104,233222144,18530630,77427,3244,36,0,1,0,/home/pranay/nextflow_benchmarks/work/fa/dec7913e7ee24fc028da51de0be5f2,-,-,AMD Ryzen 7 4800H with Radeon Graphics
99,-,6455,NFCORE_ATACSEQ:ATACSEQ:MERGED_LIBRARY_MARKDUPLICATES_PICARD:BAM_STATS_SAMTOOLS:SAMTOOLS_STATS,OSMOTIC_STRESS_T100_SE_REP2,NFCORE_ATACSEQ:ATACSEQ:MERGED_LIBRARY_MARKDUPLICATES_PICARD:BAM_STATS_SAMTOOLS:SAMTOOLS_STATS (OSMOTIC_STRESS_T100_SE_REP2),COMPLETED,0,-,quay.io/biocontainers/samtools:1.17--h00cdaf9_0,1,14400000,-,6442450944,1,1785078861762,1785078861858,1785078862545,783,0,-,124.0,0.1,7852032,165974016,7852032,233222144,4435061,40432,968,27,0,1,2,/home/pranay/nextflow_benchmarks/work/83/9057822e0f75ebc173f9dec55323e8,-,-,AMD Ryzen 7 4800H with Radeon Graphics
111,-,6500,NFCORE_ATACSEQ:ATACSEQ:MERGED_LIBRARY_MARKDUPLICATES_PICARD:BAM_STATS_SAMTOOLS:SAMTOOLS_STATS,OSMOTIC_STRESS_T0_PE_REP1,NFCORE_ATACSEQ:ATACSEQ:MERGED_LIBRARY_MARKDUPLICATES_PICARD:BAM_STATS_SAMTOOLS:SAMTOOLS_STATS (OSMOTIC_STRESS_T0_PE_REP1),COMPLETED,0,-,quay.io/biocontainers/samtools:1.17--h00cdaf9_0,1,14400000,-,6442450944,1,1785078862548,1785078862646,1785078863503,955,1000,-,133.1,0.1,7983104,165974016,7983104,233222144,9197801,69149,1722,34,0,1,1,/home/pranay/nextflow_benchmarks/work/d5/e4eb2a90a2e18c8ac211bd8fbf5557,-,-,AMD Ryzen 7 4800H with Radeon Graphics
102,-,6547,NFCORE_ATACSEQ:ATACSEQ:MERGED_LIBRARY_MARKDUPLICATES_PICARD:BAM_STATS_SAMTOOLS:SAMTOOLS_STATS,OSMOTIC_STRESS_T0_PE_REP2,NFCORE_ATACSEQ:ATACSEQ:MERGED_LIBRARY_MARKDUPLICATES_PICARD:BAM_STATS_SAMTOOLS:SAMTOOLS_STATS (OSMOTIC_STRESS_T0_PE_REP2),COMPLETED,0,-,quay.io/biocontainers/samtools:1.17--h00cdaf9_0,1,14400000,-,6442450944,1,1785078863507,1785078863604,1785078864374,867,1000,-,129.4,0.1,7983104,165974016,7983104,233222144,9095232,73668,1738,35,0,1,1,/home/pranay/nextflow_benchmarks/work/37/2ba18b8f7c854211232da691fea27a,-,-,AMD Ryzen 7 4800H with Radeon Graphics
115,-,6592,NFCORE_ATACSEQ:ATACSEQ:MERGED_LIBRARY_FILTER_BAM:SAMTOOLS_INDEX,OSMOTIC_STRESS_T100_SE_REP2,NFCORE_ATACSEQ:ATACSEQ:MERGED_LIBRARY_FILTER_BAM:SAMTOOLS_INDEX (OSMOTIC_STRESS_T100_SE_REP2),COMPLETED,0,-,quay.io/biocontainers/samtools:1.17--h00cdaf9_0,2,14400000,-,6442450944,1,1785078864378,1785078864474,1785078865021,643,0,-,103.2,0.0,3321856,5648384,3321856,5652480,2044909,19224,491,22,0,1,0,/home/pranay/nextflow_benchmarks/work/41/308cdbf4cc7056ebeef3a7fea4331e,-,-,AMD Ryzen 7 4800H with Radeon Graphics
116,-,6635,NFCORE_ATACSEQ:ATACSEQ:MERGED_LIBRARY_PICARD_COLLECTMULTIPLEMETRICS,OSMOTIC_STRESS_T100_SE_REP2,NFCORE_ATACSEQ:ATACSEQ:MERGED_LIBRARY_PICARD_COLLECTMULTIPLEMETRICS (OSMOTIC_STRESS_T100_SE_REP2),COMPLETED,0,-,quay.io/biocontainers/picard:3.0.0--hdfd78af_1,1,14400000,-,6442450944,1,1785078865024,1785078865120,1785078870609,5585,4000,-,422.8,4.1,333549568,11698049024,340152320,11794796544,63045331,778594,11625,494,131072,21,23,/home/pranay/nextflow_benchmarks/work/40/e5b5a9c81bfbc575a95e8c34dc0a3b,-,-,AMD Ryzen 7 4800H with Radeon Graphics
117,-,6683,NFCORE_ATACSEQ:ATACSEQ:MERGED_LIBRARY_FILTER_BAM:SAMTOOLS_SORT,OSMOTIC_STRESS_T0_PE_REP2,NFCORE_ATACSEQ:ATACSEQ:MERGED_LIBRARY_FILTER_BAM:SAMTOOLS_SORT (OSMOTIC_STRESS_T0_PE_REP2),COMPLETED,0,-,quay.io/biocontainers/samtools:1.17--h00cdaf9_0,2,21600000,-,6442450944,1,1785078870613,1785078870709,1785078871489,876,1000,-,181.6,0.4,37961728,2009841664,37961728,2009845760,4277412,4803332,223,22,0,19,0,/home/pranay/nextflow_benchmarks/work/86/69e817b1c6165e8b1bf159662c5953,-,-,AMD Ryzen 7 4800H with Radeon Graphics
118,-,6725,NFCORE_ATACSEQ:ATACSEQ:MERGED_LIBRARY_FILTER_BAM:SAMTOOLS_SORT,OSMOTIC_STRESS_T15_PE_REP1,NFCORE_ATACSEQ:ATACSEQ:MERGED_LIBRARY_FILTER_BAM:SAMTOOLS_SORT (OSMOTIC_STRESS_T15_PE_REP1),COMPLETED,0,-,quay.io/biocontainers/samtools:1.17--h00cdaf9_0,2,21600000,-,6442450944,1,1785078871492,1785078871589,1785078872875,1383,1000,-,194.8,0.5,44306432,1856856064,44306432,1856860160,11582452,13795794,227,26,0,38,0,/home/pranay/nextflow_benchmarks/work/93/44cde126219ef9db90a72689db6d33,-,-,AMD Ryzen 7 4800H with Radeon Graphics
119,-,6767,NFCORE_ATACSEQ:ATACSEQ:MERGED_LIBRARY_FILTER_BAM:SAMTOOLS_SORT,OSMOTIC_STRESS_T0_PE_REP1,NFCORE_ATACSEQ:ATACSEQ:MERGED_LIBRARY_FILTER_BAM:SAMTOOLS_SORT (OSMOTIC_STRESS_T0_PE_REP1),COMPLETED,0,-,quay.io/biocontainers/samtools:1.17--h00cdaf9_0,2,21600000,-,6442450944,1,1785078872879,1785078872976,1785078873941,1062,0,-,178.1,0.5,39583744,1856856064,39583744,1856860160,4978897,5577298,224,22,0,11,1,/home/pranay/nextflow_benchmarks/work/50/4b480e57ee1ad403f784079e5a2243,-,-,AMD Ryzen 7 4800H with Radeon Graphics
120,-,6808,NFCORE_ATACSEQ:ATACSEQ:MERGED_LIBRARY_FILTER_BAM:SAMTOOLS_INDEX,OSMOTIC_STRESS_T100_SE_REP1,NFCORE_ATACSEQ:ATACSEQ:MERGED_LIBRARY_FILTER_BAM:SAMTOOLS_INDEX (OSMOTIC_STRESS_T100_SE_REP1),COMPLETED,0,-,quay.io/biocontainers/samtools:1.17--h00cdaf9_0,2,14400000,-,6442450944,1,1785078873945,1785078874042,1785078874659,714,0,-,85.0,0.0,3321856,5648384,3321856,5652480,2467455,18343,553,22,0,1,0,/home/pranay/nextflow_benchmarks/work/ff/c134fe1004fff1c2d9c185c1e08cfd,-,-,AMD Ryzen 7 4800H with Radeon Graphics
121,-,6850,NFCORE_ATACSEQ:ATACSEQ:MERGED_LIBRARY_PICARD_COLLECTMULTIPLEMETRICS,OSMOTIC_STRESS_T100_SE_REP1,NFCORE_ATACSEQ:ATACSEQ:MERGED_LIBRARY_PICARD_COLLECTMULTIPLEMETRICS (OSMOTIC_STRESS_T100_SE_REP1),COMPLETED,0,-,quay.io/biocontainers/picard:3.0.0--hdfd78af_1,1,14400000,-,6442450944,1,1785078874663,1785078874759,1785078880102,5439,3000,-,426.0,4.0,324866048,11789713408,337756160,11856830464,63476221,778838,11688,494,0,19,23,/home/pranay/nextflow_benchmarks/work/98/aa3628d7f4da60c9f274205711f831,-,-,AMD Ryzen 7 4800H with Radeon Graphics
122,-,6897,NFCORE_ATACSEQ:ATACSEQ:MERGED_LIBRARY_FILTER_BAM:SAMTOOLS_INDEX,OSMOTIC_STRESS_T150_SE_REP1,NFCORE_ATACSEQ:ATACSEQ:MERGED_LIBRARY_FILTER_BAM:SAMTOOLS_INDEX (OSMOTIC_STRESS_T150_SE_REP1),COMPLETED,0,-,quay.io/biocontainers/samtools:1.17--h00cdaf9_0,2,14400000,-,6442450944,1,1785078880105,1785078880203,1785078880772,667,0,-,122.2,0.1,7397376,164429824,7397376,231677952,5612925,14537,1041,21,0,385,1,/home/pranay/nextflow_benchmarks/work/1b/8f72a7de492487214127ee5bd96543,-,-,AMD Ryzen 7 4800H with Radeon Graphics
123,-,6940,NFCORE_ATACSEQ:ATACSEQ:MERGED_LIBRARY_PICARD_COLLECTMULTIPLEMETRICS,OSMOTIC_STRESS_T150_SE_REP1,NFCORE_ATACSEQ:ATACSEQ:MERGED_LIBRARY_PICARD_COLLECTMULTIPLEMETRICS (OSMOTIC_STRESS_T150_SE_REP1),COMPLETED,0,-,quay.io/biocontainers/picard:3.0.0--hdfd78af_1,1,14400000,-,6442450944,1,1785078880777,1785078880872,1785078886387,5610,4000,-,425.5,4.7,380604416,11693383680,386650112,11799650304,66614820,778957,12175,494,0,17,24,/home/pranay/nextflow_benchmarks/work/76/5e12c5f122cd8425b34107a090edb1,-,-,AMD Ryzen 7 4800H with Radeon Graphics
125,-,6986,NFCORE_ATACSEQ:ATACSEQ:MERGED_LIBRARY_FILTER_BAM:BAM_STATS_SAMTOOLS:SAMTOOLS_FLAGSTAT,OSMOTIC_STRESS_T100_SE_REP2,NFCORE_ATACSEQ:ATACSEQ:MERGED_LIBRARY_FILTER_BAM:BAM_STATS_SAMTOOLS:SAMTOOLS_FLAGSTAT (OSMOTIC_STRESS_T100_SE_REP2),COMPLETED,0,-,quay.io/biocontainers/samtools:1.17--h00cdaf9_0,1,14400000,-,6442450944,1,1785078886391,1785078886487,1785078887019,628,0,-,96.4,0.0,3452928,5648384,3452928,5652480,2045059,5406,491,19,0,1,0,/home/pranay/nextflow_benchmarks/work/76/f1d5c2e28772803bbd29002b7c7d48,-,-,AMD Ryzen 7 4800H with Radeon Graphics
124,-,7030,NFCORE_ATACSEQ:ATACSEQ:MERGED_LIBRARY_FILTER_BAM:BAM_STATS_SAMTOOLS:SAMTOOLS_IDXSTATS,OSMOTIC_STRESS_T100_SE_REP2,NFCORE_ATACSEQ:ATACSEQ:MERGED_LIBRARY_FILTER_BAM:BAM_STATS_SAMTOOLS:SAMTOOLS_IDXSTATS (OSMOTIC_STRESS_T100_SE_REP2),COMPLETED,0,-,quay.io/biocontainers/samtools:1.17--h00cdaf9_0,1,14400000,-,6442450944,1,1785078887023,1785078887119,1785078887665,642,0,-,84.2,0.0,3391488,5648384,3391488,5652480,138298,5240,225,19,0,2,0,/home/pranay/nextflow_benchmarks/work/dd/7d74e2fc0cd8a7441f3ef4bc878032,-,-,AMD Ryzen 7 4800H with Radeon Graphics
128,-,7072,NFCORE_ATACSEQ:ATACSEQ:MERGED_LIBRARY_CALL_ANNOTATE_PEAKS:MACS2_CALLPEAK,OSMOTIC_STRESS_T100_SE_REP2,NFCORE_ATACSEQ:ATACSEQ:MERGED_LIBRARY_CALL_ANNOTATE_PEAKS:MACS2_CALLPEAK (OSMOTIC_STRESS_T100_SE_REP2),COMPLETED,0,-,quay.io/biocontainers/macs2:2.2.7.1--py38h4a8c8d9_3,2,21600000,-,6442450944,1,1785078887668,1785078887766,1785078889636,1968,1000,-,247.4,0.1,10616832,15687680,10616832,15691776,9182866,2366860,1393,101,67518464,27,2,/home/pranay/nextflow_benchmarks/work/dc/b7db809281b5244663c99db7dfc9b3,-,-,AMD Ryzen 7 4800H with Radeon Graphics
127,-,7115,NFCORE_ATACSEQ:ATACSEQ:MERGED_LIBRARY_DEEPTOOLS_PLOTFINGERPRINT,OSMOTIC_STRESS_T100_SE_REP2,NFCORE_ATACSEQ:ATACSEQ:MERGED_LIBRARY_DEEPTOOLS_PLOTFINGERPRINT (OSMOTIC_STRESS_T100_SE_REP2),COMPLETED,0,-,quay.io/biocontainers/deeptools:3.5.1--py_0,2,21600000,-,6442450944,1,1785078889640,1785078889736,1785078898921,9281,8000,-,93.6,12.5,1001140224,1582907392,1062223872,1582911488,43299973,450495,6318,125,143204352,1227,31,/home/pranay/nextflow_benchmarks/work/03/a0e529dedb59d31b0fa93a88cb96a1,-,-,AMD Ryzen 7 4800H with Radeon Graphics
126,-,7164,NFCORE_ATACSEQ:ATACSEQ:MERGED_LIBRARY_FILTER_BAM:BAM_STATS_SAMTOOLS:SAMTOOLS_STATS,OSMOTIC_STRESS_T100_SE_REP2,NFCORE_ATACSEQ:ATACSEQ:MERGED_LIBRARY_FILTER_BAM:BAM_STATS_SAMTOOLS:SAMTOOLS_STATS (OSMOTIC_STRESS_T100_SE_REP2),COMPLETED,0,-,quay.io/biocontainers/samtools:1.17--h00cdaf9_0,1,14400000,-,6442450944,1,1785078898931,1785078899021,1785078899666,735,0,-,118.5,0.1,7991296,165974016,7991296,233222144,2049177,32645,492,25,131072,2,0,/home/pranay/nextflow_benchmarks/work/69/68f323a858a3f86ba80e24b906a21f,-,-,AMD Ryzen 7 4800H with Radeon Graphics
129,-,7211,NFCORE_ATACSEQ:ATACSEQ:MERGED_LIBRARY_FILTER_BAM:BAM_REMOVE_ORPHANS,OSMOTIC_STRESS_T0_PE_REP2,NFCORE_ATACSEQ:ATACSEQ:MERGED_LIBRARY_FILTER_BAM:BAM_REMOVE_ORPHANS (OSMOTIC_STRESS_T0_PE_REP2),COMPLETED,0,-,quay.io/biocontainers/mulled-v2-57736af1eb98c01010848572c9fec9fff6ffaafd:402e865b8f6af2f3e58c6fc8d57127ff0144b2c7-0,2,21600000,-,6442450944,1,1785078899670,1785078899766,1785078900783,1113,0,-,80.6,0.1,10010624,15781888,10010624,15785984,5865775,4718984,1026,322,30388224,28,0,/home/pranay/nextflow_benchmarks/work/d8/26b9bc123bb5c88d6c9063f31646ee,-,-,AMD Ryzen 7 4800H with Radeon Graphics
130,-,7252,NFCORE_ATACSEQ:ATACSEQ:MERGED_LIBRARY_FILTER_BAM:BAM_REMOVE_ORPHANS,OSMOTIC_STRESS_T15_PE_REP1,NFCORE_ATACSEQ:ATACSEQ:MERGED_LIBRARY_FILTER_BAM:BAM_REMOVE_ORPHANS (OSMOTIC_STRESS_T15_PE_REP1),COMPLETED,0,-,quay.io/biocontainers/mulled-v2-57736af1eb98c01010848572c9fec9fff6ffaafd:402e865b8f6af2f3e58c6fc8d57127ff0144b2c7-0,2,21600000,-,6442450944,1,1785078900787,1785078900883,1785078902399,1612,1000,-,97.1,0.2,16285696,27561984,16285696,27566080,14858217,13699952,2206,906,0,1,0,/home/pranay/nextflow_benchmarks/work/1b/f9a6d0c48bf06b5cd77d329d989824,-,-,AMD Ryzen 7 4800H with Radeon Graphics
131,-,7295,NFCORE_ATACSEQ:ATACSEQ:MERGED_LIBRARY_FILTER_BAM:BAM_REMOVE_ORPHANS,OSMOTIC_STRESS_T0_PE_REP1,NFCORE_ATACSEQ:ATACSEQ:MERGED_LIBRARY_FILTER_BAM:BAM_REMOVE_ORPHANS (OSMOTIC_STRESS_T0_PE_REP1),COMPLETED,0,-,quay.io/biocontainers/mulled-v2-57736af1eb98c01010848572c9fec9fff6ffaafd:402e865b8f6af2f3e58c6fc8d57127ff0144b2c7-0,2,21600000,-,6442450944,1,1785078902403,1785078902499,1785078903468,1065,1000,-,95.9,0.2,17879040,28987392,17879040,28991488,6639720,5522565,1146,382,0,1,1,/home/pranay/nextflow_benchmarks/work/5c/86d9e49579fad26a66463840596095,-,-,AMD Ryzen 7 4800H with Radeon Graphics
136,-,7337,NFCORE_ATACSEQ:ATACSEQ:MERGED_LIBRARY_CALL_ANNOTATE_PEAKS:MACS2_CALLPEAK,OSMOTIC_STRESS_T100_SE_REP1,NFCORE_ATACSEQ:ATACSEQ:MERGED_LIBRARY_CALL_ANNOTATE_PEAKS:MACS2_CALLPEAK (OSMOTIC_STRESS_T100_SE_REP1),COMPLETED,0,-,quay.io/biocontainers/macs2:2.2.7.1--py38h4a8c8d9_3,2,21600000,-,6442450944,1,1785078903473,1785078903569,1785078905311,1838,1000,-,214.8,0.1,13910016,18653184,14016512,18808832,10227913,3073936,1496,127,0,1,1,/home/pranay/nextflow_benchmarks/work/9a/cab95191ed99b7c3e4f35d9c2a9950,-,-,AMD Ryzen 7 4800H with Radeon Graphics
133,-,7380,NFCORE_ATACSEQ:ATACSEQ:MERGED_LIBRARY_FILTER_BAM:BAM_STATS_SAMTOOLS:SAMTOOLS_IDXSTATS,OSMOTIC_STRESS_T100_SE_REP1,NFCORE_ATACSEQ:ATACSEQ:MERGED_LIBRARY_FILTER_BAM:BAM_STATS_SAMTOOLS:SAMTOOLS_IDXSTATS (OSMOTIC_STRESS_T100_SE_REP1),COMPLETED,0,-,quay.io/biocontainers/samtools:1.17--h00cdaf9_0,1,14400000,-,6442450944,1,1785078905314,1785078905411,1785078905984,670,0,-,76.2,0.0,3457024,5648384,3457024,5652480,137536,5241,225,19,0,2,0,/home/pranay/nextflow_benchmarks/work/f2/f2ae996de244c4747f2c99407b40b6,-,-,AMD Ryzen 7 4800H with Radeon Graphics
135,-,7429,NFCORE_ATACSEQ:ATACSEQ:MERGED_LIBRARY_DEEPTOOLS_PLOTFINGERPRINT,OSMOTIC_STRESS_T100_SE_REP1,NFCORE_ATACSEQ:ATACSEQ:MERGED_LIBRARY_DEEPTOOLS_PLOTFINGERPRINT (OSMOTIC_STRESS_T100_SE_REP1),COMPLETED,0,-,quay.io/biocontainers/deeptools:3.5.1--py_0,2,21600000,-,6442450944,1,1785078905987,1785078906085,1785078914212,8225,6000,-,100.6,12.1,972873728,1494773760,1062752256,1582907392,42821489,457166,6256,125,0,52,25,/home/pranay/nextflow_benchmarks/work/f7/6350418822c73c7326d759343a82f4,-,-,AMD Ryzen 7 4800H with Radeon Graphics
132,-,7474,NFCORE_ATACSEQ:ATACSEQ:MERGED_LIBRARY_FILTER_BAM:BAM_STATS_SAMTOOLS:SAMTOOLS_FLAGSTAT,OSMOTIC_STRESS_T100_SE_REP1,NFCORE_ATACSEQ:ATACSEQ:MERGED_LIBRARY_FILTER_BAM:BAM_STATS_SAMTOOLS:SAMTOOLS_FLAGSTAT (OSMOTIC_STRESS_T100_SE_REP1),COMPLETED,0,-,quay.io/biocontainers/samtools:1.17--h00cdaf9_0,1,14400000,-,6442450944,1,1785078914216,1785078914312,1785078914859,643,0,-,127.3,0.0,3440640,5648384,3440640,5652480,2467605,5407,553,19,0,1,0,/home/pranay/nextflow_benchmarks/work/fe/035ac6ccf757974d8481bd9b1373b8,-,-,AMD Ryzen 7 4800H with Radeon Graphics
134,-,7519,NFCORE_ATACSEQ:ATACSEQ:MERGED_LIBRARY_FILTER_BAM:BAM_STATS_SAMTOOLS:SAMTOOLS_STATS,OSMOTIC_STRESS_T100_SE_REP1,NFCORE_ATACSEQ:ATACSEQ:MERGED_LIBRARY_FILTER_BAM:BAM_STATS_SAMTOOLS:SAMTOOLS_STATS (OSMOTIC_STRESS_T100_SE_REP1),COMPLETED,0,-,quay.io/biocontainers/samtools:1.17--h00cdaf9_0,1,14400000,-,6442450944,1,1785078914864,1785078914959,1785078915598,734,0,-,111.2,0.1,7987200,165974016,7987200,233222144,2471716,32459,554,25,0,1,0,/home/pranay/nextflow_benchmarks/work/ca/ed8b0b5f7c0a1f99baa51f659254c5,-,-,AMD Ryzen 7 4800H with Radeon Graphics
140,-,7563,NFCORE_ATACSEQ:ATACSEQ:MERGED_LIBRARY_FILTER_BAM:BAM_STATS_SAMTOOLS:SAMTOOLS_FLAGSTAT,OSMOTIC_STRESS_T150_SE_REP1,NFCORE_ATACSEQ:ATACSEQ:MERGED_LIBRARY_FILTER_BAM:BAM_STATS_SAMTOOLS:SAMTOOLS_FLAGSTAT (OSMOTIC_STRESS_T150_SE_REP1),COMPLETED,0,-,quay.io/biocontainers/samtools:1.17--h00cdaf9_0,1,14400000,-,6442450944,1,1785078915602,1785078915698,1785078916267,665,1000,-,117.6,0.0,7303168,164429824,7303168,231677952,5613077,5412,1041,19,0,422,1,/home/pranay/nextflow_benchmarks/work/f8/5808c2c4177668ea26525391ffa8db,-,-,AMD Ryzen 7 4800H with Radeon Graphics
137,-,7608,NFCORE_ATACSEQ:ATACSEQ:MERGED_LIBRARY_DEEPTOOLS_PLOTFINGERPRINT,OSMOTIC_STRESS_T150_SE_REP1,NFCORE_ATACSEQ:ATACSEQ:MERGED_LIBRARY_DEEPTOOLS_PLOTFINGERPRINT (OSMOTIC_STRESS_T150_SE_REP1),COMPLETED,0,-,quay.io/biocontainers/deeptools:3.5.1--py_0,2,21600000,-,6442450944,1,1785078916270,1785078916367,1785078924204,7934,6000,-,100.8,12.2,982958080,1502904320,1062662144,1582911488,42504094,419537,6149,95,0,31,24,/home/pranay/nextflow_benchmarks/work/e5/cb9518ae44132b8d25bee551870c92,-,-,AMD Ryzen 7 4800H with Radeon Graphics
141,-,7652,NFCORE_ATACSEQ:ATACSEQ:MERGED_LIBRARY_CALL_ANNOTATE_PEAKS:MACS2_CALLPEAK,OSMOTIC_STRESS_T150_SE_REP1,NFCORE_ATACSEQ:ATACSEQ:MERGED_LIBRARY_CALL_ANNOTATE_PEAKS:MACS2_CALLPEAK (OSMOTIC_STRESS_T150_SE_REP1),COMPLETED,0,-,quay.io/biocontainers/macs2:2.2.7.1--py38h4a8c8d9_3,2,21600000,-,6442450944,1,1785078924209,1785078924305,1785078926195,1986,0,-,155.9,0.1,14909440,19296256,14909440,19300352,16952167,6838492,2261,194,0,1,0,/home/pranay/nextflow_benchmarks/work/25/536f05329089671b0c1a3b47b3f54d,-,-,AMD Ryzen 7 4800H with Radeon Graphics
139,-,7695,NFCORE_ATACSEQ:ATACSEQ:MERGED_LIBRARY_FILTER_BAM:BAM_STATS_SAMTOOLS:SAMTOOLS_IDXSTATS,OSMOTIC_STRESS_T150_SE_REP1,NFCORE_ATACSEQ:ATACSEQ:MERGED_LIBRARY_FILTER_BAM:BAM_STATS_SAMTOOLS:SAMTOOLS_IDXSTATS (OSMOTIC_STRESS_T150_SE_REP1),COMPLETED,0,-,quay.io/biocontainers/samtools:1.17--h00cdaf9_0,1,14400000,-,6442450944,1,1785078926199,1785078926295,1785078926864,665,0,-,114.3,0.0,3276800,5648384,3276800,5652480,133322,5246,225,19,0,2,0,/home/pranay/nextflow_benchmarks/work/3e/84e6e79cc0105150464e83dea5b458,-,-,AMD Ryzen 7 4800H with Radeon Graphics
138,-,7742,NFCORE_ATACSEQ:ATACSEQ:MERGED_LIBRARY_FILTER_BAM:BAM_STATS_SAMTOOLS:SAMTOOLS_STATS,OSMOTIC_STRESS_T150_SE_REP1,NFCORE_ATACSEQ:ATACSEQ:MERGED_LIBRARY_FILTER_BAM:BAM_STATS_SAMTOOLS:SAMTOOLS_STATS (OSMOTIC_STRESS_T150_SE_REP1),COMPLETED,0,-,quay.io/biocontainers/samtools:1.17--h00cdaf9_0,1,14400000,-,6442450944,1,1785078926868,1785078926964,1785078927653,785,0,-,129.2,0.1,7692288,165974016,7692288,233222144,5617184,33973,1042,26,0,1,0,/home/pranay/nextflow_benchmarks/work/60/b864c9ae5be69c1bb42a53082012c6,-,-,AMD Ryzen 7 4800H with Radeon Graphics
142,-,7787,NFCORE_ATACSEQ:ATACSEQ:MERGED_LIBRARY_BAM_TO_BIGWIG:BEDTOOLS_GENOMECOV,OSMOTIC_STRESS_T100_SE_REP2,NFCORE_ATACSEQ:ATACSEQ:MERGED_LIBRARY_BAM_TO_BIGWIG:BEDTOOLS_GENOMECOV (OSMOTIC_STRESS_T100_SE_REP2),COMPLETED,0,-,quay.io/biocontainers/bedtools:2.30.0--hc088bd4_0,2,21600000,-,6442450944,1,1785078927657,1785078927754,1785078929554,1897,0,-,99.4,0.1,14352384,34447360,14352384,34447360,3535546,3057050,639,61172,4096,4,1,/home/pranay/nextflow_benchmarks/work/59/57fec2a1e7dd4330f085af6f8e7791,-,-,AMD Ryzen 7 4800H with Radeon Graphics
145,-,7831,NFCORE_ATACSEQ:ATACSEQ:MERGED_LIBRARY_CALL_ANNOTATE_PEAKS:FRIP_SCORE,OSMOTIC_STRESS_T100_SE_REP2,NFCORE_ATACSEQ:ATACSEQ:MERGED_LIBRARY_CALL_ANNOTATE_PEAKS:FRIP_SCORE (OSMOTIC_STRESS_T100_SE_REP2),COMPLETED,0,-,quay.io/biocontainers/mulled-v2-8186960447c5cb2faa697666dc1e6d919ad23f3e:3127fcae6b6bdaf8181e21a26ae61231030a9fcb-0,2,21600000,-,6442450944,1,1785078929558,1785078929654,1785078930399,841,1000,-,91.1,0.1,18915328,32837632,18915328,32845824,6818732,2715165,7199,392,35758080,131,2,/home/pranay/nextflow_benchmarks/work/6a/6684971426de4343c5287384506ee8,-,-,AMD Ryzen 7 4800H with Radeon Graphics
144,-,7875,NFCORE_ATACSEQ:ATACSEQ:MERGED_LIBRARY_ATAQV_ATAQV,OSMOTIC_STRESS_T100_SE_REP2,NFCORE_ATACSEQ:ATACSEQ:MERGED_LIBRARY_ATAQV_ATAQV (OSMOTIC_STRESS_T100_SE_REP2),COMPLETED,0,-,quay.io/biocontainers/ataqv:1.3.1--py310ha155cf9_1,2,21600000,-,6442450944,1,1785078930402,1785078930500,1785078931781,1379,729,-,126.9,0.0,4407296,14163968,4407296,14168064,148534079,262447,22067,384,27553792,26,1,/home/pranay/nextflow_benchmarks/work/62/2a055f71b15c3ce3a10de9ddfa15f2,-,-,AMD Ryzen 7 4800H with Radeon Graphics
143,-,7923,NFCORE_ATACSEQ:ATACSEQ:MERGED_LIBRARY_CALL_ANNOTATE_PEAKS:HOMER_ANNOTATEPEAKS,OSMOTIC_STRESS_T100_SE_REP2,NFCORE_ATACSEQ:ATACSEQ:MERGED_LIBRARY_CALL_ANNOTATE_PEAKS:HOMER_ANNOTATEPEAKS (OSMOTIC_STRESS_T100_SE_REP2),COMPLETED,0,-,quay.io/biocontainers/homer:4.11--pl526hc9558a2_3,2,21600000,-,6442450944,1,1785078931785,1785078931881,1785078937237,5452,3000,-,98.7,4.6,371408896,459739136,371408896,459743232,58037374,6222847,8570,1260,15904768,83,10,/home/pranay/nextflow_benchmarks/work/90/62eec4263e150fc9d6309d6b89079f,-,-,AMD Ryzen 7 4800H with Radeon Graphics
146,-,7968,NFCORE_ATACSEQ:ATACSEQ:MERGED_LIBRARY_FILTER_BAM:BAM_SORT_STATS_SAMTOOLS:SAMTOOLS_SORT,OSMOTIC_STRESS_T0_PE_REP2,NFCORE_ATACSEQ:ATACSEQ:MERGED_LIBRARY_FILTER_BAM:BAM_SORT_STATS_SAMTOOLS:SAMTOOLS_SORT (OSMOTIC_STRESS_T0_PE_REP2),COMPLETED,0,-,quay.io/biocontainers/samtools:1.17--h00cdaf9_0,2,21600000,-,6442450944,1,1785078937240,1785078937337,1785078938074,834,0,-,177.3,0.4,35717120,2011049984,36716544,2011054080,4822164,4042262,224,21,0,35,1,/home/pranay/nextflow_benchmarks/work/60/dac777e4d1e59c32412cb0e9ca67d8,-,-,AMD Ryzen 7 4800H with Radeon Graphics
147,-,8011,NFCORE_ATACSEQ:ATACSEQ:MERGED_LIBRARY_FILTER_BAM:BAM_SORT_STATS_SAMTOOLS:SAMTOOLS_SORT,OSMOTIC_STRESS_T15_PE_REP1,NFCORE_ATACSEQ:ATACSEQ:MERGED_LIBRARY_FILTER_BAM:BAM_SORT_STATS_SAMTOOLS:SAMTOOLS_SORT (OSMOTIC_STRESS_T15_PE_REP1),COMPLETED,0,-,quay.io/biocontainers/samtools:1.17--h00cdaf9_0,2,21600000,-,6442450944,1,1785078938078,1785078938174,1785078939284,1206,1000,-,198.8,0.5,43696128,1856860160,43696128,1856864256,13803148,11180214,228,26,0,58,1,/home/pranay/nextflow_benchmarks/work/16/1ccc2ed30c03547a8d307b60d6ebaa,-,-,AMD Ryzen 7 4800H with Radeon Graphics
148,-,8057,NFCORE_ATACSEQ:ATACSEQ:MERGED_LIBRARY_FILTER_BAM:BAM_SORT_STATS_SAMTOOLS:SAMTOOLS_SORT,OSMOTIC_STRESS_T0_PE_REP1,NFCORE_ATACSEQ:ATACSEQ:MERGED_LIBRARY_FILTER_BAM:BAM_SORT_STATS_SAMTOOLS:SAMTOOLS_SORT (OSMOTIC_STRESS_T0_PE_REP1),COMPLETED,0,-,quay.io/biocontainers/samtools:1.17--h00cdaf9_0,2,21600000,-,6442450944,1,1785078939287,1785078939385,1785078940146,859,0,-,189.3,0.5,42934272,2010218496,42934272,2010222592,5625765,4753396,224,22,0,37,1,/home/pranay/nextflow_benchmarks/work/b9/12c9c685f26747f0d3b167c3fe5987,-,-,AMD Ryzen 7 4800H with Radeon Graphics
151,-,8101,NFCORE_ATACSEQ:ATACSEQ:MERGED_LIBRARY_CALL_ANNOTATE_PEAKS:FRIP_SCORE,OSMOTIC_STRESS_T100_SE_REP1,NFCORE_ATACSEQ:ATACSEQ:MERGED_LIBRARY_CALL_ANNOTATE_PEAKS:FRIP_SCORE (OSMOTIC_STRESS_T100_SE_REP1),COMPLETED,0,-,quay.io/biocontainers/mulled-v2-8186960447c5cb2faa697666dc1e6d919ad23f3e:3127fcae6b6bdaf8181e21a26ae61231030a9fcb-0,2,21600000,-,6442450944,1,1785078940149,1785078940246,1785078940950,801,0,-,117.0,0.1,19042304,32972800,19042304,32980992,8330762,3357887,8854,479,0,167,0,/home/pranay/nextflow_benchmarks/work/d9/17a5cd29653e7273f6097b5101244d,-,-,AMD Ryzen 7 4800H with Radeon Graphics
150,-,8146,NFCORE_ATACSEQ:ATACSEQ:MERGED_LIBRARY_ATAQV_ATAQV,OSMOTIC_STRESS_T100_SE_REP1,NFCORE_ATACSEQ:ATACSEQ:MERGED_LIBRARY_ATAQV_ATAQV (OSMOTIC_STRESS_T100_SE_REP1),COMPLETED,0,-,quay.io/biocontainers/ataqv:1.3.1--py310ha155cf9_1,2,21600000,-,6442450944,1,1785078940954,1785078941050,1785078942251,1297,681,-,129.0,0.1,10731520,17051648,10731520,17055744,149304716,290741,21958,391,0,1,0,/home/pranay/nextflow_benchmarks/work/d1/491eabae0142ff35046b83e78f604d,-,-,AMD Ryzen 7 4800H with Radeon Graphics
149,-,8195,NFCORE_ATACSEQ:ATACSEQ:MERGED_LIBRARY_CALL_ANNOTATE_PEAKS:HOMER_ANNOTATEPEAKS,OSMOTIC_STRESS_T100_SE_REP1,NFCORE_ATACSEQ:ATACSEQ:MERGED_LIBRARY_CALL_ANNOTATE_PEAKS:HOMER_ANNOTATEPEAKS (OSMOTIC_STRESS_T100_SE_REP1),COMPLETED,0,-,quay.io/biocontainers/homer:4.11--pl526hc9558a2_3,2,21600000,-,6442450944,1,1785078942254,1785078942351,1785078947561,5307,4000,-,99.5,5.5,440582144,485167104,440582144,485171200,58253015,6391427,8606,1289,0,34,6,/home/pranay/nextflow_benchmarks/work/19/cdc391f83bfa1d3d090a520e562612,-,-,AMD Ryzen 7 4800H with Radeon Graphics
152,-,8242,NFCORE_ATACSEQ:ATACSEQ:MERGED_LIBRARY_BAM_TO_BIGWIG:BEDTOOLS_GENOMECOV,OSMOTIC_STRESS_T100_SE_REP1,NFCORE_ATACSEQ:ATACSEQ:MERGED_LIBRARY_BAM_TO_BIGWIG:BEDTOOLS_GENOMECOV (OSMOTIC_STRESS_T100_SE_REP1),COMPLETED,0,-,quay.io/biocontainers/bedtools:2.30.0--hc088bd4_0,2,21600000,-,6442450944,1,1785078947564,1785078947661,1785078949545,1981,1000,-,100.3,0.1,14381056,34447360,14381056,34447360,4379755,3900391,753,77861,0,3,2,/home/pranay/nextflow_benchmarks/work/8b/bcb61c9765f1e42b857d6d514ad8ab,-,-,AMD Ryzen 7 4800H with Radeon Graphics
153,-,8287,NFCORE_ATACSEQ:ATACSEQ:MERGED_LIBRARY_BAM_TO_BIGWIG:BEDTOOLS_GENOMECOV,OSMOTIC_STRESS_T150_SE_REP1,NFCORE_ATACSEQ:ATACSEQ:MERGED_LIBRARY_BAM_TO_BIGWIG:BEDTOOLS_GENOMECOV (OSMOTIC_STRESS_T150_SE_REP1),COMPLETED,0,-,quay.io/biocontainers/bedtools:2.30.0--hc088bd4_0,2,21600000,-,6442450944,1,1785078949548,1785078949646,1785078951995,2447,1000,-,100.5,0.1,14241792,34447360,14241792,34447360,10522111,9894158,1606,197032,0,3,0,/home/pranay/nextflow_benchmarks/work/9a/fe7d9a4cc42f8d3901b5922973f59a,-,-,AMD Ryzen 7 4800H with Radeon Graphics
156,-,8330,NFCORE_ATACSEQ:ATACSEQ:MERGED_LIBRARY_CALL_ANNOTATE_PEAKS:FRIP_SCORE,OSMOTIC_STRESS_T150_SE_REP1,NFCORE_ATACSEQ:ATACSEQ:MERGED_LIBRARY_CALL_ANNOTATE_PEAKS:FRIP_SCORE (OSMOTIC_STRESS_T150_SE_REP1),COMPLETED,0,-,quay.io/biocontainers/mulled-v2-8186960447c5cb2faa697666dc1e6d919ad23f3e:3127fcae6b6bdaf8181e21a26ae61231030a9fcb-0,2,21600000,-,6442450944,1,1785078951999,1785078952096,1785078953013,1014,0,-,120.2,0.1,19402752,33505280,19402752,33521664,19522101,8206143,21128,1135,0,157,2,/home/pranay/nextflow_benchmarks/work/66/89a7b568db25180b05c58805f6d14f,-,-,AMD Ryzen 7 4800H with Radeon Graphics
155,-,8374,NFCORE_ATACSEQ:ATACSEQ:MERGED_LIBRARY_ATAQV_ATAQV,OSMOTIC_STRESS_T150_SE_REP1,NFCORE_ATACSEQ:ATACSEQ:MERGED_LIBRARY_ATAQV_ATAQV (OSMOTIC_STRESS_T150_SE_REP1),COMPLETED,0,-,quay.io/biocontainers/ataqv:1.3.1--py310ha155cf9_1,2,21600000,-,6442450944,1,1785078953017,1785078953113,1785078954546,1529,925,-,132.2,0.1,10674176,17182720,10674176,17186816,189894634,351244,29392,406,0,1,0,/home/pranay/nextflow_benchmarks/work/7b/7ffd547dcbc4f0e89ccd6aa8eed519,-,-,AMD Ryzen 7 4800H with Radeon Graphics
154,-,8423,NFCORE_ATACSEQ:ATACSEQ:MERGED_LIBRARY_CALL_ANNOTATE_PEAKS:HOMER_ANNOTATEPEAKS,OSMOTIC_STRESS_T150_SE_REP1,NFCORE_ATACSEQ:ATACSEQ:MERGED_LIBRARY_CALL_ANNOTATE_PEAKS:HOMER_ANNOTATEPEAKS (OSMOTIC_STRESS_T150_SE_REP1),COMPLETED,0,-,quay.io/biocontainers/homer:4.11--pl526hc9558a2_3,2,21600000,-,6442450944,1,1785078954550,1785078954646,1785078959898,5348,4000,-,99.6,5.5,441774080,486252544,441774080,486256640,58716099,6752142,8668,1342,0,35,2,/home/pranay/nextflow_benchmarks/work/65/25d16e8691c1d948945c38127d6469,-,-,AMD Ryzen 7 4800H with Radeon Graphics
157,-,8469,NFCORE_ATACSEQ:ATACSEQ:MERGED_LIBRARY_BAM_TO_BIGWIG:UCSC_BEDGRAPHTOBIGWIG,OSMOTIC_STRESS_T100_SE_REP2,NFCORE_ATACSEQ:ATACSEQ:MERGED_LIBRARY_BAM_TO_BIGWIG:UCSC_BEDGRAPHTOBIGWIG (OSMOTIC_STRESS_T100_SE_REP2),COMPLETED,0,-,quay.io/biocontainers/ucsc-bedgraphtobigwig:445--h954228d_0,1,14400000,-,6442450944,1,1785078959902,1785078959998,1785078960639,737,0,-,61.1,0.0,3997696,17436672,3997696,17440768,4645337,527658,230,125,22884352,9,0,/home/pranay/nextflow_benchmarks/work/62/f67e387e84d47ea7593adad90eac68,-,-,AMD Ryzen 7 4800H with Radeon Graphics
158,-,8514,NFCORE_ATACSEQ:ATACSEQ:MERGED_LIBRARY_CALL_ANNOTATE_PEAKS:MULTIQC_CUSTOM_PEAKS,OSMOTIC_STRESS_T100_SE_REP2,NFCORE_ATACSEQ:ATACSEQ:MERGED_LIBRARY_CALL_ANNOTATE_PEAKS:MULTIQC_CUSTOM_PEAKS (OSMOTIC_STRESS_T100_SE_REP2),COMPLETED,0,-,quay.io/nf-core/ubuntu:20.04,1,14400000,-,6442450944,1,1785078960643,1785078960739,1785078961329,686,24,-,106.7,0.0,3059712,4087808,3059712,4096000,243694,67568,327,24,49152,5,1,/home/pranay/nextflow_benchmarks/work/87/114cf5bc3a6d38ab819821680178c6,-,-,AMD Ryzen 7 4800H with Radeon Graphics
159,-,8561,NFCORE_ATACSEQ:ATACSEQ:MERGED_LIBRARY_FILTER_BAM:BAM_SORT_STATS_SAMTOOLS:SAMTOOLS_INDEX,OSMOTIC_STRESS_T0_PE_REP2,NFCORE_ATACSEQ:ATACSEQ:MERGED_LIBRARY_FILTER_BAM:BAM_SORT_STATS_SAMTOOLS:SAMTOOLS_INDEX (OSMOTIC_STRESS_T0_PE_REP2),COMPLETED,0,-,quay.io/biocontainers/samtools:1.17--h00cdaf9_0,2,14400000,-,6442450944,1,1785078961332,1785078961429,1785078961991,659,0,-,107.6,0.1,7331840,164429824,7331840,231677952,4144431,16608,817,21,0,392,0,/home/pranay/nextflow_benchmarks/work/03/28e34e91e733738ddc499f82fc1b93,-,-,AMD Ryzen 7 4800H with Radeon Graphics
160,-,8605,NFCORE_ATACSEQ:ATACSEQ:MERGED_LIBRARY_PICARD_COLLECTMULTIPLEMETRICS,OSMOTIC_STRESS_T0_PE_REP2,NFCORE_ATACSEQ:ATACSEQ:MERGED_LIBRARY_PICARD_COLLECTMULTIPLEMETRICS (OSMOTIC_STRESS_T0_PE_REP2),COMPLETED,0,-,quay.io/biocontainers/picard:3.0.0--hdfd78af_1,1,14400000,-,6442450944,1,1785078961995,1785078962092,1785078968105,6110,4000,-,418.8,4.7,385802240,11717165056,385802240,11794780160,71407226,867333,12411,558,0,21,25,/home/pranay/nextflow_benchmarks/work/e2/a7eeea90b0cba3f9376b9b4b4f7d23,-,-,AMD Ryzen 7 4800H with Radeon Graphics
161,-,8652,NFCORE_ATACSEQ:ATACSEQ:MERGED_LIBRARY_FILTER_BAM:BAM_SORT_STATS_SAMTOOLS:SAMTOOLS_INDEX,OSMOTIC_STRESS_T15_PE_REP1,NFCORE_ATACSEQ:ATACSEQ:MERGED_LIBRARY_FILTER_BAM:BAM_SORT_STATS_SAMTOOLS:SAMTOOLS_INDEX (OSMOTIC_STRESS_T15_PE_REP1),COMPLETED,0,-,quay.io/biocontainers/samtools:1.17--h00cdaf9_0,2,14400000,-,6442450944,1,1785078968108,1785078968205,1785078968838,730,0,-,130.3,0.1,7569408,164429824,7569408,231677952,11282290,15153,1986,21,0,415,0,/home/pranay/nextflow_benchmarks/work/13/b8e46004d3aeb2c06cfa0e0905ef2c,-,-,AMD Ryzen 7 4800H with Radeon Graphics
162,-,8695,NFCORE_ATACSEQ:ATACSEQ:MERGED_LIBRARY_PICARD_COLLECTMULTIPLEMETRICS,OSMOTIC_STRESS_T15_PE_REP1,NFCORE_ATACSEQ:ATACSEQ:MERGED_LIBRARY_PICARD_COLLECTMULTIPLEMETRICS (OSMOTIC_STRESS_T15_PE_REP1),COMPLETED,0,-,quay.io/biocontainers/picard:3.0.0--hdfd78af_1,1,14400000,-,6442450944,1,1785078968841,1785078968938,1785078975507,6666,5000,-,400.0,5.2,427524096,11699544064,428154880,11794993152,78544583,867284,13579,558,0,21,24,/home/pranay/nextflow_benchmarks/work/67/09c80cfef9964c863675c2239b441e,-,-,AMD Ryzen 7 4800H with Radeon Graphics
163,-,8739,NFCORE_ATACSEQ:ATACSEQ:MERGED_LIBRARY_FILTER_BAM:BAM_SORT_STATS_SAMTOOLS:SAMTOOLS_INDEX,OSMOTIC_STRESS_T0_PE_REP1,NFCORE_ATACSEQ:ATACSEQ:MERGED_LIBRARY_FILTER_BAM:BAM_SORT_STATS_SAMTOOLS:SAMTOOLS_INDEX (OSMOTIC_STRESS_T0_PE_REP1),COMPLETED,0,-,quay.io/biocontainers/samtools:1.17--h00cdaf9_0,2,14400000,-,6442450944,1,1785078975510,1785078975607,1785078976167,657,0,-,116.1,0.0,7389184,164429824,7389184,231677952,4855567,15072,938,21,0,436,0,/home/pranay/nextflow_benchmarks/work/9f/0056433c606fc8e43eda87ff4a7c9c,-,-,AMD Ryzen 7 4800H with Radeon Graphics
166,-,8781,NFCORE_ATACSEQ:ATACSEQ:PICARD_MERGESAMFILES_REPLICATE,OSMOTIC_STRESS_T0_PE,NFCORE_ATACSEQ:ATACSEQ:PICARD_MERGESAMFILES_REPLICATE (OSMOTIC_STRESS_T0_PE),COMPLETED,0,-,quay.io/biocontainers/picard:3.0.0--hdfd78af_1,2,21600000,-,6442450944,1,1785078976171,1785078976267,1785078981233,5062,3000,-,278.5,3.3,275283968,9319776256,278495232,9386893312,26757708,9552505,10391,319,0,11,1,/home/pranay/nextflow_benchmarks/work/60/5695142dffaa3f846bac251713dbb7,-,-,AMD Ryzen 7 4800H with Radeon Graphics
165,-,8832,NFCORE_ATACSEQ:ATACSEQ:PICARD_MERGESAMFILES_REPLICATE,OSMOTIC_STRESS_T100_SE,NFCORE_ATACSEQ:ATACSEQ:PICARD_MERGESAMFILES_REPLICATE (OSMOTIC_STRESS_T100_SE),COMPLETED,0,-,quay.io/biocontainers/picard:3.0.0--hdfd78af_1,2,21600000,-,6442450944,1,1785078981236,1785078981334,1785078985769,4533,3000,-,330.7,2.8,229457920,9324425216,229457920,9386893312,22275671,5046609,9681,282,0,21,3,/home/pranay/nextflow_benchmarks/work/b7/3a5ee61488b8caf72fa42ae549f58c,-,-,AMD Ryzen 7 4800H with Radeon Graphics
164,-,8877,NFCORE_ATACSEQ:ATACSEQ:MERGED_LIBRARY_PICARD_COLLECTMULTIPLEMETRICS,OSMOTIC_STRESS_T0_PE_REP1,NFCORE_ATACSEQ:ATACSEQ:MERGED_LIBRARY_PICARD_COLLECTMULTIPLEMETRICS (OSMOTIC_STRESS_T0_PE_REP1),COMPLETED,0,-,quay.io/biocontainers/picard:3.0.0--hdfd78af_1,1,14400000,-,6442450944,1,1785078985774,1785078985869,1785078991964,6190,4000,-,431.1,3.9,320872448,9523351552,320872448,9528942592,72117467,859302,12532,557,0,11,1,/home/pranay/nextflow_benchmarks/work/2e/f88a038dd06669d44954eacf480c6a,-,-,AMD Ryzen 7 4800H with Radeon Graphics
167,-,8925,NFCORE_ATACSEQ:ATACSEQ:MERGED_LIBRARY_CALL_ANNOTATE_PEAKS:MULTIQC_CUSTOM_PEAKS,OSMOTIC_STRESS_T100_SE_REP1,NFCORE_ATACSEQ:ATACSEQ:MERGED_LIBRARY_CALL_ANNOTATE_PEAKS:MULTIQC_CUSTOM_PEAKS (OSMOTIC_STRESS_T100_SE_REP1),COMPLETED,0,-,quay.io/nf-core/ubuntu:20.04,1,14400000,-,6442450944,1,1785078991971,1785078992064,1785078992906,935,16,-,98.0,0.0,3141632,4087808,3141632,4096000,292175,91809,329,24,0,4,0,/home/pranay/nextflow_benchmarks/work/94/21dd07a3623668ad1fce210ad9ccfd,-,-,AMD Ryzen 7 4800H with Radeon Graphics
168,-,8974,NFCORE_ATACSEQ:ATACSEQ:MERGED_LIBRARY_BAM_TO_BIGWIG:UCSC_BEDGRAPHTOBIGWIG,OSMOTIC_STRESS_T100_SE_REP1,NFCORE_ATACSEQ:ATACSEQ:MERGED_LIBRARY_BAM_TO_BIGWIG:UCSC_BEDGRAPHTOBIGWIG (OSMOTIC_STRESS_T100_SE_REP1),COMPLETED,0,-,quay.io/biocontainers/ucsc-bedgraphtobigwig:445--h954228d_0,1,14400000,-,6442450944,1,1785078992912,1785078993006,1785078993850,938,0,-,87.1,0.1,10362880,25681920,10362880,25751552,5910338,628336,248,146,0,1,2,/home/pranay/nextflow_benchmarks/work/db/f4118b19015b36710060d58c69aa5b,-,-,AMD Ryzen 7 4800H with Radeon Graphics
169,-,9018,NFCORE_ATACSEQ:ATACSEQ:MERGED_LIBRARY_BAM_TO_BIGWIG:UCSC_BEDGRAPHTOBIGWIG,OSMOTIC_STRESS_T150_SE_REP1,NFCORE_ATACSEQ:ATACSEQ:MERGED_LIBRARY_BAM_TO_BIGWIG:UCSC_BEDGRAPHTOBIGWIG (OSMOTIC_STRESS_T150_SE_REP1),COMPLETED,0,-,quay.io/biocontainers/ucsc-bedgraphtobigwig:445--h954228d_0,1,14400000,-,6442450944,1,1785078993857,1785078993949,1785078994927,1070,0,-,103.2,0.1,10514432,25681920,10514432,25751552,14900989,1303133,386,286,0,1,1,/home/pranay/nextflow_benchmarks/work/39/c080a85b475dde5cb205ef741cb334,-,-,AMD Ryzen 7 4800H with Radeon Graphics
170,-,9063,NFCORE_ATACSEQ:ATACSEQ:MERGED_LIBRARY_CALL_ANNOTATE_PEAKS:MULTIQC_CUSTOM_PEAKS,OSMOTIC_STRESS_T150_SE_REP1,NFCORE_ATACSEQ:ATACSEQ:MERGED_LIBRARY_CALL_ANNOTATE_PEAKS:MULTIQC_CUSTOM_PEAKS (OSMOTIC_STRESS_T150_SE_REP1),COMPLETED,0,-,quay.io/nf-core/ubuntu:20.04,1,14400000,-,6442450944,1,1785078994933,1785078995027,1785078996039,1106,19,-,116.4,0.0,3059712,4087808,3059712,4096000,396464,143956,333,25,0,5,1,/home/pranay/nextflow_benchmarks/work/41/c6d3ca6cd5fb72a5d7a09fd7985e7e,-,-,AMD Ryzen 7 4800H with Radeon Graphics
172,-,9112,NFCORE_ATACSEQ:ATACSEQ:MERGED_LIBRARY_BIGWIG_PLOT_DEEPTOOLS:DEEPTOOLS_COMPUTEMATRIX_SCALE_REGIONS,OSMOTIC_STRESS_T100_SE_REP2,NFCORE_ATACSEQ:ATACSEQ:MERGED_LIBRARY_BIGWIG_PLOT_DEEPTOOLS:DEEPTOOLS_COMPUTEMATRIX_SCALE_REGIONS (OSMOTIC_STRESS_T100_SE_REP2),COMPLETED,0,-,quay.io/biocontainers/deeptools:3.5.1--py_0,2,21600000,-,6442450944,1,1785078996043,1785078996139,1785079067294,71251,70000,-,188.1,2.3,179970048,593453056,211738624,628322304,235906374,58665260,47016,6547,434176,407,256,/home/pranay/nextflow_benchmarks/work/d7/281dfc9086e706322c80bc8a4d9310,-,-,AMD Ryzen 7 4800H with Radeon Graphics
171,-,9168,NFCORE_ATACSEQ:ATACSEQ:MERGED_LIBRARY_BIGWIG_PLOT_DEEPTOOLS:DEEPTOOLS_COMPUTEMATRIX_REFERENCE_POINT,OSMOTIC_STRESS_T100_SE_REP2,NFCORE_ATACSEQ:ATACSEQ:MERGED_LIBRARY_BIGWIG_PLOT_DEEPTOOLS:DEEPTOOLS_COMPUTEMATRIX_REFERENCE_POINT (OSMOTIC_STRESS_T100_SE_REP2),COMPLETED,0,-,quay.io/biocontainers/deeptools:3.5.1--py_0,2,21600000,-,6442450944,1,1785079067300,1785079067393,1785079128131,60831,59000,-,188.4,2.0,171950080,588832768,203677696,621486080,229727692,50094263,46848,5214,0,290,181,/home/pranay/nextflow_benchmarks/work/8a/6e38a77757ef509a9e2fc88ce59872,-,-,AMD Ryzen 7 4800H with Radeon Graphics
174,-,9250,NFCORE_ATACSEQ:ATACSEQ:MERGED_LIBRARY_CALL_ANNOTATE_PEAKS:MACS2_CALLPEAK,OSMOTIC_STRESS_T0_PE_REP2,NFCORE_ATACSEQ:ATACSEQ:MERGED_LIBRARY_CALL_ANNOTATE_PEAKS:MACS2_CALLPEAK (OSMOTIC_STRESS_T0_PE_REP2),COMPLETED,0,-,quay.io/biocontainers/macs2:2.2.7.1--py38h4a8c8d9_3,2,21600000,-,6442450944,1,1785079128138,1785079128232,1785079129901,1763,0,-,170.2,0.1,15032320,19558400,15032320,19562496,11899144,3198802,1847,119,0,1,2,/home/pranay/nextflow_benchmarks/work/87/3872e53e1c7a6ac24c0a505b85e1d4,-,-,AMD Ryzen 7 4800H with Radeon Graphics
173,-,9293,NFCORE_ATACSEQ:ATACSEQ:MERGED_LIBRARY_DEEPTOOLS_PLOTFINGERPRINT,OSMOTIC_STRESS_T0_PE_REP2,NFCORE_ATACSEQ:ATACSEQ:MERGED_LIBRARY_DEEPTOOLS_PLOTFINGERPRINT (OSMOTIC_STRESS_T0_PE_REP2),COMPLETED,0,-,quay.io/biocontainers/deeptools:3.5.1--py_0,2,21600000,-,6442450944,1,1785079129907,1785079130001,1785079138325,8418,7000,-,100.3,11.2,898523136,1417834496,1062756352,1582891008,41371654,393664,5846,67,0,16,30,/home/pranay/nextflow_benchmarks/work/90/a43d99766570dc6f5f0f1172df5c78,-,-,AMD Ryzen 7 4800H with Radeon Graphics
175,-,9339,NFCORE_ATACSEQ:ATACSEQ:MERGED_LIBRARY_DEEPTOOLS_PLOTFINGERPRINT,OSMOTIC_STRESS_T15_PE_REP1,NFCORE_ATACSEQ:ATACSEQ:MERGED_LIBRARY_DEEPTOOLS_PLOTFINGERPRINT (OSMOTIC_STRESS_T15_PE_REP1),COMPLETED,0,-,quay.io/biocontainers/deeptools:3.5.1--py_0,2,21600000,-,6442450944,1,1785079138331,1785079138425,1785079146246,7915,6000,-,100.5,12.2,982990848,1502892032,1062662144,1582899200,43068928,393987,6200,67,0,21,25,/home/pranay/nextflow_benchmarks/work/3c/51c802e8250c75e765540eacfc68ea,-,-,AMD Ryzen 7 4800H with Radeon Graphics
176,-,9386,NFCORE_ATACSEQ:ATACSEQ:MERGED_LIBRARY_CALL_ANNOTATE_PEAKS:MACS2_CALLPEAK,OSMOTIC_STRESS_T15_PE_REP1,NFCORE_ATACSEQ:ATACSEQ:MERGED_LIBRARY_CALL_ANNOTATE_PEAKS:MACS2_CALLPEAK (OSMOTIC_STRESS_T15_PE_REP1),COMPLETED,0,-,quay.io/biocontainers/macs2:2.2.7.1--py38h4a8c8d9_3,2,21600000,-,6442450944,1,1785079146252,1785079146347,1785079148704,2452,1000,-,148.4,0.1,14782464,19558400,14782464,19562496,24648543,9052854,3587,194,0,2,1,/home/pranay/nextflow_benchmarks/work/f9/bcfbefcc30c31365ca1010561cdd09,-,-,AMD Ryzen 7 4800H with Radeon Graphics
180,-,9429,NFCORE_ATACSEQ:ATACSEQ:MERGED_LIBRARY_FILTER_BAM:BAM_SORT_STATS_SAMTOOLS:BAM_STATS_SAMTOOLS:SAMTOOLS_FLAGSTAT,OSMOTIC_STRESS_T0_PE_REP2,NFCORE_ATACSEQ:ATACSEQ:MERGED_LIBRARY_FILTER_BAM:BAM_SORT_STATS_SAMTOOLS:BAM_STATS_SAMTOOLS:SAMTOOLS_FLAGSTAT (OSMOTIC_STRESS_T0_PE_REP2),COMPLETED,0,-,quay.io/biocontainers/samtools:1.17--h00cdaf9_0,1,14400000,-,6442450944,1,1785079148710,1785079148804,1785079149361,651,0,-,99.1,0.0,7458816,164429824,7458816,164569088,4144567,5480,817,19,0,460,0,/home/pranay/nextflow_benchmarks/work/5f/c033153c70c87ebd9429b85e852ac5,-,-,AMD Ryzen 7 4800H with Radeon Graphics
183,-,9475,NFCORE_ATACSEQ:ATACSEQ:MERGED_LIBRARY_FILTER_BAM:BAM_SORT_STATS_SAMTOOLS:BAM_STATS_SAMTOOLS:SAMTOOLS_FLAGSTAT,OSMOTIC_STRESS_T15_PE_REP1,NFCORE_ATACSEQ:ATACSEQ:MERGED_LIBRARY_FILTER_BAM:BAM_SORT_STATS_SAMTOOLS:BAM_STATS_SAMTOOLS:SAMTOOLS_FLAGSTAT (OSMOTIC_STRESS_T15_PE_REP1),COMPLETED,0,-,quay.io/biocontainers/samtools:1.17--h00cdaf9_0,1,14400000,-,6442450944,1,1785079149365,1785079149461,1785079150086,721,0,-,133.3,0.0,7352320,164429824,7352320,231677952,11282428,5491,1986,19,0,403,0,/home/pranay/nextflow_benchmarks/work/76/051b5500d289edc0dfc43f4b23d0a9,-,-,AMD Ryzen 7 4800H with Radeon Graphics
187,-,9518,NFCORE_ATACSEQ:ATACSEQ:MERGED_LIBRARY_FILTER_BAM:BAM_SORT_STATS_SAMTOOLS:BAM_STATS_SAMTOOLS:SAMTOOLS_IDXSTATS,OSMOTIC_STRESS_T0_PE_REP1,NFCORE_ATACSEQ:ATACSEQ:MERGED_LIBRARY_FILTER_BAM:BAM_SORT_STATS_SAMTOOLS:BAM_STATS_SAMTOOLS:SAMTOOLS_IDXSTATS (OSMOTIC_STRESS_T0_PE_REP1),COMPLETED,0,-,quay.io/biocontainers/samtools:1.17--h00cdaf9_0,1,14400000,-,6442450944,1,1785079150090,1785079150187,1785079150831,741,0,-,71.6,0.0,3325952,5648384,3325952,5652480,122934,5293,224,19,0,2,0,/home/pranay/nextflow_benchmarks/work/0b/ac5f81d1781693b5136dba90f6d4a3,-,-,AMD Ryzen 7 4800H with Radeon Graphics
179,-,9563,NFCORE_ATACSEQ:ATACSEQ:MERGED_LIBRARY_FILTER_BAM:BAM_SORT_STATS_SAMTOOLS:BAM_STATS_SAMTOOLS:SAMTOOLS_IDXSTATS,OSMOTIC_STRESS_T0_PE_REP2,NFCORE_ATACSEQ:ATACSEQ:MERGED_LIBRARY_FILTER_BAM:BAM_SORT_STATS_SAMTOOLS:BAM_STATS_SAMTOOLS:SAMTOOLS_IDXSTATS (OSMOTIC_STRESS_T0_PE_REP2),COMPLETED,0,-,quay.io/biocontainers/samtools:1.17--h00cdaf9_0,1,14400000,-,6442450944,1,1785079150837,1785079150931,1785079151498,661,0,-,78.7,0.0,3276800,5648384,3276800,5652480,124469,5292,224,19,0,2,0,/home/pranay/nextflow_benchmarks/work/ed/d2c090c860866e4985aabaa2e573e6,-,-,AMD Ryzen 7 4800H with Radeon Graphics
177,-,9606,NFCORE_ATACSEQ:ATACSEQ:MERGED_LIBRARY_DEEPTOOLS_PLOTFINGERPRINT,OSMOTIC_STRESS_T0_PE_REP1,NFCORE_ATACSEQ:ATACSEQ:MERGED_LIBRARY_DEEPTOOLS_PLOTFINGERPRINT (OSMOTIC_STRESS_T0_PE_REP1),COMPLETED,0,-,quay.io/biocontainers/deeptools:3.5.1--py_0,2,21600000,-,6442450944,1,1785079151503,1785079151598,1785079159385,7882,7000,-,100.3,12.2,983105536,1502883840,1062936576,1582891008,43481473,393770,6194,67,0,19,35,/home/pranay/nextflow_benchmarks/work/ee/5da0d3b40cf7f0decb14735fa8fd8c,-,-,AMD Ryzen 7 4800H with Radeon Graphics
184,-,9651,NFCORE_ATACSEQ:ATACSEQ:MERGED_LIBRARY_FILTER_BAM:BAM_SORT_STATS_SAMTOOLS:BAM_STATS_SAMTOOLS:SAMTOOLS_IDXSTATS,OSMOTIC_STRESS_T15_PE_REP1,NFCORE_ATACSEQ:ATACSEQ:MERGED_LIBRARY_FILTER_BAM:BAM_SORT_STATS_SAMTOOLS:BAM_STATS_SAMTOOLS:SAMTOOLS_IDXSTATS (OSMOTIC_STRESS_T15_PE_REP1),COMPLETED,0,-,quay.io/biocontainers/samtools:1.17--h00cdaf9_0,1,14400000,-,6442450944,1,1785079159389,1785079159485,1785079160071,682,0,-,100.0,0.0,3371008,5648384,3371008,5652480,123018,5304,224,19,0,2,0,/home/pranay/nextflow_benchmarks/work/f9/604e0c7a6637d96a85cc06686cb48f,-,-,AMD Ryzen 7 4800H with Radeon Graphics
178,-,9696,NFCORE_ATACSEQ:ATACSEQ:MERGED_LIBRARY_CALL_ANNOTATE_PEAKS:MACS2_CALLPEAK,OSMOTIC_STRESS_T0_PE_REP1,NFCORE_ATACSEQ:ATACSEQ:MERGED_LIBRARY_CALL_ANNOTATE_PEAKS:MACS2_CALLPEAK (OSMOTIC_STRESS_T0_PE_REP1),COMPLETED,0,-,quay.io/biocontainers/macs2:2.2.7.1--py38h4a8c8d9_3,2,21600000,-,6442450944,1,1785079160076,1785079160171,1785079161881,1805,0,-,164.6,0.1,14000128,19054592,14012416,19058688,13459026,4124067,2020,152,0,1,1,/home/pranay/nextflow_benchmarks/work/ee/31de99f22b3284c17847eb330582de,-,-,AMD Ryzen 7 4800H with Radeon Graphics
185,-,9737,NFCORE_ATACSEQ:ATACSEQ:MERGED_LIBRARY_FILTER_BAM:BAM_SORT_STATS_SAMTOOLS:BAM_STATS_SAMTOOLS:SAMTOOLS_FLAGSTAT,OSMOTIC_STRESS_T0_PE_REP1,NFCORE_ATACSEQ:ATACSEQ:MERGED_LIBRARY_FILTER_BAM:BAM_SORT_STATS_SAMTOOLS:BAM_STATS_SAMTOOLS:SAMTOOLS_FLAGSTAT (OSMOTIC_STRESS_T0_PE_REP1),COMPLETED,0,-,quay.io/biocontainers/samtools:1.17--h00cdaf9_0,1,14400000,-,6442450944,1,1785079161895,1785079161981,1785079162546,651,0,-,124.0,0.0,7221248,164429824,7221248,231677952,4855704,5482,938,19,0,409,0,/home/pranay/nextflow_benchmarks/work/09/bf5fd5d7d3dac2b4a341c6a31fb96e,-,-,AMD Ryzen 7 4800H with Radeon Graphics
182,-,9784,NFCORE_ATACSEQ:ATACSEQ:MERGED_LIBRARY_FILTER_BAM:BAM_SORT_STATS_SAMTOOLS:BAM_STATS_SAMTOOLS:SAMTOOLS_STATS,OSMOTIC_STRESS_T15_PE_REP1,NFCORE_ATACSEQ:ATACSEQ:MERGED_LIBRARY_FILTER_BAM:BAM_SORT_STATS_SAMTOOLS:BAM_STATS_SAMTOOLS:SAMTOOLS_STATS (OSMOTIC_STRESS_T15_PE_REP1),COMPLETED,0,-,quay.io/biocontainers/samtools:1.17--h00cdaf9_0,1,14400000,-,6442450944,1,1785079162550,1785079162647,1785079163456,906,1000,-,131.6,0.1,8151040,165974016,8151040,233222144,11283932,67389,1986,34,0,2,1,/home/pranay/nextflow_benchmarks/work/5c/9ed6a4efaa85a2db1f4f859e597e04,-,-,AMD Ryzen 7 4800H with Radeon Graphics
186,-,9830,NFCORE_ATACSEQ:ATACSEQ:MERGED_LIBRARY_FILTER_BAM:BAM_SORT_STATS_SAMTOOLS:BAM_STATS_SAMTOOLS:SAMTOOLS_STATS,OSMOTIC_STRESS_T0_PE_REP1,NFCORE_ATACSEQ:ATACSEQ:MERGED_LIBRARY_FILTER_BAM:BAM_SORT_STATS_SAMTOOLS:BAM_STATS_SAMTOOLS:SAMTOOLS_STATS (OSMOTIC_STRESS_T0_PE_REP1),COMPLETED,0,-,quay.io/biocontainers/samtools:1.17--h00cdaf9_0,1,14400000,-,6442450944,1,1785079163458,1785079163556,1785079164194,736,0,-,125.4,0.1,7913472,165974016,7913472,233222144,4857118,61730,938,32,0,3,0,/home/pranay/nextflow_benchmarks/work/18/0233736fdf857ccbf5dabd5445abbd,-,-,AMD Ryzen 7 4800H with Radeon Graphics
181,-,9876,NFCORE_ATACSEQ:ATACSEQ:MERGED_LIBRARY_FILTER_BAM:BAM_SORT_STATS_SAMTOOLS:BAM_STATS_SAMTOOLS:SAMTOOLS_STATS,OSMOTIC_STRESS_T0_PE_REP2,NFCORE_ATACSEQ:ATACSEQ:MERGED_LIBRARY_FILTER_BAM:BAM_SORT_STATS_SAMTOOLS:BAM_STATS_SAMTOOLS:SAMTOOLS_STATS (OSMOTIC_STRESS_T0_PE_REP2),COMPLETED,0,-,quay.io/biocontainers/samtools:1.17--h00cdaf9_0,1,14400000,-,6442450944,1,1785079164198,1785079164294,1785079164949,751,0,-,120.8,0.1,8126464,165974016,8126464,166113280,4145983,65201,817,33,0,3,0,/home/pranay/nextflow_benchmarks/work/a0/dc137a7a7b284a9093b0323d6d7099,-,-,AMD Ryzen 7 4800H with Radeon Graphics
188,-,9921,NFCORE_ATACSEQ:ATACSEQ:MERGED_REPLICATE_MARKDUPLICATES_PICARD:PICARD_MARKDUPLICATES,OSMOTIC_STRESS_T0_PE,NFCORE_ATACSEQ:ATACSEQ:MERGED_REPLICATE_MARKDUPLICATES_PICARD:PICARD_MARKDUPLICATES (OSMOTIC_STRESS_T0_PE),COMPLETED,0,-,quay.io/biocontainers/picard:3.0.0--hdfd78af_1,2,21600000,-,6442450944,1,1785079164954,1785079165049,1785079173842,8888,7000,-,217.8,28.5,2290036736,10342232064,2290036736,10409349120,35838748,9540389,11780,339,21704704,28,1,/home/pranay/nextflow_benchmarks/work/0c/53cea3e6e576012c9c9af154c2669c,-,-,AMD Ryzen 7 4800H with Radeon Graphics
189,-,9967,NFCORE_ATACSEQ:ATACSEQ:MERGED_REPLICATE_MARKDUPLICATES_PICARD:PICARD_MARKDUPLICATES,OSMOTIC_STRESS_T100_SE,NFCORE_ATACSEQ:ATACSEQ:MERGED_REPLICATE_MARKDUPLICATES_PICARD:PICARD_MARKDUPLICATES (OSMOTIC_STRESS_T100_SE),COMPLETED,0,-,quay.io/biocontainers/picard:3.0.0--hdfd78af_1,2,21600000,-,6442450944,1,1785079173852,1785079173942,1785079180290,6438,4000,-,223.6,25.4,2043383808,10410389504,2043383808,10477506560,26825637,5038064,10370,301,4403200,11,0,/home/pranay/nextflow_benchmarks/work/31/6e0cc519805d8269d1bb95ff5376d3,-,-,AMD Ryzen 7 4800H with Radeon Graphics
191,-,10016,NFCORE_ATACSEQ:ATACSEQ:MERGED_LIBRARY_BIGWIG_PLOT_DEEPTOOLS:DEEPTOOLS_COMPUTEMATRIX_REFERENCE_POINT,OSMOTIC_STRESS_T100_SE_REP1,NFCORE_ATACSEQ:ATACSEQ:MERGED_LIBRARY_BIGWIG_PLOT_DEEPTOOLS:DEEPTOOLS_COMPUTEMATRIX_REFERENCE_POINT (OSMOTIC_STRESS_T100_SE_REP1),COMPLETED,0,-,quay.io/biocontainers/deeptools:3.5.1--py_0,2,21600000,-,6442450944,1,1785079180295,1785079180390,1785079242599,62304,61000,-,190.6,2.1,176328704,601952256,200912896,620466176,228521650,51005227,46554,5702,6225920,339,199,/home/pranay/nextflow_benchmarks/work/f8/1434b19cb6c293fe37ae0c53d83580,-,-,AMD Ryzen 7 4800H with Radeon Graphics
190,-,10065,NFCORE_ATACSEQ:ATACSEQ:MERGED_LIBRARY_BIGWIG_PLOT_DEEPTOOLS:DEEPTOOLS_COMPUTEMATRIX_SCALE_REGIONS,OSMOTIC_STRESS_T100_SE_REP1,NFCORE_ATACSEQ:ATACSEQ:MERGED_LIBRARY_BIGWIG_PLOT_DEEPTOOLS:DEEPTOOLS_COMPUTEMATRIX_SCALE_REGIONS (OSMOTIC_STRESS_T100_SE_REP1),COMPLETED,0,-,quay.io/biocontainers/deeptools:3.5.1--py_0,2,21600000,-,6442450944,1,1785079242604,1785079242699,1785079317309,74705,74000,-,191.0,2.1,179597312,592711680,213159936,628002816,234780353,59763552,46740,6820,0,393,241,/home/pranay/nextflow_benchmarks/work/c8/0afd28bf26b404ffb4acf6607a847b,-,-,AMD Ryzen 7 4800H with Radeon Graphics
193,-,10119,NFCORE_ATACSEQ:ATACSEQ:MERGED_LIBRARY_BIGWIG_PLOT_DEEPTOOLS:DEEPTOOLS_COMPUTEMATRIX_SCALE_REGIONS,OSMOTIC_STRESS_T150_SE_REP1,NFCORE_ATACSEQ:ATACSEQ:MERGED_LIBRARY_BIGWIG_PLOT_DEEPTOOLS:DEEPTOOLS_COMPUTEMATRIX_SCALE_REGIONS (OSMOTIC_STRESS_T150_SE_REP1),COMPLETED,0,-,quay.io/biocontainers/deeptools:3.5.1--py_0,2,21600000,-,6442450944,1,1785079317316,1785079317409,1785079387098,69782,68000,-,189.6,2.3,183771136,593338368,210575360,688459776,236473201,65870995,47154,7134,1302528,354,228,/home/pranay/nextflow_benchmarks/work/da/fed0f71a26ef8772ee0d770a7bdfa1,-,-,AMD Ryzen 7 4800H with Radeon Graphics
192,-,10173,NFCORE_ATACSEQ:ATACSEQ:MERGED_LIBRARY_BIGWIG_PLOT_DEEPTOOLS:DEEPTOOLS_COMPUTEMATRIX_REFERENCE_POINT,OSMOTIC_STRESS_T150_SE_REP1,NFCORE_ATACSEQ:ATACSEQ:MERGED_LIBRARY_BIGWIG_PLOT_DEEPTOOLS:DEEPTOOLS_COMPUTEMATRIX_REFERENCE_POINT (OSMOTIC_STRESS_T150_SE_REP1),COMPLETED,0,-,quay.io/biocontainers/deeptools:3.5.1--py_0,2,21600000,-,6442450944,1,1785079387103,1785079387199,1785079450512,63409,62000,-,190.5,2.1,181157888,589971456,201568256,622088192,229792979,56133547,46866,7020,0,354,214,/home/pranay/nextflow_benchmarks/work/88/4db7a759193938e193efabf4fdaf58,-,-,AMD Ryzen 7 4800H with Radeon Graphics
194,-,10226,NFCORE_ATACSEQ:ATACSEQ:MERGED_LIBRARY_BIGWIG_PLOT_DEEPTOOLS:DEEPTOOLS_PLOTPROFILE,OSMOTIC_STRESS_T100_SE_REP2,NFCORE_ATACSEQ:ATACSEQ:MERGED_LIBRARY_BIGWIG_PLOT_DEEPTOOLS:DEEPTOOLS_PLOTPROFILE (OSMOTIC_STRESS_T100_SE_REP2),COMPLETED,0,-,quay.io/biocontainers/deeptools:3.5.1--py_0,2,14400000,-,6442450944,1,1785079450519,1785079450612,1785079453961,3442,2000,-,99.9,1.3,110452736,178614272,110452736,178618368,23011107,406048,3428,42,1318912,7,7,/home/pranay/nextflow_benchmarks/work/4d/44bfa78af32a54640b4464d4184165,-,-,AMD Ryzen 7 4800H with Radeon Graphics
195,-,10270,NFCORE_ATACSEQ:ATACSEQ:MERGED_LIBRARY_BIGWIG_PLOT_DEEPTOOLS:DEEPTOOLS_PLOTHEATMAP,OSMOTIC_STRESS_T100_SE_REP2,NFCORE_ATACSEQ:ATACSEQ:MERGED_LIBRARY_BIGWIG_PLOT_DEEPTOOLS:DEEPTOOLS_PLOTHEATMAP (OSMOTIC_STRESS_T100_SE_REP2),COMPLETED,0,-,quay.io/biocontainers/deeptools:3.5.1--py_0,2,14400000,-,6442450944,1,1785079453965,1785079454061,1785079461580,7615,6000,-,99.7,3.5,280719360,482484224,280719360,482488320,26283396,2102437,4217,90,1155072,7,25,/home/pranay/nextflow_benchmarks/work/40/9622ff1535fef93c9bd481ccd0cccc,-,-,AMD Ryzen 7 4800H with Radeon Graphics
198,-,10315,NFCORE_ATACSEQ:ATACSEQ:MERGED_LIBRARY_CALL_ANNOTATE_PEAKS:FRIP_SCORE,OSMOTIC_STRESS_T0_PE_REP2,NFCORE_ATACSEQ:ATACSEQ:MERGED_LIBRARY_CALL_ANNOTATE_PEAKS:FRIP_SCORE (OSMOTIC_STRESS_T0_PE_REP2),COMPLETED,0,-,quay.io/biocontainers/mulled-v2-8186960447c5cb2faa697666dc1e6d919ad23f3e:3127fcae6b6bdaf8181e21a26ae61231030a9fcb-0,2,21600000,-,6442450944,1,1785079461587,1785079461680,1785079462488,901,1000,-,117.7,0.1,18673664,32837632,18673664,32845824,14254909,5966766,15217,832,6483968,151,2,/home/pranay/nextflow_benchmarks/work/ab/3cefc437e25dd898c6a85cfcb20774,-,-,AMD Ryzen 7 4800H with Radeon Graphics
197,-,10360,NFCORE_ATACSEQ:ATACSEQ:MERGED_LIBRARY_ATAQV_ATAQV,OSMOTIC_STRESS_T0_PE_REP2,NFCORE_ATACSEQ:ATACSEQ:MERGED_LIBRARY_ATAQV_ATAQV (OSMOTIC_STRESS_T0_PE_REP2),COMPLETED,0,-,quay.io/biocontainers/ataqv:1.3.1--py310ha155cf9_1,2,21600000,-,6442450944,1,1785079462495,1785079462588,1785079464777,2282,1653,-,143.0,0.1,12996608,168304640,12996608,235417600,227445864,294301,34604,392,2572288,22,0,/home/pranay/nextflow_benchmarks/work/29/b2c37b7674eebaf3303d52d952969d,-,-,AMD Ryzen 7 4800H with Radeon Graphics
196,-,10409,NFCORE_ATACSEQ:ATACSEQ:MERGED_LIBRARY_CALL_ANNOTATE_PEAKS:HOMER_ANNOTATEPEAKS,OSMOTIC_STRESS_T0_PE_REP2,NFCORE_ATACSEQ:ATACSEQ:MERGED_LIBRARY_CALL_ANNOTATE_PEAKS:HOMER_ANNOTATEPEAKS (OSMOTIC_STRESS_T0_PE_REP2),COMPLETED,0,-,quay.io/biocontainers/homer:4.11--pl526hc9558a2_3,2,21600000,-,6442450944,1,1785079464782,1785079464877,1785079470007,5225,3000,-,99.6,5.5,438124544,482246656,439889920,484249600,57957208,6162252,8564,1253,6332416,38,7,/home/pranay/nextflow_benchmarks/work/1c/967b746e3eb4affc0cbfcfe15efb0c,-,-,AMD Ryzen 7 4800H with Radeon Graphics
201,-,10456,NFCORE_ATACSEQ:ATACSEQ:MERGED_LIBRARY_CALL_ANNOTATE_PEAKS:FRIP_SCORE,OSMOTIC_STRESS_T15_PE_REP1,NFCORE_ATACSEQ:ATACSEQ:MERGED_LIBRARY_CALL_ANNOTATE_PEAKS:FRIP_SCORE (OSMOTIC_STRESS_T15_PE_REP1),COMPLETED,0,-,quay.io/biocontainers/mulled-v2-8186960447c5cb2faa697666dc1e6d919ad23f3e:3127fcae6b6bdaf8181e21a26ae61231030a9fcb-0,2,21600000,-,6442450944,1,1785079470011,1785079470107,1785079471392,1381,1000,-,120.0,0.1,19128320,33243136,19128320,33251328,40229833,17594854,44232,2405,6422528,151,1,/home/pranay/nextflow_benchmarks/work/13/5031664cc9fac6fa5751e2f8d9757a,-,-,AMD Ryzen 7 4800H with Radeon Graphics
200,-,10501,NFCORE_ATACSEQ:ATACSEQ:MERGED_LIBRARY_ATAQV_ATAQV,OSMOTIC_STRESS_T15_PE_REP1,NFCORE_ATACSEQ:ATACSEQ:MERGED_LIBRARY_ATAQV_ATAQV (OSMOTIC_STRESS_T15_PE_REP1),COMPLETED,0,-,quay.io/biocontainers/ataqv:1.3.1--py310ha155cf9_1,2,21600000,-,6442450944,1,1785079471397,1785079471493,1785079475287,3890,3320,-,154.0,0.1,14090240,168505344,14090240,235618304,382598494,377092,59779,412,49152,44,3,/home/pranay/nextflow_benchmarks/work/79/b26e692d9bcab4b1eec1617eab1598,-,-,AMD Ryzen 7 4800H with Radeon Graphics
199,-,10552,NFCORE_ATACSEQ:ATACSEQ:MERGED_LIBRARY_CALL_ANNOTATE_PEAKS:HOMER_ANNOTATEPEAKS,OSMOTIC_STRESS_T15_PE_REP1,NFCORE_ATACSEQ:ATACSEQ:MERGED_LIBRARY_CALL_ANNOTATE_PEAKS:HOMER_ANNOTATEPEAKS (OSMOTIC_STRESS_T15_PE_REP1),COMPLETED,0,-,quay.io/biocontainers/homer:4.11--pl526hc9558a2_3,2,21600000,-,6442450944,1,1785079475292,1785079475387,1785079480567,5275,4000,-,99.2,5.4,440201216,486420480,441946112,486424576,58587331,6654159,8650,1328,0,34,5,/home/pranay/nextflow_benchmarks/work/fb/c4f3de21eccdddd9bd71b0a03b2140,-,-,AMD Ryzen 7 4800H with Radeon Graphics
202,-,10599,NFCORE_ATACSEQ:ATACSEQ:MERGED_LIBRARY_BAM_TO_BIGWIG:BEDTOOLS_GENOMECOV,OSMOTIC_STRESS_T0_PE_REP2,NFCORE_ATACSEQ:ATACSEQ:MERGED_LIBRARY_BAM_TO_BIGWIG:BEDTOOLS_GENOMECOV (OSMOTIC_STRESS_T0_PE_REP2),COMPLETED,0,-,quay.io/biocontainers/bedtools:2.30.0--hc088bd4_0,2,21600000,-,6442450944,1,1785079480572,1785079480667,1785079482462,1890,1000,-,95.4,0.1,14266368,34447360,14266368,34447360,5617055,3026578,962,60528,2347008,4,1,/home/pranay/nextflow_benchmarks/work/0f/f7b0c65848e8e4e1e1a7a097ebecbb,-,-,AMD Ryzen 7 4800H with Radeon Graphics
203,-,10643,NFCORE_ATACSEQ:ATACSEQ:MERGED_LIBRARY_BAM_TO_BIGWIG:BEDTOOLS_GENOMECOV,OSMOTIC_STRESS_T15_PE_REP1,NFCORE_ATACSEQ:ATACSEQ:MERGED_LIBRARY_BAM_TO_BIGWIG:BEDTOOLS_GENOMECOV (OSMOTIC_STRESS_T15_PE_REP1),COMPLETED,0,-,quay.io/biocontainers/bedtools:2.30.0--hc088bd4_0,2,21600000,-,6442450944,1,1785079482468,1785079482562,1785079484990,2522,1000,-,100.7,0.1,14487552,34447360,14487552,34447360,15945710,9407952,2521,187312,4096,3,1,/home/pranay/nextflow_benchmarks/work/ac/143dcaf8d79f5640a12a3d7e5c0de2,-,-,AMD Ryzen 7 4800H with Radeon Graphics
206,-,10688,NFCORE_ATACSEQ:ATACSEQ:MERGED_LIBRARY_CALL_ANNOTATE_PEAKS:FRIP_SCORE,OSMOTIC_STRESS_T0_PE_REP1,NFCORE_ATACSEQ:ATACSEQ:MERGED_LIBRARY_CALL_ANNOTATE_PEAKS:FRIP_SCORE (OSMOTIC_STRESS_T0_PE_REP1),COMPLETED,0,-,quay.io/biocontainers/mulled-v2-8186960447c5cb2faa697666dc1e6d919ad23f3e:3127fcae6b6bdaf8181e21a26ae61231030a9fcb-0,2,21600000,-,6442450944,1,1785079484995,1785079485090,1785079485919,924,0,-,120.0,0.1,19091456,32972800,19091456,32980992,16966227,7232976,18417,1003,4800512,159,0,/home/pranay/nextflow_benchmarks/work/e0/17eac2f3f096c2a286ba7b58fa2ce8,-,-,AMD Ryzen 7 4800H with Radeon Graphics
205,-,10733,NFCORE_ATACSEQ:ATACSEQ:MERGED_LIBRARY_ATAQV_ATAQV,OSMOTIC_STRESS_T0_PE_REP1,NFCORE_ATACSEQ:ATACSEQ:MERGED_LIBRARY_ATAQV_ATAQV (OSMOTIC_STRESS_T0_PE_REP1),COMPLETED,0,-,quay.io/biocontainers/ataqv:1.3.1--py310ha155cf9_1,2,21600000,-,6442450944,1,1785079485925,1785079486019,1785079488295,2370,1794,-,140.8,0.1,12816384,168370176,12816384,235483136,235917060,319046,35975,398,245760,24,1,/home/pranay/nextflow_benchmarks/work/ba/46aea88622cefaa4022b3cecfa705d,-,-,AMD Ryzen 7 4800H with Radeon Graphics
207,-,10783,NFCORE_ATACSEQ:ATACSEQ:MERGED_LIBRARY_CALL_ANNOTATE_PEAKS:PLOT_MACS2_QC,-,NFCORE_ATACSEQ:ATACSEQ:MERGED_LIBRARY_CALL_ANNOTATE_PEAKS:PLOT_MACS2_QC,COMPLETED,0,-,quay.io/biocontainers/mulled-v2-ad9dd5f398966bf899ae05f8e7c54d0fb10cdfa7:05678da05b8e5a7a5130e90a9f9a6c585b965afa-0,2,21600000,-,6442450944,1,1785079488300,1785079488395,1785079492356,4056,3000,-,373.0,1.7,139071488,2571620352,139071488,2571624448,15185190,684043,1888,178,89849856,595,45,/home/pranay/nextflow_benchmarks/work/cb/ab90edacfa66a22fd432636ba38837,-,-,AMD Ryzen 7 4800H with Radeon Graphics
208,-,10837,NFCORE_ATACSEQ:ATACSEQ:MERGED_LIBRARY_CONSENSUS_PEAKS:MACS2_CONSENSUS,consensus_peaks,NFCORE_ATACSEQ:ATACSEQ:MERGED_LIBRARY_CONSENSUS_PEAKS:MACS2_CONSENSUS (consensus_peaks),COMPLETED,0,-,quay.io/biocontainers/mulled-v2-2f48cc59b03027e31ead6d383fe1b8057785dd24:5d182f583f4696f4c4d9f3be93052811b383341f-0,1,21600000,-,6442450944,1,1785079492361,1785079492457,1785079494570,2209,2000,-,244.3,1.5,120827904,2539458560,120827904,2539462656,14671411,1824260,2621,4138,119521280,442,2,/home/pranay/nextflow_benchmarks/work/a8/1b9350a05bb61487227bc6fc1908d1,-,-,AMD Ryzen 7 4800H with Radeon Graphics
204,-,10890,NFCORE_ATACSEQ:ATACSEQ:MERGED_LIBRARY_CALL_ANNOTATE_PEAKS:HOMER_ANNOTATEPEAKS,OSMOTIC_STRESS_T0_PE_REP1,NFCORE_ATACSEQ:ATACSEQ:MERGED_LIBRARY_CALL_ANNOTATE_PEAKS:HOMER_ANNOTATEPEAKS (OSMOTIC_STRESS_T0_PE_REP1),COMPLETED,0,-,quay.io/biocontainers/homer:4.11--pl526hc9558a2_3,2,21600000,-,6442450944,1,1785079494574,1785079494670,1785079499958,5384,4000,-,99.6,5.5,439795712,484220928,439795712,484225024,58158778,6320737,8593,1277,0,34,5,/home/pranay/nextflow_benchmarks/work/35/bc437993c3deecd3fddb8500602031,-,-,AMD Ryzen 7 4800H with Radeon Graphics
209,-,10938,NFCORE_ATACSEQ:ATACSEQ:MERGED_LIBRARY_BAM_TO_BIGWIG:BEDTOOLS_GENOMECOV,OSMOTIC_STRESS_T0_PE_REP1,NFCORE_ATACSEQ:ATACSEQ:MERGED_LIBRARY_BAM_TO_BIGWIG:BEDTOOLS_GENOMECOV (OSMOTIC_STRESS_T0_PE_REP1),COMPLETED,0,-,quay.io/biocontainers/bedtools:2.30.0--hc088bd4_0,2,21600000,-,6442450944,1,1785079499962,1785079500058,1785079501963,2001,0,-,99.3,0.1,14413824,34447360,14413824,34447360,6692583,3755364,1128,74907,4096,3,0,/home/pranay/nextflow_benchmarks/work/28/4c3ed5cbd367ac4cc2aca76069db94,-,-,AMD Ryzen 7 4800H with Radeon Graphics
211,-,10983,NFCORE_ATACSEQ:ATACSEQ:MERGED_REPLICATE_CALL_ANNOTATE_PEAKS:MACS2_CALLPEAK,OSMOTIC_STRESS_T0_PE,NFCORE_ATACSEQ:ATACSEQ:MERGED_REPLICATE_CALL_ANNOTATE_PEAKS:MACS2_CALLPEAK (OSMOTIC_STRESS_T0_PE),COMPLETED,0,-,quay.io/biocontainers/macs2:2.2.7.1--py38h4a8c8d9_3,2,21600000,-,6442450944,1,1785079501966,1785079502063,1785079504069,2103,1000,-,145.4,0.1,14839808,19296256,14839808,19300352,20500725,7146128,3015,176,4567040,1,0,/home/pranay/nextflow_benchmarks/work/38/a1aa9b1bf4bf642e5b158529716454,-,-,AMD Ryzen 7 4800H with Radeon Graphics
210,-,11025,NFCORE_ATACSEQ:ATACSEQ:MERGED_REPLICATE_MARKDUPLICATES_PICARD:SAMTOOLS_INDEX,OSMOTIC_STRESS_T0_PE,NFCORE_ATACSEQ:ATACSEQ:MERGED_REPLICATE_MARKDUPLICATES_PICARD:SAMTOOLS_INDEX (OSMOTIC_STRESS_T0_PE),COMPLETED,0,-,quay.io/biocontainers/samtools:1.17--h00cdaf9_0,2,14400000,-,6442450944,1,1785079504074,1785079504169,1785079504796,722,0,-,117.4,0.1,7335936,164429824,7335936,231677952,8933022,15373,1536,21,3473408,406,0,/home/pranay/nextflow_benchmarks/work/c1/f88d9788199f0f4350ac9b22fa41fd,-,-,AMD Ryzen 7 4800H with Radeon Graphics
212,-,11070,NFCORE_ATACSEQ:ATACSEQ:MERGED_REPLICATE_MARKDUPLICATES_PICARD:SAMTOOLS_INDEX,OSMOTIC_STRESS_T100_SE,NFCORE_ATACSEQ:ATACSEQ:MERGED_REPLICATE_MARKDUPLICATES_PICARD:SAMTOOLS_INDEX (OSMOTIC_STRESS_T100_SE),COMPLETED,0,-,quay.io/biocontainers/samtools:1.17--h00cdaf9_0,2,14400000,-,6442450944,1,1785079504801,1785079504896,1785079505482,681,0,-,101.6,0.1,7421952,164429824,7421952,231677952,4430758,15748,829,21,0,463,1,/home/pranay/nextflow_benchmarks/work/69/abde76fc6fc9f97a699cceef3fd86f,-,-,AMD Ryzen 7 4800H with Radeon Graphics
213,-,11111,NFCORE_ATACSEQ:ATACSEQ:MERGED_REPLICATE_CALL_ANNOTATE_PEAKS:MACS2_CALLPEAK,OSMOTIC_STRESS_T100_SE,NFCORE_ATACSEQ:ATACSEQ:MERGED_REPLICATE_CALL_ANNOTATE_PEAKS:MACS2_CALLPEAK (OSMOTIC_STRESS_T100_SE),COMPLETED,0,-,quay.io/biocontainers/macs2:2.2.7.1--py38h4a8c8d9_3,2,21600000,-,6442450944,1,1785079505487,1785079505582,1785079507358,1871,1000,-,167.7,0.1,14868480,19296256,14868480,19300352,14346707,5310677,1977,175,0,1,0,/home/pranay/nextflow_benchmarks/work/ea/5cb1e69c987e3bb2950ac1caf20a6f,-,-,AMD Ryzen 7 4800H with Radeon Graphics
214,-,11158,NFCORE_ATACSEQ:ATACSEQ:MERGED_LIBRARY_BIGWIG_PLOT_DEEPTOOLS:DEEPTOOLS_PLOTHEATMAP,OSMOTIC_STRESS_T100_SE_REP1,NFCORE_ATACSEQ:ATACSEQ:MERGED_LIBRARY_BIGWIG_PLOT_DEEPTOOLS:DEEPTOOLS_PLOTHEATMAP (OSMOTIC_STRESS_T100_SE_REP1),COMPLETED,0,-,quay.io/biocontainers/deeptools:3.5.1--py_0,2,14400000,-,6442450944,1,1785079507363,1785079507458,1785079515208,7845,6000,-,99.7,3.4,278994944,482430976,278994944,482435072,26646308,2254038,4297,94,0,4,30,/home/pranay/nextflow_benchmarks/work/c9/231c19619178b146d77315cb7b2390,-,-,AMD Ryzen 7 4800H with Radeon Graphics
215,-,11205,NFCORE_ATACSEQ:ATACSEQ:MERGED_LIBRARY_BIGWIG_PLOT_DEEPTOOLS:DEEPTOOLS_PLOTPROFILE,OSMOTIC_STRESS_T100_SE_REP1,NFCORE_ATACSEQ:ATACSEQ:MERGED_LIBRARY_BIGWIG_PLOT_DEEPTOOLS:DEEPTOOLS_PLOTPROFILE (OSMOTIC_STRESS_T100_SE_REP1),COMPLETED,0,-,quay.io/biocontainers/deeptools:3.5.1--py_0,2,14400000,-,6442450944,1,1785079515212,1785079515308,1785079518545,3333,2000,-,100.2,1.4,112123904,180506624,112123904,180510720,23238450,405740,3476,42,0,4,6,/home/pranay/nextflow_benchmarks/work/5a/4d302b041e9e4148cbf790b74073eb,-,-,AMD Ryzen 7 4800H with Radeon Graphics
216,-,11247,NFCORE_ATACSEQ:ATACSEQ:MERGED_LIBRARY_BIGWIG_PLOT_DEEPTOOLS:DEEPTOOLS_PLOTPROFILE,OSMOTIC_STRESS_T150_SE_REP1,NFCORE_ATACSEQ:ATACSEQ:MERGED_LIBRARY_BIGWIG_PLOT_DEEPTOOLS:DEEPTOOLS_PLOTPROFILE (OSMOTIC_STRESS_T150_SE_REP1),COMPLETED,0,-,quay.io/biocontainers/deeptools:3.5.1--py_0,2,14400000,-,6442450944,1,1785079518550,1785079518645,1785079522004,3454,2000,-,99.8,1.3,105984000,174493696,105984000,174497792,24550361,405113,3778,42,0,4,5,/home/pranay/nextflow_benchmarks/work/aa/f27be3daead2f5e5bf9fcca326d86b,-,-,AMD Ryzen 7 4800H with Radeon Graphics
217,-,11290,NFCORE_ATACSEQ:ATACSEQ:MERGED_LIBRARY_BIGWIG_PLOT_DEEPTOOLS:DEEPTOOLS_PLOTHEATMAP,OSMOTIC_STRESS_T150_SE_REP1,NFCORE_ATACSEQ:ATACSEQ:MERGED_LIBRARY_BIGWIG_PLOT_DEEPTOOLS:DEEPTOOLS_PLOTHEATMAP (OSMOTIC_STRESS_T150_SE_REP1),COMPLETED,0,-,quay.io/biocontainers/deeptools:3.5.1--py_0,2,14400000,-,6442450944,1,1785079522009,1785079522104,1785079530159,8150,6000,-,100.0,1.8,145252352,213561344,212533248,280961024,27453706,3362216,4477,120,0,5,24,/home/pranay/nextflow_benchmarks/work/5f/00d9279a00c531e09fdb0fec408acc,-,-,AMD Ryzen 7 4800H with Radeon Graphics
218,-,11334,NFCORE_ATACSEQ:ATACSEQ:MERGED_LIBRARY_CALL_ANNOTATE_PEAKS:MULTIQC_CUSTOM_PEAKS,OSMOTIC_STRESS_T0_PE_REP2,NFCORE_ATACSEQ:ATACSEQ:MERGED_LIBRARY_CALL_ANNOTATE_PEAKS:MULTIQC_CUSTOM_PEAKS (OSMOTIC_STRESS_T0_PE_REP2),COMPLETED,0,-,quay.io/nf-core/ubuntu:20.04,1,14400000,-,6442450944,1,1785079530163,1785079530259,1785079530835,672,17,-,130.6,0.0,0,0,0,0,226002,58724,327,24,528384,0,0,/home/pranay/nextflow_benchmarks/work/60/97dcf468ae0e5348c137cd2130c1de,-,-,AMD Ryzen 7 4800H with Radeon Graphics
219,-,11383,NFCORE_ATACSEQ:ATACSEQ:MERGED_LIBRARY_CALL_ANNOTATE_PEAKS:MULTIQC_CUSTOM_PEAKS,OSMOTIC_STRESS_T15_PE_REP1,NFCORE_ATACSEQ:ATACSEQ:MERGED_LIBRARY_CALL_ANNOTATE_PEAKS:MULTIQC_CUSTOM_PEAKS (OSMOTIC_STRESS_T15_PE_REP1),COMPLETED,0,-,quay.io/nf-core/ubuntu:20.04,1,14400000,-,6442450944,1,1785079530840,1785079530935,1785079531546,706,16,-,111.6,0.0,3145728,4087808,3145728,4096000,367827,129632,331,24,0,4,0,/home/pranay/nextflow_benchmarks/work/16/5a349c568768ce48d8b1fb8d2282ab,-,-,AMD Ryzen 7 4800H with Radeon Graphics
220,-,11430,NFCORE_ATACSEQ:ATACSEQ:MERGED_LIBRARY_BAM_TO_BIGWIG:UCSC_BEDGRAPHTOBIGWIG,OSMOTIC_STRESS_T0_PE_REP2,NFCORE_ATACSEQ:ATACSEQ:MERGED_LIBRARY_BAM_TO_BIGWIG:UCSC_BEDGRAPHTOBIGWIG (OSMOTIC_STRESS_T0_PE_REP2),COMPLETED,0,-,quay.io/biocontainers/ucsc-bedgraphtobigwig:445--h954228d_0,1,14400000,-,6442450944,1,1785079531550,1785079531646,1785079532250,700,1000,-,95.2,0.1,10457088,25681920,10457088,25751552,4599633,532341,230,123,0,1,4,/home/pranay/nextflow_benchmarks/work/26/1bda85226b60a7e8a94e23d4b5e4a2,-,-,AMD Ryzen 7 4800H with Radeon Graphics
221,-,11475,NFCORE_ATACSEQ:ATACSEQ:MERGED_LIBRARY_BAM_TO_BIGWIG:UCSC_BEDGRAPHTOBIGWIG,OSMOTIC_STRESS_T15_PE_REP1,NFCORE_ATACSEQ:ATACSEQ:MERGED_LIBRARY_BAM_TO_BIGWIG:UCSC_BEDGRAPHTOBIGWIG (OSMOTIC_STRESS_T15_PE_REP1),COMPLETED,0,-,quay.io/biocontainers/ucsc-bedgraphtobigwig:445--h954228d_0,1,14400000,-,6442450944,1,1785079532254,1785079532350,1785079533047,793,0,-,99.0,0.1,10399744,25681920,10399744,25751552,14171688,1237926,374,272,0,1,2,/home/pranay/nextflow_benchmarks/work/8c/4a5849e2667cd2662c1a8beaf6029f,-,-,AMD Ryzen 7 4800H with Radeon Graphics
222,-,11519,NFCORE_ATACSEQ:ATACSEQ:MERGED_LIBRARY_CALL_ANNOTATE_PEAKS:MULTIQC_CUSTOM_PEAKS,OSMOTIC_STRESS_T0_PE_REP1,NFCORE_ATACSEQ:ATACSEQ:MERGED_LIBRARY_CALL_ANNOTATE_PEAKS:MULTIQC_CUSTOM_PEAKS (OSMOTIC_STRESS_T0_PE_REP1),COMPLETED,0,-,quay.io/nf-core/ubuntu:20.04,1,14400000,-,6442450944,1,1785079533052,1785079533148,1785079533837,785,16,-,114.3,0.0,3112960,4087808,3112960,4096000,271674,81552,328,24,0,4,0,/home/pranay/nextflow_benchmarks/work/07/4ee35c8e09281f8dc3cee1fce08eb2,-,-,AMD Ryzen 7 4800H with Radeon Graphics
223,-,11567,NFCORE_ATACSEQ:ATACSEQ:MERGED_LIBRARY_ATAQV_MKARV,-,NFCORE_ATACSEQ:ATACSEQ:MERGED_LIBRARY_ATAQV_MKARV,COMPLETED,0,-,quay.io/biocontainers/ataqv:1.3.1--py310ha155cf9_1,2,21600000,-,6442450944,1,1785079533842,1785079533938,1785079534873,1031,369,-,93.1,0.1,10207232,16678912,10207232,16683008,8943554,5110194,706,155,19611648,30,0,/home/pranay/nextflow_benchmarks/work/5d/d22ce323af3282144c2b6690c10ec5,-,-,AMD Ryzen 7 4800H with Radeon Graphics
225,-,11624,NFCORE_ATACSEQ:ATACSEQ:MERGED_LIBRARY_CONSENSUS_PEAKS:SUBREAD_FEATURECOUNTS,consensus_peaks,NFCORE_ATACSEQ:ATACSEQ:MERGED_LIBRARY_CONSENSUS_PEAKS:SUBREAD_FEATURECOUNTS (consensus_peaks),COMPLETED,0,-,quay.io/biocontainers/subread:2.0.1--hed695b0_0,2,21600000,-,6442450944,1,1785079534878,1785079534973,1785079537180,2302,0,-,97.6,0.1,11460608,220995584,11460608,288108544,30481036,107947,4808,131,3211264,9,0,/home/pranay/nextflow_benchmarks/work/bc/5a149fedd0bfe274f2744d6bfe1bf0,-,-,AMD Ryzen 7 4800H with Radeon Graphics
224,-,11679,NFCORE_ATACSEQ:ATACSEQ:MERGED_LIBRARY_CONSENSUS_PEAKS:HOMER_ANNOTATEPEAKS,consensus_peaks,NFCORE_ATACSEQ:ATACSEQ:MERGED_LIBRARY_CONSENSUS_PEAKS:HOMER_ANNOTATEPEAKS (consensus_peaks),COMPLETED,0,-,quay.io/biocontainers/homer:4.11--pl526hc9558a2_3,2,21600000,-,6442450944,1,1785079537185,1785079537280,1785079542523,5338,4000,-,99.9,5.4,440004608,484392960,440004608,484397056,58277050,6545158,8609,1312,0,34,8,/home/pranay/nextflow_benchmarks/work/d5/0e0741f9179f7d37b2c312be518077,-,-,AMD Ryzen 7 4800H with Radeon Graphics
226,-,11728,NFCORE_ATACSEQ:ATACSEQ:MERGED_LIBRARY_CALL_ANNOTATE_PEAKS:PLOT_HOMER_ANNOTATEPEAKS,-,NFCORE_ATACSEQ:ATACSEQ:MERGED_LIBRARY_CALL_ANNOTATE_PEAKS:PLOT_HOMER_ANNOTATEPEAKS,COMPLETED,0,-,quay.io/biocontainers/mulled-v2-ad9dd5f398966bf899ae05f8e7c54d0fb10cdfa7:05678da05b8e5a7a5130e90a9f9a6c585b965afa-0,2,21600000,-,6442450944,1,1785079542528,1785079542623,1785079545794,3266,2000,-,253.0,1.7,136441856,2342666240,136441856,2342674432,15593789,235443,2058,100,651264,18,29,/home/pranay/nextflow_benchmarks/work/91/c7b37ae691dc7540ff5e1c03b22d39,-,-,AMD Ryzen 7 4800H with Radeon Graphics
227,-,11782,NFCORE_ATACSEQ:ATACSEQ:MERGED_LIBRARY_BAM_TO_BIGWIG:UCSC_BEDGRAPHTOBIGWIG,OSMOTIC_STRESS_T0_PE_REP1,NFCORE_ATACSEQ:ATACSEQ:MERGED_LIBRARY_BAM_TO_BIGWIG:UCSC_BEDGRAPHTOBIGWIG (OSMOTIC_STRESS_T0_PE_REP1),COMPLETED,0,-,quay.io/biocontainers/ucsc-bedgraphtobigwig:445--h954228d_0,1,14400000,-,6442450944,1,1785079545798,1785079545895,1785079546456,658,0,-,96.0,0.1,10584064,25681920,10584064,25751552,5692813,632643,245,142,0,1,2,/home/pranay/nextflow_benchmarks/work/77/7fcb9ab872f75dd6c8651bccef47f9,-,-,AMD Ryzen 7 4800H with Radeon Graphics
229,-,11827,NFCORE_ATACSEQ:ATACSEQ:MERGED_REPLICATE_CALL_ANNOTATE_PEAKS:FRIP_SCORE,OSMOTIC_STRESS_T0_PE,NFCORE_ATACSEQ:ATACSEQ:MERGED_REPLICATE_CALL_ANNOTATE_PEAKS:FRIP_SCORE (OSMOTIC_STRESS_T0_PE),COMPLETED,0,-,quay.io/biocontainers/mulled-v2-8186960447c5cb2faa697666dc1e6d919ad23f3e:3127fcae6b6bdaf8181e21a26ae61231030a9fcb-0,2,21600000,-,6442450944,1,1785079546461,1785079546556,1785079547651,1190,1000,-,121.1,0.1,19128320,33107968,19128320,33116160,31103815,13194113,33309,1809,0,160,0,/home/pranay/nextflow_benchmarks/work/41/0781c59cdd33359b24b57fbcdb2a38,-,-,AMD Ryzen 7 4800H with Radeon Graphics
228,-,11870,NFCORE_ATACSEQ:ATACSEQ:MERGED_REPLICATE_CALL_ANNOTATE_PEAKS:HOMER_ANNOTATEPEAKS,OSMOTIC_STRESS_T0_PE,NFCORE_ATACSEQ:ATACSEQ:MERGED_REPLICATE_CALL_ANNOTATE_PEAKS:HOMER_ANNOTATEPEAKS (OSMOTIC_STRESS_T0_PE),COMPLETED,0,-,quay.io/biocontainers/homer:4.11--pl526hc9558a2_3,2,21600000,-,6442450944,1,1785079547656,1785079547751,1785079552986,5330,3000,-,99.6,5.5,440647680,484958208,440647680,484962304,58289853,6432512,8608,1294,0,34,5,/home/pranay/nextflow_benchmarks/work/cf/62c0739a956b929cb317d56209194a,-,-,AMD Ryzen 7 4800H with Radeon Graphics
230,-,11917,NFCORE_ATACSEQ:ATACSEQ:MERGED_REPLICATE_MARKDUPLICATES_PICARD:BAM_STATS_SAMTOOLS:SAMTOOLS_FLAGSTAT,OSMOTIC_STRESS_T0_PE,NFCORE_ATACSEQ:ATACSEQ:MERGED_REPLICATE_MARKDUPLICATES_PICARD:BAM_STATS_SAMTOOLS:SAMTOOLS_FLAGSTAT (OSMOTIC_STRESS_T0_PE),COMPLETED,0,-,quay.io/biocontainers/samtools:1.17--h00cdaf9_0,1,14400000,-,6442450944,1,1785079552990,1785079553086,1785079553683,693,0,-,125.1,0.1,7450624,164429824,7450624,231677952,8933149,5468,1536,19,0,443,0,/home/pranay/nextflow_benchmarks/work/6b/c157eba92d57e618ee11ab373e9182,-,-,AMD Ryzen 7 4800H with Radeon Graphics
234,-,11961,NFCORE_ATACSEQ:ATACSEQ:MERGED_REPLICATE_MARKDUPLICATES_PICARD:BAM_STATS_SAMTOOLS:SAMTOOLS_IDXSTATS,OSMOTIC_STRESS_T100_SE,NFCORE_ATACSEQ:ATACSEQ:MERGED_REPLICATE_MARKDUPLICATES_PICARD:BAM_STATS_SAMTOOLS:SAMTOOLS_IDXSTATS (OSMOTIC_STRESS_T100_SE),COMPLETED,0,-,quay.io/biocontainers/samtools:1.17--h00cdaf9_0,1,14400000,-,6442450944,1,1785079553688,1785079553783,1785079554302,614,0,-,56.1,0.0,3416064,5648384,3416064,5652480,133939,5270,225,19,0,2,0,/home/pranay/nextflow_benchmarks/work/ef/9652e8dc08d92120cfe91215da4c70,-,-,AMD Ryzen 7 4800H with Radeon Graphics
233,-,12004,NFCORE_ATACSEQ:ATACSEQ:MERGED_REPLICATE_MARKDUPLICATES_PICARD:BAM_STATS_SAMTOOLS:SAMTOOLS_FLAGSTAT,OSMOTIC_STRESS_T100_SE,NFCORE_ATACSEQ:ATACSEQ:MERGED_REPLICATE_MARKDUPLICATES_PICARD:BAM_STATS_SAMTOOLS:SAMTOOLS_FLAGSTAT (OSMOTIC_STRESS_T100_SE),COMPLETED,0,-,quay.io/biocontainers/samtools:1.17--h00cdaf9_0,1,14400000,-,6442450944,1,1785079554306,1785079554402,1785079554943,637,0,-,107.6,0.0,7331840,164429824,7331840,231677952,4430895,5435,829,19,0,450,0,/home/pranay/nextflow_benchmarks/work/82/26195c8e8ceb35e7916fdf4c70b13d,-,-,AMD Ryzen 7 4800H with Radeon Graphics
231,-,12049,NFCORE_ATACSEQ:ATACSEQ:MERGED_REPLICATE_MARKDUPLICATES_PICARD:BAM_STATS_SAMTOOLS:SAMTOOLS_IDXSTATS,OSMOTIC_STRESS_T0_PE,NFCORE_ATACSEQ:ATACSEQ:MERGED_REPLICATE_MARKDUPLICATES_PICARD:BAM_STATS_SAMTOOLS:SAMTOOLS_IDXSTATS (OSMOTIC_STRESS_T0_PE),COMPLETED,0,-,quay.io/biocontainers/samtools:1.17--h00cdaf9_0,1,14400000,-,6442450944,1,1785079554948,1785079555043,1785079555557,609,0,-,57.1,0.0,3366912,5648384,3366912,5652480,130847,5280,225,19,0,2,0,/home/pranay/nextflow_benchmarks/work/8d/dda35dc73b35906b4aaa89a2524701,-,-,AMD Ryzen 7 4800H with Radeon Graphics
235,-,12092,NFCORE_ATACSEQ:ATACSEQ:MERGED_REPLICATE_MARKDUPLICATES_PICARD:BAM_STATS_SAMTOOLS:SAMTOOLS_STATS,OSMOTIC_STRESS_T100_SE,NFCORE_ATACSEQ:ATACSEQ:MERGED_REPLICATE_MARKDUPLICATES_PICARD:BAM_STATS_SAMTOOLS:SAMTOOLS_STATS (OSMOTIC_STRESS_T100_SE),COMPLETED,0,-,quay.io/biocontainers/samtools:1.17--h00cdaf9_0,1,14400000,-,6442450944,1,1785079555563,1785079555658,1785079556274,711,1000,-,123.6,0.1,7946240,165978112,7946240,233226240,4435005,34266,830,26,0,2,4,/home/pranay/nextflow_benchmarks/work/93/ad25a3d39e2d3ed242cdcc40a41c37,-,-,AMD Ryzen 7 4800H with Radeon Graphics
232,-,12139,NFCORE_ATACSEQ:ATACSEQ:MERGED_REPLICATE_MARKDUPLICATES_PICARD:BAM_STATS_SAMTOOLS:SAMTOOLS_STATS,OSMOTIC_STRESS_T0_PE,NFCORE_ATACSEQ:ATACSEQ:MERGED_REPLICATE_MARKDUPLICATES_PICARD:BAM_STATS_SAMTOOLS:SAMTOOLS_STATS (OSMOTIC_STRESS_T0_PE),COMPLETED,0,-,quay.io/biocontainers/samtools:1.17--h00cdaf9_0,1,14400000,-,6442450944,1,1785079556279,1785079556374,1785079557147,868,0,-,128.6,0.1,8019968,165978112,8019968,233226240,8937260,68251,1537,34,0,1,1,/home/pranay/nextflow_benchmarks/work/e8/9fed3f5fb15d0b126d50b43f51560f,-,-,AMD Ryzen 7 4800H with Radeon Graphics
237,-,12184,NFCORE_ATACSEQ:ATACSEQ:MERGED_REPLICATE_CALL_ANNOTATE_PEAKS:FRIP_SCORE,OSMOTIC_STRESS_T100_SE,NFCORE_ATACSEQ:ATACSEQ:MERGED_REPLICATE_CALL_ANNOTATE_PEAKS:FRIP_SCORE (OSMOTIC_STRESS_T100_SE),COMPLETED,0,-,quay.io/biocontainers/mulled-v2-8186960447c5cb2faa697666dc1e6d919ad23f3e:3127fcae6b6bdaf8181e21a26ae61231030a9fcb-0,2,21600000,-,6442450944,1,1785079557151,1785079557248,1785079558068,917,0,-,119.9,0.1,19345408,33243136,19345408,33251328,14988586,6067425,15747,845,0,151,2,/home/pranay/nextflow_benchmarks/work/e1/8cb8d5fab01c5d53f62783f04c77f3,-,-,AMD Ryzen 7 4800H with Radeon Graphics
239,-,12228,NFCORE_ATACSEQ:ATACSEQ:MERGED_REPLICATE_CONSENSUS_PEAKS:MACS2_CONSENSUS,consensus_peaks,NFCORE_ATACSEQ:ATACSEQ:MERGED_REPLICATE_CONSENSUS_PEAKS:MACS2_CONSENSUS (consensus_peaks),COMPLETED,0,-,quay.io/biocontainers/mulled-v2-2f48cc59b03027e31ead6d383fe1b8057785dd24:5d182f583f4696f4c4d9f3be93052811b383341f-0,1,21600000,-,6442450944,1,1785079558072,1785079558168,1785079559948,1876,1000,-,216.7,0.0,3432448,5648384,3432448,5652480,12955326,694497,2194,2878,0,7,0,/home/pranay/nextflow_benchmarks/work/f6/1fa30d598a50fddf054300b0d9ecf6,-,-,AMD Ryzen 7 4800H with Radeon Graphics
238,-,12273,NFCORE_ATACSEQ:ATACSEQ:MERGED_REPLICATE_CALL_ANNOTATE_PEAKS:PLOT_MACS2_QC,-,NFCORE_ATACSEQ:ATACSEQ:MERGED_REPLICATE_CALL_ANNOTATE_PEAKS:PLOT_MACS2_QC,COMPLETED,0,-,quay.io/biocontainers/mulled-v2-ad9dd5f398966bf899ae05f8e7c54d0fb10cdfa7:05678da05b8e5a7a5130e90a9f9a6c585b965afa-0,2,21600000,-,6442450944,1,1785079559952,1785079560048,1785079563055,3103,1000,-,181.2,1.5,127123456,2333872128,127123456,2333876224,14491343,265499,1789,96,0,13,17,/home/pranay/nextflow_benchmarks/work/2b/a1ffd24a8334d2352fe7a31bce0af9,-,-,AMD Ryzen 7 4800H with Radeon Graphics
236,-,12320,NFCORE_ATACSEQ:ATACSEQ:MERGED_REPLICATE_CALL_ANNOTATE_PEAKS:HOMER_ANNOTATEPEAKS,OSMOTIC_STRESS_T100_SE,NFCORE_ATACSEQ:ATACSEQ:MERGED_REPLICATE_CALL_ANNOTATE_PEAKS:HOMER_ANNOTATEPEAKS (OSMOTIC_STRESS_T100_SE),COMPLETED,0,-,quay.io/biocontainers/homer:4.11--pl526hc9558a2_3,2,21600000,-,6442450944,1,1785079563060,1785079563156,1785079568812,5752,4000,-,99.3,4.6,372936704,460685312,372936704,460689408,58433364,6541752,8626,1309,0,32,10,/home/pranay/nextflow_benchmarks/work/8f/0284420e54ad92f03d274457be165b,-,-,AMD Ryzen 7 4800H with Radeon Graphics
240,-,12369,NFCORE_ATACSEQ:ATACSEQ:MERGED_LIBRARY_BIGWIG_PLOT_DEEPTOOLS:DEEPTOOLS_COMPUTEMATRIX_SCALE_REGIONS,OSMOTIC_STRESS_T0_PE_REP2,NFCORE_ATACSEQ:ATACSEQ:MERGED_LIBRARY_BIGWIG_PLOT_DEEPTOOLS:DEEPTOOLS_COMPUTEMATRIX_SCALE_REGIONS (OSMOTIC_STRESS_T0_PE_REP2),COMPLETED,0,-,quay.io/biocontainers/deeptools:3.5.1--py_0,2,21600000,-,6442450944,1,1785079568817,1785079568913,1785079638895,70078,68000,-,188.5,2.3,189358080,593514496,217120768,632541184,236961031,57247489,47271,5991,0,399,223,/home/pranay/nextflow_benchmarks/work/66/a012b91a8c56181d1b267011c3f6ce,-,-,AMD Ryzen 7 4800H with Radeon Graphics
241,-,12420,NFCORE_ATACSEQ:ATACSEQ:MERGED_LIBRARY_BIGWIG_PLOT_DEEPTOOLS:DEEPTOOLS_COMPUTEMATRIX_REFERENCE_POINT,OSMOTIC_STRESS_T0_PE_REP2,NFCORE_ATACSEQ:ATACSEQ:MERGED_LIBRARY_BIGWIG_PLOT_DEEPTOOLS:DEEPTOOLS_COMPUTEMATRIX_REFERENCE_POINT (OSMOTIC_STRESS_T0_PE_REP2),COMPLETED,0,-,quay.io/biocontainers/deeptools:3.5.1--py_0,2,21600000,-,6442450944,1,1785079638899,1785079638995,1785079700289,61390,60000,-,189.2,2.2,179380224,603430912,204218368,621555712,230787841,48916539,47108,4508,0,311,197,/home/pranay/nextflow_benchmarks/work/35/775b5ff2709cf02188e917c55179ff,-,-,AMD Ryzen 7 4800H with Radeon Graphics
242,-,12497,NFCORE_ATACSEQ:ATACSEQ:MERGED_LIBRARY_BIGWIG_PLOT_DEEPTOOLS:DEEPTOOLS_COMPUTEMATRIX_REFERENCE_POINT,OSMOTIC_STRESS_T15_PE_REP1,NFCORE_ATACSEQ:ATACSEQ:MERGED_LIBRARY_BIGWIG_PLOT_DEEPTOOLS:DEEPTOOLS_COMPUTEMATRIX_REFERENCE_POINT (OSMOTIC_STRESS_T15_PE_REP1),COMPLETED,0,-,quay.io/biocontainers/deeptools:3.5.1--py_0,2,21600000,-,6442450944,1,1785079700295,1785079700389,1785079763268,62973,62000,-,185.8,2.1,177934336,589660160,202399744,619102208,226834815,56333412,46143,7052,0,314,207,/home/pranay/nextflow_benchmarks/work/7f/9b3448d6d315e0c4d590f382566c42,-,-,AMD Ryzen 7 4800H with Radeon Graphics
243,-,12550,NFCORE_ATACSEQ:ATACSEQ:MERGED_LIBRARY_BIGWIG_PLOT_DEEPTOOLS:DEEPTOOLS_COMPUTEMATRIX_SCALE_REGIONS,OSMOTIC_STRESS_T15_PE_REP1,NFCORE_ATACSEQ:ATACSEQ:MERGED_LIBRARY_BIGWIG_PLOT_DEEPTOOLS:DEEPTOOLS_COMPUTEMATRIX_SCALE_REGIONS (OSMOTIC_STRESS_T15_PE_REP1),COMPLETED,0,-,quay.io/biocontainers/deeptools:3.5.1--py_0,2,21600000,-,6442450944,1,1785079763272,1785079763368,1785079834323,71051,70000,-,189.9,2.3,179183616,593448960,209645568,629444608,233486698,66063191,46424,7159,0,347,239,/home/pranay/nextflow_benchmarks/work/e3/e575909bda9c395a355d9c685f8bed,-,-,AMD Ryzen 7 4800H with Radeon Graphics
244,-,12602,NFCORE_ATACSEQ:ATACSEQ:MERGED_LIBRARY_CONSENSUS_PEAKS:DESEQ2_QC,consensus_peaks,NFCORE_ATACSEQ:ATACSEQ:MERGED_LIBRARY_CONSENSUS_PEAKS:DESEQ2_QC (consensus_peaks),COMPLETED,0,-,quay.io/biocontainers/mulled-v2-8849acf39a43cdd6c839a369a74c0adc823e2f91:ab110436faf952a33575c64dd74615a84011450b-0,2,21600000,-,6442450944,1,1785079834328,1785079834423,1785079850081,15753,14000,-,146.1,9.0,724078592,3168784384,724078592,3168788480,71870932,248461,5666,313,112566272,922,31,/home/pranay/nextflow_benchmarks/work/e6/870706e48b4986d73ec471dea8e6fa,-,-,AMD Ryzen 7 4800H with Radeon Graphics
245,-,12650,NFCORE_ATACSEQ:ATACSEQ:MERGED_LIBRARY_BIGWIG_PLOT_DEEPTOOLS:DEEPTOOLS_COMPUTEMATRIX_SCALE_REGIONS,OSMOTIC_STRESS_T0_PE_REP1,NFCORE_ATACSEQ:ATACSEQ:MERGED_LIBRARY_BIGWIG_PLOT_DEEPTOOLS:DEEPTOOLS_COMPUTEMATRIX_SCALE_REGIONS (OSMOTIC_STRESS_T0_PE_REP1),COMPLETED,0,-,quay.io/biocontainers/deeptools:3.5.1--py_0,2,21600000,-,6442450944,1,1785079850087,1785079850181,1785079921364,71277,70000,-,188.7,2.1,179093504,593485824,212041728,634290176,236897973,58296083,47259,6370,0,390,258,/home/pranay/nextflow_benchmarks/work/1a/9b74d9ffda0584690328b06b48fba4,-,-,AMD Ryzen 7 4800H with Radeon Graphics
246,-,12701,NFCORE_ATACSEQ:ATACSEQ:MERGED_LIBRARY_BIGWIG_PLOT_DEEPTOOLS:DEEPTOOLS_COMPUTEMATRIX_REFERENCE_POINT,OSMOTIC_STRESS_T0_PE_REP1,NFCORE_ATACSEQ:ATACSEQ:MERGED_LIBRARY_BIGWIG_PLOT_DEEPTOOLS:DEEPTOOLS_COMPUTEMATRIX_REFERENCE_POINT (OSMOTIC_STRESS_T0_PE_REP1),COMPLETED,0,-,quay.io/biocontainers/deeptools:3.5.1--py_0,2,21600000,-,6442450944,1,1785079921368,1785079921464,1785079984266,62898,61000,-,186.3,2.0,172224512,588230656,204890112,683069440,230656203,49775017,47074,4960,0,300,204,/home/pranay/nextflow_benchmarks/work/98/33e50277e8af93d4431424a31ed7ac,-,-,AMD Ryzen 7 4800H with Radeon Graphics
247,-,12752,NFCORE_ATACSEQ:ATACSEQ:MERGED_REPLICATE_CALL_ANNOTATE_PEAKS:MULTIQC_CUSTOM_PEAKS,OSMOTIC_STRESS_T0_PE,NFCORE_ATACSEQ:ATACSEQ:MERGED_REPLICATE_CALL_ANNOTATE_PEAKS:MULTIQC_CUSTOM_PEAKS (OSMOTIC_STRESS_T0_PE),COMPLETED,0,-,quay.io/nf-core/ubuntu:20.04,1,14400000,-,6442450944,1,1785079984272,1785079984367,1785079984928,656,19,-,92.3,0.0,3145728,4087808,3145728,4096000,303984,97710,329,24,0,4,0,/home/pranay/nextflow_benchmarks/work/d5/05e4d535d4d09d19a904d1b897c3fe,-,-,AMD Ryzen 7 4800H with Radeon Graphics
248,-,12801,NFCORE_ATACSEQ:ATACSEQ:MERGED_REPLICATE_BAM_TO_BIGWIG:BEDTOOLS_GENOMECOV,OSMOTIC_STRESS_T0_PE,NFCORE_ATACSEQ:ATACSEQ:MERGED_REPLICATE_BAM_TO_BIGWIG:BEDTOOLS_GENOMECOV (OSMOTIC_STRESS_T0_PE),COMPLETED,0,-,quay.io/biocontainers/bedtools:2.30.0--hc088bd4_0,2,21600000,-,6442450944,1,1785079984934,1785079985028,1785079987266,2332,1000,-,99.3,0.1,14442496,34447360,14442496,34447360,12333222,6876327,1917,137961,0,3,1,/home/pranay/nextflow_benchmarks/work/f8/d9c9f282c1cd602604ba72570a7287,-,-,AMD Ryzen 7 4800H with Radeon Graphics
249,-,12845,NFCORE_ATACSEQ:ATACSEQ:MERGED_REPLICATE_BAM_TO_BIGWIG:BEDTOOLS_GENOMECOV,OSMOTIC_STRESS_T100_SE,NFCORE_ATACSEQ:ATACSEQ:MERGED_REPLICATE_BAM_TO_BIGWIG:BEDTOOLS_GENOMECOV (OSMOTIC_STRESS_T100_SE),COMPLETED,0,-,quay.io/biocontainers/bedtools:2.30.0--hc088bd4_0,2,21600000,-,6442450944,1,1785079987270,1785079987366,1785079989508,2238,1000,-,99.4,0.1,14073856,34447360,14073856,34447360,7940741,7095898,1224,143299,0,3,0,/home/pranay/nextflow_benchmarks/work/e1/eba7098c24e032380be56a309279e7,-,-,AMD Ryzen 7 4800H with Radeon Graphics
250,-,12889,NFCORE_ATACSEQ:ATACSEQ:MERGED_REPLICATE_CALL_ANNOTATE_PEAKS:MULTIQC_CUSTOM_PEAKS,OSMOTIC_STRESS_T100_SE,NFCORE_ATACSEQ:ATACSEQ:MERGED_REPLICATE_CALL_ANNOTATE_PEAKS:MULTIQC_CUSTOM_PEAKS (OSMOTIC_STRESS_T100_SE),COMPLETED,0,-,quay.io/nf-core/ubuntu:20.04,1,14400000,-,6442450944,1,1785079989513,1785079989608,1785079990201,688,16,-,76.2,0.0,3137536,4087808,3137536,4096000,335916,113672,330,24,0,5,0,/home/pranay/nextflow_benchmarks/work/2f/4b5e8f062cb22f3d4abc9fb0d0e2fb,-,-,AMD Ryzen 7 4800H with Radeon Graphics
252,-,12937,NFCORE_ATACSEQ:ATACSEQ:MERGED_REPLICATE_CONSENSUS_PEAKS:SUBREAD_FEATURECOUNTS,consensus_peaks,NFCORE_ATACSEQ:ATACSEQ:MERGED_REPLICATE_CONSENSUS_PEAKS:SUBREAD_FEATURECOUNTS (consensus_peaks),COMPLETED,0,-,quay.io/biocontainers/subread:2.0.1--hed695b0_0,2,21600000,-,6442450944,1,1785079990206,1785079990301,1785079992083,1877,0,-,95.2,0.1,13529088,220938240,13529088,288051200,13577871,70956,2163,108,0,2,1,/home/pranay/nextflow_benchmarks/work/2c/791f953f7e49d7c03c8611c18e3e93,-,-,AMD Ryzen 7 4800H with Radeon Graphics
251,-,12986,NFCORE_ATACSEQ:ATACSEQ:MERGED_REPLICATE_CONSENSUS_PEAKS:HOMER_ANNOTATEPEAKS,consensus_peaks,NFCORE_ATACSEQ:ATACSEQ:MERGED_REPLICATE_CONSENSUS_PEAKS:HOMER_ANNOTATEPEAKS (consensus_peaks),COMPLETED,0,-,quay.io/biocontainers/homer:4.11--pl526hc9558a2_3,2,21600000,-,6442450944,1,1785079992088,1785079992183,1785079997655,5567,4000,-,99.2,4.5,363737088,460812288,363737088,460816384,58042887,6324627,8572,1276,0,33,9,/home/pranay/nextflow_benchmarks/work/6f/8991c0a27596421aa9dd5e8b6a68d6,-,-,AMD Ryzen 7 4800H with Radeon Graphics
253,-,13036,NFCORE_ATACSEQ:ATACSEQ:MERGED_REPLICATE_CALL_ANNOTATE_PEAKS:PLOT_HOMER_ANNOTATEPEAKS,-,NFCORE_ATACSEQ:ATACSEQ:MERGED_REPLICATE_CALL_ANNOTATE_PEAKS:PLOT_HOMER_ANNOTATEPEAKS,COMPLETED,0,-,quay.io/biocontainers/mulled-v2-ad9dd5f398966bf899ae05f8e7c54d0fb10cdfa7:05678da05b8e5a7a5130e90a9f9a6c585b965afa-0,2,21600000,-,6442450944,1,1785079997662,1785079997755,1785080000769,3107,1000,-,180.4,1.6,128032768,2334113792,128032768,2334117888,14754811,93748,1870,65,0,14,29,/home/pranay/nextflow_benchmarks/work/ae/abb7a269adcd0e4570e0ddbc517d43,-,-,AMD Ryzen 7 4800H with Radeon Graphics
254,-,13082,NFCORE_ATACSEQ:ATACSEQ:MERGED_LIBRARY_BIGWIG_PLOT_DEEPTOOLS:DEEPTOOLS_PLOTPROFILE,OSMOTIC_STRESS_T0_PE_REP2,NFCORE_ATACSEQ:ATACSEQ:MERGED_LIBRARY_BIGWIG_PLOT_DEEPTOOLS:DEEPTOOLS_PLOTPROFILE (OSMOTIC_STRESS_T0_PE_REP2),COMPLETED,0,-,quay.io/biocontainers/deeptools:3.5.1--py_0,2,14400000,-,6442450944,1,1785080000773,1785080000869,1785080004171,3398,1000,-,100.1,1.3,110403584,178880512,110403584,178884608,22729577,406289,3360,42,0,4,5,/home/pranay/nextflow_benchmarks/work/4c/1301af947c85a057d3c5b99791b5b3,-,-,AMD Ryzen 7 4800H with Radeon Graphics
255,-,13125,NFCORE_ATACSEQ:ATACSEQ:MERGED_LIBRARY_BIGWIG_PLOT_DEEPTOOLS:DEEPTOOLS_PLOTHEATMAP,OSMOTIC_STRESS_T0_PE_REP2,NFCORE_ATACSEQ:ATACSEQ:MERGED_LIBRARY_BIGWIG_PLOT_DEEPTOOLS:DEEPTOOLS_PLOTHEATMAP (OSMOTIC_STRESS_T0_PE_REP2),COMPLETED,0,-,quay.io/biocontainers/deeptools:3.5.1--py_0,2,14400000,-,6442450944,1,1785080004177,1785080004271,1785080011821,7644,6000,-,99.9,3.0,247377920,449183744,280948736,482910208,26482860,2082200,4266,88,0,4,27,/home/pranay/nextflow_benchmarks/work/a1/db26e08ded0bbe032f3827cd8b6d41,-,-,AMD Ryzen 7 4800H with Radeon Graphics
256,-,13169,NFCORE_ATACSEQ:ATACSEQ:MERGED_LIBRARY_BIGWIG_PLOT_DEEPTOOLS:DEEPTOOLS_PLOTHEATMAP,OSMOTIC_STRESS_T15_PE_REP1,NFCORE_ATACSEQ:ATACSEQ:MERGED_LIBRARY_BIGWIG_PLOT_DEEPTOOLS:DEEPTOOLS_PLOTHEATMAP (OSMOTIC_STRESS_T15_PE_REP1),COMPLETED,0,-,quay.io/biocontainers/deeptools:3.5.1--py_0,2,14400000,-,6442450944,1,1785080011827,1785080011921,1785080020081,8254,6000,-,99.7,1.8,146599936,348012544,281473024,483020800,27432916,3278861,4473,120,0,4,27,/home/pranay/nextflow_benchmarks/work/a5/3e7016a274697382c33518381179fb,-,-,AMD Ryzen 7 4800H with Radeon Graphics
257,-,13214,NFCORE_ATACSEQ:ATACSEQ:MERGED_LIBRARY_BIGWIG_PLOT_DEEPTOOLS:DEEPTOOLS_PLOTPROFILE,OSMOTIC_STRESS_T15_PE_REP1,NFCORE_ATACSEQ:ATACSEQ:MERGED_LIBRARY_BIGWIG_PLOT_DEEPTOOLS:DEEPTOOLS_PLOTPROFILE (OSMOTIC_STRESS_T15_PE_REP1),COMPLETED,0,-,quay.io/biocontainers/deeptools:3.5.1--py_0,2,14400000,-,6442450944,1,1785080020087,1785080020181,1785080023548,3461,2000,-,99.4,1.3,104644608,173588480,104644608,173592576,24179231,405495,3687,42,0,4,5,/home/pranay/nextflow_benchmarks/work/7b/b1010c39090ad665f78f93ba520990,-,-,AMD Ryzen 7 4800H with Radeon Graphics
258,-,13257,NFCORE_ATACSEQ:ATACSEQ:MERGED_LIBRARY_BIGWIG_PLOT_DEEPTOOLS:DEEPTOOLS_PLOTPROFILE,OSMOTIC_STRESS_T0_PE_REP1,NFCORE_ATACSEQ:ATACSEQ:MERGED_LIBRARY_BIGWIG_PLOT_DEEPTOOLS:DEEPTOOLS_PLOTPROFILE (OSMOTIC_STRESS_T0_PE_REP1),COMPLETED,0,-,quay.io/biocontainers/deeptools:3.5.1--py_0,2,14400000,-,6442450944,1,1785080023552,1785080023649,1785080026896,3344,2000,-,99.5,1.4,111276032,179638272,111276032,179642368,22803739,406195,3370,42,0,4,7,/home/pranay/nextflow_benchmarks/work/39/e89effd92b3942bddc27def0783467,-,-,AMD Ryzen 7 4800H with Radeon Graphics
259,-,13300,NFCORE_ATACSEQ:ATACSEQ:MERGED_LIBRARY_BIGWIG_PLOT_DEEPTOOLS:DEEPTOOLS_PLOTHEATMAP,OSMOTIC_STRESS_T0_PE_REP1,NFCORE_ATACSEQ:ATACSEQ:MERGED_LIBRARY_BIGWIG_PLOT_DEEPTOOLS:DEEPTOOLS_PLOTHEATMAP (OSMOTIC_STRESS_T0_PE_REP1),COMPLETED,0,-,quay.io/biocontainers/deeptools:3.5.1--py_0,2,14400000,-,6442450944,1,1785080026900,1785080026997,1785080034713,7813,6000,-,99.8,3.5,281161728,482910208,281161728,482914304,26458453,2259893,4252,92,0,4,22,/home/pranay/nextflow_benchmarks/work/bc/5514b54e631f8599a98eef66b42b59,-,-,AMD Ryzen 7 4800H with Radeon Graphics
260,-,13344,NFCORE_ATACSEQ:ATACSEQ:MERGED_REPLICATE_BAM_TO_BIGWIG:UCSC_BEDGRAPHTOBIGWIG,OSMOTIC_STRESS_T0_PE,NFCORE_ATACSEQ:ATACSEQ:MERGED_REPLICATE_BAM_TO_BIGWIG:UCSC_BEDGRAPHTOBIGWIG (OSMOTIC_STRESS_T0_PE),COMPLETED,0,-,quay.io/biocontainers/ucsc-bedgraphtobigwig:445--h954228d_0,1,14400000,-,6442450944,1,1785080034718,1785080034814,1785080035505,787,0,-,94.1,0.1,10551296,25681920,10551296,25751552,10374257,983267,317,216,0,1,3,/home/pranay/nextflow_benchmarks/work/29/1f36619797d18943d1a8bc15a9f141,-,-,AMD Ryzen 7 4800H with Radeon Graphics
261,-,13389,NFCORE_ATACSEQ:ATACSEQ:MERGED_REPLICATE_BAM_TO_BIGWIG:UCSC_BEDGRAPHTOBIGWIG,OSMOTIC_STRESS_T100_SE,NFCORE_ATACSEQ:ATACSEQ:MERGED_REPLICATE_BAM_TO_BIGWIG:UCSC_BEDGRAPHTOBIGWIG (OSMOTIC_STRESS_T100_SE),COMPLETED,0,-,quay.io/biocontainers/ucsc-bedgraphtobigwig:445--h954228d_0,1,14400000,-,6442450944,1,1785080035509,1785080035605,1785080036274,765,1000,-,101.6,0.1,10452992,25681920,10452992,25751552,10703621,1003348,323,223,0,1,1,/home/pranay/nextflow_benchmarks/work/c2/fb3036403cc35358fc853940d2adb0,-,-,AMD Ryzen 7 4800H with Radeon Graphics
262,-,13434,NFCORE_ATACSEQ:ATACSEQ:MERGED_REPLICATE_CONSENSUS_PEAKS:DESEQ2_QC,consensus_peaks,NFCORE_ATACSEQ:ATACSEQ:MERGED_REPLICATE_CONSENSUS_PEAKS:DESEQ2_QC (consensus_peaks),COMPLETED,0,-,quay.io/biocontainers/mulled-v2-8849acf39a43cdd6c839a369a74c0adc823e2f91:ab110436faf952a33575c64dd74615a84011450b-0,2,21600000,-,6442450944,1,1785080036277,1785080036374,1785080051357,15080,14000,-,118.8,8.9,716103680,2934988800,716103680,2934992896,71813864,163392,5657,293,0,25,38,/home/pranay/nextflow_benchmarks/work/09/092890290c843c53086f6e776d59ab,-,-,AMD Ryzen 7 4800H with Radeon Graphics
263,-,13482,NFCORE_ATACSEQ:ATACSEQ:IGV,-,NFCORE_ATACSEQ:ATACSEQ:IGV,COMPLETED,0,-,quay.io/biocontainers/python:3.8.3,1,14400000,-,6442450944,1,1785080051365,1785080051457,1785080053260,1895,1000,-,84.2,0.0,3092480,11583488,3092480,11587584,776407,16795,594,65,5804032,1,0,/home/pranay/nextflow_benchmarks/work/c3/0c800d9a27d21a0892ce49428355aa,-,-,AMD Ryzen 7 4800H with Radeon Graphics
264,-,13585,NFCORE_ATACSEQ:ATACSEQ:CUSTOM_DUMPSOFTWAREVERSIONS,-,NFCORE_ATACSEQ:ATACSEQ:CUSTOM_DUMPSOFTWAREVERSIONS (1),COMPLETED,0,-,quay.io/biocontainers/multiqc:1.14--pyhdfd78af_0,1,14400000,-,6442450944,1,1785080053448,1785080053460,1785080054256,808,143,-,60.8,0.1,7577600,15331328,7577600,15331328,1023476,10310,235,16,15499264,21,1,/home/pranay/nextflow_benchmarks/work/a5/6e6366d03e11a1a40b7060cde159f5,-,-,AMD Ryzen 7 4800H with Radeon Graphics
265,-,13627,NFCORE_ATACSEQ:ATACSEQ:MULTIQC,-,NFCORE_ATACSEQ:ATACSEQ:MULTIQC (1),COMPLETED,0,-,quay.io/biocontainers/multiqc:1.13--pyhdfd78af_0,2,21600000,-,6442450944,1,1785080054313,1785080054356,1785080100235,45922,43878,-,239.4,2.8,227979264,2634403840,234446848,2641264640,4290851788,27469738,1042479,3369,115183616,2149,90,/home/pranay/nextflow_benchmarks/work/be/027291a7ca90ae5342948fd836bd91,-,-,AMD Ryzen 7 4800H with Radeon Graphics
